# Blender 5.1.0
# www.blender.org
mtllib center.mtl
o Cube
v 0.609374 2.896813 -0.502864
v 0.924235 4.133879 -0.654869
v 0.578588 5.792638 -0.378503
v 1.388764 7.002803 -0.626907
v -0.550317 7.054892 -0.623100
v -1.685435 7.296717 -0.824531
v -0.434323 5.058301 -0.564466
v 0.597925 8.779073 -1.104325
v -0.450659 5.040313 -0.554674
v 2.122160 5.210094 -0.643269
v 2.578551 6.004579 -0.650749
v 4.092964 6.720699 -0.926964
v -1.124526 4.919948 -0.708025
v -2.075811 5.367366 -1.140910
v 0.647409 1.276313 -0.736758
v -3.633259 7.876731 -1.517626
v 0.592237 3.006771 -1.255032
v 0.937690 4.421000 -1.690919
v 0.553376 5.739889 -1.981289
v 1.387698 6.946166 -1.834027
v -0.501950 7.080881 -1.818132
v -1.673723 7.470132 -1.946833
v 0.628382 8.768815 -1.441882
v -0.595500 5.009727 -1.649725
v 1.866179 5.254519 -1.824027
v 2.590282 5.644789 -1.658815
v 4.128117 6.608288 -1.030204
v -1.432810 5.043099 -1.426487
v 0.561945 1.590942 -0.916897
v -3.547903 7.892744 -1.615363
v -2.857042 7.753555 -1.158021
v -2.685391 6.586213 -1.199169
v -2.432773 7.616788 -0.976698
v -2.711182 7.785809 -1.704239
v -2.485038 6.339488 -1.563661
v -2.302378 7.641189 -1.754665
v -0.017579 3.232347 -1.258386
v -0.016483 3.069271 -0.838871
vn 0.3413 0.1910 0.9203
vn 0.4697 0.0532 0.8812
vn -0.5912 0.7270 0.3492
vn 0.3868 -0.0674 -0.9197
vn 0.1264 0.0892 0.9880
vn 0.0536 0.1750 -0.9831
vn -0.1160 0.1397 -0.9834
vn -0.0531 -0.2355 -0.9704
vn 0.1858 -0.0242 -0.9823
vn 0.0553 -0.2361 -0.9701
vn -0.1220 -0.1219 -0.9850
vn 0.1966 0.0498 -0.9792
vn 0.1981 0.1195 -0.9729
vn 0.1336 0.1165 0.9842
vn -0.2641 0.3191 0.9102
vn 0.2068 -0.0167 -0.9782
vn -0.3334 -0.1423 0.9320
vn 0.0421 -0.2031 -0.9783
vn 0.0683 0.1733 -0.9825
vn -0.2364 -0.0681 -0.9693
vn -0.0824 0.1767 -0.9808
vn 0.2949 0.1454 -0.9444
vn 0.1302 0.0310 -0.9910
vn 0.0390 -0.2058 -0.9778
vn 0.2561 0.1436 -0.9559
vn 0.0817 0.2353 0.9685
vn -0.2595 -0.0666 -0.9634
vn 0.1139 0.2567 0.9598
vn -0.1568 -0.2557 -0.9539
vn 0.2774 -0.6413 -0.7154
vn 0.4259 0.0943 -0.8998
vn 0.2873 0.0981 -0.9528
vn 0.3144 0.0945 0.9446
vn -0.1469 -0.2213 -0.9641
vn 0.6220 0.2761 -0.7327
vn 0.5409 0.4431 0.7149
vn -0.7440 -0.5663 0.3547
vn 0.2799 0.6954 -0.6619
vn -0.0985 -0.9940 0.0467
vn -0.2557 -0.9587 -0.1249
vn -0.3417 -0.9358 -0.0866
vn -0.0575 -0.9760 -0.2101
vn -0.1361 -0.9862 -0.0946
vn -0.2838 -0.9558 -0.0775
vn -0.3642 -0.9198 -0.1459
vn -0.2033 -0.9787 -0.0295
vn 0.2970 0.9432 0.1488
vn -0.1420 0.0723 -0.9872
vn -0.1213 -0.1210 -0.9852
vn -0.9044 -0.4211 -0.0688
vn 0.9215 0.3880 -0.0190
vn 0.8349 -0.5499 0.0218
vn -0.8179 0.5680 -0.0911
vn -0.4380 -0.8984 0.0339
vn -0.0758 -0.9877 -0.1368
vn -0.8632 -0.2963 0.4088
vn 0.6903 -0.0875 0.7182
vn -0.7404 0.1711 0.6501
vn 0.9280 -0.0795 -0.3641
vn 0.9656 -0.2537 -0.0578
vn 0.6390 -0.7434 -0.1977
vn 0.5051 -0.7892 -0.3495
vn -0.6683 0.7438 0.0103
vn -0.8530 0.4883 -0.1842
vn 0.4102 -0.8574 0.3108
vn -0.3948 0.5515 -0.7349
vn -0.9251 -0.3548 -0.1355
vn -0.9760 -0.2039 -0.0767
vn 0.1381 0.3878 -0.9113
vn 0.7964 0.3651 0.4822
vn -0.9198 -0.3506 -0.1760
vn 0.6329 0.4540 0.6271
vt 0.000000 0.000000
s 0
usemtl 
f 9/1/1 1/1/1 7/1/1
f 5/1/2 9/1/2 7/1/2
f 9/1/3 3/1/3 7/1/3
f 14/1/4 5/1/4 13/1/4
f 2/1/5 7/1/5 1/1/5
f 3/1/6 2/1/6 7/1/6
f 3/1/7 10/1/7 2/1/7
f 3/1/8 5/1/8 8/1/8
f 3/1/9 9/1/9 5/1/9
f 8/1/10 4/1/10 3/1/10
f 11/1/11 4/1/11 12/1/11
f 25/1/12 20/1/12 26/1/12
f 5/1/13 14/1/13 6/1/13
f 34/1/14 30/1/14 35/1/14 36/1/14
f 13/1/15 9/1/15 14/1/15
f 13/1/16 5/1/16 7/1/16
f 1/1/17 9/1/17 15/1/17
f 19/1/18 25/1/18 18/1/18
f 19/1/19 21/1/19 23/1/19
f 19/1/20 24/1/20 21/1/20
f 23/1/21 20/1/21 19/1/21
f 26/1/22 20/1/22 27/1/22
f 20/1/23 25/1/23 19/1/23
f 21/1/24 28/1/24 22/1/24
f 32/1/25 33/1/25 6/1/25
f 17/1/26 24/1/26 37/1/26 29/1/26
f 24/1/27 28/1/27 21/1/27
f 17/1/28 19/1/28 24/1/28
f 17/1/29 19/1/29 18/1/29
f 13/1/30 7/1/30 9/1/30
f 16/1/31 31/1/31 33/1/31 32/1/31
f 6/1/32 14/1/32 32/1/32
f 35/1/33 22/1/33 36/1/33
f 28/1/34 35/1/34 22/1/34
f 32/1/35 14/1/35 16/1/35
f 14/1/36 28/1/36 16/1/36
f 28/1/37 16/1/37 35/1/37
f 27/1/38 20/1/38 12/1/38
f 12/1/39 4/1/39 20/1/39
f 31/1/40 34/1/40 33/1/40
f 34/1/41 36/1/41 33/1/41
f 31/1/42 16/1/42 30/1/42
f 34/1/43 31/1/43 30/1/43
f 36/1/44 22/1/44 33/1/44
f 33/1/45 22/1/45 6/1/45
f 21/1/46 5/1/46 6/1/46
f 22/1/47 6/1/47 21/1/47
f 10/1/48 3/1/48 11/1/48
f 3/1/49 4/1/49 11/1/49
f 23/1/50 4/1/50 8/1/50
f 20/1/51 23/1/51 4/1/51
f 8/1/52 5/1/52 21/1/52
f 23/1/53 21/1/53 8/1/53
f 28/1/54 13/1/54 14/1/54
f 28/1/55 24/1/55 13/1/55
f 9/1/56 38/1/56 29/1/56 15/1/56
f 1/1/57 15/1/57 2/1/57
f 29/1/58 15/1/58 17/1/58
f 17/1/59 2/1/59 15/1/59
f 17/1/60 18/1/60 2/1/60
f 25/1/61 2/1/61 18/1/61
f 26/1/62 2/1/62 25/1/62
f 2/1/63 10/1/63 26/1/63
f 11/1/64 26/1/64 10/1/64
f 26/1/65 27/1/65 11/1/65
f 11/1/66 12/1/66 27/1/66
f 37/1/67 29/1/67 38/1/67
f 9/1/68 37/1/68 38/1/68
f 9/1/69 37/1/69 13/1/69
f 24/1/70 13/1/70 37/1/70
f 15/1/71 38/1/71 29/1/71
f 30/1/72 16/1/72 35/1/72
o Cone
v -0.167960 5.981017 -0.436266
v -0.167960 6.001051 -0.249894
v -0.425488 5.981017 -0.436266
v -0.167960 5.953461 -0.692604
v 0.089569 5.981017 -0.436266
v -0.167960 5.953461 -0.692604
v -0.164074 6.514063 -0.497478
v -0.390522 6.514063 -0.497478
v -0.164074 6.489833 -0.722878
v 0.062373 6.514063 -0.497478
v 0.062373 6.514063 -0.497478
v -0.164074 6.489833 -0.722878
v -0.167960 5.419982 -0.455470
v -0.115886 5.345195 -0.367917
v -0.167960 5.350767 -0.316085
v -0.220033 5.345195 -0.367917
v -0.167960 5.339623 -0.419750
v 0.089569 5.981017 -0.436266
v 0.010599 5.972567 -0.514870
v 0.080133 6.165957 -0.457504
v -0.116142 6.350346 -0.315758
v -0.302888 6.350346 -0.315758
v -0.165686 6.179437 -0.265646
v -0.162309 7.136146 -0.654654
v -0.304202 6.978830 -0.487489
v -0.035704 6.860468 -0.451819
v -0.141493 7.264255 -0.587225
v -0.171048 7.251635 -0.619175
v -0.204292 7.255112 -0.571895
vn 0.7069 0.0348 0.7065
vn -0.0000 0.9943 -0.1069
vn -0.7069 -0.0348 -0.7065
vn 0.3180 -0.9221 -0.2203
vn 0.7072 -0.0449 -0.7056
vn 0.6899 -0.2940 -0.6615
vn 0.6021 -0.0949 0.7928
vn -0.6021 -0.0949 0.7928
vn -0.0000 0.2720 0.9623
vn 0.6899 0.2940 0.6615
vn -0.3390 -0.1241 -0.9326
vn -0.0000 0.2814 0.9596
vn -0.0120 0.2635 0.9646
vn 0.6678 0.0917 0.7387
vn -0.8346 0.1436 0.5318
vn -0.7428 0.1054 -0.6612
vn 0.9377 0.2906 -0.1904
vn -0.6841 0.0249 0.7289
vn 0.6226 0.0931 0.7770
vn -0.0000 0.2577 0.9662
vn 0.6996 0.0731 -0.7107
vn -0.1896 0.9604 -0.2040
vn 0.0431 0.3076 0.9505
vn -0.8085 0.1161 -0.5770
vn 0.8778 0.1036 -0.4678
vt 0.000000 0.000000
vt 0.250000 0.010000
vt 0.010000 0.250000
vt 0.058072 0.016708
vt 0.002022 0.050551
vt 0.050551 0.099080
vt 0.045694 0.041679
vt 0.038293 0.011017
vt 0.062696 0.132304
vt 0.250000 0.490000
vt 0.490000 0.250000
vt 0.151039 0.391039
vt 0.326970 0.413030
vt 0.173030 0.271991
vt 0.348961 0.250000
vt 0.250000 0.190623
vt 0.242447 0.245632
vt 0.253675 0.220205
vt 0.248324 0.238570
vt 0.245887 0.245202
vt 0.279318 0.242066
vt 0.277497 0.240973
vt 0.254746 0.219073
s 0
f 41/2/73 44/3/73 50/3/73 46/2/73
f 48/4/74 50/3/74 47/3/74 49/4/74
f 42/2/75 41/2/75 46/2/75 47/2/75
f 44/3/74 42/3/74 47/3/74 50/3/74
f 51/5/76 52/6/76 53/7/76 54/8/76 55/9/76
f 56/4/77 57/10/77 58/4/77
f 56/4/78 52/6/78 51/5/78 57/10/78
f 52/6/74 56/4/74 43/4/74
f 40/11/79 53/7/79 52/6/79 43/4/79
f 54/8/80 53/7/80 40/11/80 41/12/80
f 44/3/81 55/9/81 51/5/81 42/3/81
f 41/2/82 54/8/82 55/9/82 44/3/82
f 57/10/78 51/5/78 55/9/78 44/3/78
f 58/4/77 57/10/77 44/3/77 50/3/77 48/4/77
f 43/4/83 56/4/83 58/4/83 48/4/83 49/4/83
f 59/13/84 60/14/84 61/11/84
f 64/15/85 63/16/85 60/14/85
f 49/4/86 64/15/86 59/13/86
f 60/14/87 63/16/87 46/12/87
f 46/12/88 63/16/88 62/17/88 47/3/88
f 64/15/89 49/4/89 62/17/89
f 41/12/90 40/11/90 61/11/90 60/14/90 46/12/90
f 40/11/91 43/4/91 49/4/91 59/13/91 61/11/91
f 60/14/92 59/13/92 64/15/92
f 62/17/93 49/4/93 50/2/93
f 65/18/94 66/19/94 67/20/94
f 65/21/95 67/22/95 63/16/95 64/15/95
f 67/23/96 66/24/96 62/17/96 63/16/96
f 66/19/97 65/18/97 64/15/97 62/17/97
l 45 39
l 51 39
o Cone.001
v 0.897082 5.811795 -0.456287
v 0.900473 5.831176 -0.254177
v 0.633946 5.773185 -0.444242
v 0.892418 5.785137 -0.734270
v 1.173022 5.808242 -0.460576
v 0.892418 5.785137 -0.734270
v 0.906989 6.322141 -0.509627
v 0.664352 6.325265 -0.505856
v 0.902888 6.298701 -0.754060
v 1.149625 6.319017 -0.513398
v 1.149625 6.319017 -0.513398
v 0.902888 6.298701 -0.754060
v 0.853648 5.393839 -0.512623
v 0.907656 5.321699 -0.419773
v 0.855088 5.327553 -0.365074
v 0.800712 5.323076 -0.418111
v 0.853228 5.316923 -0.475932
v 1.173022 5.808242 -0.460576
v 1.086976 5.801157 -0.544503
v 1.164904 5.985456 -0.478903
v 1.014051 6.170051 -0.307942
v 0.813955 6.172627 -0.304832
v 0.904911 6.001957 -0.266924
v 0.890968 6.828819 -0.689476
v 0.759544 6.742249 -0.518946
v 1.011856 6.760379 -0.520674
v 0.907501 7.091098 -0.602402
v 0.891239 7.091249 -0.654035
v 0.851933 7.065409 -0.591001
vn 0.7348 0.0236 0.6779
vn 0.0113 0.9954 -0.0956
vn -0.7348 -0.0236 -0.6779
vn 0.2933 -0.9338 -0.2049
vn 0.6994 -0.0418 -0.7135
vn 0.6364 -0.4083 -0.6544
vn 0.5947 -0.2409 0.7670
vn -0.5794 -0.1450 0.8021
vn -0.6537 -0.3229 -0.6844
vn 0.7095 0.2966 0.6393
vn 0.6760 -0.4128 -0.6104
vn -0.3394 -0.1102 -0.9341
vn 0.0180 0.2259 0.9740
vn -0.0188 0.3502 0.9365
vn 0.7233 0.2365 0.6488
vn -0.7161 0.1846 0.6731
vn -0.7527 0.1015 -0.6505
vn 0.7442 0.1530 -0.6502
vn -0.6557 0.0518 0.7532
vn 0.6820 0.0173 0.7312
vn 0.0190 0.3390 0.9406
vn -0.3947 0.9100 0.1269
vn 0.0089 0.2291 0.9734
vn -0.8250 0.0957 -0.5570
vn 0.8590 0.1117 -0.4997
vt 0.000000 0.000000
vt 0.250000 0.010000
vt 0.010000 0.250000
vt 0.058072 0.016708
vt 0.002022 0.050551
vt 0.050551 0.099080
vt 0.045694 0.041679
vt 0.038293 0.011017
vt 0.062696 0.132304
vt 0.250000 0.490000
vt 0.490000 0.250000
vt 0.151039 0.391039
vt 0.326970 0.413030
vt 0.173030 0.271991
vt 0.348961 0.250000
vt 0.250000 0.190623
vt 0.234860 0.246610
vt 0.254976 0.218925
vt 0.244263 0.237965
vt 0.239476 0.246033
vt 0.290756 0.240522
vt 0.288292 0.239044
vt 0.256671 0.217133
s 0
usemtl 
f 70/25/98 73/26/98 79/26/98 75/25/98
f 77/27/99 79/26/99 76/26/99 78/27/99
f 71/25/100 70/25/100 75/25/100 76/25/100
f 73/26/99 71/26/99 76/26/99 79/26/99
f 80/28/101 81/29/101 82/30/101 83/31/101 84/32/101
f 85/27/102 86/33/102 87/27/102
f 85/27/103 81/29/103 80/28/103 86/33/103
f 81/29/99 85/27/99 72/27/99
f 69/34/104 82/30/104 81/29/104 72/27/104
f 83/31/105 82/30/105 69/34/105 70/35/105
f 73/26/106 84/32/106 80/28/106 71/26/106
f 70/25/107 83/31/107 84/32/107 73/26/107
f 86/33/108 80/28/108 84/32/108 73/26/108
f 87/27/102 86/33/102 73/26/102 79/26/102 77/27/102
f 72/27/109 85/27/109 87/27/109 77/27/109 78/27/109
f 88/36/110 89/37/110 90/34/110
f 93/38/111 92/39/111 89/37/111
f 78/27/112 93/38/112 88/36/112
f 89/37/113 92/39/113 75/35/113
f 75/35/114 92/39/114 91/40/114 76/26/114
f 76/26/115 91/40/115 93/38/115 78/27/115
f 70/35/116 69/34/116 90/34/116 89/37/116 75/35/116
f 69/34/117 72/27/117 78/27/117 88/36/117 90/34/117
f 89/37/118 88/36/118 93/38/118
f 94/41/119 95/42/119 96/43/119
f 94/44/120 96/45/120 92/39/120 93/38/120
f 96/46/121 95/47/121 91/40/121 92/39/121
f 95/42/122 94/41/122 93/38/122 91/40/122
l 74 68
l 80 68
o Cube.001
v -2.355863 5.998468 -2.461756
v -2.995515 8.019951 -1.679499
v 0.144462 5.470641 -2.886203
v 1.257114 7.597368 -1.786233
v -0.129166 7.878748 -1.775889
v -1.526924 7.962706 -1.748258
v -0.668060 6.198938 -2.412229
v 2.087663 6.537621 -2.212732
v 3.653091 6.915995 -1.359308
v -1.312204 6.227103 -2.532586
v -2.883856 4.828785 -2.822420
v -1.927691 7.511255 -2.086081
v -3.689461 6.412066 -2.079699
v 4.362967 5.272523 -1.717689
v -4.357018 4.593717 -2.257536
v -1.329633 4.327410 -2.854712
v 0.197817 4.320024 -3.413536
v 1.594127 4.973312 -2.823944
v 4.581762 4.154197 -1.628774
v -5.793811 2.278702 -2.088224
v -3.677343 2.662623 -3.219404
v -1.650057 3.036280 -3.757062
v 2.855433 3.923622 -2.501627
v 1.597726 3.438578 -3.456391
v -1.031231 2.214911 -3.412641
v -0.546610 2.367286 -3.254021
v 5.708879 2.640675 -2.018091
v 3.379707 2.969124 -2.822191
v -2.427956 1.854869 -3.350941
v 0.371665 3.322063 -3.478399
v 2.421282 2.266743 -3.652696
v 0.720671 2.064881 -3.166851
v -1.293023 7.482291 -0.996334
v -2.280752 7.714904 -1.115722
v -3.017991 7.931826 -1.461345
v 2.504340 7.147133 -1.135042
v 2.761086 6.948177 -0.906235
v 3.651412 6.911466 -1.347185
v 3.466418 6.739010 -1.063753
v 1.170130 6.228862 -2.622672
v 1.877959 6.995521 -0.929018
v 1.870575 7.039264 -0.981097
v 1.597923 7.116088 -1.090605
v 0.302725 6.617735 -2.459369
v -0.815998 7.479710 -1.081286
v -0.492502 7.574880 -1.273381
v 1.246363 7.522706 -1.768807
v -0.135490 7.807651 -1.746819
v -4.412808 4.544367 -2.263125
v 4.517532 4.124760 -1.608686
v -5.829159 2.299654 -2.148769
v -3.733562 2.636449 -3.258210
v -1.046311 2.235325 -3.344295
v -0.556347 2.380796 -3.183204
v 5.684141 2.602344 -1.959653
v 3.352920 2.932522 -2.763699
v -2.488050 1.897824 -3.358521
v 2.416363 2.248742 -3.582036
v 0.730139 2.075640 -3.095567
v -1.303182 7.413058 -1.027196
v -2.287420 7.650752 -1.074846
v -2.961475 7.960355 -1.424479
v 2.747547 6.888656 -0.950513
v 3.424158 6.701509 -1.111077
v 1.878683 6.934653 -0.973743
v 1.599508 7.053284 -1.132908
v -0.823557 7.415798 -1.121449
v -0.500061 7.510967 -1.313544
vn 0.2951 0.5466 -0.7836
vn 0.0068 0.4125 -0.9109
vn 0.1879 0.2946 -0.9369
vn -0.0136 0.6068 -0.7948
vn 0.2547 0.4242 -0.8690
vn 0.1339 -0.3205 0.9377
vn -0.2630 0.2020 -0.9434
vn 0.1727 -0.3075 0.9358
vn 0.1544 -0.3541 0.9224
vn 0.1393 -0.3487 0.9268
vn 0.3801 -0.2272 0.8966
vn -0.0333 -0.1668 0.9854
vn 0.1881 0.1625 -0.9686
vn 0.3813 0.3512 -0.8551
vn 0.3360 0.2489 -0.9084
vn 0.1812 0.4167 -0.8908
vn 0.4912 -0.2437 0.8363
vn 0.3829 -0.3004 0.8736
vn 0.0338 0.1682 -0.9852
vn 0.3451 -0.1298 -0.9296
vn 0.2073 0.3731 -0.9043
vn -0.3067 0.5952 -0.7427
vn 0.3075 -0.1933 -0.9317
vn 0.3541 0.1416 -0.9244
vn 0.4494 0.0169 -0.8932
vn 0.3492 0.4650 -0.8135
vn 0.3467 0.4674 -0.8133
vn 0.0116 0.0669 -0.9977
vn -0.2553 0.0184 -0.9667
vn 0.2201 0.1844 0.9579
vn 0.4847 0.3342 -0.8083
vn 0.4003 0.4180 -0.8155
vn 0.4038 0.4828 -0.7771
vn 0.0393 -0.2301 -0.9724
vn 0.0100 -0.2379 -0.9712
vn 0.0500 -0.3540 -0.9339
vn -0.2713 -0.0295 -0.9620
vn -0.2583 0.3078 -0.9157
vn -0.3157 0.3832 -0.8680
vn -0.2734 0.5957 -0.7552
vn 0.0577 0.8493 0.5247
vn 0.0614 0.8497 0.5238
vn -0.6288 -0.0381 0.7766
vn -0.1629 0.4328 -0.8867
vn 0.2323 0.9494 0.2115
vn 0.2598 0.8539 0.4509
vn 0.7709 0.1978 0.6054
vn 0.7686 0.1987 0.6081
vn 0.3418 0.6953 0.6322
vn -0.0449 0.7618 0.6462
vn 0.1080 0.1928 -0.9753
vn 0.3217 0.2548 -0.9119
vn 0.2071 0.5006 -0.8406
vn 0.0247 0.7678 0.6402
vn -0.0002 0.8218 0.5698
vn -0.0189 0.3510 -0.9362
vn -0.2020 0.3659 -0.9085
vn 0.0711 0.5169 -0.8531
vn 0.0949 0.4993 -0.8612
vn -0.2183 0.4062 -0.8873
vn 0.1030 0.8151 0.5701
vn -0.0920 -0.9199 -0.3811
vn 0.1896 0.9439 0.2703
vn 0.0716 0.2955 0.9527
vn -0.6146 0.4259 0.6641
vn 0.1321 -0.9888 -0.0698
vn 0.2010 -0.9429 0.2657
vn 0.5479 0.2169 0.8079
vn 0.0590 -0.8521 -0.5200
vn 0.6641 -0.7331 -0.1469
vn -0.2389 -0.9573 0.1630
vn 0.0946 -0.9941 -0.0537
vn -0.3560 -0.6717 0.6496
vn 0.1561 -0.5809 0.7989
vn -0.0645 0.0828 0.9945
vn -0.9170 0.3219 0.2355
vn -0.0962 -0.2400 0.9660
vn -0.0256 -0.6785 0.7342
vn -0.5818 -0.4753 0.6600
vn -0.0526 -0.5900 0.8057
vn -0.8929 -0.0219 0.4497
vn 0.1615 -0.4811 0.8616
vn 0.5471 -0.4908 0.6781
vn 0.8213 -0.1301 0.5554
vt 0.000000 0.000000
s 0
usemtl 
f 104/48/123 100/48/123 105/48/123
f 101/48/124 106/48/124 102/48/124
f 103/48/125 106/48/125 101/48/125
f 108/48/126 98/48/126 102/48/126
f 106/48/127 108/48/127 102/48/127
f 97/48/128 106/48/128 98/48/128
f 106/48/129 98/48/129 108/48/129
f 97/48/130 98/48/130 109/48/130
f 107/48/131 97/48/131 109/48/131
f 107/48/132 106/48/132 97/48/132
f 109/48/133 111/48/133 107/48/133
f 107/48/134 112/48/134 106/48/134
f 103/48/135 112/48/135 106/48/135
f 105/48/136 110/48/136 104/48/136
f 110/48/137 114/48/137 104/48/137
f 113/48/138 99/48/138 114/48/138
f 116/48/139 117/48/139 111/48/139
f 111/48/140 117/48/140 107/48/140
f 117/48/141 107/48/141 112/48/141
f 118/48/142 122/48/142 121/48/142
f 114/48/143 120/48/143 113/48/143
f 118/48/144 117/48/144 112/48/144
f 118/48/145 113/48/145 122/48/145
f 114/48/146 110/48/146 119/48/146
f 115/48/147 119/48/147 110/48/147
f 124/48/148 119/48/148 115/48/148
f 123/48/149 124/48/149 115/48/149
f 113/48/150 120/48/150 126/48/150
f 122/48/151 113/48/151 126/48/151
f 118/48/152 117/48/152 125/48/152
f 119/48/153 120/48/153 114/48/153
f 120/48/154 124/48/154 127/48/154
f 124/48/155 120/48/155 119/48/155
f 120/48/156 128/48/156 126/48/156
f 126/48/157 128/48/157 122/48/157
f 125/48/158 118/48/158 121/48/158
f 127/48/159 128/48/159 120/48/159
f 103/48/160 99/48/160 112/48/160
f 112/48/161 99/48/161 113/48/161
f 113/48/162 118/48/162 112/48/162
f 98/48/163 129/48/163 102/48/163
f 102/48/164 129/48/164 101/48/164
f 131/48/165 98/48/165 109/48/165 130/48/165
f 130/48/166 109/48/166 111/48/166 131/48/166
f 100/48/167 132/48/167 105/48/167
f 132/48/168 133/48/168 105/48/168
f 110/48/169 105/48/169 134/48/169 135/48/169
f 115/48/170 110/48/170 135/48/170
f 135/48/171 134/48/171 105/48/171 133/48/171
f 137/48/172 138/48/172 139/48/172
f 136/48/173 114/48/173 99/48/173
f 104/48/174 114/48/174 136/48/174
f 136/48/175 100/48/175 104/48/175
f 138/48/176 137/48/176 133/48/176 132/48/176
f 132/48/177 100/48/177 139/48/177 138/48/177
f 140/48/178 136/48/178 99/48/178
f 140/48/179 99/48/179 103/48/179
f 100/48/180 136/48/180 140/48/180
f 100/48/181 140/48/181 101/48/181
f 140/48/182 103/48/182 101/48/182
f 141/48/183 142/48/183 101/48/183 129/48/183
f 98/48/184 130/48/184 131/48/184
f 98/48/185 130/48/185 129/48/185
f 100/48/186 101/48/186 144/48/186 143/48/186
f 116/48/187 111/48/187 145/48/187 147/48/187
f 117/48/188 116/48/188 147/48/188 148/48/188
f 121/48/189 122/48/189 150/48/189 149/48/189
f 123/48/190 115/48/190 146/48/190 151/48/190
f 124/48/191 123/48/191 151/48/191 152/48/191
f 127/48/192 124/48/192 152/48/192 154/48/192
f 122/48/193 128/48/193 155/48/193 150/48/193
f 128/48/194 127/48/194 154/48/194 155/48/194
f 125/48/195 117/48/195 148/48/195 153/48/195
f 125/48/196 121/48/196 149/48/196 153/48/196
f 129/48/197 130/48/197 157/48/197 156/48/197
f 131/48/198 111/48/198 145/48/198 158/48/198
f 115/48/199 135/48/199 160/48/199 146/48/199
f 135/48/200 133/48/200 159/48/200 160/48/200
f 137/48/201 139/48/201 162/48/201 161/48/201
f 133/48/202 137/48/202 161/48/202 159/48/202
f 139/48/203 100/48/203 143/48/203 162/48/203
f 141/48/204 129/48/204 156/48/204 163/48/204
f 142/48/205 141/48/205 163/48/205 164/48/205
f 101/48/206 142/48/206 164/48/206 144/48/206
o Cube.002
v -0.642343 1.444101 0.321018
v -0.642343 1.444101 -1.716821
v 1.930412 1.459888 0.332810
v 1.930412 1.459888 -1.728613
v -1.247397 -0.625383 1.675471
v -1.528376 -0.249215 1.478640
v -1.613328 -0.411568 1.062836
v -1.613328 -0.411568 -2.458639
v -1.528376 -0.249215 -2.874443
v -1.247397 -0.625383 -3.071274
v 2.917919 -0.427355 1.072791
v 2.824706 -0.249215 1.478640
v 2.543727 -0.625383 1.675471
v 2.543727 -0.625383 -3.071274
v 2.824706 -0.249215 -2.874443
v 2.917919 -0.427355 -2.468594
v -1.247397 -0.625383 1.675471
v -1.518924 -0.231151 1.197599
v -1.725208 -0.625383 1.197661
v -1.725208 -0.625383 -2.593464
v -1.518924 -0.231151 -2.593402
v -1.247397 -0.625383 -3.071274
v 3.021538 -0.625383 1.197661
v 2.815952 -0.232484 1.218350
v 2.543727 -0.625383 1.675471
v 2.543727 -0.625383 -3.071274
v 2.815952 -0.232484 -2.614153
v 3.021538 -0.625383 -2.593464
v 1.826794 1.657916 -1.876530
v 1.826794 1.657916 0.480727
v 3.021538 -0.625383 1.197661
v 2.824706 -0.249215 1.478640
v 2.824706 -0.249215 -2.874443
v 3.021538 -0.625383 -2.593464
v 3.346759 1.110073 -0.583083
v 5.427763 3.797457 0.752223
v 3.227526 1.795878 -2.142519
v 3.844426 0.638045 -1.649235
v 5.282075 1.394724 0.274070
v 5.499608 -0.164275 -0.621372
v 4.391801 0.615108 -0.006561
v 4.420506 2.967053 -4.101531
v 7.755205 5.254181 -0.961840
v -0.530464 1.657916 0.480727
v -0.530464 1.657916 -1.876530
v -1.528376 -0.249215 1.478640
v -1.725208 -0.625383 1.197661
v -1.725208 -0.625383 -2.593464
v -1.528376 -0.249215 -2.874443
v -2.866706 0.624481 0.871887
v -3.773572 2.124971 3.240579
v -5.580125 5.603964 -0.333094
v -6.455359 2.821671 3.106807
v -2.375325 0.867432 -2.371177
v -3.670192 3.207108 1.504653
v -3.219573 2.454485 -1.171242
v -6.407334 2.734827 -1.605664
v -2.862733 1.702816 -0.415769
v -3.811711 2.978003 2.334649
v -4.241259 1.419151 -3.298839
v -5.375494 0.793395 -1.154027
vn -0.0000 1.0000 -0.0000
vn -0.6984 -0.1562 0.6984
vn -0.6984 -0.1562 -0.6984
vn 0.6984 -0.1562 0.6984
vn 0.6984 -0.1562 -0.6984
vn -0.0000 -1.0000 -0.0000
vn -0.8860 0.4636 -0.0000
vn -0.0000 0.4636 0.8860
vn -0.0000 0.4636 -0.8860
vn 0.8860 0.4636 -0.0000
vn -0.3128 0.3067 0.8989
vn -0.3195 0.6084 -0.7265
vn 0.2398 0.9708 -0.0000
vn 0.2704 0.5536 -0.7877
vn 0.3930 0.8946 -0.2127
vn 0.1051 -0.9073 -0.4071
vn 0.1604 0.4580 0.8744
vn 0.8181 -0.5497 -0.1686
vn -0.8402 -0.5172 -0.1632
vn 0.0427 0.7950 0.6051
vn -0.4901 -0.8585 0.1513
vn 0.6812 -0.6927 -0.2367
vn -0.6184 -0.4545 0.6411
vn -0.1450 0.4775 -0.8666
vn 0.5082 0.8467 -0.1575
vn 0.5568 0.1464 0.8176
vn 0.7542 -0.6031 -0.2597
vn 0.4737 -0.8807 -0.0000
vn -0.5824 -0.1884 0.7908
vn 0.0254 -0.9997 -0.0000
vn -0.5214 -0.5542 -0.6488
vn -0.7715 0.5419 0.3334
vn 0.8857 -0.2679 0.3792
vn 0.3569 -0.2797 0.8913
vn 0.6861 -0.3724 0.6250
vn -0.4985 -0.0441 0.8658
vn -0.7271 0.2628 -0.6342
vn -0.7444 0.5819 0.3275
vn -0.4288 0.2334 0.8727
vn 0.2234 0.3576 -0.9068
vn 0.8096 0.5602 0.1750
vn -0.1571 -0.3622 0.9188
vn -0.7421 -0.0812 0.6654
vn -0.1585 -0.6477 0.7452
vn -0.1541 -0.7226 -0.6739
vn -0.9459 -0.2552 -0.2005
vn -0.3705 0.9096 0.1879
vn -0.9444 -0.2382 -0.2268
vn 0.9474 0.2440 0.2072
vn 0.7915 0.0413 -0.6098
vn -0.7938 -0.5856 -0.1641
vn 0.9688 0.1886 0.1609
vn 0.6312 0.7737 0.0545
vn -0.4718 -0.6753 -0.5669
vn -0.2087 0.5369 0.8174
vn 0.8151 0.5700 -0.1037
vn -0.8914 -0.4523 -0.0290
vn -0.2185 -0.9159 0.3368
vn -0.3157 0.9488 -0.0000
vn 0.2769 -0.4246 0.8620
vn 0.2455 0.8587 -0.4499
vn 0.6701 0.3666 -0.6454
vn -0.3754 -0.9005 0.2195
vn -0.4981 -0.5275 0.6882
vn 0.5186 0.8550 -0.0010
vn -0.3800 -0.8144 -0.4386
vn -0.7016 -0.4927 -0.5148
vn 0.6269 0.1556 -0.7634
vn 0.1963 0.9670 -0.1624
vt 0.625000 0.500000
vt 0.875000 0.500000
vt 0.875000 0.750000
vt 0.625000 0.750000
vt 0.150165 0.750000
vt 0.135367 0.739633
vt 0.125000 0.724835
vt 0.125000 0.525165
vt 0.135367 0.510367
vt 0.150165 0.500000
vt 0.375000 0.724835
vt 0.399002 0.746545
vt 0.358223 0.758388
vt 0.358223 0.491612
vt 0.399002 0.503456
vt 0.375000 0.525165
vt 0.398411 0.028112
vt 0.418165 0.016009
vt 0.601589 0.022888
vt 0.601589 0.227112
vt 0.418165 0.233991
vt 0.398411 0.221888
vt 0.625000 1.000000
vt 0.416187 1.000000
vt 0.375000 0.974835
vt 0.375000 0.275165
vt 0.416187 0.250000
vt 0.625000 0.250000
vt 0.392062 0.528783
vt 0.406874 0.517026
vt 0.602275 0.521406
vt 0.602275 0.728594
vt 0.406874 0.732974
vt 0.392062 0.721217
vt 0.000000 0.000000
vt 0.625000 0.000000
vt 0.375000 0.025165
vt 0.416187 0.000000
vt 0.375000 0.224835
s 0
f 193/49/207 209/50/207 208/51/207 194/52/207
f 181/53/208 170/54/208 183/55/208
f 184/56/209 173/57/209 186/58/209
f 187/59/210 176/60/210 189/61/210
f 190/62/211 179/63/211 192/64/211
f 184/56/212 186/58/212 190/62/212 192/64/212 187/59/212 189/61/212 181/53/212 183/55/212
f 171/65/213 182/66/213 165/67/213 166/68/213 185/69/213 172/70/213
f 177/61/214 196/60/214 194/52/214 208/71/214 210/72/214 169/73/214
f 174/74/215 213/75/215 209/76/215 193/49/215 197/63/215 178/62/215
f 180/77/216 191/78/216 168/79/216 167/80/216 188/81/216 175/82/216
f 170/54/207 181/53/207 169/53/207 210/54/207
f 183/55/207 170/54/207 210/54/207 211/55/207
f 173/57/207 184/56/207 212/56/207 213/57/207
f 186/58/207 173/57/207 213/57/207 174/58/207
f 176/60/207 187/59/207 195/59/207 196/60/207
f 189/61/207 176/60/207 196/60/207 177/61/207
f 179/63/207 190/62/207 178/62/207 197/63/207
f 192/64/207 179/63/207 197/63/207 198/64/207
f 184/56/207 183/55/207 211/55/207 212/56/207
f 190/62/207 186/58/207 174/58/207 178/62/207
f 187/59/207 192/64/207 198/64/207 195/59/207
f 181/53/207 189/61/207 177/61/207 169/53/207
f 167/80/216 168/79/216 193/49/216 194/52/216
f 175/82/216 188/81/216 196/60/216 195/59/216
f 191/78/216 180/77/216 198/64/216 197/63/216
f 180/77/216 175/82/216 195/59/216 198/64/216
f 188/81/216 167/80/216 194/52/216 196/60/216
f 168/79/216 191/78/216 197/63/216 193/49/216
f 167/80/217 188/81/217 200/83/217
f 199/83/218 167/80/218 200/83/218
f 168/79/219 167/80/219 199/83/219
f 191/78/220 168/79/220 202/83/220
f 199/83/221 202/83/221 168/79/221
f 199/83/222 168/79/222 201/83/222
f 168/79/223 202/83/223 201/83/223
f 200/83/224 188/81/224 199/83/224
f 199/83/225 201/83/225 202/83/225
f 199/83/226 188/81/226 205/83/226
f 199/83/227 202/83/227 205/83/227
f 203/83/228 205/83/228 202/83/228
f 203/83/229 202/83/229 204/83/229
f 204/83/230 205/83/230 203/83/230
f 204/83/231 202/83/231 205/83/231
f 204/83/232 205/83/232 188/81/232
f 205/83/233 191/78/233 202/83/233
f 188/81/234 191/78/234 205/83/234
f 191/78/235 204/83/235 202/83/235
f 204/83/236 188/81/236 191/78/236
f 201/83/237 206/83/237 202/83/237
f 206/83/238 191/78/238 202/83/238
f 206/83/239 201/83/239 191/78/239
f 201/83/240 168/83/240 191/83/240
f 205/83/241 200/83/241 188/81/241
f 199/83/242 205/83/242 200/83/242
f 203/83/243 207/83/243 204/83/243
f 203/83/244 207/83/244 202/83/244
f 207/83/245 202/83/245 204/83/245
f 166/68/213 165/67/213 208/84/213 209/76/213
f 182/66/213 171/65/213 211/85/213 210/86/213
f 172/70/213 185/69/213 213/75/213 212/87/213
f 171/65/213 172/70/213 212/87/213 211/85/213
f 165/67/213 182/66/213 210/86/213 208/84/213
f 185/69/213 166/68/213 209/76/213 213/75/213
f 218/83/246 166/68/246 185/69/246
f 216/83/247 222/83/247 220/83/247
f 220/83/248 216/83/248 221/83/248
f 219/83/249 216/83/249 221/83/249
f 218/83/250 220/83/250 221/83/250
f 217/83/251 223/83/251 215/83/251
f 215/83/252 223/83/252 214/83/252
f 219/83/253 221/83/253 223/83/253
f 223/83/254 219/83/254 214/83/254
f 219/83/255 214/83/255 222/83/255
f 171/83/256 222/83/256 182/66/256
f 185/69/257 214/83/257 218/83/257
f 222/83/258 214/83/258 218/83/258
f 214/83/259 171/83/259 185/69/259
f 222/83/260 171/83/260 214/83/260
f 222/83/261 182/83/261 165/83/261
f 222/83/262 216/83/262 219/83/262
f 218/83/263 222/83/263 220/83/263
f 218/83/264 165/83/264 222/83/264
f 218/83/265 165/83/265 166/83/265
f 214/83/266 223/83/266 217/83/266
f 215/83/267 214/83/267 217/83/267
f 214/83/268 221/83/268 219/83/268
f 221/83/269 224/83/269 218/83/269
f 218/83/270 224/83/270 185/69/270
f 224/83/271 221/83/271 185/69/271
f 224/83/272 185/69/272 225/83/272
f 225/83/273 221/83/273 224/83/273
f 214/83/274 225/83/274 221/83/274
f 225/83/275 214/83/275 185/83/275
o Text
v 2.266725 0.178889 1.369399
v 2.201955 0.178889 1.369399
v 2.126823 0.031415 1.440838
v 2.048452 0.178889 1.369399
v 1.983036 0.178889 1.369399
v 2.095734 -0.026875 1.469075
v 1.996637 -0.216900 1.561126
v 2.060759 -0.216900 1.561126
v 1.771241 0.178889 1.369399
v 1.771241 -0.082833 1.496182
v 1.828885 -0.082833 1.496182
v 1.828885 0.054148 1.429826
v 1.829520 0.065160 1.424492
v 1.831371 0.075691 1.419390
v 1.834360 0.085652 1.414565
v 1.838409 0.094951 1.410060
v 1.843438 0.103497 1.405920
v 1.849369 0.111200 1.402189
v 1.856123 0.117967 1.398911
v 1.863621 0.123708 1.396130
v 1.871785 0.128331 1.393890
v 1.880536 0.131747 1.392236
v 1.889795 0.133863 1.391211
v 1.899484 0.134588 1.390859
v 1.903065 0.134373 1.390963
v 1.906974 0.133741 1.391270
v 1.911162 0.132712 1.391768
v 1.915580 0.131307 1.392449
v 1.920178 0.129546 1.393302
v 1.924906 0.127448 1.394318
v 1.929715 0.125035 1.395487
v 1.934555 0.122326 1.396799
v 1.939377 0.119342 1.398245
v 1.944132 0.116103 1.399814
v 1.948770 0.112629 1.401497
v 1.953242 0.108941 1.403283
v 1.983684 0.153824 1.381541
v 1.977731 0.158706 1.379176
v 1.971848 0.163153 1.377022
v 1.966024 0.167167 1.375078
v 1.960247 0.170750 1.373342
v 1.954506 0.173903 1.371814
v 1.948789 0.176630 1.370494
v 1.943087 0.178932 1.369379
v 1.937386 0.180810 1.368469
v 1.931676 0.182268 1.367763
v 1.925946 0.183306 1.367260
v 1.920185 0.183928 1.366958
v 1.914381 0.184135 1.366858
v 1.907566 0.183730 1.367054
v 1.900722 0.182497 1.367652
v 1.893847 0.180410 1.368663
v 1.886938 0.177442 1.370100
v 1.879993 0.173568 1.371977
v 1.873010 0.168761 1.374305
v 1.865986 0.162994 1.377099
v 1.858919 0.156242 1.380370
v 1.851808 0.148478 1.384131
v 1.844649 0.139675 1.388395
v 1.837441 0.129808 1.393175
v 1.830181 0.118850 1.398483
v 1.828885 0.118850 1.398483
v 1.828885 0.178889 1.369399
v 1.699995 -0.007056 1.459474
v 1.691587 -0.011839 1.461791
v 1.683197 -0.016269 1.463937
v 1.674816 -0.020335 1.465907
v 1.666435 -0.024025 1.467694
v 1.658045 -0.027326 1.469293
v 1.649637 -0.030226 1.470698
v 1.641202 -0.032714 1.471903
v 1.632731 -0.034776 1.472902
v 1.624215 -0.036402 1.473690
v 1.615645 -0.037577 1.474259
v 1.607012 -0.038292 1.474605
v 1.598307 -0.038533 1.474722
v 1.584855 -0.037975 1.474452
v 1.572352 -0.036306 1.473644
v 1.560802 -0.033533 1.472300
v 1.550211 -0.029660 1.470424
v 1.540582 -0.024694 1.468018
v 1.531920 -0.018641 1.465086
v 1.524229 -0.011508 1.461631
v 1.517514 -0.003300 1.457655
v 1.511780 0.005977 1.453161
v 1.507032 0.016316 1.448152
v 1.503272 0.027712 1.442632
v 1.500507 0.040159 1.436603
v 1.705177 0.040159 1.436603
v 1.704163 0.063318 1.425384
v 1.701174 0.084421 1.415161
v 1.696281 0.103476 1.405931
v 1.689560 0.120491 1.397688
v 1.681085 0.135474 1.390430
v 1.670930 0.148432 1.384153
v 1.659169 0.159375 1.378852
v 1.645877 0.168310 1.374524
v 1.631127 0.175246 1.371164
v 1.614995 0.180190 1.368769
v 1.597553 0.183150 1.367335
v 1.578877 0.184135 1.366858
v 1.559329 0.183034 1.367391
v 1.540915 0.179796 1.368960
v 1.523742 0.174517 1.371517
v 1.507919 0.167296 1.375015
v 1.493553 0.158228 1.379408
v 1.480752 0.147412 1.384647
v 1.469624 0.134945 1.390687
v 1.460278 0.120923 1.397479
v 1.452820 0.105444 1.404978
v 1.447360 0.088604 1.413135
v 1.444004 0.070502 1.421904
v 1.442862 0.051234 1.431238
v 1.443908 0.033309 1.439921
v 1.447024 0.015817 1.448394
v 1.452172 -0.001027 1.456554
v 1.459318 -0.017009 1.464295
v 1.468425 -0.031914 1.471516
v 1.479456 -0.045528 1.478111
v 1.492377 -0.057636 1.483976
v 1.507151 -0.068023 1.489008
v 1.523742 -0.076476 1.493102
v 1.542115 -0.082779 1.496156
v 1.562232 -0.086719 1.498064
v 1.584058 -0.088079 1.498723
v 1.596012 -0.087872 1.498623
v 1.607309 -0.087248 1.498321
v 1.618022 -0.086203 1.497814
v 1.628221 -0.084733 1.497102
v 1.637980 -0.082834 1.496182
v 1.647370 -0.080502 1.495052
v 1.656464 -0.077732 1.493711
v 1.665332 -0.074521 1.492156
v 1.674047 -0.070866 1.490385
v 1.682681 -0.066760 1.488396
v 1.691307 -0.062202 1.486188
v 1.699995 -0.057186 1.483758
v 1.501802 0.074550 1.419943
v 1.504135 0.084517 1.415115
v 1.507247 0.093713 1.410660
v 1.511133 0.102119 1.406588
v 1.515787 0.109718 1.402907
v 1.521206 0.116491 1.399626
v 1.527386 0.122421 1.396754
v 1.534320 0.127488 1.394299
v 1.542006 0.131674 1.392271
v 1.550439 0.134962 1.390678
v 1.559614 0.137333 1.389530
v 1.569526 0.138769 1.388834
v 1.580172 0.139252 1.388600
v 1.590045 0.138736 1.388850
v 1.599243 0.137212 1.389589
v 1.607740 0.134716 1.390797
v 1.615507 0.131285 1.392459
v 1.622520 0.126956 1.394557
v 1.628749 0.121765 1.397071
v 1.634169 0.115747 1.399986
v 1.638752 0.108941 1.403283
v 1.642472 0.101381 1.406945
v 1.645301 0.093105 1.410954
v 1.647213 0.084149 1.415293
v 1.648180 0.074550 1.419943
v 1.308790 0.233099 1.343139
v 1.200626 0.138086 1.389165
v 1.200626 0.132257 1.391989
v 1.251146 0.132257 1.391989
v 1.251146 -0.005890 1.458910
v 1.251806 -0.017426 1.464498
v 1.253787 -0.028373 1.469800
v 1.257086 -0.038651 1.474779
v 1.261701 -0.048183 1.479397
v 1.267628 -0.056889 1.483614
v 1.274867 -0.064690 1.487393
v 1.283415 -0.071508 1.490696
v 1.293270 -0.077263 1.493484
v 1.304428 -0.081877 1.495719
v 1.316889 -0.085270 1.497362
v 1.330650 -0.087364 1.498377
v 1.345708 -0.088079 1.498723
v 1.350647 -0.087924 1.498648
v 1.356018 -0.087472 1.498429
v 1.361739 -0.086740 1.498075
v 1.367730 -0.085748 1.497594
v 1.373910 -0.084512 1.496995
v 1.380198 -0.083052 1.496288
v 1.386513 -0.081385 1.495480
v 1.392774 -0.079530 1.494582
v 1.398900 -0.077505 1.493601
v 1.404810 -0.075328 1.492546
v 1.410424 -0.073018 1.491427
v 1.415659 -0.070592 1.490252
v 1.415659 -0.022212 1.466816
v 1.409870 -0.025284 1.468304
v 1.404157 -0.028089 1.469663
v 1.398516 -0.030627 1.470892
v 1.392942 -0.032898 1.471992
v 1.387431 -0.034902 1.472963
v 1.381979 -0.036638 1.473804
v 1.376581 -0.038108 1.474516
v 1.371232 -0.039310 1.475099
v 1.365929 -0.040245 1.475552
v 1.360665 -0.040913 1.475875
v 1.355438 -0.041314 1.476069
v 1.350242 -0.041447 1.476134
v 1.345889 -0.041257 1.476042
v 1.341325 -0.040657 1.475751
v 1.336661 -0.039598 1.475238
v 1.332011 -0.038036 1.474482
v 1.327487 -0.035924 1.473458
v 1.323201 -0.033214 1.472146
v 1.319266 -0.029860 1.470521
v 1.315795 -0.025817 1.468562
v 1.312899 -0.021037 1.466247
v 1.310691 -0.015473 1.463552
v 1.309284 -0.009080 1.460454
v 1.308790 -0.001810 1.456933
v 1.308790 0.132257 1.391989
v 1.400762 0.132257 1.391989
v 1.400762 0.178889 1.369399
v 1.308790 0.178889 1.369399
v 1.093109 0.233099 1.343139
v 0.984945 0.138086 1.389165
v 0.984945 0.132257 1.391989
v 1.035465 0.132257 1.391989
v 1.035465 -0.005890 1.458910
v 1.036126 -0.017426 1.464498
v 1.038106 -0.028373 1.469800
v 1.041405 -0.038651 1.474779
v 1.046020 -0.048183 1.479397
v 1.051947 -0.056889 1.483614
v 1.059186 -0.064690 1.487393
v 1.067734 -0.071508 1.490696
v 1.077589 -0.077263 1.493484
v 1.088747 -0.081877 1.495719
v 1.101208 -0.085270 1.497362
v 1.114969 -0.087364 1.498377
v 1.130028 -0.088079 1.498723
v 1.134966 -0.087924 1.498648
v 1.140337 -0.087472 1.498429
v 1.146058 -0.086740 1.498075
v 1.152049 -0.085748 1.497594
v 1.158229 -0.084512 1.496995
v 1.164517 -0.083052 1.496288
v 1.170832 -0.081385 1.495480
v 1.177093 -0.079530 1.494582
v 1.183219 -0.077505 1.493601
v 1.189129 -0.075328 1.492546
v 1.194743 -0.073018 1.491427
v 1.199978 -0.070592 1.490252
v 1.199978 -0.022212 1.466816
v 1.194189 -0.025284 1.468304
v 1.188476 -0.028089 1.469663
v 1.182835 -0.030627 1.470892
v 1.177261 -0.032898 1.471992
v 1.171750 -0.034902 1.472963
v 1.166298 -0.036638 1.473804
v 1.160900 -0.038108 1.474516
v 1.155552 -0.039310 1.475099
v 1.150248 -0.040245 1.475552
v 1.144984 -0.040913 1.475875
v 1.139757 -0.041314 1.476069
v 1.134561 -0.041447 1.476134
v 1.130208 -0.041257 1.476042
v 1.125644 -0.040657 1.475751
v 1.120980 -0.039598 1.475238
v 1.116330 -0.038036 1.474482
v 1.111806 -0.035924 1.473458
v 1.107520 -0.033214 1.472146
v 1.103585 -0.029860 1.470521
v 1.100114 -0.025817 1.468562
v 1.097218 -0.021037 1.466247
v 1.095010 -0.015473 1.463552
v 1.093603 -0.009080 1.460454
v 1.093109 -0.001810 1.456933
v 1.093109 0.132257 1.391989
v 1.185081 0.132257 1.391989
v 1.185081 0.178889 1.369399
v 1.093109 0.178889 1.369399
v 0.974582 -0.036201 1.473593
v 0.971373 -0.038313 1.474616
v 0.968234 -0.040273 1.475565
v 0.965180 -0.042076 1.476438
v 0.962228 -0.043714 1.477232
v 0.959392 -0.045182 1.477943
v 0.956689 -0.046475 1.478569
v 0.954135 -0.047585 1.479107
v 0.951745 -0.048507 1.479554
v 0.949534 -0.049234 1.479906
v 0.947520 -0.049762 1.480162
v 0.945716 -0.050083 1.480317
v 0.944140 -0.050191 1.480369
v 0.942427 -0.050116 1.480333
v 0.940851 -0.049886 1.480222
v 0.939414 -0.049489 1.480030
v 0.938119 -0.048917 1.479752
v 0.936968 -0.048158 1.479385
v 0.935963 -0.047203 1.478922
v 0.935107 -0.046042 1.478360
v 0.934401 -0.044664 1.477692
v 0.933848 -0.043059 1.476915
v 0.933451 -0.041218 1.476023
v 0.933210 -0.039129 1.475011
v 0.933130 -0.036784 1.473875
v 0.933130 0.097866 1.408648
v 0.932178 0.112053 1.401776
v 0.929402 0.124900 1.395552
v 0.924922 0.136428 1.389968
v 0.918857 0.146657 1.385013
v 0.911324 0.155606 1.380678
v 0.902445 0.163296 1.376953
v 0.892338 0.169748 1.373827
v 0.881123 0.174981 1.371292
v 0.868917 0.179016 1.369338
v 0.855842 0.181874 1.367954
v 0.842015 0.183573 1.367130
v 0.827556 0.184135 1.366858
v 0.817246 0.183892 1.366976
v 0.807364 0.183161 1.367330
v 0.797904 0.181940 1.367921
v 0.788863 0.180227 1.368751
v 0.780235 0.178021 1.369820
v 0.772017 0.175319 1.371129
v 0.764203 0.172118 1.372679
v 0.756790 0.168418 1.374472
v 0.749773 0.164216 1.376507
v 0.743147 0.159510 1.378787
v 0.736907 0.154298 1.381312
v 0.731050 0.148578 1.384082
v 0.731050 0.092037 1.411472
v 0.738104 0.099130 1.408036
v 0.745329 0.105554 1.404924
v 0.752707 0.111318 1.402132
v 0.760220 0.116432 1.399654
v 0.767850 0.120907 1.397487
v 0.775579 0.124752 1.395624
v 0.783389 0.127978 1.394062
v 0.791261 0.130595 1.392794
v 0.799179 0.132612 1.391817
v 0.807124 0.134041 1.391125
v 0.815077 0.134890 1.390713
v 0.823022 0.135171 1.390577
v 0.831402 0.134889 1.390714
v 0.839053 0.134027 1.391131
v 0.845975 0.132567 1.391839
v 0.852168 0.130487 1.392846
v 0.857633 0.127767 1.394164
v 0.862369 0.124388 1.395801
v 0.866377 0.120328 1.397767
v 0.869656 0.115569 1.400073
v 0.872206 0.110089 1.402727
v 0.874028 0.103868 1.405741
v 0.875121 0.096886 1.409123
v 0.875485 0.089122 1.412884
v 0.875485 0.075133 1.419661
v 0.824318 0.058812 1.427567
v 0.812572 0.054990 1.429418
v 0.800785 0.051021 1.431341
v 0.789160 0.046780 1.433395
v 0.777900 0.042145 1.435640
v 0.767206 0.036992 1.438137
v 0.757282 0.031197 1.440944
v 0.748329 0.024637 1.444122
v 0.740550 0.017188 1.447730
v 0.734147 0.008728 1.451828
v 0.729323 -0.000868 1.456477
v 0.726280 -0.011723 1.461735
v 0.725221 -0.023960 1.467663
v 0.725806 -0.032324 1.471714
v 0.727530 -0.040449 1.475650
v 0.730342 -0.048242 1.479425
v 0.734193 -0.055610 1.482994
v 0.739033 -0.062459 1.486313
v 0.744814 -0.068698 1.489335
v 0.751485 -0.074232 1.492015
v 0.758997 -0.078969 1.494310
v 0.767301 -0.082815 1.496173
v 0.776346 -0.085678 1.497560
v 0.786085 -0.087464 1.498425
v 0.796467 -0.088079 1.498723
v 0.803105 -0.087897 1.498635
v 0.809739 -0.087348 1.498369
v 0.816363 -0.086431 1.497925
v 0.822974 -0.085143 1.497301
v 0.829568 -0.083483 1.496497
v 0.836138 -0.081449 1.495511
v 0.842682 -0.079038 1.494343
v 0.849194 -0.076249 1.492992
v 0.855670 -0.073079 1.491457
v 0.862106 -0.069526 1.489736
v 0.868496 -0.065589 1.487829
v 0.874838 -0.061266 1.485734
v 0.876310 -0.065712 1.487888
v 0.878145 -0.069729 1.489834
v 0.880353 -0.073325 1.491576
v 0.882946 -0.076508 1.493118
v 0.885934 -0.079286 1.494463
v 0.889329 -0.081667 1.495617
v 0.893143 -0.083660 1.496583
v 0.897387 -0.085273 1.497364
v 0.902071 -0.086513 1.497964
v 0.907207 -0.087389 1.498389
v 0.912806 -0.087908 1.498640
v 0.918880 -0.088079 1.498723
v 0.923279 -0.087978 1.498674
v 0.927459 -0.087661 1.498521
v 0.931500 -0.087105 1.498251
v 0.935480 -0.086287 1.497855
v 0.939479 -0.085187 1.497322
v 0.943574 -0.083780 1.496641
v 0.947844 -0.082046 1.495801
v 0.952368 -0.079962 1.494791
v 0.957226 -0.077505 1.493601
v 0.962495 -0.074654 1.492220
v 0.968254 -0.071385 1.490636
v 0.974582 -0.067678 1.488840
v 0.875485 -0.029789 1.470487
v 0.871572 -0.033030 1.472056
v 0.867605 -0.036042 1.473516
v 0.863584 -0.038815 1.474859
v 0.859509 -0.041339 1.476082
v 0.855380 -0.043604 1.477179
v 0.851197 -0.045600 1.478146
v 0.846960 -0.047317 1.478977
v 0.842669 -0.048744 1.479669
v 0.838324 -0.049872 1.480215
v 0.833925 -0.050690 1.480611
v 0.829472 -0.051188 1.480853
v 0.824965 -0.051357 1.480934
v 0.819116 -0.051046 1.480784
v 0.813574 -0.050134 1.480342
v 0.808378 -0.048651 1.479624
v 0.803568 -0.046628 1.478644
v 0.799180 -0.044096 1.477417
v 0.795253 -0.041083 1.475957
v 0.791825 -0.037621 1.474280
v 0.788935 -0.033740 1.472400
v 0.786620 -0.029470 1.470332
v 0.784920 -0.024843 1.468090
v 0.783871 -0.019887 1.465690
v 0.783513 -0.014634 1.463145
v 0.784383 -0.007229 1.459558
v 0.786908 -0.000426 1.456262
v 0.790962 0.005831 1.453231
v 0.796419 0.011597 1.450438
v 0.803154 0.016925 1.447858
v 0.811040 0.021870 1.445462
v 0.819952 0.026488 1.443225
v 0.829763 0.030832 1.441121
v 0.840348 0.034958 1.439122
v 0.851581 0.038920 1.437203
v 0.863335 0.042773 1.435336
v 0.875485 0.046571 1.433497
v 0.480394 0.314705 1.303608
v 0.422750 0.314705 1.303608
v 0.422750 -0.068261 1.489123
v 0.430135 -0.071222 1.490557
v 0.438003 -0.073979 1.491893
v 0.446299 -0.076521 1.493124
v 0.454966 -0.078839 1.494247
v 0.463948 -0.080922 1.495256
v 0.473189 -0.082760 1.496147
v 0.482631 -0.084343 1.496913
v 0.492220 -0.085661 1.497552
v 0.501899 -0.086704 1.498057
v 0.511612 -0.087461 1.498424
v 0.521302 -0.087923 1.498647
v 0.530914 -0.088079 1.498723
v 0.554381 -0.086984 1.498193
v 0.576162 -0.083740 1.496621
v 0.596189 -0.078407 1.494038
v 0.614394 -0.071046 1.490472
v 0.630710 -0.061717 1.485953
v 0.645069 -0.050482 1.480511
v 0.657405 -0.037401 1.474174
v 0.667649 -0.022535 1.466973
v 0.675733 -0.005945 1.458936
v 0.681592 0.012309 1.450094
v 0.685156 0.032166 1.440474
v 0.686360 0.053565 1.430108
v 0.685273 0.071930 1.421212
v 0.682090 0.089346 1.412775
v 0.676928 0.105689 1.404858
v 0.669903 0.120836 1.397521
v 0.661134 0.134664 1.390823
v 0.650737 0.147048 1.384824
v 0.638828 0.157866 1.379583
v 0.625525 0.166993 1.375162
v 0.610944 0.174308 1.371619
v 0.595203 0.179685 1.369014
v 0.578419 0.183002 1.367407
v 0.560708 0.184135 1.366858
v 0.553487 0.183976 1.366935
v 0.546393 0.183498 1.367167
v 0.539415 0.182696 1.367555
v 0.532545 0.181566 1.368103
v 0.525774 0.180104 1.368811
v 0.519094 0.178306 1.369682
v 0.512494 0.176168 1.370717
v 0.505966 0.173686 1.371920
v 0.499501 0.170856 1.373291
v 0.493090 0.167673 1.374832
v 0.486724 0.164135 1.376547
v 0.480394 0.160236 1.378435
v 0.480394 0.110690 1.402436
v 0.486406 0.115380 1.400164
v 0.492169 0.119557 1.398141
v 0.497730 0.123240 1.396357
v 0.503135 0.126450 1.394802
v 0.508433 0.129205 1.393467
v 0.513669 0.131528 1.392342
v 0.518892 0.133438 1.391416
v 0.524149 0.134956 1.390682
v 0.529487 0.136100 1.390127
v 0.534953 0.136893 1.389743
v 0.540594 0.137354 1.389520
v 0.546458 0.137503 1.389447
v 0.558256 0.136760 1.389807
v 0.569323 0.134570 1.390868
v 0.579602 0.130991 1.392602
v 0.589038 0.126082 1.394980
v 0.597575 0.119903 1.397973
v 0.605155 0.112511 1.401554
v 0.611724 0.103966 1.405694
v 0.617225 0.094325 1.410363
v 0.621601 0.083649 1.415535
v 0.624796 0.071994 1.421181
v 0.626755 0.059421 1.427272
v 0.627420 0.045988 1.433779
v 0.626663 0.033905 1.439632
v 0.624445 0.022480 1.445166
v 0.620842 0.011788 1.450346
v 0.615929 0.001903 1.455134
v 0.609784 -0.007099 1.459495
v 0.602484 -0.015144 1.463392
v 0.594104 -0.022157 1.466789
v 0.584720 -0.028062 1.469650
v 0.574411 -0.032786 1.471938
v 0.563251 -0.036252 1.473617
v 0.551317 -0.038387 1.474652
v 0.538686 -0.039116 1.475004
v 0.534323 -0.039044 1.474970
v 0.529690 -0.038835 1.474869
v 0.524842 -0.038496 1.474704
v 0.519831 -0.038036 1.474482
v 0.514713 -0.037463 1.474204
v 0.509540 -0.036784 1.473875
v 0.504368 -0.036008 1.473499
v 0.499249 -0.035143 1.473080
v 0.494238 -0.034197 1.472622
v 0.489390 -0.033179 1.472128
v 0.484757 -0.032095 1.471604
v 0.480394 -0.030955 1.471051
v 0.177923 -0.007056 1.459474
v 0.169515 -0.011839 1.461791
v 0.161125 -0.016269 1.463937
v 0.152744 -0.020335 1.465907
v 0.144363 -0.024025 1.467694
v 0.135972 -0.027326 1.469293
v 0.127564 -0.030226 1.470698
v 0.119130 -0.032714 1.471903
v 0.110659 -0.034776 1.472902
v 0.102143 -0.036402 1.473690
v 0.093573 -0.037577 1.474259
v 0.084940 -0.038292 1.474605
v 0.076235 -0.038533 1.474722
v 0.062783 -0.037975 1.474452
v 0.050280 -0.036306 1.473644
v 0.038730 -0.033533 1.472300
v 0.028138 -0.029660 1.470424
v 0.018509 -0.024694 1.468018
v 0.009847 -0.018641 1.465086
v 0.002156 -0.011508 1.461631
v -0.004558 -0.003300 1.457655
v -0.010292 0.005977 1.453161
v -0.015041 0.016316 1.448152
v -0.018801 0.027712 1.442632
v -0.021566 0.040159 1.436603
v 0.183104 0.040159 1.436603
v 0.182091 0.063318 1.425384
v 0.179101 0.084421 1.415161
v 0.174209 0.103476 1.405931
v 0.167488 0.120491 1.397688
v 0.159012 0.135474 1.390430
v 0.148858 0.148432 1.384153
v 0.137097 0.159375 1.378852
v 0.123805 0.168310 1.374524
v 0.109055 0.175246 1.371164
v 0.092922 0.180190 1.368769
v 0.075481 0.183150 1.367335
v 0.056804 0.184135 1.366858
v 0.037257 0.183034 1.367391
v 0.018843 0.179796 1.368960
v 0.001670 0.174517 1.371517
v -0.014154 0.167296 1.375015
v -0.028520 0.158228 1.379408
v -0.041321 0.147412 1.384647
v -0.052448 0.134945 1.390687
v -0.061795 0.120923 1.397479
v -0.069252 0.105444 1.404978
v -0.074713 0.088604 1.413135
v -0.078068 0.070502 1.421904
v -0.079211 0.051234 1.431238
v -0.078164 0.033309 1.439921
v -0.075049 0.015817 1.448394
v -0.069900 -0.001027 1.456554
v -0.062754 -0.017009 1.464295
v -0.053648 -0.031914 1.471516
v -0.042616 -0.045528 1.478111
v -0.029695 -0.057636 1.483976
v -0.014921 -0.068023 1.489008
v 0.001670 -0.076476 1.493102
v 0.020042 -0.082779 1.496156
v 0.040159 -0.086719 1.498064
v 0.061986 -0.088079 1.498723
v 0.073940 -0.087872 1.498623
v 0.085237 -0.087248 1.498321
v 0.095949 -0.086203 1.497814
v 0.106149 -0.084733 1.497102
v 0.115908 -0.082834 1.496182
v 0.125298 -0.080502 1.495052
v 0.134391 -0.077732 1.493711
v 0.143259 -0.074521 1.492156
v 0.151974 -0.070866 1.490385
v 0.160609 -0.066760 1.488396
v 0.169234 -0.062202 1.486188
v 0.177923 -0.057186 1.483758
v -0.020271 0.074550 1.419943
v -0.017937 0.084517 1.415115
v -0.014825 0.093713 1.410660
v -0.010940 0.102119 1.406588
v -0.006285 0.109718 1.402907
v -0.000866 0.116491 1.399626
v 0.005313 0.122421 1.396754
v 0.012248 0.127488 1.394299
v 0.019934 0.131674 1.392271
v 0.028367 0.134962 1.390678
v 0.037542 0.137333 1.389530
v 0.047454 0.138769 1.388834
v 0.058100 0.139252 1.388600
v 0.067973 0.138736 1.388850
v 0.077171 0.137212 1.389589
v 0.085667 0.134716 1.390797
v 0.093435 0.131285 1.392459
v 0.100447 0.126956 1.394557
v 0.106677 0.121765 1.397071
v 0.112096 0.115747 1.399986
v 0.116680 0.108941 1.403283
v 0.120399 0.101381 1.406945
v 0.123229 0.093105 1.410954
v 0.125140 0.084149 1.415293
v 0.126107 0.074550 1.419943
v -0.075972 0.314705 1.303608
v -0.088243 0.317431 1.302287
v -0.099817 0.319227 1.301417
v -0.110725 0.320133 1.300978
v -0.120999 0.320188 1.300952
v -0.130670 0.319434 1.301317
v -0.139770 0.317910 1.302055
v -0.148330 0.315658 1.303146
v -0.156382 0.312718 1.304570
v -0.163957 0.309130 1.306308
v -0.171087 0.304935 1.308340
v -0.177803 0.300174 1.310647
v -0.184136 0.294886 1.313208
v -0.189761 0.289553 1.315792
v -0.194967 0.283994 1.318485
v -0.199742 0.278128 1.321326
v -0.204071 0.271872 1.324357
v -0.207941 0.265147 1.327614
v -0.211339 0.257872 1.331139
v -0.214252 0.249965 1.334969
v -0.216665 0.241345 1.339144
v -0.218565 0.231933 1.343704
v -0.219939 0.221646 1.348687
v -0.220774 0.210403 1.354133
v -0.221055 0.198125 1.360081
v -0.221055 0.178889 1.369399
v -0.261859 0.178889 1.369399
v -0.261859 0.132257 1.391989
v -0.221055 0.132257 1.391989
v -0.221055 -0.082833 1.496182
v -0.163410 -0.082833 1.496182
v -0.163410 0.132257 1.391989
v -0.110947 0.132257 1.391989
v -0.110947 0.178889 1.369399
v -0.163410 0.178889 1.369399
v -0.163410 0.203954 1.357258
v -0.163090 0.213676 1.352548
v -0.162091 0.222712 1.348171
v -0.160354 0.231031 1.344141
v -0.157821 0.238604 1.340473
v -0.154433 0.245399 1.337181
v -0.150133 0.251387 1.334280
v -0.144860 0.256537 1.331785
v -0.138558 0.260819 1.329711
v -0.131167 0.264202 1.328072
v -0.122630 0.266656 1.326884
v -0.112887 0.268150 1.326160
v -0.101880 0.268655 1.325915
v -0.099379 0.268631 1.325927
v -0.097037 0.268553 1.325965
v -0.094826 0.268419 1.326030
v -0.092716 0.268224 1.326124
v -0.090678 0.267964 1.326250
v -0.088683 0.267635 1.326409
v -0.086701 0.267234 1.326604
v -0.084704 0.266756 1.326835
v -0.082662 0.266196 1.327106
v -0.080545 0.265552 1.327418
v -0.078325 0.264819 1.327774
v -0.075972 0.263992 1.328174
v -0.309788 0.178889 1.369399
v -0.367433 0.178889 1.369399
v -0.367433 -0.082833 1.496182
v -0.309788 -0.082833 1.496182
v -0.303959 0.258163 1.330998
v -0.304276 0.262322 1.328983
v -0.305198 0.266321 1.327046
v -0.306681 0.270122 1.325205
v -0.308685 0.273686 1.323478
v -0.311165 0.276974 1.321885
v -0.314079 0.279949 1.320444
v -0.317385 0.282572 1.319174
v -0.321039 0.284804 1.318092
v -0.324999 0.286607 1.317219
v -0.329222 0.287942 1.316572
v -0.333666 0.288772 1.316170
v -0.338287 0.289057 1.316032
v -0.342908 0.288772 1.316170
v -0.347351 0.287942 1.316572
v -0.351575 0.286607 1.317219
v -0.355534 0.284804 1.318092
v -0.359189 0.282572 1.319174
v -0.362494 0.279949 1.320444
v -0.365408 0.276974 1.321885
v -0.367889 0.273686 1.323478
v -0.369892 0.270122 1.325205
v -0.371376 0.266321 1.327046
v -0.372298 0.262322 1.328983
v -0.372614 0.258163 1.330998
v -0.372298 0.254004 1.333012
v -0.371376 0.250005 1.334949
v -0.369892 0.246205 1.336790
v -0.367889 0.242641 1.338517
v -0.365408 0.239352 1.340110
v -0.362494 0.236377 1.341551
v -0.359189 0.233755 1.342821
v -0.355534 0.231523 1.343903
v -0.351575 0.229720 1.344776
v -0.347351 0.228384 1.345423
v -0.342908 0.227555 1.345825
v -0.338287 0.227270 1.345963
v -0.333666 0.227555 1.345825
v -0.329222 0.228384 1.345423
v -0.324999 0.229720 1.344776
v -0.321039 0.231523 1.343903
v -0.317385 0.233755 1.342821
v -0.314079 0.236377 1.341551
v -0.311165 0.239352 1.340110
v -0.308685 0.242641 1.338517
v -0.306682 0.246205 1.336791
v -0.305198 0.250005 1.334949
v -0.304276 0.254004 1.333012
v -0.451633 0.314705 1.303608
v -0.509277 0.314705 1.303608
v -0.509277 -0.082833 1.496182
v -0.451633 -0.082833 1.496182
v 1.993399 0.761789 1.087033
v 1.873576 0.761789 1.087033
v 1.854615 0.761080 1.087376
v 1.836961 0.758982 1.088392
v 1.820678 0.755541 1.090060
v 1.805833 0.750800 1.092356
v 1.792489 0.744804 1.095261
v 1.780714 0.737598 1.098751
v 1.770571 0.729227 1.102807
v 1.762126 0.719733 1.107405
v 1.755444 0.709164 1.112525
v 1.750590 0.697562 1.118146
v 1.747630 0.684972 1.124244
v 1.746629 0.671439 1.130800
v 1.746737 0.666691 1.133100
v 1.747061 0.662064 1.135341
v 1.747600 0.657559 1.137524
v 1.748356 0.653175 1.139647
v 1.749328 0.648913 1.141712
v 1.750515 0.644772 1.143718
v 1.751918 0.640752 1.145665
v 1.753538 0.636854 1.147554
v 1.755373 0.633077 1.149383
v 1.757424 0.629422 1.151154
v 1.759691 0.625888 1.152866
v 1.762174 0.622476 1.154519
v 1.765034 0.619039 1.156183
v 1.768111 0.615724 1.157789
v 1.771403 0.612530 1.159336
v 1.774911 0.609457 1.160825
v 1.778636 0.606507 1.162254
v 1.782576 0.603677 1.163625
v 1.786732 0.600969 1.164937
v 1.791103 0.598382 1.166190
v 1.795691 0.595917 1.167384
v 1.800495 0.593573 1.168519
v 1.805515 0.591351 1.169596
v 1.810750 0.589250 1.170613
v 1.810750 0.588085 1.171178
v 1.803995 0.586449 1.171970
v 1.797674 0.584471 1.172929
v 1.791815 0.582174 1.174042
v 1.786450 0.579579 1.175299
v 1.781606 0.576708 1.176689
v 1.777313 0.573585 1.178202
v 1.773601 0.570231 1.179827
v 1.770498 0.566668 1.181553
v 1.768033 0.562920 1.183368
v 1.766237 0.559007 1.185264
v 1.765137 0.554953 1.187228
v 1.764764 0.550779 1.189250
v 1.764954 0.547888 1.190650
v 1.765529 0.545039 1.192030
v 1.766495 0.542227 1.193393
v 1.767859 0.539445 1.194740
v 1.769628 0.536687 1.196076
v 1.771808 0.533948 1.197403
v 1.774407 0.531220 1.198724
v 1.777430 0.528499 1.200042
v 1.780886 0.525778 1.201360
v 1.784780 0.523051 1.202682
v 1.789119 0.520311 1.204009
v 1.793910 0.517554 1.205345
v 1.781858 0.514540 1.206805
v 1.770947 0.511026 1.208507
v 1.761161 0.506998 1.210458
v 1.752482 0.502441 1.212665
v 1.744891 0.497343 1.215135
v 1.738371 0.491687 1.217875
v 1.732903 0.485461 1.220891
v 1.728469 0.478650 1.224190
v 1.725052 0.471240 1.227779
v 1.722634 0.463217 1.231666
v 1.721196 0.454566 1.235857
v 1.720721 0.445274 1.240358
v 1.721863 0.434041 1.245800
v 1.725210 0.423413 1.250948
v 1.730649 0.413460 1.255769
v 1.738065 0.404255 1.260228
v 1.747343 0.395868 1.264291
v 1.758368 0.388368 1.267924
v 1.771026 0.381829 1.271092
v 1.785202 0.376319 1.273761
v 1.800782 0.371911 1.275896
v 1.817650 0.368674 1.277464
v 1.835692 0.366680 1.278430
v 1.854793 0.366000 1.278760
v 1.875591 0.366649 1.278445
v 1.894875 0.368571 1.277514
v 1.912589 0.371728 1.275985
v 1.928678 0.376082 1.273876
v 1.943084 0.381593 1.271206
v 1.955752 0.388223 1.267995
v 1.966625 0.395934 1.264259
v 1.975648 0.404687 1.260019
v 1.982763 0.414444 1.255293
v 1.987915 0.425167 1.250098
v 1.991047 0.436816 1.244455
v 1.992104 0.449354 1.238381
v 1.991634 0.457556 1.234408
v 1.990184 0.465519 1.230551
v 1.987691 0.473199 1.226831
v 1.984091 0.480550 1.223270
v 1.979322 0.487530 1.219889
v 1.973321 0.494092 1.216710
v 1.966024 0.500193 1.213754
v 1.957368 0.505788 1.211044
v 1.947292 0.510832 1.208601
v 1.935731 0.515281 1.206445
v 1.922623 0.519091 1.204600
v 1.907904 0.522217 1.203086
v 1.893912 0.524808 1.201831
v 1.881091 0.527352 1.200598
v 1.869447 0.529876 1.199375
v 1.858991 0.532407 1.198149
v 1.849732 0.534969 1.196908
v 1.841678 0.537591 1.195638
v 1.834838 0.540297 1.194327
v 1.829221 0.543115 1.192962
v 1.824838 0.546070 1.191531
v 1.821695 0.549190 1.190020
v 1.819803 0.552499 1.188416
v 1.819170 0.556025 1.186708
v 1.820747 0.562777 1.183437
v 1.825203 0.567831 1.180989
v 1.832124 0.571554 1.179186
v 1.841096 0.574311 1.177850
v 1.851705 0.576469 1.176805
v 1.863537 0.578394 1.175873
v 1.876179 0.580453 1.174875
v 1.889217 0.583011 1.173636
v 1.902237 0.586436 1.171977
v 1.914825 0.591093 1.169721
v 1.926567 0.597350 1.166690
v 1.937050 0.605572 1.162707
v 1.940442 0.608889 1.161100
v 1.943788 0.612685 1.159261
v 1.947039 0.616902 1.157219
v 1.950148 0.621482 1.155000
v 1.953068 0.626371 1.152632
v 1.955752 0.631510 1.150142
v 1.958153 0.636844 1.147558
v 1.960223 0.642316 1.144908
v 1.961915 0.647868 1.142218
v 1.963183 0.653445 1.139517
v 1.963978 0.658989 1.136831
v 1.964253 0.664444 1.134188
v 1.964087 0.669832 1.131578
v 1.963572 0.674950 1.129099
v 1.962684 0.679846 1.126728
v 1.961398 0.684565 1.124441
v 1.959689 0.689155 1.122218
v 1.957533 0.693662 1.120035
v 1.954904 0.698133 1.117869
v 1.951779 0.702613 1.115698
v 1.948131 0.707151 1.113500
v 1.943937 0.711791 1.111252
v 1.939172 0.716582 1.108932
v 1.933812 0.721569 1.106516
v 1.993399 0.721569 1.106516
v 1.912438 0.670856 1.131082
v 1.911960 0.663893 1.134455
v 1.910561 0.657312 1.137643
v 1.908289 0.651156 1.140625
v 1.905193 0.645468 1.143381
v 1.901324 0.640289 1.145889
v 1.896731 0.635664 1.148130
v 1.891464 0.631633 1.150083
v 1.885571 0.628240 1.151726
v 1.879102 0.625527 1.153041
v 1.872107 0.623536 1.154005
v 1.864636 0.622311 1.154598
v 1.856736 0.621893 1.154801
v 1.848242 0.622288 1.154610
v 1.840274 0.623450 1.154047
v 1.832873 0.625345 1.153129
v 1.826079 0.627938 1.151873
v 1.819933 0.631194 1.150295
v 1.814474 0.635081 1.148412
v 1.809745 0.639562 1.146242
v 1.805785 0.644604 1.143799
v 1.802634 0.650172 1.141102
v 1.800333 0.656233 1.138166
v 1.798923 0.662750 1.135009
v 1.798444 0.669690 1.131647
v 1.798972 0.676007 1.128587
v 1.800510 0.682093 1.125639
v 1.802988 0.687888 1.122832
v 1.806337 0.693330 1.120195
v 1.810485 0.698360 1.117759
v 1.815365 0.702916 1.115552
v 1.820906 0.706937 1.113604
v 1.827038 0.710364 1.111944
v 1.833693 0.713135 1.110602
v 1.840799 0.715189 1.109607
v 1.848287 0.716466 1.108988
v 1.856089 0.716905 1.108775
v 1.863592 0.716478 1.108982
v 1.870833 0.715235 1.109584
v 1.877736 0.713235 1.110553
v 1.884227 0.710537 1.111860
v 1.890233 0.707199 1.113477
v 1.895679 0.703280 1.115376
v 1.900490 0.698839 1.117527
v 1.904594 0.693935 1.119903
v 1.907914 0.688626 1.122474
v 1.910378 0.682970 1.125214
v 1.911910 0.677028 1.128093
v 1.936402 0.445274 1.240358
v 1.935787 0.439508 1.243151
v 1.933961 0.434169 1.245737
v 1.930957 0.429272 1.248110
v 1.926807 0.424829 1.250262
v 1.921541 0.420857 1.252186
v 1.915190 0.417368 1.253876
v 1.907788 0.414377 1.255325
v 1.899364 0.411898 1.256526
v 1.889951 0.409945 1.257472
v 1.879579 0.408533 1.258156
v 1.868282 0.407675 1.258572
v 1.856089 0.407386 1.258712
v 1.843475 0.407676 1.258571
v 1.831875 0.408543 1.258151
v 1.821306 0.409981 1.257454
v 1.811782 0.411984 1.256484
v 1.803320 0.414545 1.255244
v 1.795935 0.417659 1.253735
v 1.789642 0.421319 1.251962
v 1.784459 0.425520 1.249927
v 1.780400 0.430255 1.247633
v 1.777481 0.435519 1.245084
v 1.775719 0.441304 1.242281
v 1.775127 0.447606 1.239228
v 1.775685 0.453283 1.236478
v 1.777322 0.458638 1.233884
v 1.779985 0.463635 1.231463
v 1.783619 0.468245 1.229231
v 1.788171 0.472433 1.227202
v 1.793587 0.476168 1.225393
v 1.799812 0.479417 1.223819
v 1.806792 0.482148 1.222496
v 1.814475 0.484328 1.221439
v 1.822805 0.485926 1.220665
v 1.831728 0.486908 1.220190
v 1.841192 0.487243 1.220028
v 1.850549 0.487052 1.220120
v 1.860613 0.486441 1.220416
v 1.871097 0.485357 1.220941
v 1.881709 0.483745 1.221722
v 1.892158 0.481550 1.222785
v 1.902156 0.478718 1.224157
v 1.911411 0.475193 1.225865
v 1.919634 0.470922 1.227934
v 1.926535 0.465849 1.230391
v 1.931823 0.459919 1.233263
v 1.935209 0.453079 1.236577
v 1.494030 0.761789 1.087033
v 1.436385 0.761789 1.087033
v 1.436385 0.500067 1.213815
v 1.494030 0.500067 1.213815
v 1.494030 0.687760 1.122894
v 1.500689 0.694261 1.119745
v 1.507095 0.700080 1.116926
v 1.513288 0.705238 1.114427
v 1.519313 0.709759 1.112237
v 1.525213 0.713665 1.110345
v 1.531029 0.716978 1.108740
v 1.536805 0.719720 1.107412
v 1.542582 0.721914 1.106349
v 1.548405 0.723581 1.105541
v 1.554316 0.724745 1.104978
v 1.560357 0.725427 1.104647
v 1.566571 0.725649 1.104540
v 1.575040 0.725133 1.104789
v 1.582937 0.723614 1.105525
v 1.590232 0.721131 1.106728
v 1.596892 0.717726 1.108378
v 1.602887 0.713438 1.110455
v 1.608185 0.708308 1.112940
v 1.612754 0.702376 1.115813
v 1.616563 0.695683 1.119056
v 1.619580 0.688270 1.122646
v 1.621774 0.680177 1.126567
v 1.623114 0.671445 1.130797
v 1.623568 0.662113 1.135318
v 1.623568 0.500067 1.213815
v 1.681212 0.500067 1.213815
v 1.681212 0.661530 1.135600
v 1.680314 0.678667 1.127298
v 1.677695 0.694240 1.119755
v 1.673470 0.708262 1.112962
v 1.667755 0.720748 1.106914
v 1.660663 0.731712 1.101602
v 1.652309 0.741169 1.097022
v 1.642809 0.749131 1.093164
v 1.632276 0.755614 1.090024
v 1.620825 0.760632 1.087593
v 1.608572 0.764199 1.085866
v 1.595631 0.766328 1.084834
v 1.582116 0.767035 1.084492
v 1.574026 0.766734 1.084638
v 1.565971 0.765839 1.085071
v 1.557989 0.764366 1.085784
v 1.550115 0.762328 1.086771
v 1.542385 0.759740 1.088025
v 1.534834 0.756615 1.089539
v 1.527500 0.752969 1.091306
v 1.520417 0.748814 1.093318
v 1.513622 0.744165 1.095570
v 1.507151 0.739037 1.098054
v 1.501040 0.733443 1.100764
v 1.495325 0.727398 1.103693
v 1.494030 0.727398 1.103693
v 1.354776 0.761789 1.087033
v 1.297132 0.761789 1.087033
v 1.297132 0.500067 1.213815
v 1.354776 0.500067 1.213815
v 1.360605 0.841063 1.048631
v 1.360289 0.845222 1.046617
v 1.359367 0.849221 1.044679
v 1.357883 0.853022 1.042838
v 1.355880 0.856585 1.041112
v 1.353399 0.859874 1.039519
v 1.350485 0.862849 1.038078
v 1.347180 0.865472 1.036807
v 1.343526 0.867704 1.035726
v 1.339566 0.869507 1.034853
v 1.335342 0.870842 1.034206
v 1.330899 0.871672 1.033804
v 1.326278 0.871957 1.033666
v 1.321656 0.871672 1.033804
v 1.317213 0.870842 1.034206
v 1.312990 0.869507 1.034853
v 1.309030 0.867704 1.035726
v 1.305376 0.865472 1.036807
v 1.302070 0.862849 1.038078
v 1.299156 0.859874 1.039519
v 1.296676 0.856585 1.041112
v 1.294672 0.853022 1.042838
v 1.293188 0.849221 1.044679
v 1.292267 0.845222 1.046617
v 1.291950 0.841063 1.048631
v 1.292267 0.836904 1.050646
v 1.293189 0.832905 1.052583
v 1.294673 0.829105 1.054424
v 1.296676 0.825541 1.056150
v 1.299156 0.822252 1.057744
v 1.302070 0.819277 1.059185
v 1.305376 0.816654 1.060455
v 1.309030 0.814422 1.061536
v 1.312990 0.812619 1.062410
v 1.317213 0.811284 1.063057
v 1.321657 0.810454 1.063458
v 1.326278 0.810169 1.063597
v 1.330899 0.810454 1.063459
v 1.335342 0.811284 1.063057
v 1.339566 0.812619 1.062410
v 1.343526 0.814422 1.061536
v 1.347180 0.816654 1.060455
v 1.350485 0.819277 1.059185
v 1.353399 0.822252 1.057744
v 1.355880 0.825541 1.056150
v 1.357883 0.829104 1.054424
v 1.359367 0.832905 1.052583
v 1.360289 0.836904 1.050646
v 1.251146 0.761789 1.087033
v 1.131323 0.761789 1.087033
v 1.112362 0.761080 1.087376
v 1.094707 0.758982 1.088392
v 1.078425 0.755541 1.090060
v 1.063579 0.750800 1.092356
v 1.050236 0.744804 1.095261
v 1.038460 0.737598 1.098751
v 1.028317 0.729227 1.102807
v 1.019872 0.719733 1.107405
v 1.013190 0.709164 1.112525
v 1.008336 0.697562 1.118146
v 1.005376 0.684972 1.124244
v 1.004376 0.671439 1.130800
v 1.004483 0.666691 1.133100
v 1.004807 0.662064 1.135341
v 1.005347 0.657559 1.137524
v 1.006103 0.653175 1.139647
v 1.007074 0.648913 1.141712
v 1.008262 0.644772 1.143718
v 1.009665 0.640752 1.145665
v 1.011284 0.636854 1.147554
v 1.013119 0.633077 1.149383
v 1.015170 0.629422 1.151154
v 1.017437 0.625888 1.152866
v 1.019920 0.622476 1.154519
v 1.022781 0.619039 1.156183
v 1.025857 0.615724 1.157789
v 1.029150 0.612530 1.159336
v 1.032658 0.609457 1.160825
v 1.036382 0.606507 1.162254
v 1.040322 0.603677 1.163625
v 1.044478 0.600969 1.164937
v 1.048850 0.598382 1.166190
v 1.053438 0.595917 1.167384
v 1.058242 0.593573 1.168519
v 1.063261 0.591351 1.169596
v 1.068497 0.589250 1.170613
v 1.068497 0.588085 1.171178
v 1.061742 0.586449 1.171970
v 1.055420 0.584471 1.172929
v 1.049562 0.582174 1.174042
v 1.044196 0.579579 1.175299
v 1.039353 0.576708 1.176689
v 1.035060 0.573585 1.178202
v 1.031347 0.570231 1.179827
v 1.028244 0.566668 1.181553
v 1.025780 0.562920 1.183368
v 1.023983 0.559007 1.185264
v 1.022884 0.554953 1.187228
v 1.022511 0.550779 1.189250
v 1.022701 0.547888 1.190650
v 1.023276 0.545039 1.192030
v 1.024242 0.542227 1.193393
v 1.025606 0.539445 1.194740
v 1.027374 0.536687 1.196076
v 1.029555 0.533948 1.197403
v 1.032153 0.531220 1.198724
v 1.035177 0.528499 1.200042
v 1.038632 0.525778 1.201360
v 1.042526 0.523051 1.202682
v 1.046866 0.520311 1.204009
v 1.051657 0.517554 1.205345
v 1.039604 0.514540 1.206805
v 1.028694 0.511026 1.208507
v 1.018908 0.506998 1.210458
v 1.010229 0.502441 1.212665
v 1.002638 0.497343 1.215135
v 0.996117 0.491687 1.217875
v 0.990649 0.485461 1.220891
v 0.986216 0.478650 1.224190
v 0.982799 0.471240 1.227779
v 0.980381 0.463217 1.231666
v 0.978943 0.454566 1.235857
v 0.978468 0.445274 1.240358
v 0.979609 0.434041 1.245800
v 0.982957 0.423413 1.250948
v 0.988396 0.413460 1.255769
v 0.995812 0.404255 1.260228
v 1.005090 0.395868 1.264291
v 1.016115 0.388368 1.267924
v 1.028773 0.381829 1.271092
v 1.042949 0.376319 1.273761
v 1.058529 0.371911 1.275896
v 1.075397 0.368674 1.277464
v 1.093439 0.366680 1.278430
v 1.112540 0.366000 1.278760
v 1.133337 0.366649 1.278445
v 1.152622 0.368571 1.277514
v 1.170336 0.371728 1.275985
v 1.186424 0.376082 1.273876
v 1.200831 0.381593 1.271206
v 1.213499 0.388223 1.267995
v 1.224372 0.395934 1.264259
v 1.233394 0.404687 1.260019
v 1.240509 0.414444 1.255293
v 1.245661 0.425167 1.250098
v 1.248794 0.436816 1.244455
v 1.249850 0.449354 1.238381
v 1.249381 0.457556 1.234408
v 1.247931 0.465519 1.230551
v 1.245438 0.473199 1.226831
v 1.241838 0.480550 1.223270
v 1.237069 0.487530 1.219889
v 1.231067 0.494092 1.216710
v 1.223770 0.500193 1.213754
v 1.215115 0.505788 1.211044
v 1.205038 0.510832 1.208601
v 1.193477 0.515281 1.206445
v 1.180369 0.519091 1.204600
v 1.165650 0.522217 1.203086
v 1.151659 0.524808 1.201831
v 1.138837 0.527352 1.200598
v 1.127194 0.529876 1.199375
v 1.116738 0.532407 1.198149
v 1.107478 0.534969 1.196908
v 1.099424 0.537591 1.195638
v 1.092584 0.540297 1.194327
v 1.086968 0.543115 1.192962
v 1.082584 0.546070 1.191531
v 1.079442 0.549190 1.190020
v 1.077550 0.552499 1.188416
v 1.076917 0.556025 1.186708
v 1.078494 0.562777 1.183437
v 1.082950 0.567831 1.180989
v 1.089871 0.571554 1.179186
v 1.098842 0.574311 1.177850
v 1.109451 0.576469 1.176805
v 1.121284 0.578394 1.175873
v 1.133926 0.580453 1.174875
v 1.146963 0.583011 1.173636
v 1.159983 0.586436 1.171977
v 1.172571 0.591093 1.169721
v 1.184314 0.597350 1.166690
v 1.194797 0.605572 1.162707
v 1.198189 0.608889 1.161100
v 1.201534 0.612685 1.159261
v 1.204785 0.616902 1.157219
v 1.207894 0.621482 1.155000
v 1.210815 0.626371 1.152632
v 1.213499 0.631510 1.150142
v 1.215900 0.636844 1.147558
v 1.217970 0.642316 1.144908
v 1.219662 0.647868 1.142218
v 1.220929 0.653445 1.139517
v 1.221724 0.658989 1.136831
v 1.222000 0.664444 1.134188
v 1.221833 0.669832 1.131578
v 1.221319 0.674950 1.129099
v 1.220431 0.679846 1.126728
v 1.219145 0.684565 1.124441
v 1.217436 0.689155 1.122218
v 1.215280 0.693662 1.120035
v 1.212651 0.698133 1.117869
v 1.209525 0.702613 1.115698
v 1.205878 0.707151 1.113500
v 1.201684 0.711791 1.111252
v 1.196919 0.716582 1.108932
v 1.191558 0.721569 1.106516
v 1.251146 0.721569 1.106516
v 1.170184 0.670856 1.131082
v 1.169707 0.663893 1.134455
v 1.168307 0.657312 1.137643
v 1.166035 0.651156 1.140625
v 1.162940 0.645468 1.143381
v 1.159071 0.640289 1.145889
v 1.154478 0.635664 1.148130
v 1.149210 0.631633 1.150083
v 1.143317 0.628240 1.151726
v 1.136849 0.625527 1.153041
v 1.129854 0.623536 1.154005
v 1.122382 0.622311 1.154598
v 1.114483 0.621893 1.154801
v 1.105989 0.622288 1.154610
v 1.098021 0.623450 1.154047
v 1.090619 0.625345 1.153129
v 1.083825 0.627938 1.151873
v 1.077679 0.631194 1.150295
v 1.072221 0.635081 1.148412
v 1.067491 0.639562 1.146242
v 1.063531 0.644604 1.143799
v 1.060380 0.650172 1.141102
v 1.058080 0.656233 1.138166
v 1.056670 0.662750 1.135009
v 1.056191 0.669690 1.131647
v 1.056719 0.676007 1.128587
v 1.058257 0.682093 1.125639
v 1.060735 0.687888 1.122832
v 1.064083 0.693330 1.120195
v 1.068232 0.698360 1.117759
v 1.073112 0.702916 1.115552
v 1.078653 0.706937 1.113604
v 1.084785 0.710364 1.111944
v 1.091439 0.713135 1.110602
v 1.098546 0.715189 1.109607
v 1.106034 0.716466 1.108988
v 1.113835 0.716905 1.108775
v 1.121339 0.716478 1.108982
v 1.128579 0.715235 1.109584
v 1.135482 0.713235 1.110553
v 1.141974 0.710537 1.111860
v 1.147980 0.707199 1.113477
v 1.153425 0.703280 1.115376
v 1.158237 0.698839 1.117527
v 1.162340 0.693935 1.119903
v 1.165661 0.688626 1.122474
v 1.168124 0.682970 1.125214
v 1.169657 0.677028 1.128093
v 1.194149 0.445274 1.240358
v 1.193533 0.439508 1.243151
v 1.191708 0.434169 1.245737
v 1.188704 0.429272 1.248110
v 1.184553 0.424829 1.250262
v 1.179287 0.420857 1.252186
v 1.172937 0.417368 1.253876
v 1.165534 0.414377 1.255325
v 1.157111 0.411898 1.256526
v 1.147697 0.409945 1.257472
v 1.137326 0.408533 1.258156
v 1.126028 0.407675 1.258572
v 1.113835 0.407386 1.258712
v 1.101221 0.407676 1.258571
v 1.089622 0.408543 1.258151
v 1.079052 0.409981 1.257454
v 1.069529 0.411984 1.256484
v 1.061066 0.414545 1.255244
v 1.053681 0.417659 1.253735
v 1.047389 0.421319 1.251962
v 1.042206 0.425520 1.249927
v 1.038147 0.430255 1.247633
v 1.035228 0.435519 1.245084
v 1.033465 0.441304 1.242281
v 1.032874 0.447606 1.239228
v 1.033432 0.453283 1.236478
v 1.035069 0.458638 1.233884
v 1.037732 0.463635 1.231463
v 1.041366 0.468245 1.229231
v 1.045918 0.472433 1.227202
v 1.051333 0.476168 1.225393
v 1.057558 0.479417 1.223819
v 1.064539 0.482148 1.222496
v 1.072221 0.484328 1.221439
v 1.080551 0.485926 1.220665
v 1.089475 0.486908 1.220190
v 1.098938 0.487243 1.220028
v 1.108295 0.487052 1.220120
v 1.118360 0.486441 1.220416
v 1.128844 0.485357 1.220941
v 1.139455 0.483745 1.221722
v 1.149905 0.481550 1.222785
v 1.159902 0.478718 1.224157
v 1.169158 0.475193 1.225865
v 1.177381 0.470922 1.227934
v 1.184282 0.465849 1.230391
v 1.189570 0.459919 1.233263
v 1.192956 0.453079 1.236577
v 0.766673 0.761789 1.087033
v 0.766673 0.500067 1.213815
v 0.824318 0.500067 1.213815
v 0.824318 0.637048 1.147459
v 0.824952 0.648059 1.142125
v 0.826803 0.658591 1.137024
v 0.829792 0.668552 1.132198
v 0.833841 0.677851 1.127694
v 0.838870 0.686397 1.123554
v 0.844801 0.694099 1.119823
v 0.851555 0.700866 1.116545
v 0.859053 0.706607 1.113764
v 0.867217 0.711231 1.111524
v 0.875968 0.714647 1.109869
v 0.885227 0.716763 1.108844
v 0.894916 0.717488 1.108493
v 0.898497 0.717273 1.108597
v 0.902406 0.716641 1.108903
v 0.906595 0.715612 1.109402
v 0.911012 0.714207 1.110083
v 0.915610 0.712445 1.110936
v 0.920338 0.710348 1.111952
v 0.925147 0.707934 1.113121
v 0.929987 0.705226 1.114433
v 0.934810 0.702242 1.115878
v 0.939565 0.699003 1.117447
v 0.944203 0.695529 1.119130
v 0.948674 0.691841 1.120917
v 0.979116 0.736724 1.099175
v 0.973163 0.741606 1.096810
v 0.967280 0.746053 1.094656
v 0.961456 0.750067 1.092711
v 0.955679 0.753650 1.090976
v 0.949938 0.756803 1.089448
v 0.944222 0.759530 1.088127
v 0.938519 0.761832 1.087012
v 0.932818 0.763710 1.086102
v 0.927108 0.765168 1.085396
v 0.921378 0.766206 1.084893
v 0.915617 0.766828 1.084592
v 0.909813 0.767035 1.084492
v 0.902998 0.766630 1.084688
v 0.896154 0.765397 1.085285
v 0.889279 0.763310 1.086296
v 0.882370 0.760342 1.087734
v 0.875425 0.756468 1.089610
v 0.868442 0.751661 1.091939
v 0.861418 0.745894 1.094733
v 0.854351 0.739142 1.098004
v 0.847240 0.731378 1.101765
v 0.840081 0.722575 1.106029
v 0.832873 0.712708 1.110808
v 0.825613 0.701750 1.116117
v 0.824318 0.701750 1.116117
v 0.824318 0.761789 1.087033
v 0.711619 0.546699 1.191226
v 0.708411 0.544587 1.192249
v 0.705271 0.542626 1.193199
v 0.702218 0.540824 1.194072
v 0.699265 0.539186 1.194866
v 0.696430 0.537717 1.195577
v 0.693727 0.536425 1.196203
v 0.691173 0.535315 1.196741
v 0.688782 0.534393 1.197187
v 0.686572 0.533665 1.197540
v 0.684557 0.533138 1.197795
v 0.682754 0.532817 1.197950
v 0.681178 0.532709 1.198003
v 0.679465 0.532784 1.197967
v 0.677889 0.533014 1.197855
v 0.676452 0.533410 1.197663
v 0.675157 0.533983 1.197386
v 0.674006 0.534741 1.197019
v 0.673001 0.535696 1.196556
v 0.672145 0.536858 1.195993
v 0.671439 0.538236 1.195326
v 0.670886 0.539840 1.194548
v 0.670488 0.541682 1.193656
v 0.670248 0.543770 1.192645
v 0.670167 0.546116 1.191509
v 0.670167 0.680766 1.126282
v 0.669216 0.694953 1.119409
v 0.666440 0.707800 1.113186
v 0.661960 0.719328 1.107602
v 0.655894 0.729557 1.102647
v 0.648362 0.738506 1.098312
v 0.639483 0.746196 1.094586
v 0.629376 0.752648 1.091461
v 0.618160 0.757881 1.088926
v 0.605955 0.761916 1.086971
v 0.592879 0.764773 1.085587
v 0.579052 0.766473 1.084764
v 0.564594 0.767035 1.084492
v 0.554284 0.766792 1.084610
v 0.544402 0.766061 1.084964
v 0.534942 0.764840 1.085555
v 0.525900 0.763127 1.086385
v 0.517273 0.760921 1.087453
v 0.509054 0.758218 1.088763
v 0.501241 0.755018 1.090313
v 0.493828 0.751318 1.092105
v 0.486810 0.747116 1.094141
v 0.480184 0.742410 1.096420
v 0.473945 0.737198 1.098945
v 0.468088 0.731478 1.101716
v 0.468088 0.674937 1.129106
v 0.475142 0.682030 1.125669
v 0.482367 0.688454 1.122558
v 0.489745 0.694218 1.119765
v 0.497258 0.699332 1.117288
v 0.504888 0.703807 1.115120
v 0.512617 0.707652 1.113258
v 0.520426 0.710878 1.111695
v 0.528299 0.713494 1.110428
v 0.536217 0.715512 1.109450
v 0.544162 0.716940 1.108758
v 0.552115 0.717790 1.108347
v 0.560060 0.718071 1.108210
v 0.568439 0.717788 1.108347
v 0.576090 0.716927 1.108765
v 0.583012 0.715466 1.109472
v 0.589206 0.713386 1.110480
v 0.594671 0.710667 1.111797
v 0.599407 0.707288 1.113434
v 0.603415 0.703228 1.115401
v 0.606694 0.698468 1.117706
v 0.609244 0.692988 1.120361
v 0.611066 0.686767 1.123375
v 0.612159 0.679785 1.126757
v 0.612523 0.672022 1.130517
v 0.612523 0.658033 1.137294
v 0.561355 0.641711 1.145200
v 0.549609 0.637890 1.147052
v 0.537823 0.633920 1.148975
v 0.526198 0.629680 1.151029
v 0.514938 0.625045 1.153274
v 0.504244 0.619891 1.155770
v 0.494319 0.614096 1.158578
v 0.485366 0.607536 1.161755
v 0.477587 0.600088 1.165364
v 0.471185 0.591627 1.169462
v 0.466361 0.582032 1.174110
v 0.463318 0.571177 1.179369
v 0.462259 0.558940 1.185297
v 0.462844 0.550576 1.189348
v 0.464568 0.542451 1.193284
v 0.467380 0.534658 1.197059
v 0.471230 0.527290 1.200628
v 0.476071 0.520441 1.203946
v 0.481851 0.514202 1.206968
v 0.488522 0.508668 1.209649
v 0.496035 0.503931 1.211944
v 0.504338 0.500085 1.213807
v 0.513384 0.497222 1.215193
v 0.523123 0.495437 1.216058
v 0.533505 0.494821 1.216357
v 0.540143 0.495003 1.216268
v 0.546776 0.495552 1.216003
v 0.553401 0.496469 1.215558
v 0.560012 0.497757 1.214935
v 0.566605 0.499417 1.214130
v 0.573176 0.501451 1.213145
v 0.579719 0.503862 1.211977
v 0.586231 0.506651 1.210626
v 0.592708 0.509821 1.209090
v 0.599143 0.513373 1.207369
v 0.605534 0.517310 1.205462
v 0.611875 0.521634 1.203368
v 0.613348 0.517188 1.205522
v 0.615183 0.513171 1.207468
v 0.617391 0.509575 1.209209
v 0.619983 0.506392 1.210751
v 0.622972 0.503614 1.212097
v 0.626367 0.501232 1.213251
v 0.630181 0.499239 1.214216
v 0.634424 0.497627 1.214997
v 0.639109 0.496387 1.215598
v 0.644245 0.495511 1.216022
v 0.649844 0.494992 1.216274
v 0.655918 0.494821 1.216357
v 0.660317 0.494921 1.216308
v 0.664497 0.495239 1.216154
v 0.668538 0.495795 1.215885
v 0.672518 0.496612 1.215489
v 0.676516 0.497713 1.214956
v 0.680611 0.499119 1.214274
v 0.684882 0.500854 1.213434
v 0.689406 0.502938 1.212425
v 0.694263 0.505395 1.211235
v 0.699532 0.508246 1.209853
v 0.705292 0.511514 1.208270
v 0.711619 0.515222 1.206474
v 0.612523 0.553111 1.188120
v 0.608610 0.549870 1.189690
v 0.604643 0.546858 1.191149
v 0.600622 0.544085 1.192492
v 0.596547 0.541560 1.193715
v 0.592418 0.539295 1.194813
v 0.588235 0.537299 1.195779
v 0.583998 0.535583 1.196611
v 0.579707 0.534155 1.197302
v 0.575362 0.533028 1.197849
v 0.570963 0.532210 1.198245
v 0.566510 0.531712 1.198486
v 0.562003 0.531543 1.198568
v 0.556153 0.531854 1.198417
v 0.550611 0.532766 1.197976
v 0.545416 0.534248 1.197257
v 0.540605 0.536271 1.196277
v 0.536217 0.538804 1.195050
v 0.532290 0.541817 1.193591
v 0.528862 0.545279 1.191914
v 0.525972 0.549160 1.190034
v 0.523658 0.553429 1.187966
v 0.521957 0.558057 1.185724
v 0.520909 0.563013 1.183323
v 0.520551 0.568266 1.180779
v 0.521420 0.575671 1.177192
v 0.523945 0.582474 1.173896
v 0.527999 0.588731 1.170865
v 0.533457 0.594496 1.168072
v 0.540191 0.599824 1.165491
v 0.548078 0.604770 1.163095
v 0.556989 0.609388 1.160859
v 0.566801 0.613732 1.158754
v 0.577386 0.617858 1.156755
v 0.588618 0.621820 1.154836
v 0.600373 0.625672 1.152970
v 0.612523 0.629470 1.151130
v 0.218727 0.897604 1.021242
v 0.161083 0.897604 1.021242
v 0.161083 0.500067 1.213815
v 0.218727 0.500067 1.213815
v 0.218727 0.687760 1.122894
v 0.225386 0.694261 1.119745
v 0.231792 0.700080 1.116926
v 0.237986 0.705238 1.114427
v 0.244011 0.709759 1.112237
v 0.249910 0.713665 1.110345
v 0.255726 0.716978 1.108740
v 0.261502 0.719720 1.107412
v 0.267280 0.721914 1.106349
v 0.273103 0.723581 1.105541
v 0.279013 0.724745 1.104978
v 0.285054 0.725427 1.104647
v 0.291268 0.725649 1.104540
v 0.299737 0.725133 1.104789
v 0.307635 0.723614 1.105525
v 0.314929 0.721131 1.106728
v 0.321590 0.717726 1.108378
v 0.327585 0.713438 1.110455
v 0.332883 0.708308 1.112940
v 0.337452 0.702376 1.115813
v 0.341261 0.695683 1.119056
v 0.344278 0.688270 1.122646
v 0.346472 0.680177 1.126567
v 0.347812 0.671445 1.130797
v 0.348265 0.662113 1.135318
v 0.348265 0.500067 1.213815
v 0.405910 0.500067 1.213815
v 0.405910 0.660364 1.136165
v 0.405048 0.677524 1.127852
v 0.402527 0.693160 1.120278
v 0.398441 0.707278 1.113439
v 0.392884 0.719885 1.107332
v 0.385950 0.730985 1.101955
v 0.377735 0.740586 1.097304
v 0.368332 0.748693 1.093377
v 0.357837 0.755312 1.090170
v 0.346342 0.760450 1.087682
v 0.333944 0.764112 1.085907
v 0.320736 0.766305 1.084845
v 0.306813 0.767035 1.084492
v 0.298723 0.766734 1.084638
v 0.290669 0.765839 1.085071
v 0.282686 0.764366 1.085784
v 0.274812 0.762328 1.086771
v 0.267082 0.759740 1.088025
v 0.259531 0.756615 1.089539
v 0.252197 0.752969 1.091306
v 0.245114 0.748814 1.093318
v 0.238320 0.744165 1.095570
v 0.231849 0.739037 1.098054
v 0.225738 0.733443 1.100764
v 0.220022 0.727398 1.103693
v 0.218727 0.727398 1.103693
v 0.092427 0.748965 1.093245
v 0.085563 0.751647 1.091946
v 0.078859 0.754149 1.090734
v 0.072258 0.756461 1.089614
v 0.065704 0.758572 1.088591
v 0.059142 0.760473 1.087670
v 0.052514 0.762153 1.086856
v 0.045764 0.763602 1.086154
v 0.038837 0.764811 1.085569
v 0.031676 0.765769 1.085105
v 0.024225 0.766465 1.084768
v 0.016428 0.766891 1.084561
v 0.008228 0.767035 1.084492
v -0.013106 0.765907 1.085038
v -0.033009 0.762577 1.086651
v -0.051400 0.757125 1.089292
v -0.068200 0.749634 1.092921
v -0.083326 0.740184 1.097499
v -0.096698 0.728855 1.102987
v -0.108235 0.715729 1.109345
v -0.117856 0.700886 1.116535
v -0.125480 0.684409 1.124517
v -0.131026 0.666377 1.133252
v -0.134413 0.646871 1.142701
v -0.135560 0.625973 1.152824
v -0.134311 0.607229 1.161904
v -0.130648 0.589542 1.170472
v -0.124691 0.573020 1.178476
v -0.116561 0.557774 1.185861
v -0.106380 0.543912 1.192576
v -0.094269 0.531543 1.198568
v -0.080351 0.520778 1.203783
v -0.064745 0.511725 1.208168
v -0.047575 0.504493 1.211671
v -0.028961 0.499192 1.214239
v -0.009024 0.495932 1.215819
v 0.012114 0.494821 1.216357
v 0.019845 0.494963 1.216288
v 0.027763 0.495377 1.216087
v 0.035785 0.496041 1.215766
v 0.043827 0.496936 1.215332
v 0.051805 0.498042 1.214796
v 0.059638 0.499338 1.214168
v 0.067241 0.500804 1.213458
v 0.074532 0.502420 1.212676
v 0.081427 0.504165 1.211830
v 0.087843 0.506020 1.210932
v 0.093696 0.507963 1.209990
v 0.098904 0.509976 1.209015
v 0.098904 0.561271 1.184167
v 0.091735 0.558478 1.185520
v 0.084784 0.555928 1.186755
v 0.078026 0.553621 1.187873
v 0.071437 0.551556 1.188873
v 0.064992 0.549735 1.189756
v 0.058667 0.548156 1.190520
v 0.052435 0.546820 1.191167
v 0.046273 0.545727 1.191697
v 0.040157 0.544877 1.192109
v 0.034060 0.544270 1.192403
v 0.027959 0.543906 1.192579
v 0.021829 0.543784 1.192638
v 0.007375 0.544458 1.192312
v -0.006153 0.546453 1.191345
v -0.018692 0.549731 1.189757
v -0.030178 0.554255 1.187566
v -0.040549 0.559984 1.184790
v -0.049741 0.566882 1.181449
v -0.057691 0.574908 1.177561
v -0.064338 0.584026 1.173144
v -0.069617 0.594196 1.168218
v -0.073465 0.605380 1.162800
v -0.075821 0.617540 1.156910
v -0.076620 0.630636 1.150565
v -0.075876 0.643522 1.144323
v -0.073690 0.655617 1.138464
v -0.070133 0.666858 1.133019
v -0.065273 0.677182 1.128018
v -0.059181 0.686526 1.123491
v -0.051927 0.694828 1.119470
v -0.043579 0.702025 1.115984
v -0.034208 0.708054 1.113063
v -0.023884 0.712852 1.110739
v -0.012675 0.716358 1.109041
v -0.000653 0.718507 1.108000
v 0.012114 0.719237 1.107646
v 0.018370 0.719111 1.107707
v 0.024540 0.718714 1.107899
v 0.030674 0.718017 1.108237
v 0.036822 0.716992 1.108733
v 0.043033 0.715611 1.109402
v 0.049356 0.713845 1.110258
v 0.055841 0.711667 1.111313
v 0.062538 0.709047 1.112582
v 0.069495 0.705958 1.114078
v 0.076763 0.702371 1.115816
v 0.084391 0.698257 1.117809
v 0.092427 0.693589 1.120070
v -0.368081 0.655701 1.138424
v -0.525469 0.655701 1.138424
v -0.525469 0.601491 1.164684
v -0.368081 0.601491 1.164684
v 1.014091 1.158743 0.894741
v 1.005683 1.153961 0.897058
v 0.997293 1.149530 0.899204
v 0.988912 1.145464 0.901174
v 0.980531 1.141775 0.902961
v 0.972141 1.138474 0.904561
v 0.963733 1.135573 0.905966
v 0.955298 1.133086 0.907171
v 0.946827 1.131023 0.908170
v 0.938311 1.129398 0.908957
v 0.929741 1.128222 0.909527
v 0.921108 1.127508 0.909873
v 0.912404 1.127267 0.909989
v 0.898951 1.127824 0.909719
v 0.886448 1.129493 0.908911
v 0.874898 1.132267 0.907567
v 0.864306 1.136140 0.905691
v 0.854677 1.141106 0.903286
v 0.846015 1.147158 0.900353
v 0.838325 1.154292 0.896898
v 0.831610 1.162500 0.892922
v 0.825876 1.171777 0.888428
v 0.821127 1.182116 0.883419
v 0.817368 1.193512 0.877899
v 0.814602 1.205958 0.871870
v 1.019273 1.205958 0.871870
v 1.018259 1.229118 0.860651
v 1.015270 1.250221 0.850428
v 1.010377 1.269276 0.841198
v 1.003656 1.286291 0.832956
v 0.995181 1.301273 0.825698
v 0.985026 1.314232 0.819420
v 0.973265 1.325175 0.814119
v 0.959973 1.334110 0.809791
v 0.945223 1.341045 0.806431
v 0.929091 1.345989 0.804036
v 0.911649 1.348950 0.802602
v 0.892973 1.349935 0.802125
v 0.873425 1.348834 0.802659
v 0.855011 1.345595 0.804227
v 0.837838 1.340317 0.806784
v 0.822015 1.333095 0.810283
v 0.807649 1.324028 0.814675
v 0.794848 1.313212 0.819914
v 0.783720 1.300744 0.825954
v 0.774374 1.286722 0.832746
v 0.766916 1.271243 0.840245
v 0.761456 1.254404 0.848402
v 0.758100 1.236301 0.857171
v 0.756958 1.217033 0.866505
v 0.758004 1.199109 0.875188
v 0.761120 1.181617 0.883661
v 0.766268 1.164773 0.891821
v 0.773414 1.148791 0.899563
v 0.782521 1.133886 0.906783
v 0.793552 1.120272 0.913378
v 0.806473 1.108164 0.919243
v 0.821247 1.097776 0.924275
v 0.837838 1.089324 0.928370
v 0.856210 1.083020 0.931423
v 0.876328 1.079081 0.933331
v 0.898154 1.077720 0.933990
v 0.910108 1.077927 0.933890
v 0.921405 1.078552 0.933588
v 0.932118 1.079597 0.933082
v 0.942317 1.081067 0.932369
v 0.952076 1.082966 0.931449
v 0.961466 1.085298 0.930320
v 0.970559 1.088068 0.928978
v 0.979428 1.091278 0.927423
v 0.988143 1.094934 0.925652
v 0.996777 1.099039 0.923663
v 1.005403 1.103598 0.921455
v 1.014091 1.108614 0.919025
v 0.815898 1.240349 0.855210
v 0.818231 1.250316 0.850382
v 0.821343 1.259512 0.845927
v 0.825228 1.267919 0.841855
v 0.829883 1.275518 0.838174
v 0.835302 1.282291 0.834893
v 0.841481 1.288220 0.832021
v 0.848416 1.293287 0.829566
v 0.856102 1.297474 0.827538
v 0.864535 1.300762 0.825946
v 0.873710 1.303133 0.824797
v 0.883622 1.304569 0.824101
v 0.894268 1.305051 0.823867
v 0.904141 1.304535 0.824118
v 0.913339 1.303011 0.824856
v 0.921836 1.300516 0.826065
v 0.929603 1.297085 0.827727
v 0.936616 1.292756 0.829824
v 0.942845 1.287564 0.832339
v 0.948265 1.281547 0.835253
v 0.952848 1.274740 0.838551
v 0.956568 1.267181 0.842212
v 0.959397 1.258905 0.846222
v 0.961309 1.249949 0.850560
v 0.962276 1.240349 0.855210
v 0.688303 1.480504 0.738875
v 0.630658 1.480504 0.738875
v 0.630658 1.082966 0.931449
v 0.688303 1.082966 0.931449
v 0.546458 1.344688 0.804667
v 0.488814 1.344688 0.804667
v 0.488814 1.082966 0.931449
v 0.546458 1.082966 0.931449
v 0.552288 1.423963 0.766265
v 0.551971 1.428122 0.764250
v 0.551049 1.432121 0.762313
v 0.549565 1.435921 0.760472
v 0.547562 1.439485 0.758745
v 0.545082 1.442774 0.757152
v 0.542168 1.445749 0.755711
v 0.538862 1.448371 0.754441
v 0.535208 1.450604 0.753360
v 0.531248 1.452407 0.752486
v 0.527025 1.453742 0.751839
v 0.522581 1.454572 0.751437
v 0.517960 1.454857 0.751299
v 0.513339 1.454571 0.751437
v 0.508896 1.453742 0.751839
v 0.504672 1.452407 0.752486
v 0.500712 1.450603 0.753360
v 0.497058 1.448371 0.754441
v 0.493753 1.445749 0.755711
v 0.490839 1.442774 0.757152
v 0.488358 1.439485 0.758745
v 0.486355 1.435921 0.760472
v 0.484871 1.432121 0.762313
v 0.483949 1.428122 0.764250
v 0.483633 1.423963 0.766265
v 0.483949 1.419804 0.768279
v 0.484871 1.415805 0.770217
v 0.486355 1.412004 0.772058
v 0.488358 1.408440 0.773784
v 0.490838 1.405152 0.775377
v 0.493753 1.402177 0.776818
v 0.497058 1.399554 0.778089
v 0.500712 1.397322 0.779170
v 0.504672 1.395519 0.780043
v 0.508895 1.394184 0.780690
v 0.513339 1.393354 0.781092
v 0.517960 1.393069 0.781230
v 0.522581 1.393354 0.781092
v 0.527025 1.394184 0.780690
v 0.531248 1.395519 0.780043
v 0.535208 1.397322 0.779170
v 0.538862 1.399554 0.778089
v 0.542168 1.402177 0.776818
v 0.545082 1.405152 0.775377
v 0.547562 1.408440 0.773784
v 0.549565 1.412004 0.772058
v 0.551049 1.415805 0.770217
v 0.551971 1.419804 0.768279
v 0.339198 1.398898 0.778407
v 0.231033 1.303885 0.824432
v 0.231033 1.298056 0.827256
v 0.281553 1.298056 0.827256
v 0.281553 1.159909 0.894177
v 0.282214 1.148374 0.899765
v 0.284195 1.137427 0.905067
v 0.287494 1.127148 0.910047
v 0.292108 1.117617 0.914664
v 0.298036 1.108911 0.918881
v 0.305275 1.101109 0.922660
v 0.313822 1.094291 0.925963
v 0.323677 1.088536 0.928751
v 0.334836 1.083923 0.930986
v 0.347297 1.080530 0.932630
v 0.361057 1.078436 0.933644
v 0.376116 1.077720 0.933990
v 0.381054 1.077875 0.933915
v 0.386425 1.078328 0.933696
v 0.392146 1.079059 0.933342
v 0.398137 1.080052 0.932861
v 0.404317 1.081288 0.932262
v 0.410605 1.082748 0.931555
v 0.416920 1.084415 0.930748
v 0.423181 1.086269 0.929849
v 0.429307 1.088295 0.928868
v 0.435218 1.090471 0.927814
v 0.440831 1.092782 0.926694
v 0.446066 1.095207 0.925519
v 0.446066 1.143588 0.902083
v 0.440277 1.140516 0.903571
v 0.434564 1.137710 0.904930
v 0.428923 1.135172 0.906160
v 0.423349 1.132902 0.907260
v 0.417839 1.130898 0.908230
v 0.412386 1.129161 0.909072
v 0.406988 1.127692 0.909783
v 0.401640 1.126490 0.910366
v 0.396336 1.125555 0.910819
v 0.391073 1.124887 0.911142
v 0.385845 1.124486 0.911336
v 0.380650 1.124352 0.911401
v 0.376297 1.124542 0.911309
v 0.371732 1.125143 0.911018
v 0.367069 1.126201 0.910505
v 0.362419 1.127763 0.909749
v 0.357894 1.129876 0.908725
v 0.353609 1.132586 0.907413
v 0.349674 1.135939 0.905788
v 0.346202 1.139983 0.903830
v 0.343306 1.144763 0.901514
v 0.341099 1.150326 0.898819
v 0.339692 1.156720 0.895722
v 0.339198 1.163990 0.892200
v 0.339198 1.298056 0.827256
v 0.431170 1.298056 0.827256
v 0.431170 1.344688 0.804667
v 0.339198 1.344688 0.804667
v 0.191524 1.328367 0.812573
v 0.183967 1.331853 0.810884
v 0.176510 1.335025 0.809348
v 0.169148 1.337885 0.807962
v 0.161874 1.340436 0.806727
v 0.154681 1.342678 0.805640
v 0.147562 1.344616 0.804702
v 0.140510 1.346249 0.803910
v 0.133520 1.347581 0.803265
v 0.126583 1.348614 0.802765
v 0.119693 1.349349 0.802409
v 0.112844 1.349789 0.802196
v 0.106029 1.349935 0.802125
v 0.091897 1.349381 0.802393
v 0.078688 1.347743 0.803187
v 0.066459 1.345053 0.804490
v 0.055269 1.341342 0.806288
v 0.045177 1.336644 0.808564
v 0.036240 1.330990 0.811302
v 0.028518 1.324414 0.814488
v 0.022069 1.316947 0.818105
v 0.016951 1.308622 0.822138
v 0.013223 1.299471 0.826571
v 0.010944 1.289526 0.831388
v 0.010171 1.278821 0.836574
v 0.012847 1.262217 0.844617
v 0.020246 1.247514 0.851739
v 0.031423 1.234475 0.858056
v 0.045434 1.222862 0.863681
v 0.061334 1.212440 0.868730
v 0.078178 1.202971 0.873317
v 0.095023 1.194218 0.877557
v 0.110923 1.185945 0.881564
v 0.124933 1.177915 0.885454
v 0.136111 1.169891 0.889341
v 0.143510 1.161637 0.893340
v 0.146186 1.152914 0.897565
v 0.145790 1.148433 0.899736
v 0.144639 1.144317 0.901730
v 0.142785 1.140564 0.903548
v 0.140285 1.137176 0.905189
v 0.137190 1.134152 0.906654
v 0.133556 1.131493 0.907942
v 0.129436 1.129198 0.909054
v 0.124884 1.127267 0.909989
v 0.119954 1.125700 0.910748
v 0.114701 1.124498 0.911331
v 0.109177 1.123660 0.911736
v 0.103438 1.123187 0.911966
v 0.097384 1.123418 0.911854
v 0.090898 1.124115 0.911516
v 0.084007 1.125281 0.910951
v 0.076739 1.126921 0.910157
v 0.069120 1.129039 0.909131
v 0.061176 1.131639 0.907872
v 0.052936 1.134724 0.906377
v 0.044426 1.138299 0.904645
v 0.035674 1.142368 0.902674
v 0.026705 1.146934 0.900462
v 0.017547 1.152003 0.898007
v 0.008228 1.157578 0.895306
v 0.008228 1.101619 0.922413
v 0.017427 1.097476 0.924421
v 0.026282 1.093777 0.926212
v 0.034854 1.090508 0.927796
v 0.043203 1.087651 0.929180
v 0.051390 1.085191 0.930371
v 0.059476 1.083112 0.931379
v 0.067522 1.081397 0.932209
v 0.075588 1.080030 0.932871
v 0.083734 1.078995 0.933373
v 0.092023 1.078276 0.933721
v 0.100514 1.077857 0.933924
v 0.109267 1.077720 0.933990
v 0.122719 1.078355 0.933683
v 0.135484 1.080222 0.932779
v 0.147471 1.083267 0.931304
v 0.158588 1.087435 0.929284
v 0.168742 1.092672 0.926747
v 0.177842 1.098923 0.923719
v 0.185794 1.106134 0.920227
v 0.192508 1.114249 0.916295
v 0.197890 1.123214 0.911953
v 0.201848 1.132974 0.907224
v 0.204291 1.143476 0.902137
v 0.205126 1.154663 0.896718
v 0.204754 1.161195 0.893554
v 0.203608 1.167430 0.890533
v 0.201644 1.173434 0.887625
v 0.198817 1.179274 0.884796
v 0.195080 1.185017 0.882014
v 0.190391 1.190730 0.879247
v 0.184702 1.196479 0.876462
v 0.177971 1.202331 0.873627
v 0.170150 1.208354 0.870709
v 0.161196 1.214613 0.867677
v 0.151064 1.221175 0.864498
v 0.139709 1.228109 0.861140
v 0.127571 1.234551 0.858019
v 0.116713 1.240495 0.855140
v 0.107092 1.245978 0.852484
v 0.098664 1.251036 0.850033
v 0.091389 1.255705 0.847772
v 0.085222 1.260022 0.845680
v 0.080121 1.264024 0.843742
v 0.076043 1.267746 0.841939
v 0.072946 1.271225 0.840254
v 0.070787 1.274498 0.838668
v 0.069522 1.277600 0.837165
v 0.069111 1.280570 0.835727
v 0.069417 1.283978 0.834076
v 0.070322 1.287197 0.832516
v 0.071803 1.290205 0.831059
v 0.073836 1.292983 0.829714
v 0.076401 1.295510 0.828490
v 0.079474 1.297765 0.827397
v 0.083032 1.299729 0.826446
v 0.087054 1.301381 0.825645
v 0.091517 1.302701 0.825006
v 0.096398 1.303670 0.824537
v 0.101674 1.304265 0.824248
v 0.107324 1.304468 0.824150
v 0.112853 1.304297 0.824233
v 0.118734 1.303775 0.824486
v 0.124943 1.302893 0.824913
v 0.131457 1.301640 0.825520
v 0.138249 1.300007 0.826311
v 0.145295 1.297984 0.827291
v 0.152571 1.295559 0.828466
v 0.160051 1.292724 0.829839
v 0.167711 1.289468 0.831416
v 0.175527 1.285781 0.833203
v 0.183473 1.281652 0.835203
v 0.191524 1.277072 0.837421
v -0.018328 1.344688 0.804667
v -0.083097 1.344688 0.804667
v -0.158229 1.197215 0.876105
v -0.236599 1.344688 0.804667
v -0.302016 1.344688 0.804667
v -0.189318 1.138925 0.904342
v -0.288415 0.948900 0.996393
v -0.224293 0.948900 0.996393
v -0.341525 1.328367 0.812573
v -0.349083 1.331853 0.810884
v -0.356539 1.335025 0.809348
v -0.363901 1.337885 0.807962
v -0.371175 1.340436 0.806727
v -0.378368 1.342678 0.805640
v -0.385487 1.344616 0.804702
v -0.392539 1.346249 0.803910
v -0.399530 1.347581 0.803265
v -0.406466 1.348614 0.802765
v -0.413356 1.349349 0.802409
v -0.420205 1.349789 0.802196
v -0.427020 1.349935 0.802125
v -0.441152 1.349381 0.802393
v -0.454361 1.347743 0.803187
v -0.466590 1.345053 0.804490
v -0.477780 1.341342 0.806288
v -0.487873 1.336644 0.808564
v -0.496809 1.330990 0.811302
v -0.504531 1.324414 0.814488
v -0.510980 1.316947 0.818105
v -0.516098 1.308622 0.822138
v -0.519826 1.299471 0.826571
v -0.522106 1.289526 0.831388
v -0.522879 1.278821 0.836574
v -0.520202 1.262217 0.844617
v -0.512803 1.247514 0.851739
v -0.501626 1.234475 0.858056
v -0.487615 1.222862 0.863681
v -0.471716 1.212440 0.868730
v -0.454871 1.202971 0.873317
v -0.438027 1.194218 0.877557
v -0.422127 1.185945 0.881564
v -0.408116 1.177915 0.885454
v -0.396939 1.169891 0.889341
v -0.389540 1.161637 0.893340
v -0.386864 1.152914 0.897565
v -0.387259 1.148433 0.899736
v -0.388411 1.144317 0.901730
v -0.390264 1.140564 0.903548
v -0.392765 1.137176 0.905189
v -0.395859 1.134152 0.906654
v -0.399494 1.131493 0.907942
v -0.403614 1.129198 0.909054
v -0.408165 1.127267 0.909989
v -0.413095 1.125700 0.910748
v -0.418348 1.124498 0.911331
v -0.423872 1.123660 0.911736
v -0.429611 1.123187 0.911966
v -0.435665 1.123418 0.911854
v -0.442151 1.124115 0.911516
v -0.449042 1.125281 0.910951
v -0.456310 1.126921 0.910157
v -0.463930 1.129039 0.909131
v -0.471873 1.131639 0.907872
v -0.480113 1.134724 0.906377
v -0.488623 1.138299 0.904645
v -0.497376 1.142368 0.902674
v -0.506344 1.146934 0.900462
v -0.515502 1.152003 0.898007
v -0.524822 1.157578 0.895306
v -0.524822 1.101619 0.922413
v -0.515622 1.097476 0.924421
v -0.506767 1.093777 0.926212
v -0.498195 1.090508 0.927796
v -0.489846 1.087651 0.929180
v -0.481659 1.085191 0.930371
v -0.473573 1.083112 0.931379
v -0.465528 1.081397 0.932209
v -0.457462 1.080030 0.932871
v -0.449315 1.078995 0.933373
v -0.441027 1.078276 0.933721
v -0.432536 1.077857 0.933924
v -0.423782 1.077720 0.933990
v -0.410331 1.078355 0.933683
v -0.397565 1.080222 0.932779
v -0.385578 1.083267 0.931304
v -0.374461 1.087435 0.929284
v -0.364307 1.092672 0.926747
v -0.355208 1.098923 0.923719
v -0.347255 1.106134 0.920227
v -0.340542 1.114249 0.916295
v -0.335160 1.123214 0.911953
v -0.331201 1.132974 0.907224
v -0.328758 1.143476 0.902137
v -0.327924 1.154663 0.896718
v -0.328296 1.161195 0.893554
v -0.329441 1.167430 0.890533
v -0.331405 1.173434 0.887625
v -0.334233 1.179274 0.884796
v -0.337969 1.185017 0.882014
v -0.342659 1.190730 0.879247
v -0.348347 1.196479 0.876462
v -0.355079 1.202331 0.873627
v -0.362899 1.208354 0.870709
v -0.371853 1.214613 0.867677
v -0.381985 1.221175 0.864498
v -0.393340 1.228109 0.861140
v -0.405478 1.234551 0.858019
v -0.416336 1.240495 0.855140
v -0.425958 1.245978 0.852484
v -0.434385 1.251036 0.850033
v -0.441660 1.255705 0.847772
v -0.447827 1.260022 0.845680
v -0.452928 1.264024 0.843742
v -0.457006 1.267746 0.841939
v -0.460103 1.271225 0.840254
v -0.462263 1.274498 0.838668
v -0.463527 1.277600 0.837165
v -0.463939 1.280570 0.835727
v -0.463632 1.283978 0.834076
v -0.462727 1.287197 0.832516
v -0.461247 1.290205 0.831059
v -0.459213 1.292983 0.829714
v -0.456648 1.295510 0.828490
v -0.453576 1.297765 0.827397
v -0.450017 1.299729 0.826446
v -0.445995 1.301381 0.825645
v -0.441533 1.302701 0.825006
v -0.436652 1.303670 0.824537
v -0.431375 1.304265 0.824248
v -0.425725 1.304468 0.824150
v -0.420197 1.304297 0.824233
v -0.414315 1.303775 0.824486
v -0.408106 1.302893 0.824913
v -0.401592 1.301640 0.825520
v -0.394800 1.300007 0.826311
v -0.387754 1.297984 0.827291
v -0.380478 1.295559 0.828466
v -0.372998 1.292724 0.829839
v -0.365338 1.289468 0.831416
v -0.357523 1.285781 0.833203
v -0.349577 1.281652 0.835203
v -0.341525 1.277072 0.837421
v 2.266725 0.012293 1.025488
v 2.201955 0.012293 1.025488
v 2.126823 -0.135181 1.096927
v 2.048452 0.012293 1.025488
v 1.983036 0.012293 1.025488
v 2.095734 -0.193471 1.125164
v 1.996637 -0.383496 1.217215
v 2.060759 -0.383496 1.217215
v 1.771241 0.012293 1.025488
v 1.771241 -0.249429 1.152271
v 1.828885 -0.249429 1.152271
v 1.828885 -0.112448 1.085915
v 1.829520 -0.101436 1.080581
v 1.831371 -0.090905 1.075479
v 1.834360 -0.080944 1.070654
v 1.838409 -0.071645 1.066149
v 1.843438 -0.063099 1.062009
v 1.849369 -0.055397 1.058278
v 1.856123 -0.048630 1.055000
v 1.863621 -0.042889 1.052219
v 1.871785 -0.038265 1.049979
v 1.880536 -0.034849 1.048325
v 1.889795 -0.032733 1.047300
v 1.899484 -0.032008 1.046948
v 1.903065 -0.032223 1.047053
v 1.906974 -0.032855 1.047359
v 1.911162 -0.033884 1.047857
v 1.915580 -0.035289 1.048538
v 1.920178 -0.037051 1.049391
v 1.924906 -0.039148 1.050407
v 1.929715 -0.041561 1.051576
v 1.934555 -0.044270 1.052888
v 1.939377 -0.047254 1.054334
v 1.944132 -0.050493 1.055903
v 1.948770 -0.053967 1.057586
v 1.953242 -0.057655 1.059372
v 1.983684 -0.012772 1.037630
v 1.977731 -0.007890 1.035265
v 1.971848 -0.003443 1.033111
v 1.966024 0.000571 1.031167
v 1.960247 0.004154 1.029431
v 1.954506 0.007307 1.027904
v 1.948789 0.010034 1.026583
v 1.943087 0.012335 1.025468
v 1.937386 0.014214 1.024558
v 1.931676 0.015672 1.023852
v 1.925946 0.016710 1.023349
v 1.920185 0.017332 1.023047
v 1.914381 0.017539 1.022947
v 1.907566 0.017134 1.023143
v 1.900722 0.015901 1.023741
v 1.893847 0.013814 1.024752
v 1.886938 0.010846 1.026189
v 1.879993 0.006972 1.028066
v 1.873010 0.002165 1.030395
v 1.865986 -0.003602 1.033188
v 1.858919 -0.010354 1.036459
v 1.851808 -0.018118 1.040220
v 1.844649 -0.026921 1.044484
v 1.837441 -0.036788 1.049264
v 1.830181 -0.047746 1.054572
v 1.828885 -0.047746 1.054572
v 1.828885 0.012293 1.025488
v 1.699995 -0.173652 1.115563
v 1.691587 -0.178435 1.117880
v 1.683197 -0.182865 1.120026
v 1.674816 -0.186931 1.121996
v 1.666435 -0.190621 1.123783
v 1.658045 -0.193922 1.125382
v 1.649637 -0.196823 1.126787
v 1.641202 -0.199310 1.127992
v 1.632731 -0.201372 1.128991
v 1.624215 -0.202998 1.129779
v 1.615645 -0.204174 1.130348
v 1.607012 -0.204888 1.130695
v 1.598307 -0.205129 1.130811
v 1.584855 -0.204571 1.130541
v 1.572352 -0.202903 1.129733
v 1.560802 -0.200129 1.128389
v 1.550211 -0.196256 1.126513
v 1.540582 -0.191290 1.124107
v 1.531920 -0.185237 1.121175
v 1.524229 -0.178104 1.117720
v 1.517514 -0.169896 1.113744
v 1.511780 -0.160619 1.109250
v 1.507032 -0.150280 1.104241
v 1.503272 -0.138884 1.098721
v 1.500507 -0.126438 1.092692
v 1.705177 -0.126438 1.092692
v 1.704163 -0.103278 1.081473
v 1.701174 -0.082175 1.071250
v 1.696281 -0.063120 1.062020
v 1.689560 -0.046105 1.053777
v 1.681085 -0.031123 1.046520
v 1.670930 -0.018164 1.040242
v 1.659169 -0.007221 1.034941
v 1.645877 0.001714 1.030613
v 1.631127 0.008650 1.027253
v 1.614995 0.013594 1.024858
v 1.597553 0.016554 1.023424
v 1.578877 0.017539 1.022947
v 1.559329 0.016438 1.023481
v 1.540915 0.013199 1.025049
v 1.523742 0.007921 1.027606
v 1.507919 0.000699 1.031104
v 1.493553 -0.008368 1.035497
v 1.480752 -0.019184 1.040736
v 1.469624 -0.031651 1.046776
v 1.460278 -0.045673 1.053568
v 1.452820 -0.061153 1.061067
v 1.447360 -0.077992 1.069224
v 1.444004 -0.096094 1.077993
v 1.442862 -0.115362 1.087327
v 1.443908 -0.133287 1.096010
v 1.447024 -0.150779 1.104483
v 1.452172 -0.167623 1.112643
v 1.459318 -0.183605 1.120385
v 1.468425 -0.198510 1.127605
v 1.479456 -0.212124 1.134200
v 1.492377 -0.224232 1.140065
v 1.507151 -0.234619 1.145097
v 1.523742 -0.243072 1.149191
v 1.542115 -0.249375 1.152245
v 1.562232 -0.253315 1.154153
v 1.584058 -0.254676 1.154812
v 1.596012 -0.254468 1.154712
v 1.607309 -0.253844 1.154410
v 1.618022 -0.252799 1.153903
v 1.628221 -0.251329 1.153191
v 1.637980 -0.249430 1.152271
v 1.647370 -0.247098 1.151142
v 1.656464 -0.244328 1.149800
v 1.665332 -0.241118 1.148245
v 1.674047 -0.237462 1.146474
v 1.682681 -0.233356 1.144485
v 1.691307 -0.228798 1.142277
v 1.699995 -0.223782 1.139847
v 1.501802 -0.092046 1.076032
v 1.504135 -0.082079 1.071204
v 1.507247 -0.072883 1.066749
v 1.511133 -0.064477 1.062677
v 1.515787 -0.056878 1.058996
v 1.521206 -0.050105 1.055715
v 1.527386 -0.044176 1.052843
v 1.534320 -0.039109 1.050388
v 1.542006 -0.034922 1.048360
v 1.550439 -0.031634 1.046767
v 1.559614 -0.029263 1.045619
v 1.569526 -0.027827 1.044923
v 1.580172 -0.027344 1.044689
v 1.590045 -0.027861 1.044939
v 1.599243 -0.029385 1.045678
v 1.607740 -0.031880 1.046887
v 1.615507 -0.035311 1.048548
v 1.622520 -0.039640 1.050646
v 1.628749 -0.044831 1.053160
v 1.634169 -0.050849 1.056075
v 1.638752 -0.057655 1.059372
v 1.642472 -0.065215 1.063034
v 1.645301 -0.073491 1.067043
v 1.647213 -0.082447 1.071382
v 1.648180 -0.092046 1.076032
v 1.308790 0.066502 0.999228
v 1.200626 -0.028510 1.045254
v 1.200626 -0.034339 1.048078
v 1.251146 -0.034339 1.048078
v 1.251146 -0.172487 1.114999
v 1.251806 -0.184022 1.120587
v 1.253787 -0.194969 1.125889
v 1.257086 -0.205247 1.130869
v 1.261701 -0.214779 1.135486
v 1.267628 -0.223485 1.139703
v 1.274867 -0.231287 1.143482
v 1.283415 -0.238104 1.146785
v 1.293270 -0.243859 1.149573
v 1.304428 -0.248473 1.151808
v 1.316889 -0.251866 1.153451
v 1.330650 -0.253960 1.154466
v 1.345708 -0.254676 1.154812
v 1.350647 -0.254521 1.154737
v 1.356018 -0.254068 1.154518
v 1.361739 -0.253337 1.154164
v 1.367730 -0.252344 1.153683
v 1.373910 -0.251108 1.153084
v 1.380198 -0.249648 1.152377
v 1.386513 -0.247981 1.151570
v 1.392774 -0.246126 1.150671
v 1.398900 -0.244101 1.149690
v 1.404810 -0.241925 1.148636
v 1.410424 -0.239614 1.147516
v 1.415659 -0.237188 1.146341
v 1.415659 -0.188808 1.122905
v 1.409870 -0.191880 1.124393
v 1.404157 -0.194685 1.125752
v 1.398516 -0.197223 1.126981
v 1.392942 -0.199494 1.128082
v 1.387431 -0.201498 1.129052
v 1.381979 -0.203235 1.129894
v 1.376581 -0.204704 1.130605
v 1.371232 -0.205906 1.131188
v 1.365929 -0.206841 1.131641
v 1.360665 -0.207509 1.131964
v 1.355438 -0.207910 1.132158
v 1.350242 -0.208043 1.132223
v 1.345889 -0.207854 1.132131
v 1.341325 -0.207253 1.131840
v 1.336661 -0.206195 1.131327
v 1.332011 -0.204632 1.130571
v 1.327487 -0.202520 1.129547
v 1.323201 -0.199810 1.128235
v 1.319266 -0.196457 1.126610
v 1.315795 -0.192413 1.124651
v 1.312899 -0.187633 1.122336
v 1.310691 -0.182069 1.119641
v 1.309284 -0.175676 1.116544
v 1.308790 -0.168406 1.113022
v 1.308790 -0.034339 1.048078
v 1.400762 -0.034339 1.048078
v 1.400762 0.012293 1.025488
v 1.308790 0.012293 1.025488
v 1.093109 0.066502 0.999228
v 0.984945 -0.028510 1.045254
v 0.984945 -0.034339 1.048078
v 1.035465 -0.034339 1.048078
v 1.035465 -0.172487 1.114999
v 1.036126 -0.184022 1.120587
v 1.038106 -0.194969 1.125889
v 1.041405 -0.205247 1.130869
v 1.046020 -0.214779 1.135486
v 1.051947 -0.223485 1.139703
v 1.059186 -0.231287 1.143482
v 1.067734 -0.238104 1.146785
v 1.077589 -0.243859 1.149573
v 1.088747 -0.248473 1.151808
v 1.101208 -0.251866 1.153451
v 1.114969 -0.253960 1.154466
v 1.130028 -0.254676 1.154812
v 1.134966 -0.254521 1.154737
v 1.140337 -0.254068 1.154518
v 1.146058 -0.253337 1.154164
v 1.152049 -0.252344 1.153683
v 1.158229 -0.251108 1.153084
v 1.164517 -0.249648 1.152377
v 1.170832 -0.247981 1.151570
v 1.177093 -0.246126 1.150671
v 1.183219 -0.244101 1.149690
v 1.189129 -0.241925 1.148636
v 1.194743 -0.239614 1.147516
v 1.199978 -0.237188 1.146341
v 1.199978 -0.188808 1.122905
v 1.194189 -0.191880 1.124393
v 1.188476 -0.194685 1.125752
v 1.182835 -0.197223 1.126981
v 1.177261 -0.199494 1.128082
v 1.171750 -0.201498 1.129052
v 1.166298 -0.203235 1.129894
v 1.160900 -0.204704 1.130605
v 1.155552 -0.205906 1.131188
v 1.150248 -0.206841 1.131641
v 1.144984 -0.207509 1.131964
v 1.139757 -0.207910 1.132158
v 1.134561 -0.208043 1.132223
v 1.130208 -0.207854 1.132131
v 1.125644 -0.207253 1.131840
v 1.120980 -0.206195 1.131327
v 1.116330 -0.204632 1.130571
v 1.111806 -0.202520 1.129547
v 1.107520 -0.199810 1.128235
v 1.103585 -0.196457 1.126610
v 1.100114 -0.192413 1.124651
v 1.097218 -0.187633 1.122336
v 1.095010 -0.182069 1.119641
v 1.093603 -0.175676 1.116544
v 1.093109 -0.168406 1.113022
v 1.093109 -0.034339 1.048078
v 1.185081 -0.034339 1.048078
v 1.185081 0.012293 1.025488
v 1.093109 0.012293 1.025488
v 0.974582 -0.202797 1.129682
v 0.971373 -0.204909 1.130705
v 0.968234 -0.206870 1.131654
v 0.965180 -0.208672 1.132527
v 0.962228 -0.210310 1.133321
v 0.959392 -0.211779 1.134032
v 0.956689 -0.213071 1.134658
v 0.954135 -0.214181 1.135196
v 0.951745 -0.215103 1.135643
v 0.949534 -0.215831 1.135995
v 0.947520 -0.216358 1.136251
v 0.945716 -0.216679 1.136406
v 0.944140 -0.216787 1.136459
v 0.942427 -0.216712 1.136422
v 0.940851 -0.216482 1.136311
v 0.939414 -0.216086 1.136119
v 0.938119 -0.215513 1.135841
v 0.936968 -0.214755 1.135474
v 0.935963 -0.213800 1.135011
v 0.935107 -0.212638 1.134449
v 0.934401 -0.211260 1.133781
v 0.933848 -0.209656 1.133004
v 0.933451 -0.207814 1.132112
v 0.933210 -0.205726 1.131100
v 0.933130 -0.203380 1.129964
v 0.933130 -0.068730 1.064737
v 0.932178 -0.054543 1.057865
v 0.929402 -0.041696 1.051641
v 0.924922 -0.030168 1.046057
v 0.918857 -0.019940 1.041102
v 0.911324 -0.010990 1.036767
v 0.902445 -0.003300 1.033042
v 0.892338 0.003152 1.029917
v 0.881123 0.008385 1.027381
v 0.868917 0.012420 1.025427
v 0.855842 0.015277 1.024043
v 0.842015 0.016977 1.023219
v 0.827556 0.017539 1.022947
v 0.817246 0.017296 1.023065
v 0.807364 0.016565 1.023419
v 0.797904 0.015344 1.024011
v 0.788863 0.013631 1.024840
v 0.780235 0.011425 1.025909
v 0.772017 0.008722 1.027218
v 0.764203 0.005522 1.028768
v 0.756790 0.001822 1.030561
v 0.749773 -0.002380 1.032596
v 0.743147 -0.007086 1.034876
v 0.736907 -0.012298 1.037401
v 0.731050 -0.018018 1.040172
v 0.731050 -0.074559 1.067561
v 0.738104 -0.067466 1.064125
v 0.745329 -0.061042 1.061013
v 0.752707 -0.055278 1.058221
v 0.760220 -0.050164 1.055744
v 0.767850 -0.045689 1.053576
v 0.775579 -0.041844 1.051713
v 0.783389 -0.038618 1.050151
v 0.791261 -0.036002 1.048883
v 0.799179 -0.033984 1.047906
v 0.807124 -0.032555 1.047214
v 0.815077 -0.031706 1.046802
v 0.823022 -0.031425 1.046666
v 0.831402 -0.031707 1.046803
v 0.839053 -0.032569 1.047220
v 0.845975 -0.034030 1.047928
v 0.852168 -0.036110 1.048935
v 0.857633 -0.038829 1.050253
v 0.862369 -0.042208 1.051890
v 0.866377 -0.046268 1.053856
v 0.869656 -0.051027 1.056162
v 0.872206 -0.056508 1.058817
v 0.874028 -0.062729 1.061830
v 0.875121 -0.069711 1.065212
v 0.875485 -0.077474 1.068973
v 0.875485 -0.091463 1.075750
v 0.824318 -0.107785 1.083656
v 0.812572 -0.111606 1.085507
v 0.800785 -0.115576 1.087430
v 0.789160 -0.119816 1.089484
v 0.777900 -0.124451 1.091730
v 0.767206 -0.129605 1.094226
v 0.757282 -0.135400 1.097033
v 0.748329 -0.141960 1.100211
v 0.740550 -0.149408 1.103819
v 0.734147 -0.157869 1.107917
v 0.729323 -0.167464 1.112566
v 0.726280 -0.178319 1.117824
v 0.725221 -0.190557 1.123752
v 0.725806 -0.198920 1.127804
v 0.727530 -0.207045 1.131739
v 0.730342 -0.214838 1.135514
v 0.734193 -0.222206 1.139084
v 0.739033 -0.229056 1.142402
v 0.744814 -0.235294 1.145424
v 0.751485 -0.240828 1.148105
v 0.758997 -0.245565 1.150399
v 0.767301 -0.249411 1.152262
v 0.776346 -0.252274 1.153649
v 0.786085 -0.254060 1.154514
v 0.796467 -0.254676 1.154812
v 0.803105 -0.254493 1.154724
v 0.809739 -0.253944 1.154458
v 0.816363 -0.253027 1.154014
v 0.822974 -0.251739 1.153390
v 0.829568 -0.250079 1.152586
v 0.836138 -0.248045 1.151600
v 0.842682 -0.245634 1.150433
v 0.849194 -0.242845 1.149081
v 0.855670 -0.239675 1.147546
v 0.862106 -0.236122 1.145825
v 0.868496 -0.232185 1.143918
v 0.874838 -0.227862 1.141824
v 0.876310 -0.232308 1.143977
v 0.878145 -0.236325 1.145923
v 0.880353 -0.239921 1.147665
v 0.882946 -0.243104 1.149207
v 0.885934 -0.245882 1.150553
v 0.889329 -0.248264 1.151706
v 0.893143 -0.250257 1.152672
v 0.897387 -0.251869 1.153453
v 0.902071 -0.253109 1.154053
v 0.907207 -0.253985 1.154478
v 0.912806 -0.254504 1.154729
v 0.918880 -0.254676 1.154812
v 0.923279 -0.254575 1.154763
v 0.927459 -0.254257 1.154610
v 0.931500 -0.253701 1.154340
v 0.935480 -0.252884 1.153944
v 0.939479 -0.251783 1.153411
v 0.943574 -0.250377 1.152730
v 0.947844 -0.248642 1.151890
v 0.952368 -0.246558 1.150880
v 0.957226 -0.244101 1.149690
v 0.962495 -0.241250 1.148309
v 0.968254 -0.237982 1.146726
v 0.974582 -0.234274 1.144930
v 0.875485 -0.196386 1.126576
v 0.871572 -0.199626 1.128145
v 0.867605 -0.202638 1.129605
v 0.863584 -0.205411 1.130948
v 0.859509 -0.207935 1.132171
v 0.855380 -0.210201 1.133268
v 0.851197 -0.212197 1.134235
v 0.846960 -0.213913 1.135067
v 0.842669 -0.215340 1.135758
v 0.838324 -0.216468 1.136304
v 0.833925 -0.217286 1.136700
v 0.829472 -0.217784 1.136942
v 0.824965 -0.217953 1.137023
v 0.819116 -0.217642 1.136873
v 0.813574 -0.216730 1.136431
v 0.808378 -0.215248 1.135713
v 0.803568 -0.213225 1.134733
v 0.799180 -0.210692 1.133506
v 0.795253 -0.207679 1.132046
v 0.791825 -0.204217 1.130369
v 0.788935 -0.200336 1.128489
v 0.786620 -0.196066 1.126421
v 0.784920 -0.191439 1.124179
v 0.783871 -0.186483 1.121779
v 0.783513 -0.181230 1.119234
v 0.784383 -0.173826 1.115647
v 0.786908 -0.167022 1.112351
v 0.790962 -0.160765 1.109320
v 0.796419 -0.155000 1.106528
v 0.803154 -0.149672 1.103947
v 0.811040 -0.144726 1.101551
v 0.819952 -0.140108 1.099314
v 0.829763 -0.135764 1.097210
v 0.840348 -0.131638 1.095211
v 0.851581 -0.127676 1.093292
v 0.863335 -0.123824 1.091425
v 0.875485 -0.120026 1.089586
v 0.480394 0.148108 0.959697
v 0.422750 0.148108 0.959697
v 0.422750 -0.234857 1.145212
v 0.430135 -0.237818 1.146646
v 0.438003 -0.240575 1.147982
v 0.446299 -0.243118 1.149214
v 0.454966 -0.245435 1.150336
v 0.463948 -0.247518 1.151345
v 0.473189 -0.249356 1.152236
v 0.482631 -0.250939 1.153003
v 0.492220 -0.252257 1.153641
v 0.501899 -0.253300 1.154146
v 0.511612 -0.254057 1.154513
v 0.521302 -0.254519 1.154737
v 0.530914 -0.254676 1.154812
v 0.554381 -0.253580 1.154282
v 0.576162 -0.250336 1.152710
v 0.596189 -0.245003 1.150127
v 0.614394 -0.237642 1.146561
v 0.630710 -0.228313 1.142042
v 0.645069 -0.217078 1.136600
v 0.657405 -0.203998 1.130263
v 0.667649 -0.189132 1.123062
v 0.675733 -0.172541 1.115025
v 0.681592 -0.154287 1.106183
v 0.685156 -0.134430 1.096563
v 0.686360 -0.113031 1.086197
v 0.685273 -0.094666 1.077301
v 0.682090 -0.077250 1.068864
v 0.676928 -0.060907 1.060948
v 0.669903 -0.045760 1.053610
v 0.661134 -0.031932 1.046912
v 0.650737 -0.019548 1.040913
v 0.638828 -0.008730 1.035672
v 0.625525 0.000397 1.031251
v 0.610944 0.007712 1.027708
v 0.595203 0.013089 1.025103
v 0.578419 0.016406 1.023496
v 0.560708 0.017539 1.022947
v 0.553487 0.017380 1.023024
v 0.546393 0.016902 1.023256
v 0.539415 0.016100 1.023644
v 0.532545 0.014970 1.024192
v 0.525774 0.013508 1.024900
v 0.519094 0.011710 1.025771
v 0.512494 0.009572 1.026807
v 0.505966 0.007090 1.028009
v 0.499501 0.004259 1.029380
v 0.493090 0.001077 1.030921
v 0.486724 -0.002461 1.032636
v 0.480394 -0.006360 1.034524
v 0.480394 -0.055907 1.058525
v 0.486406 -0.051216 1.056253
v 0.492169 -0.047039 1.054230
v 0.497730 -0.043356 1.052446
v 0.503135 -0.040147 1.050891
v 0.508433 -0.037391 1.049556
v 0.513669 -0.035068 1.048431
v 0.518892 -0.033158 1.047506
v 0.524149 -0.031641 1.046771
v 0.529487 -0.030496 1.046216
v 0.534953 -0.029703 1.045832
v 0.540594 -0.029242 1.045609
v 0.546458 -0.029093 1.045537
v 0.558256 -0.029836 1.045897
v 0.569323 -0.032027 1.046957
v 0.579602 -0.035605 1.048691
v 0.589038 -0.040514 1.051069
v 0.597575 -0.046693 1.054062
v 0.605155 -0.054085 1.057643
v 0.611724 -0.062631 1.061783
v 0.617225 -0.072271 1.066453
v 0.621601 -0.082948 1.071625
v 0.624796 -0.094602 1.077270
v 0.626755 -0.107175 1.083361
v 0.627420 -0.120609 1.089868
v 0.626663 -0.132691 1.095721
v 0.624445 -0.144116 1.101256
v 0.620842 -0.154808 1.106435
v 0.615929 -0.164693 1.111223
v 0.609784 -0.173695 1.115584
v 0.602484 -0.181740 1.119481
v 0.594104 -0.188753 1.122878
v 0.584720 -0.194658 1.125739
v 0.574411 -0.199382 1.128027
v 0.563251 -0.202849 1.129707
v 0.551317 -0.204984 1.130741
v 0.538686 -0.205712 1.131094
v 0.534323 -0.205640 1.131059
v 0.529690 -0.205431 1.130958
v 0.524842 -0.205093 1.130794
v 0.519831 -0.204632 1.130571
v 0.514713 -0.204059 1.130293
v 0.509540 -0.203380 1.129964
v 0.504368 -0.202604 1.129588
v 0.499249 -0.201740 1.129169
v 0.494238 -0.200794 1.128711
v 0.489390 -0.199775 1.128218
v 0.484757 -0.198691 1.127693
v 0.480394 -0.197551 1.127140
v 0.177923 -0.173652 1.115563
v 0.169515 -0.178435 1.117880
v 0.161125 -0.182865 1.120026
v 0.152744 -0.186931 1.121996
v 0.144363 -0.190621 1.123783
v 0.135972 -0.193922 1.125382
v 0.127564 -0.196823 1.126787
v 0.119130 -0.199310 1.127992
v 0.110659 -0.201372 1.128991
v 0.102143 -0.202998 1.129779
v 0.093573 -0.204174 1.130348
v 0.084940 -0.204888 1.130695
v 0.076235 -0.205129 1.130811
v 0.062783 -0.204571 1.130541
v 0.050280 -0.202903 1.129733
v 0.038730 -0.200129 1.128389
v 0.028138 -0.196256 1.126513
v 0.018509 -0.191290 1.124107
v 0.009847 -0.185237 1.121175
v 0.002156 -0.178104 1.117720
v -0.004558 -0.169896 1.113744
v -0.010292 -0.160619 1.109250
v -0.015041 -0.150280 1.104241
v -0.018801 -0.138884 1.098721
v -0.021566 -0.126438 1.092692
v 0.183104 -0.126438 1.092692
v 0.182091 -0.103278 1.081473
v 0.179101 -0.082175 1.071250
v 0.174209 -0.063120 1.062020
v 0.167488 -0.046105 1.053777
v 0.159012 -0.031123 1.046520
v 0.148858 -0.018164 1.040242
v 0.137097 -0.007221 1.034941
v 0.123805 0.001714 1.030613
v 0.109055 0.008650 1.027253
v 0.092922 0.013594 1.024858
v 0.075481 0.016554 1.023424
v 0.056804 0.017539 1.022947
v 0.037257 0.016438 1.023481
v 0.018843 0.013199 1.025049
v 0.001670 0.007921 1.027606
v -0.014154 0.000699 1.031104
v -0.028520 -0.008368 1.035497
v -0.041321 -0.019184 1.040736
v -0.052448 -0.031651 1.046776
v -0.061795 -0.045673 1.053568
v -0.069252 -0.061153 1.061067
v -0.074713 -0.077992 1.069224
v -0.078068 -0.096094 1.077993
v -0.079211 -0.115362 1.087327
v -0.078164 -0.133287 1.096010
v -0.075049 -0.150779 1.104483
v -0.069900 -0.167623 1.112643
v -0.062754 -0.183605 1.120385
v -0.053648 -0.198510 1.127605
v -0.042616 -0.212124 1.134200
v -0.029695 -0.224232 1.140065
v -0.014921 -0.234619 1.145097
v 0.001670 -0.243072 1.149191
v 0.020042 -0.249375 1.152245
v 0.040159 -0.253315 1.154153
v 0.061986 -0.254676 1.154812
v 0.073940 -0.254468 1.154712
v 0.085237 -0.253844 1.154410
v 0.095949 -0.252799 1.153903
v 0.106149 -0.251329 1.153191
v 0.115908 -0.249430 1.152271
v 0.125298 -0.247098 1.151142
v 0.134391 -0.244328 1.149800
v 0.143259 -0.241118 1.148245
v 0.151974 -0.237462 1.146474
v 0.160609 -0.233356 1.144485
v 0.169234 -0.228798 1.142277
v 0.177923 -0.223782 1.139847
v -0.020271 -0.092046 1.076032
v -0.017937 -0.082079 1.071204
v -0.014825 -0.072883 1.066749
v -0.010940 -0.064477 1.062677
v -0.006285 -0.056878 1.058996
v -0.000866 -0.050105 1.055715
v 0.005313 -0.044176 1.052843
v 0.012248 -0.039109 1.050388
v 0.019934 -0.034922 1.048360
v 0.028367 -0.031634 1.046767
v 0.037542 -0.029263 1.045619
v 0.047454 -0.027827 1.044923
v 0.058100 -0.027344 1.044689
v 0.067973 -0.027861 1.044939
v 0.077171 -0.029385 1.045678
v 0.085667 -0.031880 1.046887
v 0.093435 -0.035311 1.048548
v 0.100447 -0.039640 1.050646
v 0.106677 -0.044831 1.053160
v 0.112096 -0.050849 1.056075
v 0.116680 -0.057655 1.059372
v 0.120399 -0.065215 1.063034
v 0.123229 -0.073491 1.067043
v 0.125140 -0.082447 1.071382
v 0.126107 -0.092046 1.076032
v -0.075972 0.148108 0.959697
v -0.088243 0.150835 0.958376
v -0.099817 0.152631 0.957506
v -0.110725 0.153537 0.957068
v -0.120999 0.153592 0.957041
v -0.130670 0.152838 0.957406
v -0.139770 0.151314 0.958144
v -0.148330 0.149062 0.959235
v -0.156382 0.146122 0.960659
v -0.163957 0.142534 0.962397
v -0.171087 0.138339 0.964429
v -0.177803 0.133578 0.966736
v -0.184136 0.128290 0.969298
v -0.189761 0.122957 0.971881
v -0.194967 0.117398 0.974574
v -0.199742 0.111531 0.977416
v -0.204071 0.105276 0.980446
v -0.207941 0.098551 0.983703
v -0.211339 0.091276 0.987228
v -0.214252 0.083369 0.991058
v -0.216665 0.074749 0.995233
v -0.218565 0.065337 0.999793
v -0.219939 0.055050 1.004776
v -0.220774 0.043807 1.010222
v -0.221055 0.031528 1.016171
v -0.221055 0.012293 1.025488
v -0.261859 0.012293 1.025488
v -0.261859 -0.034339 1.048078
v -0.221055 -0.034339 1.048078
v -0.221055 -0.249429 1.152271
v -0.163410 -0.249429 1.152271
v -0.163410 -0.034339 1.048078
v -0.110947 -0.034339 1.048078
v -0.110947 0.012293 1.025488
v -0.163410 0.012293 1.025488
v -0.163410 0.037357 1.013347
v -0.163090 0.047079 1.008637
v -0.162091 0.056115 1.004260
v -0.160354 0.064435 1.000230
v -0.157821 0.072008 0.996562
v -0.154433 0.078803 0.993270
v -0.150133 0.084791 0.990369
v -0.144860 0.089941 0.987875
v -0.138558 0.094222 0.985800
v -0.131167 0.097605 0.984162
v -0.122630 0.100060 0.982973
v -0.112887 0.101554 0.982249
v -0.101880 0.102059 0.982004
v -0.099379 0.102034 0.982016
v -0.097037 0.101957 0.982054
v -0.094826 0.101822 0.982119
v -0.092716 0.101627 0.982213
v -0.090678 0.101368 0.982339
v -0.088683 0.101039 0.982498
v -0.086701 0.100638 0.982693
v -0.084704 0.100159 0.982924
v -0.082662 0.099600 0.983195
v -0.080545 0.098956 0.983507
v -0.078325 0.098222 0.983863
v -0.075972 0.097396 0.984263
v -0.309788 0.012293 1.025488
v -0.367433 0.012293 1.025488
v -0.367433 -0.249429 1.152271
v -0.309788 -0.249429 1.152271
v -0.303959 0.091567 0.987087
v -0.304276 0.095726 0.985072
v -0.305198 0.099725 0.983135
v -0.306681 0.103526 0.981294
v -0.308685 0.107089 0.979567
v -0.311165 0.110378 0.977974
v -0.314079 0.113353 0.976533
v -0.317385 0.115976 0.975263
v -0.321039 0.118208 0.974182
v -0.324999 0.120011 0.973308
v -0.329222 0.121346 0.972661
v -0.333666 0.122176 0.972259
v -0.338287 0.122461 0.972121
v -0.342908 0.122176 0.972259
v -0.347351 0.121346 0.972661
v -0.351575 0.120011 0.973308
v -0.355534 0.118208 0.974181
v -0.359189 0.115976 0.975263
v -0.362494 0.113353 0.976533
v -0.365408 0.110378 0.977974
v -0.367889 0.107090 0.979567
v -0.369892 0.103526 0.981294
v -0.371376 0.099725 0.983135
v -0.372298 0.095726 0.985072
v -0.372614 0.091567 0.987087
v -0.372298 0.087408 0.989101
v -0.371376 0.083409 0.991038
v -0.369892 0.079609 0.992880
v -0.367889 0.076045 0.994606
v -0.365408 0.072756 0.996199
v -0.362494 0.069781 0.997640
v -0.359189 0.067158 0.998911
v -0.355534 0.064927 0.999992
v -0.351575 0.063123 1.000865
v -0.347351 0.061788 1.001512
v -0.342908 0.060959 1.001914
v -0.338287 0.060673 1.002052
v -0.333666 0.060959 1.001914
v -0.329222 0.061788 1.001512
v -0.324999 0.063123 1.000865
v -0.321039 0.064926 0.999992
v -0.317385 0.067158 0.998911
v -0.314079 0.069781 0.997640
v -0.311165 0.072756 0.996199
v -0.308685 0.076045 0.994606
v -0.306682 0.079609 0.992880
v -0.305198 0.083409 0.991039
v -0.304276 0.087408 0.989101
v -0.451633 0.148108 0.959697
v -0.509277 0.148108 0.959697
v -0.509277 -0.249429 1.152271
v -0.451633 -0.249429 1.152271
v 1.993399 0.595192 0.743122
v 1.873576 0.595192 0.743122
v 1.854615 0.594483 0.743466
v 1.836961 0.592386 0.744482
v 1.820678 0.588945 0.746149
v 1.805833 0.584204 0.748445
v 1.792489 0.578208 0.751350
v 1.780714 0.571002 0.754840
v 1.770571 0.562630 0.758896
v 1.762126 0.553137 0.763494
v 1.755444 0.542568 0.768615
v 1.750590 0.530966 0.774235
v 1.747630 0.518376 0.780333
v 1.746629 0.504843 0.786889
v 1.746737 0.500095 0.789189
v 1.747061 0.495468 0.791430
v 1.747600 0.490963 0.793613
v 1.748356 0.486579 0.795736
v 1.749328 0.482316 0.797801
v 1.750515 0.478175 0.799807
v 1.751918 0.474156 0.801754
v 1.753538 0.470258 0.803643
v 1.755373 0.466481 0.805472
v 1.757424 0.462826 0.807243
v 1.759691 0.459292 0.808955
v 1.762174 0.455879 0.810608
v 1.765034 0.452443 0.812272
v 1.768111 0.449127 0.813878
v 1.771403 0.445934 0.815426
v 1.774911 0.442861 0.816914
v 1.778636 0.439910 0.818343
v 1.782576 0.437081 0.819714
v 1.786732 0.434373 0.821026
v 1.791103 0.431786 0.822279
v 1.795691 0.429321 0.823473
v 1.800495 0.426977 0.824608
v 1.805515 0.424755 0.825685
v 1.810750 0.422654 0.826703
v 1.810750 0.421488 0.827267
v 1.803995 0.419853 0.828060
v 1.797674 0.417875 0.829018
v 1.791815 0.415577 0.830131
v 1.786450 0.412982 0.831388
v 1.781606 0.410112 0.832778
v 1.777313 0.406989 0.834291
v 1.773601 0.403635 0.835916
v 1.770498 0.400072 0.837642
v 1.768033 0.396323 0.839458
v 1.766237 0.392411 0.841353
v 1.765137 0.388357 0.843317
v 1.764764 0.384183 0.845339
v 1.764954 0.381292 0.846739
v 1.765529 0.378443 0.848119
v 1.766495 0.375631 0.849482
v 1.767859 0.372849 0.850829
v 1.769628 0.370091 0.852165
v 1.771808 0.367352 0.853492
v 1.774407 0.364624 0.854813
v 1.777430 0.361903 0.856131
v 1.780886 0.359182 0.857450
v 1.784780 0.356455 0.858771
v 1.789119 0.353715 0.860098
v 1.793910 0.350957 0.861434
v 1.781858 0.347943 0.862894
v 1.770947 0.344429 0.864596
v 1.761161 0.340401 0.866547
v 1.752482 0.335845 0.868754
v 1.744891 0.330746 0.871224
v 1.738371 0.325091 0.873964
v 1.732903 0.318865 0.876980
v 1.728469 0.312054 0.880279
v 1.725052 0.304644 0.883869
v 1.722634 0.296621 0.887755
v 1.721196 0.287970 0.891946
v 1.720721 0.278678 0.896447
v 1.721863 0.267445 0.901889
v 1.725210 0.256817 0.907037
v 1.730649 0.246864 0.911858
v 1.738065 0.237659 0.916317
v 1.747343 0.229271 0.920380
v 1.758368 0.221772 0.924013
v 1.771026 0.215232 0.927181
v 1.785202 0.209723 0.929850
v 1.800782 0.205314 0.931986
v 1.817650 0.202078 0.933553
v 1.835692 0.200084 0.934519
v 1.854793 0.199404 0.934849
v 1.875591 0.200053 0.934534
v 1.894875 0.201975 0.933603
v 1.912589 0.205132 0.932074
v 1.928678 0.209486 0.929965
v 1.943084 0.214996 0.927295
v 1.955752 0.221627 0.924084
v 1.966625 0.229338 0.920348
v 1.975648 0.238091 0.916108
v 1.982763 0.247848 0.911382
v 1.987915 0.258571 0.906187
v 1.991047 0.270220 0.900544
v 1.992104 0.282758 0.894471
v 1.991634 0.290960 0.890497
v 1.990184 0.298923 0.886640
v 1.987691 0.306602 0.882920
v 1.984091 0.313954 0.879359
v 1.979322 0.320933 0.875978
v 1.973321 0.327496 0.872799
v 1.966024 0.333597 0.869843
v 1.957368 0.339192 0.867133
v 1.947292 0.344236 0.864690
v 1.935731 0.348685 0.862534
v 1.922623 0.352495 0.860689
v 1.907904 0.355621 0.859175
v 1.893912 0.358212 0.857920
v 1.881091 0.360756 0.856687
v 1.869447 0.363280 0.855464
v 1.858991 0.365811 0.854239
v 1.849732 0.368373 0.852997
v 1.841678 0.370995 0.851727
v 1.834838 0.373701 0.850416
v 1.829221 0.376519 0.849051
v 1.824838 0.379474 0.847620
v 1.821695 0.382593 0.846109
v 1.819803 0.385903 0.844506
v 1.819170 0.389429 0.842797
v 1.820747 0.396181 0.839527
v 1.825203 0.401235 0.837078
v 1.832124 0.404958 0.835275
v 1.841096 0.407715 0.833940
v 1.851705 0.409873 0.832894
v 1.863537 0.411798 0.831962
v 1.876179 0.413856 0.830964
v 1.889217 0.416415 0.829725
v 1.902237 0.419840 0.828066
v 1.914825 0.424497 0.825810
v 1.926567 0.430754 0.822779
v 1.937050 0.438975 0.818796
v 1.940442 0.442293 0.817189
v 1.943788 0.446089 0.815350
v 1.947039 0.450305 0.813308
v 1.950148 0.454886 0.811089
v 1.953068 0.459775 0.808721
v 1.955752 0.464914 0.806231
v 1.958153 0.470248 0.803647
v 1.960223 0.475720 0.800997
v 1.961915 0.481272 0.798307
v 1.963183 0.486849 0.795606
v 1.963978 0.492393 0.792920
v 1.964253 0.497848 0.790277
v 1.964087 0.503236 0.787668
v 1.963572 0.508354 0.785188
v 1.962684 0.513250 0.782817
v 1.961398 0.517969 0.780530
v 1.959689 0.522559 0.778307
v 1.957533 0.527066 0.776124
v 1.954904 0.531537 0.773958
v 1.951779 0.536017 0.771788
v 1.948131 0.540555 0.769590
v 1.943937 0.545195 0.767342
v 1.939172 0.549986 0.765021
v 1.933812 0.554972 0.762605
v 1.993399 0.554972 0.762605
v 1.912438 0.504260 0.787171
v 1.911960 0.497297 0.790545
v 1.910561 0.490716 0.793732
v 1.908289 0.484560 0.796714
v 1.905193 0.478872 0.799470
v 1.901324 0.473693 0.801978
v 1.896731 0.469068 0.804219
v 1.891464 0.465037 0.806172
v 1.885571 0.461644 0.807815
v 1.879102 0.458931 0.809130
v 1.872107 0.456940 0.810094
v 1.864636 0.455714 0.810688
v 1.856736 0.455297 0.810890
v 1.848242 0.455692 0.810699
v 1.840274 0.456854 0.810136
v 1.832873 0.458748 0.809218
v 1.826079 0.461341 0.807962
v 1.819933 0.464598 0.806384
v 1.814474 0.468485 0.804502
v 1.809745 0.472966 0.802331
v 1.805785 0.478008 0.799888
v 1.802634 0.483576 0.797191
v 1.800333 0.489636 0.794255
v 1.798923 0.496154 0.791098
v 1.798444 0.503094 0.787736
v 1.798972 0.509411 0.784676
v 1.800510 0.515497 0.781728
v 1.802988 0.521292 0.778921
v 1.806337 0.526734 0.776284
v 1.810485 0.531764 0.773848
v 1.815365 0.536320 0.771641
v 1.820906 0.540341 0.769693
v 1.827038 0.543768 0.768033
v 1.833693 0.546539 0.766691
v 1.840799 0.548593 0.765696
v 1.848287 0.549870 0.765077
v 1.856089 0.550309 0.764864
v 1.863592 0.549882 0.765071
v 1.870833 0.548639 0.765674
v 1.877736 0.546639 0.766642
v 1.884227 0.543940 0.767949
v 1.890233 0.540603 0.769566
v 1.895679 0.536684 0.771465
v 1.900490 0.532243 0.773616
v 1.904594 0.527339 0.775992
v 1.907914 0.522029 0.778564
v 1.910378 0.516374 0.781303
v 1.911910 0.510431 0.784182
v 1.936402 0.278678 0.896447
v 1.935787 0.272912 0.899240
v 1.933961 0.267573 0.901826
v 1.930957 0.262676 0.904199
v 1.926807 0.258233 0.906351
v 1.921541 0.254261 0.908275
v 1.915190 0.250772 0.909965
v 1.907788 0.247781 0.911414
v 1.899364 0.245301 0.912615
v 1.889951 0.243349 0.913561
v 1.879579 0.241936 0.914245
v 1.868282 0.241078 0.914661
v 1.856089 0.240789 0.914801
v 1.843475 0.241080 0.914660
v 1.831875 0.241947 0.914240
v 1.821306 0.243385 0.913543
v 1.811782 0.245388 0.912573
v 1.803320 0.247949 0.911333
v 1.795935 0.251063 0.909824
v 1.789642 0.254723 0.908051
v 1.784459 0.258924 0.906016
v 1.780400 0.263659 0.903722
v 1.777481 0.268922 0.901173
v 1.775719 0.274708 0.898370
v 1.775127 0.281009 0.895318
v 1.775685 0.286687 0.892567
v 1.777322 0.292041 0.889974
v 1.779985 0.297039 0.887552
v 1.783619 0.301648 0.885320
v 1.788171 0.305837 0.883291
v 1.793587 0.309572 0.881482
v 1.799812 0.312821 0.879908
v 1.806792 0.315552 0.878585
v 1.814475 0.317732 0.877529
v 1.822805 0.319330 0.876755
v 1.831728 0.320312 0.876279
v 1.841192 0.320647 0.876117
v 1.850549 0.320455 0.876209
v 1.860613 0.319845 0.876505
v 1.871097 0.318761 0.877030
v 1.881709 0.317149 0.877811
v 1.892158 0.314954 0.878874
v 1.902156 0.312122 0.880246
v 1.911411 0.308597 0.881954
v 1.919634 0.304325 0.884023
v 1.926535 0.299252 0.886480
v 1.931823 0.293323 0.889353
v 1.935209 0.286483 0.892666
v 1.494030 0.595192 0.743122
v 1.436385 0.595192 0.743122
v 1.436385 0.333470 0.869905
v 1.494030 0.333470 0.869905
v 1.494030 0.521164 0.778983
v 1.500689 0.527665 0.775834
v 1.507095 0.533483 0.773015
v 1.513288 0.538642 0.770516
v 1.519313 0.543163 0.768326
v 1.525213 0.547069 0.766434
v 1.531029 0.550382 0.764829
v 1.536805 0.553124 0.763501
v 1.542582 0.555318 0.762438
v 1.548405 0.556985 0.761630
v 1.554316 0.558149 0.761067
v 1.560357 0.558830 0.760737
v 1.566571 0.559053 0.760629
v 1.575040 0.558537 0.760879
v 1.582937 0.557018 0.761615
v 1.590232 0.554535 0.762817
v 1.596892 0.551130 0.764467
v 1.602887 0.546842 0.766544
v 1.608185 0.541711 0.769029
v 1.612754 0.535780 0.771903
v 1.616563 0.529087 0.775145
v 1.619580 0.521674 0.778736
v 1.621774 0.513581 0.782656
v 1.623114 0.504848 0.786886
v 1.623568 0.495517 0.791407
v 1.623568 0.333470 0.869905
v 1.681212 0.333470 0.869905
v 1.681212 0.494934 0.791689
v 1.680314 0.512071 0.783388
v 1.677695 0.527644 0.775844
v 1.673470 0.541666 0.769051
v 1.667755 0.554152 0.763003
v 1.660663 0.565116 0.757692
v 1.652309 0.574572 0.753111
v 1.642809 0.582535 0.749254
v 1.632276 0.589018 0.746113
v 1.620825 0.594036 0.743682
v 1.608572 0.597602 0.741955
v 1.595631 0.599732 0.740923
v 1.582116 0.600439 0.740581
v 1.574026 0.600137 0.740727
v 1.565971 0.599243 0.741160
v 1.557989 0.597770 0.741874
v 1.550115 0.595732 0.742861
v 1.542385 0.593144 0.744114
v 1.534834 0.590019 0.745628
v 1.527500 0.586372 0.747395
v 1.520417 0.582218 0.749407
v 1.513622 0.577569 0.751659
v 1.507151 0.572441 0.754144
v 1.501040 0.566847 0.756853
v 1.495325 0.560801 0.759782
v 1.494030 0.560801 0.759782
v 1.354776 0.595192 0.743122
v 1.297132 0.595192 0.743122
v 1.297132 0.333470 0.869905
v 1.354776 0.333470 0.869905
v 1.360605 0.674467 0.704720
v 1.360289 0.678626 0.702706
v 1.359367 0.682625 0.700768
v 1.357883 0.686425 0.698927
v 1.355880 0.689989 0.697201
v 1.353399 0.693278 0.695608
v 1.350485 0.696253 0.694167
v 1.347180 0.698875 0.692896
v 1.343526 0.701108 0.691815
v 1.339566 0.702911 0.690942
v 1.335342 0.704246 0.690295
v 1.330899 0.705076 0.689893
v 1.326278 0.705361 0.689755
v 1.321656 0.705076 0.689893
v 1.317213 0.704246 0.690295
v 1.312990 0.702911 0.690942
v 1.309030 0.701108 0.691815
v 1.305376 0.698875 0.692896
v 1.302070 0.696253 0.694167
v 1.299156 0.693278 0.695608
v 1.296676 0.689989 0.697201
v 1.294672 0.686425 0.698927
v 1.293188 0.682625 0.700768
v 1.292267 0.678626 0.702706
v 1.291950 0.674467 0.704720
v 1.292267 0.670308 0.706735
v 1.293189 0.666309 0.708672
v 1.294673 0.662508 0.710513
v 1.296676 0.658944 0.712240
v 1.299156 0.655656 0.713833
v 1.302070 0.652681 0.715274
v 1.305376 0.650058 0.716544
v 1.309030 0.647826 0.717625
v 1.312990 0.646023 0.718499
v 1.317213 0.644688 0.719146
v 1.321657 0.643858 0.719548
v 1.326278 0.643573 0.719686
v 1.330899 0.643858 0.719548
v 1.335342 0.644688 0.719146
v 1.339566 0.646023 0.718499
v 1.343526 0.647826 0.717625
v 1.347180 0.650058 0.716544
v 1.350485 0.652681 0.715274
v 1.353399 0.655656 0.713833
v 1.355880 0.658944 0.712240
v 1.357883 0.662508 0.710513
v 1.359367 0.666309 0.708672
v 1.360289 0.670308 0.706735
v 1.251146 0.595192 0.743122
v 1.131323 0.595192 0.743122
v 1.112362 0.594483 0.743466
v 1.094707 0.592386 0.744482
v 1.078425 0.588945 0.746149
v 1.063579 0.584204 0.748445
v 1.050236 0.578208 0.751350
v 1.038460 0.571002 0.754840
v 1.028317 0.562630 0.758896
v 1.019872 0.553137 0.763494
v 1.013190 0.542568 0.768615
v 1.008336 0.530966 0.774235
v 1.005376 0.518376 0.780333
v 1.004376 0.504843 0.786889
v 1.004483 0.500095 0.789189
v 1.004807 0.495468 0.791430
v 1.005347 0.490963 0.793613
v 1.006103 0.486579 0.795736
v 1.007074 0.482316 0.797801
v 1.008262 0.478175 0.799807
v 1.009665 0.474156 0.801754
v 1.011284 0.470258 0.803643
v 1.013119 0.466481 0.805472
v 1.015170 0.462826 0.807243
v 1.017437 0.459292 0.808955
v 1.019920 0.455879 0.810608
v 1.022781 0.452443 0.812272
v 1.025857 0.449127 0.813878
v 1.029150 0.445934 0.815426
v 1.032658 0.442861 0.816914
v 1.036382 0.439910 0.818343
v 1.040322 0.437081 0.819714
v 1.044478 0.434373 0.821026
v 1.048850 0.431786 0.822279
v 1.053438 0.429321 0.823473
v 1.058242 0.426977 0.824608
v 1.063261 0.424755 0.825685
v 1.068497 0.422654 0.826703
v 1.068497 0.421488 0.827267
v 1.061742 0.419853 0.828060
v 1.055420 0.417875 0.829018
v 1.049562 0.415577 0.830131
v 1.044196 0.412982 0.831388
v 1.039353 0.410112 0.832778
v 1.035060 0.406989 0.834291
v 1.031347 0.403635 0.835916
v 1.028244 0.400072 0.837642
v 1.025780 0.396323 0.839458
v 1.023983 0.392411 0.841353
v 1.022884 0.388357 0.843317
v 1.022511 0.384183 0.845339
v 1.022701 0.381292 0.846739
v 1.023276 0.378443 0.848119
v 1.024242 0.375631 0.849482
v 1.025606 0.372849 0.850829
v 1.027374 0.370091 0.852165
v 1.029555 0.367352 0.853492
v 1.032153 0.364624 0.854813
v 1.035177 0.361903 0.856131
v 1.038632 0.359182 0.857450
v 1.042526 0.356455 0.858771
v 1.046866 0.353715 0.860098
v 1.051657 0.350957 0.861434
v 1.039604 0.347943 0.862894
v 1.028694 0.344429 0.864596
v 1.018908 0.340401 0.866547
v 1.010229 0.335845 0.868754
v 1.002638 0.330746 0.871224
v 0.996117 0.325091 0.873964
v 0.990649 0.318865 0.876980
v 0.986216 0.312054 0.880279
v 0.982799 0.304644 0.883869
v 0.980381 0.296621 0.887755
v 0.978943 0.287970 0.891946
v 0.978468 0.278678 0.896447
v 0.979609 0.267445 0.901889
v 0.982957 0.256817 0.907037
v 0.988396 0.246864 0.911858
v 0.995812 0.237659 0.916317
v 1.005090 0.229271 0.920380
v 1.016115 0.221772 0.924013
v 1.028773 0.215232 0.927181
v 1.042949 0.209723 0.929850
v 1.058529 0.205314 0.931986
v 1.075397 0.202078 0.933553
v 1.093439 0.200084 0.934519
v 1.112540 0.199404 0.934849
v 1.133337 0.200053 0.934534
v 1.152622 0.201975 0.933603
v 1.170336 0.205132 0.932074
v 1.186424 0.209486 0.929965
v 1.200831 0.214996 0.927295
v 1.213499 0.221627 0.924084
v 1.224372 0.229338 0.920348
v 1.233394 0.238091 0.916108
v 1.240509 0.247848 0.911382
v 1.245661 0.258571 0.906187
v 1.248794 0.270220 0.900544
v 1.249850 0.282758 0.894471
v 1.249381 0.290960 0.890497
v 1.247931 0.298923 0.886640
v 1.245438 0.306602 0.882920
v 1.241838 0.313954 0.879359
v 1.237069 0.320933 0.875978
v 1.231067 0.327496 0.872799
v 1.223770 0.333597 0.869843
v 1.215115 0.339192 0.867133
v 1.205038 0.344236 0.864690
v 1.193477 0.348685 0.862534
v 1.180369 0.352495 0.860689
v 1.165650 0.355621 0.859175
v 1.151659 0.358212 0.857920
v 1.138837 0.360756 0.856687
v 1.127194 0.363280 0.855464
v 1.116738 0.365811 0.854239
v 1.107478 0.368373 0.852997
v 1.099424 0.370995 0.851727
v 1.092584 0.373701 0.850416
v 1.086968 0.376519 0.849051
v 1.082584 0.379474 0.847620
v 1.079442 0.382593 0.846109
v 1.077550 0.385903 0.844506
v 1.076917 0.389429 0.842797
v 1.078494 0.396181 0.839527
v 1.082950 0.401235 0.837078
v 1.089871 0.404958 0.835275
v 1.098842 0.407715 0.833940
v 1.109451 0.409873 0.832894
v 1.121284 0.411798 0.831962
v 1.133926 0.413856 0.830964
v 1.146963 0.416415 0.829725
v 1.159983 0.419840 0.828066
v 1.172571 0.424497 0.825810
v 1.184314 0.430754 0.822779
v 1.194797 0.438975 0.818796
v 1.198189 0.442293 0.817189
v 1.201534 0.446089 0.815350
v 1.204785 0.450305 0.813308
v 1.207894 0.454886 0.811089
v 1.210815 0.459775 0.808721
v 1.213499 0.464914 0.806231
v 1.215900 0.470248 0.803647
v 1.217970 0.475720 0.800997
v 1.219662 0.481272 0.798307
v 1.220929 0.486849 0.795606
v 1.221724 0.492393 0.792920
v 1.222000 0.497848 0.790277
v 1.221833 0.503236 0.787668
v 1.221319 0.508354 0.785188
v 1.220431 0.513250 0.782817
v 1.219145 0.517969 0.780530
v 1.217436 0.522559 0.778307
v 1.215280 0.527066 0.776124
v 1.212651 0.531537 0.773958
v 1.209525 0.536017 0.771788
v 1.205878 0.540555 0.769590
v 1.201684 0.545195 0.767342
v 1.196919 0.549986 0.765021
v 1.191558 0.554972 0.762605
v 1.251146 0.554972 0.762605
v 1.170184 0.504260 0.787171
v 1.169707 0.497297 0.790545
v 1.168307 0.490716 0.793732
v 1.166035 0.484560 0.796714
v 1.162940 0.478872 0.799470
v 1.159071 0.473693 0.801978
v 1.154478 0.469068 0.804219
v 1.149210 0.465037 0.806172
v 1.143317 0.461644 0.807815
v 1.136849 0.458931 0.809130
v 1.129854 0.456940 0.810094
v 1.122382 0.455714 0.810688
v 1.114483 0.455297 0.810890
v 1.105989 0.455692 0.810699
v 1.098021 0.456854 0.810136
v 1.090619 0.458748 0.809218
v 1.083825 0.461341 0.807962
v 1.077679 0.464598 0.806384
v 1.072221 0.468485 0.804502
v 1.067491 0.472966 0.802331
v 1.063531 0.478008 0.799888
v 1.060380 0.483576 0.797191
v 1.058080 0.489636 0.794255
v 1.056670 0.496154 0.791098
v 1.056191 0.503094 0.787736
v 1.056719 0.509411 0.784676
v 1.058257 0.515497 0.781728
v 1.060735 0.521292 0.778921
v 1.064083 0.526734 0.776284
v 1.068232 0.531764 0.773848
v 1.073112 0.536320 0.771641
v 1.078653 0.540341 0.769693
v 1.084785 0.543768 0.768033
v 1.091439 0.546539 0.766691
v 1.098546 0.548593 0.765696
v 1.106034 0.549870 0.765077
v 1.113835 0.550309 0.764864
v 1.121339 0.549882 0.765071
v 1.128579 0.548639 0.765674
v 1.135482 0.546639 0.766642
v 1.141974 0.543940 0.767949
v 1.147980 0.540603 0.769566
v 1.153425 0.536684 0.771465
v 1.158237 0.532243 0.773616
v 1.162340 0.527339 0.775992
v 1.165661 0.522029 0.778564
v 1.168124 0.516374 0.781303
v 1.169657 0.510431 0.784182
v 1.194149 0.278678 0.896447
v 1.193533 0.272912 0.899240
v 1.191708 0.267573 0.901826
v 1.188704 0.262676 0.904199
v 1.184553 0.258233 0.906351
v 1.179287 0.254261 0.908275
v 1.172937 0.250772 0.909965
v 1.165534 0.247781 0.911414
v 1.157111 0.245301 0.912615
v 1.147697 0.243349 0.913561
v 1.137326 0.241936 0.914245
v 1.126028 0.241078 0.914661
v 1.113835 0.240789 0.914801
v 1.101221 0.241080 0.914660
v 1.089622 0.241947 0.914240
v 1.079052 0.243385 0.913543
v 1.069529 0.245388 0.912573
v 1.061066 0.247949 0.911333
v 1.053681 0.251063 0.909824
v 1.047389 0.254723 0.908051
v 1.042206 0.258924 0.906016
v 1.038147 0.263659 0.903722
v 1.035228 0.268922 0.901173
v 1.033465 0.274708 0.898370
v 1.032874 0.281009 0.895318
v 1.033432 0.286687 0.892567
v 1.035069 0.292041 0.889974
v 1.037732 0.297039 0.887552
v 1.041366 0.301648 0.885320
v 1.045918 0.305837 0.883291
v 1.051333 0.309572 0.881482
v 1.057558 0.312821 0.879908
v 1.064539 0.315552 0.878585
v 1.072221 0.317732 0.877529
v 1.080551 0.319330 0.876755
v 1.089475 0.320312 0.876279
v 1.098938 0.320647 0.876117
v 1.108295 0.320455 0.876209
v 1.118360 0.319845 0.876505
v 1.128844 0.318761 0.877030
v 1.139455 0.317149 0.877811
v 1.149905 0.314954 0.878874
v 1.159902 0.312122 0.880246
v 1.169158 0.308597 0.881954
v 1.177381 0.304325 0.884023
v 1.184282 0.299252 0.886480
v 1.189570 0.293323 0.889353
v 1.192956 0.286483 0.892666
v 0.766673 0.595192 0.743122
v 0.766673 0.333470 0.869905
v 0.824318 0.333470 0.869905
v 0.824318 0.470452 0.803549
v 0.824952 0.481463 0.798214
v 0.826803 0.491995 0.793113
v 0.829792 0.501956 0.788288
v 0.833841 0.511255 0.783783
v 0.838870 0.519801 0.779643
v 0.844801 0.527503 0.775912
v 0.851555 0.534270 0.772634
v 0.859053 0.540011 0.769853
v 0.867217 0.544635 0.767613
v 0.875968 0.548050 0.765959
v 0.885227 0.550166 0.764933
v 0.894916 0.550892 0.764582
v 0.898497 0.550677 0.764686
v 0.902406 0.550045 0.764992
v 0.906595 0.549016 0.765491
v 0.911012 0.547611 0.766172
v 0.915610 0.545849 0.767025
v 0.920338 0.543752 0.768041
v 0.925147 0.541338 0.769210
v 0.929987 0.538630 0.770522
v 0.934810 0.535646 0.771968
v 0.939565 0.532407 0.773537
v 0.944203 0.528933 0.775219
v 0.948674 0.525244 0.777006
v 0.979116 0.570128 0.755264
v 0.973163 0.575010 0.752899
v 0.967280 0.579457 0.750745
v 0.961456 0.583471 0.748800
v 0.955679 0.587053 0.747065
v 0.949938 0.590207 0.745537
v 0.944222 0.592934 0.744216
v 0.938519 0.595235 0.743101
v 0.932818 0.597114 0.742191
v 0.927108 0.598572 0.741485
v 0.921378 0.599610 0.740982
v 0.915617 0.600232 0.740681
v 0.909813 0.600439 0.740581
v 0.902998 0.600033 0.740777
v 0.896154 0.598801 0.741374
v 0.889279 0.596713 0.742385
v 0.882370 0.593746 0.743823
v 0.875425 0.589872 0.745700
v 0.868442 0.585065 0.748028
v 0.861418 0.579298 0.750822
v 0.854351 0.572546 0.754093
v 0.847240 0.564781 0.757854
v 0.840081 0.555979 0.762118
v 0.832873 0.546112 0.766898
v 0.825613 0.535154 0.772206
v 0.824318 0.535154 0.772206
v 0.824318 0.595192 0.743122
v 0.711619 0.380102 0.847315
v 0.708411 0.377990 0.848338
v 0.705271 0.376030 0.849288
v 0.702218 0.374228 0.850161
v 0.699265 0.372590 0.850955
v 0.696430 0.371121 0.851666
v 0.693727 0.369829 0.852292
v 0.691173 0.368719 0.852830
v 0.688782 0.367797 0.853276
v 0.686572 0.367069 0.853629
v 0.684557 0.366542 0.853884
v 0.682754 0.366221 0.854040
v 0.681178 0.366113 0.854092
v 0.679465 0.366187 0.854056
v 0.677889 0.366418 0.853944
v 0.676452 0.366814 0.853752
v 0.675157 0.367387 0.853475
v 0.674006 0.368145 0.853108
v 0.673001 0.369100 0.852645
v 0.672145 0.370262 0.852082
v 0.671439 0.371640 0.851415
v 0.670886 0.373244 0.850638
v 0.670488 0.375086 0.849746
v 0.670248 0.377174 0.848734
v 0.670167 0.379520 0.847598
v 0.670167 0.514169 0.782371
v 0.669216 0.528357 0.775499
v 0.666440 0.541204 0.769275
v 0.661960 0.552732 0.763691
v 0.655894 0.562960 0.758736
v 0.648362 0.571910 0.754401
v 0.639483 0.579600 0.750675
v 0.629376 0.586052 0.747550
v 0.618160 0.591285 0.745015
v 0.605955 0.595320 0.743060
v 0.592879 0.598177 0.741676
v 0.579052 0.599877 0.740853
v 0.564594 0.600439 0.740581
v 0.554284 0.600195 0.740699
v 0.544402 0.599464 0.741053
v 0.534942 0.598244 0.741644
v 0.525900 0.596531 0.742474
v 0.517273 0.594325 0.743543
v 0.509054 0.591622 0.744852
v 0.501241 0.588422 0.746402
v 0.493828 0.584722 0.748194
v 0.486810 0.580520 0.750230
v 0.480184 0.575814 0.752510
v 0.473945 0.570602 0.755034
v 0.468088 0.564882 0.757805
v 0.468088 0.508340 0.785195
v 0.475142 0.515434 0.781758
v 0.482367 0.521858 0.778647
v 0.489745 0.527622 0.775855
v 0.497258 0.532736 0.773377
v 0.504888 0.537210 0.771210
v 0.512617 0.541056 0.769347
v 0.520426 0.544281 0.767784
v 0.528299 0.546898 0.766517
v 0.536217 0.548916 0.765539
v 0.544162 0.550344 0.764847
v 0.552115 0.551194 0.764436
v 0.560060 0.551475 0.764300
v 0.568439 0.551192 0.764437
v 0.576090 0.550331 0.764854
v 0.583012 0.548870 0.765561
v 0.589206 0.546790 0.766569
v 0.594671 0.544071 0.767886
v 0.599407 0.540691 0.769523
v 0.603415 0.536632 0.771490
v 0.606694 0.531872 0.773795
v 0.609244 0.526392 0.776450
v 0.611066 0.520171 0.779464
v 0.612159 0.513189 0.782846
v 0.612523 0.505426 0.786607
v 0.612523 0.491436 0.793383
v 0.561355 0.475115 0.801290
v 0.549609 0.471294 0.803141
v 0.537823 0.467324 0.805064
v 0.526198 0.463084 0.807118
v 0.514938 0.458449 0.809363
v 0.504244 0.453295 0.811860
v 0.494319 0.447500 0.814667
v 0.485366 0.440940 0.817845
v 0.477587 0.433492 0.821453
v 0.471185 0.425031 0.825551
v 0.466361 0.415435 0.830199
v 0.463318 0.404581 0.835458
v 0.462259 0.392343 0.841386
v 0.462844 0.383980 0.845437
v 0.464568 0.375855 0.849373
v 0.467380 0.368062 0.853148
v 0.471230 0.360694 0.856717
v 0.476071 0.353844 0.860035
v 0.481851 0.347606 0.863057
v 0.488522 0.342072 0.865738
v 0.496035 0.337335 0.868033
v 0.504338 0.333489 0.869896
v 0.513384 0.330626 0.871282
v 0.523123 0.328840 0.872148
v 0.533505 0.328224 0.872446
v 0.540143 0.328407 0.872357
v 0.546776 0.328956 0.872092
v 0.553401 0.329873 0.871647
v 0.560012 0.331160 0.871024
v 0.566605 0.332820 0.870220
v 0.573176 0.334855 0.869234
v 0.579719 0.337266 0.868066
v 0.586231 0.340055 0.866715
v 0.592708 0.343225 0.865179
v 0.599143 0.346777 0.863459
v 0.605534 0.350714 0.861552
v 0.611875 0.355038 0.859457
v 0.613348 0.350592 0.861611
v 0.615183 0.346575 0.863557
v 0.617391 0.342979 0.865299
v 0.619983 0.339796 0.866840
v 0.622972 0.337018 0.868186
v 0.626367 0.334636 0.869340
v 0.630181 0.332643 0.870305
v 0.634424 0.331031 0.871086
v 0.639109 0.329791 0.871687
v 0.644245 0.328915 0.872111
v 0.649844 0.328396 0.872363
v 0.655918 0.328224 0.872446
v 0.660317 0.328325 0.872397
v 0.664497 0.328643 0.872243
v 0.668538 0.329199 0.871974
v 0.672518 0.330016 0.871578
v 0.676516 0.331117 0.871045
v 0.680611 0.332523 0.870364
v 0.684882 0.334257 0.869523
v 0.689406 0.336342 0.868514
v 0.694263 0.338798 0.867324
v 0.699532 0.341650 0.865942
v 0.705292 0.344918 0.864359
v 0.711619 0.348626 0.862563
v 0.612523 0.386514 0.844209
v 0.608610 0.383274 0.845779
v 0.604643 0.380262 0.847238
v 0.600622 0.377488 0.848582
v 0.596547 0.374964 0.849804
v 0.592418 0.372699 0.850902
v 0.588235 0.370703 0.851869
v 0.583998 0.368987 0.852700
v 0.579707 0.367559 0.853391
v 0.575362 0.366432 0.853938
v 0.570963 0.365614 0.854334
v 0.566510 0.365115 0.854575
v 0.562003 0.364947 0.854657
v 0.556153 0.365258 0.854506
v 0.550611 0.366170 0.854065
v 0.545416 0.367652 0.853346
v 0.540605 0.369675 0.852367
v 0.536217 0.372208 0.851140
v 0.532290 0.375221 0.849680
v 0.528862 0.378683 0.848003
v 0.525972 0.382564 0.846123
v 0.523658 0.386833 0.844055
v 0.521957 0.391461 0.841813
v 0.520909 0.396416 0.839413
v 0.520551 0.401670 0.836868
v 0.521420 0.409074 0.833281
v 0.523945 0.415878 0.829985
v 0.527999 0.422135 0.826954
v 0.533457 0.427900 0.824161
v 0.540191 0.433228 0.821580
v 0.548078 0.438174 0.819185
v 0.556989 0.442791 0.816948
v 0.566801 0.447136 0.814843
v 0.577386 0.451262 0.812845
v 0.588618 0.455224 0.810925
v 0.600373 0.459076 0.809059
v 0.612523 0.462874 0.807219
v 0.218727 0.731008 0.677331
v 0.161083 0.731008 0.677331
v 0.161083 0.333470 0.869905
v 0.218727 0.333470 0.869905
v 0.218727 0.521164 0.778983
v 0.225386 0.527665 0.775834
v 0.231792 0.533483 0.773015
v 0.237986 0.538642 0.770516
v 0.244011 0.543163 0.768326
v 0.249910 0.547069 0.766434
v 0.255726 0.550382 0.764829
v 0.261502 0.553124 0.763501
v 0.267280 0.555318 0.762438
v 0.273103 0.556985 0.761630
v 0.279013 0.558149 0.761067
v 0.285054 0.558830 0.760737
v 0.291268 0.559053 0.760629
v 0.299737 0.558537 0.760879
v 0.307635 0.557018 0.761615
v 0.314929 0.554535 0.762817
v 0.321590 0.551130 0.764467
v 0.327585 0.546842 0.766544
v 0.332883 0.541711 0.769029
v 0.337452 0.535780 0.771903
v 0.341261 0.529087 0.775145
v 0.344278 0.521674 0.778736
v 0.346472 0.513581 0.782656
v 0.347812 0.504848 0.786886
v 0.348265 0.495517 0.791407
v 0.348265 0.333470 0.869905
v 0.405910 0.333470 0.869905
v 0.405910 0.493768 0.792254
v 0.405048 0.510928 0.783941
v 0.402527 0.526564 0.776367
v 0.398441 0.540682 0.769528
v 0.392884 0.553288 0.763421
v 0.385950 0.564389 0.758044
v 0.377735 0.573990 0.753393
v 0.368332 0.582096 0.749466
v 0.357837 0.588716 0.746260
v 0.346342 0.593854 0.743771
v 0.333944 0.597516 0.741997
v 0.320736 0.599709 0.740934
v 0.306813 0.600439 0.740581
v 0.298723 0.600137 0.740727
v 0.290669 0.599243 0.741160
v 0.282686 0.597770 0.741874
v 0.274812 0.595732 0.742861
v 0.267082 0.593144 0.744114
v 0.259531 0.590019 0.745628
v 0.252197 0.586372 0.747395
v 0.245114 0.582218 0.749407
v 0.238320 0.577569 0.751659
v 0.231849 0.572441 0.754144
v 0.225738 0.566847 0.756853
v 0.220022 0.560801 0.759782
v 0.218727 0.560801 0.759782
v 0.092427 0.582369 0.749334
v 0.085563 0.585051 0.748035
v 0.078859 0.587553 0.746823
v 0.072258 0.589864 0.745703
v 0.065704 0.591976 0.744680
v 0.059142 0.593877 0.743760
v 0.052514 0.595557 0.742946
v 0.045764 0.597006 0.742243
v 0.038837 0.598215 0.741658
v 0.031676 0.599173 0.741194
v 0.024225 0.599869 0.740857
v 0.016428 0.600295 0.740651
v 0.008228 0.600439 0.740581
v -0.013106 0.599311 0.741127
v -0.033009 0.595981 0.742740
v -0.051400 0.590529 0.745381
v -0.068200 0.583038 0.749010
v -0.083326 0.573587 0.753588
v -0.096698 0.562259 0.759076
v -0.108235 0.549133 0.765434
v -0.117856 0.534290 0.772624
v -0.125480 0.517813 0.780606
v -0.131026 0.499780 0.789341
v -0.134413 0.480275 0.798790
v -0.135560 0.459377 0.808913
v -0.134311 0.440633 0.817993
v -0.130648 0.422946 0.826561
v -0.124691 0.406424 0.834565
v -0.116561 0.391178 0.841950
v -0.106380 0.377315 0.848665
v -0.094269 0.364947 0.854657
v -0.080351 0.354182 0.859872
v -0.064745 0.345129 0.864257
v -0.047575 0.337897 0.867760
v -0.028961 0.332596 0.870328
v -0.009024 0.329336 0.871908
v 0.012114 0.328224 0.872446
v 0.019845 0.328367 0.872377
v 0.027763 0.328780 0.872177
v 0.035785 0.329445 0.871855
v 0.043827 0.330340 0.871421
v 0.051805 0.331446 0.870885
v 0.059638 0.332742 0.870258
v 0.067241 0.334208 0.869547
v 0.074532 0.335824 0.868765
v 0.081427 0.337569 0.867919
v 0.087843 0.339424 0.867021
v 0.093696 0.341367 0.866079
v 0.098904 0.343380 0.865104
v 0.098904 0.394675 0.840256
v 0.091735 0.391882 0.841609
v 0.084784 0.389332 0.842844
v 0.078026 0.387024 0.843962
v 0.071437 0.384960 0.844962
v 0.064992 0.383138 0.845845
v 0.058667 0.381560 0.846609
v 0.052435 0.380224 0.847256
v 0.046273 0.379131 0.847786
v 0.040157 0.378281 0.848198
v 0.034060 0.377674 0.848492
v 0.027959 0.377309 0.848668
v 0.021829 0.377188 0.848727
v 0.007375 0.377862 0.848401
v -0.006153 0.379857 0.847434
v -0.018692 0.383135 0.845846
v -0.030178 0.387659 0.843655
v -0.040549 0.393388 0.840880
v -0.049741 0.400285 0.837538
v -0.057691 0.408312 0.833650
v -0.064338 0.417430 0.829233
v -0.069617 0.427600 0.824307
v -0.073465 0.438784 0.818889
v -0.075821 0.450943 0.812999
v -0.076620 0.464040 0.806655
v -0.075876 0.476926 0.800412
v -0.073690 0.489021 0.794553
v -0.070133 0.500262 0.789108
v -0.065273 0.510586 0.784107
v -0.059181 0.519930 0.779581
v -0.051927 0.528232 0.775559
v -0.043579 0.535429 0.772073
v -0.034208 0.541458 0.769152
v -0.023884 0.546256 0.766828
v -0.012675 0.549761 0.765130
v -0.000653 0.551911 0.764089
v 0.012114 0.552641 0.763735
v 0.018370 0.552515 0.763796
v 0.024540 0.552117 0.763988
v 0.030674 0.551420 0.764326
v 0.036822 0.550396 0.764822
v 0.043033 0.549015 0.765491
v 0.049356 0.547249 0.766347
v 0.055841 0.545071 0.767402
v 0.062538 0.542451 0.768671
v 0.069495 0.539362 0.770167
v 0.076763 0.535775 0.771905
v 0.084391 0.531661 0.773898
v 0.092427 0.526993 0.776159
v -0.368081 0.489105 0.794513
v -0.525469 0.489105 0.794513
v -0.525469 0.434895 0.820773
v -0.368081 0.434895 0.820773
v 1.014091 0.992147 0.550831
v 1.005683 0.987365 0.553147
v 0.997293 0.982934 0.555294
v 0.988912 0.978868 0.557263
v 0.980531 0.975178 0.559051
v 0.972141 0.971877 0.560650
v 0.963733 0.968977 0.562055
v 0.955298 0.966490 0.563260
v 0.946827 0.964427 0.564259
v 0.938311 0.962802 0.565046
v 0.929741 0.961626 0.565616
v 0.921108 0.960912 0.565962
v 0.912404 0.960671 0.566078
v 0.898951 0.961228 0.565808
v 0.886448 0.962897 0.565000
v 0.874898 0.965671 0.563656
v 0.864306 0.969544 0.561780
v 0.854677 0.974509 0.559375
v 0.846015 0.980562 0.556443
v 0.838325 0.987696 0.552987
v 0.831610 0.995904 0.549011
v 0.825876 1.005180 0.544517
v 0.821127 1.015520 0.539508
v 0.817368 1.026916 0.533988
v 0.814602 1.039362 0.527959
v 1.019273 1.039362 0.527959
v 1.018259 1.062522 0.516740
v 1.015270 1.083625 0.506517
v 1.010377 1.102680 0.497287
v 1.003656 1.119694 0.489045
v 0.995181 1.134677 0.481787
v 0.985026 1.147636 0.475509
v 0.973265 1.158579 0.470208
v 0.959973 1.167514 0.465880
v 0.945223 1.174449 0.462521
v 0.929091 1.179393 0.460126
v 0.911649 1.182353 0.458692
v 0.892973 1.183338 0.458214
v 0.873425 1.182237 0.458748
v 0.855011 1.178999 0.460316
v 0.837838 1.173721 0.462873
v 0.822015 1.166499 0.466372
v 0.807649 1.157432 0.470764
v 0.794848 1.146616 0.476004
v 0.783720 1.134148 0.482043
v 0.774374 1.120126 0.488836
v 0.766916 1.104647 0.496334
v 0.761456 1.087808 0.504491
v 0.758100 1.069705 0.513260
v 0.756958 1.050437 0.522594
v 0.758004 1.032512 0.531277
v 0.761120 1.015021 0.539750
v 0.766268 0.998177 0.547910
v 0.773414 0.982195 0.555652
v 0.782521 0.967290 0.562872
v 0.793552 0.953676 0.569467
v 0.806473 0.941568 0.575332
v 0.821247 0.931180 0.580364
v 0.837838 0.922728 0.584459
v 0.856210 0.916424 0.587512
v 0.876328 0.912485 0.589420
v 0.898154 0.911124 0.590080
v 0.910108 0.911331 0.589979
v 0.921405 0.911955 0.589677
v 0.932118 0.913000 0.589171
v 0.942317 0.914470 0.588459
v 0.952076 0.916370 0.587539
v 0.961466 0.918702 0.586409
v 0.970559 0.921471 0.585067
v 0.979428 0.924682 0.583512
v 0.988143 0.928338 0.581741
v 0.996777 0.932443 0.579752
v 1.005403 0.937002 0.577544
v 1.014091 0.942018 0.575114
v 0.815898 1.073753 0.511299
v 0.818231 1.083720 0.506471
v 0.821343 1.092916 0.502017
v 0.825228 1.101323 0.497944
v 0.829883 1.108922 0.494263
v 0.835302 1.115695 0.490982
v 0.841481 1.121624 0.488110
v 0.848416 1.126691 0.485655
v 0.856102 1.130877 0.483627
v 0.864535 1.134165 0.482035
v 0.873710 1.136536 0.480886
v 0.883622 1.137972 0.480190
v 0.894268 1.138455 0.479957
v 0.904141 1.137939 0.480207
v 0.913339 1.136415 0.480945
v 0.921836 1.133919 0.482154
v 0.929603 1.130489 0.483816
v 0.936616 1.126160 0.485913
v 0.942845 1.120968 0.488428
v 0.948265 1.114951 0.491342
v 0.952848 1.108144 0.494640
v 0.956568 1.100585 0.498302
v 0.959397 1.092309 0.502311
v 0.961309 1.083353 0.506649
v 0.962276 1.073753 0.511299
v 0.688303 1.313908 0.394964
v 0.630658 1.313908 0.394964
v 0.630658 0.916370 0.587538
v 0.688303 0.916370 0.587538
v 0.546458 1.178092 0.460756
v 0.488814 1.178092 0.460756
v 0.488814 0.916370 0.587538
v 0.546458 0.916370 0.587538
v 0.552288 1.257367 0.422354
v 0.551971 1.261526 0.420339
v 0.551049 1.265525 0.418402
v 0.549565 1.269325 0.416561
v 0.547562 1.272889 0.414835
v 0.545082 1.276178 0.413242
v 0.542168 1.279153 0.411800
v 0.538862 1.281775 0.410530
v 0.535208 1.284007 0.409449
v 0.531248 1.285810 0.408575
v 0.527025 1.287146 0.407928
v 0.522581 1.287975 0.407526
v 0.517960 1.288260 0.407388
v 0.513339 1.287975 0.407527
v 0.508896 1.287146 0.407928
v 0.504672 1.285810 0.408575
v 0.500712 1.284007 0.409449
v 0.497058 1.281775 0.410530
v 0.493753 1.279153 0.411801
v 0.490839 1.276178 0.413242
v 0.488358 1.272889 0.414835
v 0.486355 1.269325 0.416561
v 0.484871 1.265525 0.418402
v 0.483949 1.261526 0.420339
v 0.483633 1.257367 0.422354
v 0.483949 1.253208 0.424369
v 0.484871 1.249209 0.426306
v 0.486355 1.245408 0.428147
v 0.488358 1.241844 0.429873
v 0.490838 1.238556 0.431466
v 0.493753 1.235581 0.432907
v 0.497058 1.232958 0.434178
v 0.500712 1.230726 0.435259
v 0.504672 1.228923 0.436132
v 0.508895 1.227587 0.436779
v 0.513339 1.226758 0.437181
v 0.517960 1.226473 0.437319
v 0.522581 1.226758 0.437181
v 0.527025 1.227587 0.436779
v 0.531248 1.228923 0.436132
v 0.535208 1.230726 0.435259
v 0.538862 1.232958 0.434178
v 0.542168 1.235581 0.432907
v 0.545082 1.238556 0.431466
v 0.547562 1.241844 0.429873
v 0.549565 1.245408 0.428147
v 0.551049 1.249209 0.426306
v 0.551971 1.253208 0.424369
v 0.339198 1.232302 0.434496
v 0.231033 1.137289 0.480521
v 0.231033 1.131460 0.483345
v 0.281553 1.131460 0.483345
v 0.281553 0.993313 0.550266
v 0.282214 0.981777 0.555854
v 0.284195 0.970831 0.561157
v 0.287494 0.960552 0.566136
v 0.292108 0.951020 0.570753
v 0.298036 0.942314 0.574970
v 0.305275 0.934513 0.578750
v 0.313822 0.927695 0.582052
v 0.323677 0.921940 0.584840
v 0.334836 0.917327 0.587075
v 0.347297 0.913933 0.588719
v 0.361057 0.911840 0.589733
v 0.376116 0.911124 0.590080
v 0.381054 0.911279 0.590005
v 0.386425 0.911731 0.589785
v 0.392146 0.912463 0.589431
v 0.398137 0.913456 0.588950
v 0.404317 0.914691 0.588351
v 0.410605 0.916152 0.587644
v 0.416920 0.917818 0.586837
v 0.423181 0.919673 0.585938
v 0.429307 0.921698 0.584957
v 0.435218 0.923875 0.583903
v 0.440831 0.926185 0.582784
v 0.446066 0.928611 0.581609
v 0.446066 0.976992 0.558172
v 0.440277 0.973920 0.559660
v 0.434564 0.971114 0.561019
v 0.428923 0.968576 0.562249
v 0.423349 0.966305 0.563349
v 0.417839 0.964302 0.564319
v 0.412386 0.962565 0.565161
v 0.406988 0.961096 0.565872
v 0.401640 0.959893 0.566455
v 0.396336 0.958958 0.566908
v 0.391073 0.958290 0.567231
v 0.385845 0.957890 0.567425
v 0.380650 0.957756 0.567490
v 0.376297 0.957946 0.567398
v 0.371732 0.958547 0.567107
v 0.367069 0.959605 0.566595
v 0.362419 0.961167 0.565838
v 0.357894 0.963280 0.564814
v 0.353609 0.965990 0.563502
v 0.349674 0.969343 0.561877
v 0.346202 0.973387 0.559919
v 0.343306 0.978167 0.557603
v 0.341099 0.983730 0.554908
v 0.339692 0.990124 0.551811
v 0.339198 0.997393 0.548289
v 0.339198 1.131460 0.483345
v 0.431170 1.131460 0.483345
v 0.431170 1.178092 0.460756
v 0.339198 1.178092 0.460756
v 0.191524 1.161771 0.468662
v 0.183967 1.165257 0.466973
v 0.176510 1.168429 0.465437
v 0.169148 1.171289 0.464051
v 0.161874 1.173839 0.462816
v 0.154681 1.176082 0.461729
v 0.147562 1.178019 0.460791
v 0.140510 1.179653 0.460000
v 0.133520 1.180985 0.459354
v 0.126583 1.182018 0.458854
v 0.119693 1.182753 0.458498
v 0.112844 1.183192 0.458285
v 0.106029 1.183338 0.458214
v 0.091897 1.182785 0.458482
v 0.078688 1.181147 0.459276
v 0.066459 1.178457 0.460579
v 0.055269 1.174746 0.462377
v 0.045177 1.170048 0.464653
v 0.036240 1.164394 0.467391
v 0.028518 1.157818 0.470577
v 0.022069 1.150351 0.474194
v 0.016951 1.142025 0.478227
v 0.013223 1.132874 0.482660
v 0.010944 1.122930 0.487477
v 0.010171 1.112225 0.492663
v 0.012847 1.095621 0.500706
v 0.020246 1.080918 0.507829
v 0.031423 1.067879 0.514145
v 0.045434 1.056266 0.519770
v 0.061334 1.045844 0.524819
v 0.078178 1.036375 0.529406
v 0.095023 1.027622 0.533646
v 0.110923 1.019349 0.537654
v 0.124933 1.011319 0.541543
v 0.136111 1.003295 0.545430
v 0.143510 0.995041 0.549429
v 0.146186 0.986318 0.553654
v 0.145790 0.981837 0.555825
v 0.144639 0.977720 0.557819
v 0.142785 0.973968 0.559637
v 0.140285 0.970580 0.561278
v 0.137190 0.967556 0.562743
v 0.133556 0.964897 0.564031
v 0.129436 0.962602 0.565143
v 0.124884 0.960671 0.566078
v 0.119954 0.959104 0.566837
v 0.114701 0.957902 0.567420
v 0.109177 0.957064 0.567826
v 0.103438 0.956590 0.568055
v 0.097384 0.956822 0.567943
v 0.090898 0.957519 0.567605
v 0.084007 0.958685 0.567040
v 0.076739 0.960325 0.566246
v 0.069120 0.962443 0.565220
v 0.061176 0.965042 0.563961
v 0.052936 0.968128 0.562466
v 0.044426 0.971703 0.560734
v 0.035674 0.975771 0.558763
v 0.026705 0.980338 0.556551
v 0.017547 0.985407 0.554096
v 0.008228 0.990981 0.551395
v 0.008228 0.935023 0.578503
v 0.017427 0.930879 0.580510
v 0.026282 0.927181 0.582301
v 0.034854 0.923912 0.583885
v 0.043203 0.921055 0.585269
v 0.051390 0.918595 0.586460
v 0.059476 0.916516 0.587468
v 0.067522 0.914801 0.588298
v 0.075588 0.913434 0.588961
v 0.083734 0.912399 0.589462
v 0.092023 0.911680 0.589810
v 0.100514 0.911260 0.590014
v 0.109267 0.911124 0.590080
v 0.122719 0.911759 0.589772
v 0.135484 0.913626 0.588868
v 0.147471 0.916671 0.587393
v 0.158588 0.920839 0.585373
v 0.168742 0.926076 0.582837
v 0.177842 0.932327 0.579808
v 0.185794 0.939538 0.576316
v 0.192508 0.947653 0.572385
v 0.197890 0.956618 0.568042
v 0.201848 0.966378 0.563314
v 0.204291 0.976880 0.558227
v 0.205126 0.988067 0.552807
v 0.204754 0.994599 0.549643
v 0.203608 1.000834 0.546623
v 0.201644 1.006838 0.543714
v 0.198817 1.012678 0.540885
v 0.195080 1.018421 0.538103
v 0.190391 1.024134 0.535336
v 0.184702 1.029883 0.532551
v 0.177971 1.035735 0.529716
v 0.170150 1.041757 0.526799
v 0.161196 1.048017 0.523767
v 0.151064 1.054579 0.520588
v 0.139709 1.061512 0.517229
v 0.127571 1.067955 0.514108
v 0.116713 1.073899 0.511229
v 0.107092 1.079382 0.508573
v 0.098664 1.084440 0.506123
v 0.091389 1.089109 0.503861
v 0.085222 1.093426 0.501769
v 0.080121 1.097427 0.499831
v 0.076043 1.101150 0.498028
v 0.072946 1.104629 0.496343
v 0.070787 1.107901 0.494757
v 0.069522 1.111004 0.493254
v 0.069111 1.113973 0.491816
v 0.069417 1.117382 0.490165
v 0.070322 1.120601 0.488605
v 0.071803 1.123609 0.487148
v 0.073836 1.126387 0.485803
v 0.076401 1.128914 0.484579
v 0.079474 1.131169 0.483486
v 0.083032 1.133133 0.482535
v 0.087054 1.134785 0.481735
v 0.091517 1.136105 0.481095
v 0.096398 1.137073 0.480626
v 0.101674 1.137669 0.480337
v 0.107324 1.137872 0.480239
v 0.112853 1.137701 0.480322
v 0.118734 1.137179 0.480575
v 0.124943 1.136297 0.481002
v 0.131457 1.135044 0.481609
v 0.138249 1.133411 0.482400
v 0.145295 1.131387 0.483380
v 0.152571 1.128963 0.484555
v 0.160051 1.126128 0.485928
v 0.167711 1.122872 0.487506
v 0.175527 1.119184 0.489292
v 0.183473 1.115056 0.491292
v 0.191524 1.110476 0.493510
v -0.018328 1.178092 0.460756
v -0.083097 1.178092 0.460756
v -0.158229 1.030619 0.532194
v -0.236599 1.178092 0.460756
v -0.302016 1.178092 0.460756
v -0.189318 0.972329 0.560431
v -0.288415 0.782303 0.652483
v -0.224293 0.782303 0.652483
v -0.341525 1.161771 0.468662
v -0.349083 1.165257 0.466973
v -0.356539 1.168429 0.465437
v -0.363901 1.171289 0.464051
v -0.371175 1.173839 0.462816
v -0.378368 1.176082 0.461729
v -0.385487 1.178019 0.460791
v -0.392539 1.179653 0.460000
v -0.399530 1.180985 0.459354
v -0.406466 1.182018 0.458854
v -0.413356 1.182753 0.458498
v -0.420205 1.183192 0.458285
v -0.427020 1.183338 0.458214
v -0.441152 1.182785 0.458482
v -0.454361 1.181147 0.459276
v -0.466590 1.178457 0.460579
v -0.477780 1.174746 0.462377
v -0.487873 1.170048 0.464653
v -0.496809 1.164394 0.467391
v -0.504531 1.157818 0.470577
v -0.510980 1.150351 0.474194
v -0.516098 1.142025 0.478227
v -0.519826 1.132874 0.482660
v -0.522106 1.122930 0.487477
v -0.522879 1.112225 0.492663
v -0.520202 1.095621 0.500706
v -0.512803 1.080918 0.507829
v -0.501626 1.067879 0.514145
v -0.487615 1.056266 0.519770
v -0.471716 1.045844 0.524819
v -0.454871 1.036375 0.529406
v -0.438027 1.027622 0.533646
v -0.422127 1.019349 0.537654
v -0.408116 1.011319 0.541543
v -0.396939 1.003295 0.545430
v -0.389540 0.995041 0.549429
v -0.386864 0.986318 0.553654
v -0.387259 0.981837 0.555825
v -0.388411 0.977720 0.557819
v -0.390264 0.973968 0.559637
v -0.392765 0.970580 0.561278
v -0.395859 0.967556 0.562743
v -0.399494 0.964897 0.564031
v -0.403614 0.962602 0.565143
v -0.408165 0.960671 0.566078
v -0.413095 0.959104 0.566837
v -0.418348 0.957902 0.567420
v -0.423872 0.957064 0.567826
v -0.429611 0.956590 0.568055
v -0.435665 0.956822 0.567943
v -0.442151 0.957519 0.567605
v -0.449042 0.958685 0.567040
v -0.456310 0.960325 0.566246
v -0.463930 0.962443 0.565220
v -0.471873 0.965042 0.563961
v -0.480113 0.968128 0.562466
v -0.488623 0.971703 0.560734
v -0.497376 0.975771 0.558763
v -0.506344 0.980338 0.556551
v -0.515502 0.985407 0.554096
v -0.524822 0.990981 0.551395
v -0.524822 0.935023 0.578503
v -0.515622 0.930879 0.580510
v -0.506767 0.927181 0.582301
v -0.498195 0.923912 0.583885
v -0.489846 0.921055 0.585269
v -0.481659 0.918595 0.586460
v -0.473573 0.916516 0.587468
v -0.465528 0.914801 0.588298
v -0.457462 0.913434 0.588961
v -0.449315 0.912399 0.589462
v -0.441027 0.911680 0.589810
v -0.432536 0.911260 0.590014
v -0.423782 0.911124 0.590080
v -0.410331 0.911759 0.589772
v -0.397565 0.913626 0.588868
v -0.385578 0.916671 0.587393
v -0.374461 0.920839 0.585373
v -0.364307 0.926076 0.582837
v -0.355208 0.932327 0.579808
v -0.347255 0.939538 0.576316
v -0.340542 0.947653 0.572385
v -0.335160 0.956618 0.568042
v -0.331201 0.966378 0.563314
v -0.328758 0.976880 0.558227
v -0.327924 0.988067 0.552807
v -0.328296 0.994599 0.549643
v -0.329441 1.000834 0.546623
v -0.331405 1.006838 0.543714
v -0.334233 1.012678 0.540885
v -0.337969 1.018421 0.538103
v -0.342659 1.024134 0.535336
v -0.348347 1.029883 0.532551
v -0.355079 1.035735 0.529716
v -0.362899 1.041757 0.526799
v -0.371853 1.048017 0.523767
v -0.381985 1.054579 0.520588
v -0.393340 1.061512 0.517229
v -0.405478 1.067955 0.514108
v -0.416336 1.073899 0.511229
v -0.425958 1.079382 0.508573
v -0.434385 1.084440 0.506123
v -0.441660 1.089109 0.503861
v -0.447827 1.093426 0.501769
v -0.452928 1.097427 0.499831
v -0.457006 1.101150 0.498028
v -0.460103 1.104629 0.496343
v -0.462263 1.107901 0.494757
v -0.463527 1.111004 0.493254
v -0.463939 1.113973 0.491816
v -0.463632 1.117382 0.490165
v -0.462727 1.120601 0.488605
v -0.461247 1.123609 0.487148
v -0.459213 1.126387 0.485803
v -0.456648 1.128914 0.484579
v -0.453576 1.131169 0.483486
v -0.450017 1.133133 0.482535
v -0.445995 1.134785 0.481735
v -0.441533 1.136105 0.481095
v -0.436652 1.137073 0.480626
v -0.431375 1.137669 0.480337
v -0.425725 1.137872 0.480239
v -0.420197 1.137701 0.480322
v -0.414315 1.137179 0.480575
v -0.408106 1.136297 0.481002
v -0.401592 1.135044 0.481609
v -0.394800 1.133411 0.482400
v -0.387754 1.131387 0.483380
v -0.380478 1.128963 0.484555
v -0.372998 1.126128 0.485928
v -0.365338 1.122872 0.487506
v -0.357523 1.119184 0.489292
v -0.349577 1.115056 0.491292
v -0.341525 1.110476 0.493510
vn -0.0000 0.4360 0.9000
vn -0.0000 -0.4360 -0.9000
vn -0.0001 -0.4360 -0.9000
vn 0.0001 -0.4360 -0.9000
vn -0.0003 -0.4360 -0.9000
vn 0.0003 -0.4360 -0.9000
vn -0.0000 0.9000 -0.4360
vn 0.9056 -0.3817 0.1849
vn -1.0000 -0.0000 -0.0000
vn -0.7716 0.5724 -0.2773
vn 0.8219 -0.5126 0.2483
vn -0.0659 0.8980 -0.4350
vn -0.1768 -0.8858 0.4291
vn -0.6035 -0.7176 0.3476
vn 0.5210 0.7682 -0.3721
vn -0.9986 -0.0472 0.0229
vn -0.4926 -0.7832 0.3794
vn 0.6133 0.7109 -0.3443
vn -0.5742 0.7368 -0.3569
vn 0.5178 -0.7699 0.3730
vn 0.2114 -0.8796 0.4261
vn -0.1507 0.8897 -0.4310
vn -0.4405 -0.8079 0.3914
vn -0.5061 0.7762 -0.3760
vn 0.9992 0.0354 -0.0172
vn -0.9959 -0.0813 0.0394
vn 0.4631 0.7977 -0.3864
vn -0.1667 -0.8874 0.4299
vn 0.5749 0.7364 -0.3567
vn -0.9607 -0.2497 0.1210
vn -0.1396 0.8912 -0.4317
vn -0.4790 0.7900 -0.3827
vn 0.2814 -0.8636 0.4183
vn -0.0000 -0.9000 0.4360
vn 0.3497 0.8431 -0.4084
vn -0.4175 -0.8178 0.3962
vn -0.9987 -0.0463 0.0224
vn 0.9981 0.0549 -0.0266
vn 0.2169 -0.8785 0.4256
vn 1.0000 -0.0000 -0.0000
vn -0.2423 0.8731 -0.4230
vn 0.7452 -0.6002 0.2907
vn -0.9511 -0.2780 0.1346
vn 0.9485 -0.2851 0.1381
vn -0.6314 0.6979 -0.3381
vn 0.3789 -0.8329 0.4035
vn -0.1997 -0.8818 0.4272
vn 0.6487 0.6849 -0.3318
vn -0.3432 0.8453 -0.4095
vn 0.2724 -0.8659 0.4195
vn 0.2359 0.8746 -0.4237
vn -0.6448 0.6879 -0.3332
vn -0.4839 -0.7876 0.3815
vn 0.4113 -0.8203 0.3974
vn -0.5484 0.7526 -0.3646
vn -0.1939 0.8829 -0.4277
vn -0.1025 -0.8952 0.4337
vn 0.8332 0.4977 -0.2411
vn -0.8752 -0.4353 0.2109
vn 0.9816 0.1718 -0.0832
vn -0.2024 0.8813 -0.4269
vn 0.3649 -0.8379 0.4059
vn -0.3224 -0.8519 0.4127
vn 0.6272 -0.7009 0.3395
vn -0.0529 -0.8987 0.4353
vn -0.3387 0.8468 -0.4102
vn 0.1591 -0.8885 0.4304
vn 0.1443 0.8906 -0.4314
vn -0.3263 0.8507 -0.4121
vn 0.2145 0.8790 -0.4258
vn -0.9851 0.1549 -0.0750
vn 0.9619 0.2461 -0.1192
vn 0.7624 -0.5823 0.2821
vn -0.7348 -0.6104 0.2957
vn -0.9986 0.0480 -0.0232
vn 0.4972 0.7809 -0.3783
vn -0.6156 -0.7092 0.3435
vn 0.6303 -0.6987 0.3385
vn -0.4523 0.8027 -0.3888
vn -0.3103 -0.8556 0.4144
vn -0.2074 0.8804 -0.4265
vn 0.1581 -0.8886 0.4305
vn -0.5343 0.7608 -0.3685
vn 0.5400 -0.7575 0.3669
vn -0.9820 -0.1698 0.0822
vn 0.5984 0.7210 -0.3493
vn -0.9929 0.1074 -0.0520
vn 0.9828 -0.1662 0.0805
vn 0.1680 -0.8872 0.4298
vn -0.1829 0.8848 -0.4286
vn -0.2196 -0.8780 0.4253
vn -0.7646 0.5800 -0.2810
vn -0.9435 0.2983 -0.1445
vn -0.7501 -0.5952 0.2883
vn 0.9435 -0.2983 0.1445
vn 0.7501 0.5952 -0.2883
vn 0.2031 -0.8812 0.4269
vn -0.2031 0.8812 -0.4269
vn -0.9989 0.0413 -0.0200
vn 0.9642 -0.2388 0.1157
vn 0.4243 0.8150 -0.3948
vn 0.2084 -0.8802 0.4264
vn -0.4734 0.7927 -0.3840
vn -0.5126 -0.7727 0.3743
vn 0.6205 0.7058 -0.3419
vn -0.3965 -0.8262 0.4002
vn -0.5038 0.7774 -0.3766
vn -0.7071 -0.6364 0.3083
vn 0.9872 0.1435 -0.0695
vn -0.9968 0.0722 -0.0350
vn -0.8003 -0.5396 0.2614
vn -0.9796 -0.1808 0.0876
vn 0.9751 -0.1995 0.0967
vn -0.8692 0.4450 -0.2156
vn 0.2597 0.8691 -0.4210
vn -0.0415 0.8992 -0.4356
vn -0.1496 0.8898 -0.4311
vn -0.3003 -0.8584 0.4158
vn 0.2131 -0.8793 0.4259
vn -0.3015 0.8581 -0.4157
vn -0.9558 0.2647 -0.1282
vn 0.9971 -0.0680 0.0330
vn 0.5834 0.7310 -0.3541
vn 0.9990 -0.0408 0.0198
vn 0.2879 -0.8619 0.4175
vn 0.8534 -0.4691 0.2273
vn -0.9822 0.1692 -0.0819
vn 0.8469 0.4785 -0.2318
vn -0.6245 -0.7029 0.3405
vn 0.3058 -0.8568 0.4151
vn -0.4836 0.7877 -0.3816
vn 0.5348 -0.7605 0.3684
vn -0.2090 -0.8801 0.4263
vn 0.1799 0.8853 -0.4288
vn -0.9715 -0.2133 0.1033
vn 0.9652 0.2355 -0.1141
vn -0.8274 -0.5054 0.2448
vn -0.8923 0.4063 -0.1968
vn 0.8274 0.5054 -0.2448
vn 0.8923 -0.4063 0.1968
vn 0.0684 -0.8979 0.4349
vn -0.0684 0.8979 -0.4349
vn -0.9554 -0.2658 0.1287
vn -0.8973 -0.3972 0.1924
vn -0.7845 0.5580 -0.2703
vn 0.5130 -0.7725 0.3742
vn -0.4072 -0.8220 0.3982
vn -0.5743 -0.7368 0.3569
vn 0.7918 0.5497 -0.2663
vn 0.7149 -0.6293 0.3048
vn -0.7085 0.6352 -0.3077
vn -0.6974 -0.6450 0.3124
vn 0.8911 0.4084 -0.1978
vn -0.9367 -0.3152 0.1527
vn -0.9978 0.0598 -0.0290
vn 0.8029 -0.5364 0.2599
vn -0.0227 -0.8997 0.4358
vn -0.0632 -0.8982 0.4351
vn 0.0256 0.8997 -0.4358
vn 0.0516 0.8988 -0.4354
vn -0.6424 0.6897 -0.3341
vn 0.6189 -0.7069 0.3424
vn 0.9599 0.2524 -0.1223
vn -0.6326 -0.6970 0.3376
vn 0.9869 0.1450 -0.0702
vn 0.3073 0.8564 -0.4149
vn 0.5094 -0.7744 0.3751
vn -0.8298 0.5022 -0.2433
vn 0.9268 -0.3379 0.1637
vn -0.8714 -0.4414 0.2138
vn 0.7451 0.6003 -0.2908
vn -0.1219 -0.8933 0.4327
vn 0.4025 0.8239 -0.3991
vn -0.3344 0.8482 -0.4109
vn 0.9877 -0.1406 0.0681
vn 0.3979 -0.8257 0.4000
vn 0.6736 0.6652 -0.3222
vn -0.4422 -0.8072 0.3910
vn 0.2729 0.8658 -0.4194
vn -0.5268 0.7649 -0.3706
vn -0.9111 0.3710 -0.1797
vn 0.6033 -0.7178 0.3477
vn -0.5540 0.7493 -0.3630
vn 0.0915 -0.8962 0.4341
vn 0.0589 0.8984 -0.4352
vn 0.0393 -0.8993 0.4356
vn -0.0262 0.8997 -0.4358
vn -0.3505 0.8429 -0.4083
vn -0.7680 -0.5764 0.2792
vn 0.8987 0.3946 -0.1912
vn 0.6602 -0.6759 0.3274
vn 0.5228 -0.7672 0.3716
vn -0.6147 -0.7098 0.3439
vn -0.5205 0.7684 -0.3722
vn 0.0841 -0.8968 0.4344
vn 0.1603 0.8883 -0.4303
vn -0.4692 0.7948 -0.3850
vn 0.5153 -0.7713 0.3736
vn 0.9816 0.1717 -0.0832
vn -0.8499 -0.4742 0.2297
vn 0.7971 0.5434 -0.2632
vn 0.6404 -0.6912 0.3348
vn -0.3487 0.8435 -0.4086
vn 0.9990 0.0406 -0.0197
vn -0.8900 -0.4103 0.1987
vn 0.4448 0.8060 -0.3905
vn 0.0397 -0.8993 0.4356
vn 0.9552 0.2662 -0.1290
vn -0.9880 0.1389 -0.0673
vn 0.1617 0.8881 -0.4302
vn -0.3128 0.8548 -0.4141
vn -0.6518 -0.6825 0.3306
vn 0.7860 -0.5563 0.2695
vn -0.0714 -0.8977 0.4348
vn 0.0917 -0.8962 0.4341
vn 0.2321 0.8754 -0.4241
vn -0.2672 0.8672 -0.4201
vn 0.3461 -0.8443 0.4090
vn -0.4809 -0.7891 0.3822
vn -0.5343 0.7607 -0.3685
vn 0.9434 -0.2984 0.1445
vn -0.2896 -0.8614 0.4173
vn 0.4606 0.7988 -0.3870
vn -0.9870 -0.1447 0.0701
vn 0.2499 -0.8714 0.4221
vn -0.1922 0.8832 -0.4278
vn -0.5079 0.7752 -0.3755
vn 0.5535 0.7495 -0.3631
vn 0.2432 0.8729 -0.4229
vn -0.2305 -0.8757 0.4242
vn -0.6774 -0.6620 0.3207
vn 0.9389 0.3099 -0.1501
vn -0.7895 0.5523 -0.2675
vn -0.1559 -0.8890 0.4306
vn -0.5000 -0.7794 0.3776
vn 0.2716 -0.8661 0.4196
vn -0.4264 0.8141 -0.3943
vn 0.9788 -0.1844 0.0893
vn -0.9639 -0.2395 0.1160
vn 0.7468 0.5985 -0.2899
vn 0.3630 0.8386 -0.4062
vn 0.5350 0.7604 -0.3683
vn 0.0238 0.8997 -0.4358
vn -0.9053 0.3824 -0.1852
vn 0.3417 0.8458 -0.4097
vn -0.4476 -0.8048 0.3899
vn 0.9967 -0.0726 0.0352
vn -0.1398 -0.8911 0.4317
vn 0.3123 -0.8550 0.4142
vn -0.1365 0.8915 -0.4319
vn -0.5298 -0.7633 0.3698
vn 0.5806 0.7327 -0.3550
vn -0.9389 0.3098 -0.1501
vn -0.2464 0.8722 -0.4225
vn 0.4972 -0.7808 0.3783
vn -0.9697 0.2197 -0.1064
vn 0.9987 0.0460 -0.0223
vn 0.6502 0.6838 -0.3312
vn 0.2894 0.8614 -0.4173
vn -0.2581 -0.8695 0.4212
vn -0.9090 0.3751 -0.1817
vn -0.8070 0.5315 -0.2575
vn 0.7440 -0.6014 0.2913
vn -0.1963 0.8825 -0.4275
vn -0.2633 -0.8682 0.4206
vn -0.6397 -0.6918 0.3351
vn 0.4683 0.7952 -0.3852
vn -0.9874 -0.1424 0.0690
vn 0.9785 -0.1856 0.0899
vn -0.3562 -0.8409 0.4074
vn 0.3975 -0.8258 0.4000
vn 0.7177 0.6267 -0.3036
vn -0.6845 0.6561 -0.3178
vn -0.0916 0.8962 -0.4341
vn 0.3223 0.8519 -0.4127
vn -0.4745 0.7922 -0.3837
vn 0.9920 0.1138 -0.0551
vn 0.2660 -0.8675 0.4202
vn -0.5657 -0.7421 0.3595
vn 0.6876 0.6535 -0.3166
vn -0.9168 -0.3595 0.1741
vn -0.0849 0.8967 -0.4344
vn -0.4472 0.8050 -0.3899
vn 0.3127 -0.8548 0.4141
vn -0.0527 -0.8987 0.4354
vn 0.7028 -0.6402 0.3101
vn -0.9049 -0.3831 0.1856
vn -0.7287 0.6164 -0.2986
vn -0.1234 0.8931 -0.4326
vn -0.0657 -0.8980 0.4350
vn 0.7466 0.5987 -0.2900
vn 0.8639 -0.4533 0.2196
vn -0.4142 0.8191 -0.3968
vn 0.1959 -0.8825 0.4275
vn -0.6083 0.7143 -0.3460
vn -0.6213 -0.7052 0.3416
vn -0.0313 -0.8995 0.4357
vn 0.4557 -0.8011 0.3881
vn -0.0761 0.8974 -0.4347
vn -0.5249 0.7660 -0.3711
vn -0.8065 -0.5321 0.2577
vn 0.9082 0.3767 -0.1825
vn 0.9439 0.2971 -0.1439
vn 0.4297 -0.8126 0.3936
vn 0.3422 -0.8456 0.4096
vn -0.3341 0.8483 -0.4109
vn 0.1353 0.8917 -0.4319
vn -0.2848 -0.8627 0.4179
vn 0.5927 -0.7248 0.3511
vn 0.0904 -0.8963 0.4342
vn -0.0181 -0.8998 0.4359
vn -0.3892 0.8290 -0.4016
vn 0.1644 0.8877 -0.4300
vn -0.1950 0.8827 -0.4276
vn 0.0709 0.8977 -0.4349
vn 0.8498 -0.4743 0.2298
vn -0.9570 0.2612 -0.1265
vn 0.9229 0.3466 -0.1679
vn -0.8224 -0.5120 0.2480
vn 0.6133 0.7109 -0.3444
vn -0.9978 0.0600 -0.0291
vn 0.9576 -0.2594 0.1257
vn 0.0509 -0.8988 0.4354
vn -0.2806 0.8638 -0.4184
vn -0.2572 -0.8697 0.4213
vn -0.8068 0.5318 -0.2576
vn -0.9792 0.1828 -0.0885
vn 0.9792 -0.1828 0.0885
vn 0.3315 -0.8491 0.4113
vn -0.6613 -0.6751 0.3270
vn 0.6613 0.6751 -0.3270
vn -0.3315 0.8491 -0.4113
vn -0.9983 -0.0532 0.0258
vn -0.9958 -0.0820 0.0397
vn 0.9017 -0.3891 0.1885
vn -0.2999 -0.8585 0.4159
vn 0.1214 -0.8933 0.4327
vn -0.5499 0.7517 -0.3641
vn 0.9786 -0.1851 0.0897
vn -0.4766 -0.7912 0.3833
vn 0.5429 0.7558 -0.3661
vn -0.5981 0.7212 -0.3494
vn -0.6585 -0.6773 0.3281
vn 0.7251 0.6198 -0.3002
vn -0.7675 -0.5769 0.2795
vn -0.9683 -0.2249 0.1089
vn 0.9333 -0.3233 0.1566
vn -0.9359 0.3171 -0.1536
vn 0.1862 -0.8842 0.4283
vn 0.2939 0.8602 -0.4167
vn -0.1309 0.8922 -0.4322
vn 0.2806 -0.8638 0.4185
vn -0.0841 0.8968 -0.4344
vn -0.1793 0.8854 -0.4289
vn 0.3912 -0.8283 0.4012
vn -0.8755 0.4349 -0.2107
vn 0.9987 0.0463 -0.0224
vn 0.4861 0.7865 -0.3810
vn 0.9996 0.0249 -0.0121
vn -0.3897 -0.8288 0.4015
vn 0.8808 -0.4262 0.2064
vn -0.9490 0.2837 -0.1374
vn 0.8102 0.5275 -0.2555
vn -0.7160 -0.6283 0.3044
vn -0.5461 0.7539 -0.3652
vn 0.4666 -0.7960 0.3856
vn -0.3537 -0.8418 0.4078
vn 0.0580 0.8985 -0.4352
vn -0.9906 -0.1231 0.0596
vn 0.9246 0.3428 -0.1661
vn -0.9434 0.2984 -0.1445
vn 0.8948 0.4019 -0.1947
vn -0.8096 -0.5283 0.2559
vn -0.8628 0.4549 -0.2204
vn -0.5388 -0.7582 0.3673
vn -0.4467 0.8052 -0.3900
vn 0.6083 -0.7143 0.3460
vn -0.9149 -0.3633 0.1760
vn -0.7870 0.5552 -0.2690
vn -0.6608 -0.6755 0.3272
vn -0.9162 -0.3606 0.1747
vn 0.9463 0.2910 -0.1410
vn -0.9998 -0.0184 0.0089
vn 0.7200 -0.6246 0.3026
vn 0.1600 0.8884 -0.4303
vn -0.1874 -0.8840 0.4282
vn -0.0395 -0.8993 0.4356
vn -0.0672 -0.8979 0.4350
vn -0.5211 0.7681 -0.3721
vn 0.7331 -0.6121 0.2965
vn 0.9151 0.3629 -0.1758
vn -0.7798 -0.5634 0.2729
vn 0.9712 0.2143 -0.1038
vn 0.2297 0.8759 -0.4243
vn 0.6570 -0.6785 0.3287
vn -0.7457 0.5997 -0.2905
vn 0.9466 -0.2901 0.1405
vn -0.9310 -0.3285 0.1591
vn 0.7187 0.6258 -0.3031
vn 0.0828 0.8969 -0.4345
vn 0.4869 0.7861 -0.3808
vn 0.3231 -0.8517 0.4126
vn 0.9654 -0.2347 0.1137
vn -0.6076 0.7148 -0.3463
vn 0.2461 -0.8723 0.4225
vn 0.1974 0.8822 -0.4274
vn 0.6432 0.6891 -0.3338
vn -0.4870 -0.7860 0.3808
vn 0.9494 0.2826 -0.1369
vn -0.9696 0.2201 -0.1066
vn 0.5460 -0.7540 0.3653
vn -0.6195 0.7065 -0.3422
vn 0.5717 -0.7384 0.3577
vn -0.3756 0.8341 -0.4040
vn -0.0375 -0.8993 0.4357
vn 0.1520 -0.8895 0.4309
vn 0.1798 0.8853 -0.4289
vn -0.0819 0.8969 -0.4345
vn -0.6778 -0.6617 0.3206
vn 0.5649 -0.7426 0.3597
vn -0.4684 0.7951 -0.3852
vn 0.6934 0.6485 -0.3141
vn 0.1512 -0.8896 0.4309
vn 0.5334 -0.7613 0.3688
vn -0.4349 0.8104 -0.3926
vn 0.2931 0.8604 -0.4168
vn -0.5021 -0.7783 0.3770
vn 0.9947 0.0927 -0.0449
vn -0.9224 -0.3477 0.1684
vn -0.4178 0.8177 -0.3961
vn 0.5926 -0.7249 0.3512
vn 0.9896 0.1292 -0.0626
vn -0.9390 -0.3096 0.1500
vn 0.3119 0.8551 -0.4142
vn -0.0675 -0.8979 0.4350
vn 0.9851 0.1546 -0.0749
vn -0.9988 0.0444 -0.0215
vn 0.2790 0.8642 -0.4186
vn -0.5418 -0.7564 0.3664
vn 0.6918 -0.6499 0.3148
vn -0.4440 0.8064 -0.3906
vn -0.1252 -0.8929 0.4325
vn 0.1228 -0.8932 0.4327
vn 0.1903 0.8835 -0.4280
vn 0.3945 -0.8270 0.4006
vn -0.5140 -0.7720 0.3740
vn -0.2317 0.8755 -0.4241
vn -0.4789 0.7900 -0.3827
vn -0.0435 0.8991 -0.4355
vn 0.5548 0.7487 -0.3627
vn -0.1850 -0.8844 0.4284
vn 0.2951 0.8599 -0.4165
vn -0.5887 -0.7275 0.3524
vn 0.9923 0.1115 -0.0540
vn -0.8750 0.4357 -0.2110
vn 0.4153 -0.8187 0.3966
vn -0.3330 0.8486 -0.4111
vn -0.5343 -0.7608 0.3685
vn 0.3846 -0.8307 0.4024
vn -0.9969 0.0713 -0.0345
vn 0.9978 -0.0603 0.0292
vn 0.6948 0.6473 -0.3136
vn 0.3274 0.8504 -0.4119
vn 0.3841 0.8309 -0.4025
vn -0.4210 -0.8163 0.3954
vn -0.9794 0.1818 -0.0881
vn -0.0960 -0.8958 0.4339
vn 0.2152 -0.8789 0.4257
vn 0.6140 0.7104 -0.3441
vn 0.9695 -0.2207 0.1069
vn -0.2375 0.8742 -0.4235
vn -0.1662 0.8874 -0.4299
vn 0.6068 -0.7154 0.3465
vn -0.9138 0.3655 -0.1771
vn 0.9866 0.1468 -0.0711
vn 0.6134 0.7107 -0.3443
vn -0.3040 -0.8574 0.4153
vn 0.2493 0.8716 -0.4222
vn -0.5000 -0.7794 0.3775
vn 0.9021 0.3883 -0.1881
vn 0.6480 -0.6855 0.3320
vn -0.8356 0.4944 -0.2395
vn -0.3333 -0.8485 0.4110
vn -0.6757 -0.6635 0.3214
vn 0.4092 0.8212 -0.3978
vn -0.3196 0.8528 -0.4131
vn -0.9642 -0.2387 0.1156
vn 0.9566 -0.2622 0.1270
vn -0.2126 -0.8794 0.4260
vn 0.2760 -0.8650 0.4190
vn 0.8053 0.5336 -0.2585
vn -0.7796 0.5636 -0.2730
vn -0.0307 0.8995 -0.4358
vn 0.1853 0.8844 -0.4284
vn -0.4394 0.8084 -0.3916
vn 0.9743 0.2026 -0.0981
vn 0.3206 -0.8525 0.4130
vn -0.6794 -0.6603 0.3199
vn 0.7913 0.5502 -0.2665
vn -0.8527 -0.4702 0.2278
vn -0.6985 0.6440 -0.3120
vn 0.0348 -0.8994 0.4357
vn -0.0285 0.8996 -0.4358
vn 0.3448 -0.8448 0.4092
vn -0.4124 0.8199 -0.3972
vn 0.6555 -0.6796 0.3292
vn -0.4850 0.7870 -0.3812
vn -0.8265 0.5066 -0.2454
vn 0.0305 -0.8995 0.4358
vn 0.0432 0.8991 -0.4356
vn -0.3400 0.8464 -0.4100
vn 0.1179 -0.8937 0.4329
vn 0.8307 0.5011 -0.2427
vn -0.8438 -0.4830 0.2340
vn 0.7612 -0.5836 0.2827
vn -0.7185 -0.6259 0.3032
vn -0.5670 0.7413 -0.3591
vn 0.3281 -0.8501 0.4118
vn -0.7476 -0.5977 0.2896
vn 0.0255 -0.8997 0.4358
vn 0.0483 0.8989 -0.4355
vn -0.4987 0.7801 -0.3779
vn 0.4899 -0.7846 0.3801
vn 0.9551 0.2666 -0.1291
vn 0.8822 0.4237 -0.2053
vn 0.4778 -0.7906 0.3830
vn -0.2495 -0.8715 0.4222
vn 0.1845 0.8845 -0.4285
vn 0.5507 -0.7512 0.3639
vn -0.4374 0.8093 -0.3920
vn -0.0244 0.8997 -0.4358
vn -0.9129 0.3674 -0.1780
vn 0.9158 -0.3615 0.1751
vn -0.8896 -0.4111 0.1991
vn 0.8685 0.4461 -0.2161
vn 0.0518 -0.8988 0.4354
vn -0.0639 0.8981 -0.4351
vn 0.0282 -0.8996 0.4358
vn -0.9998 0.0185 -0.0090
vn -0.2911 -0.8610 0.4171
vn -0.0111 -0.8999 0.4359
vn 0.9124 -0.3684 0.1785
vn -0.8488 0.4758 -0.2305
vn -0.3760 0.8339 -0.4040
vn -0.9977 0.0615 -0.0298
vn 0.4514 -0.8030 0.3890
vn -0.5616 -0.7446 0.3607
vn 0.5616 0.7446 -0.3607
vn -0.4514 0.8030 -0.3890
vn -0.9839 -0.1607 0.0779
vn -0.9621 -0.2454 0.1189
vn -0.6939 0.6480 -0.3139
vn 0.7834 -0.5594 0.2710
vn -0.2085 -0.8802 0.4264
vn -0.6142 -0.7102 0.3441
vn -0.4414 -0.8075 0.3912
vn 0.6692 0.6688 -0.3240
vn 0.8155 -0.5208 0.2523
vn -0.6287 0.6999 -0.3390
vn -0.7331 -0.6121 0.2965
vn 0.8166 0.5195 -0.2517
vn -0.9540 -0.2698 0.1307
vn -0.9783 0.1863 -0.0902
vn 0.8749 -0.4359 0.2112
vn 0.3401 0.8463 -0.4100
vn -0.0263 0.8997 -0.4358
vn -0.0587 0.8984 -0.4352
vn 0.0624 -0.8982 0.4351
vn 0.3932 0.8275 -0.4008
vn 0.5027 -0.7780 0.3769
vn -0.7654 0.5792 -0.2806
vn 0.9868 0.1455 -0.0705
vn 0.9959 0.0811 -0.0393
vn -0.4999 -0.7795 0.3776
vn 0.3802 -0.8324 0.4032
vn -0.8981 0.3958 -0.1917
vn 0.9050 -0.3828 0.1854
vn 0.7758 0.5679 -0.2751
vn -0.7989 -0.5413 0.2622
vn -0.2286 0.8761 -0.4244
vn 0.3887 -0.8292 0.4017
vn -0.6052 0.7164 -0.3471
vn -0.0413 0.8992 -0.4356
vn -0.4940 -0.7825 0.3790
vn -0.9990 -0.0394 0.0191
vn 0.8642 0.4528 -0.2193
vn -0.9792 0.1828 -0.0886
vn 0.9792 -0.1828 0.0886
vn -0.7087 -0.6349 0.3076
vn 0.9644 0.2380 -0.1153
vn -0.9236 0.3450 -0.1671
vn 0.5017 -0.7785 0.3771
vn -0.2677 0.8671 -0.4200
vn 0.1495 0.8899 -0.4311
vn -0.2598 0.8691 -0.4210
vn 0.5995 0.7203 -0.3489
vn 0.6278 -0.7005 0.3394
vn -0.8661 -0.4499 0.2180
vn -0.8607 0.4582 -0.2220
vn -0.6237 -0.7035 0.3408
vn -0.8926 -0.4057 0.1965
vn 0.9816 0.1720 -0.0833
vn -0.9980 -0.0566 0.0274
vn -0.5623 0.7442 -0.3605
vn 0.2205 -0.8778 0.4252
vn -0.1141 -0.8941 0.4331
vn 0.2015 0.8815 -0.4270
vn 0.0347 -0.8994 0.4357
vn -0.3064 -0.8567 0.4150
vn 0.8360 -0.4938 0.2392
vn -0.9135 -0.3662 0.1774
vn 0.8518 0.4715 -0.2284
vn 0.9482 0.2859 -0.1385
vn -0.4096 0.8210 -0.3977
vn -0.6477 0.6856 -0.3321
vn 0.7359 -0.6094 0.2952
vn 0.9644 -0.2381 0.1153
vn -0.9741 -0.2035 0.0986
vn 0.2736 0.8656 -0.4193
vn 0.9311 -0.3283 0.1590
vn -0.6740 0.6649 -0.3221
vn 0.1191 0.8936 -0.4329
vn 0.6080 0.7145 -0.3461
vn -0.5280 -0.7643 0.3702
vn 0.0829 -0.8969 0.4345
vn 0.9824 0.1683 -0.0815
vn -0.9970 0.0699 -0.0339
vn -0.6803 0.6596 -0.3195
vn 0.4838 -0.7876 0.3815
vn 0.3022 0.8579 -0.4156
vn -0.1419 0.8909 -0.4315
vn 0.2115 -0.8796 0.4261
vn -0.1242 -0.8930 0.4326
vn 0.4990 -0.7799 0.3778
vn -0.5738 -0.7371 0.3570
vn -0.4159 0.8184 -0.3965
vn -0.4105 0.8206 -0.3975
vn 0.6039 -0.7173 0.3475
vn 0.5785 0.7341 -0.3556
vn 0.4408 0.8078 -0.3913
vn 0.2224 -0.8774 0.4250
vn 0.5456 -0.7542 0.3654
vn -0.3939 0.8272 -0.4007
vn -0.3890 -0.8291 0.4016
vn 0.9995 0.0279 -0.0135
vn -0.9670 -0.2293 0.1111
vn 0.1814 0.8850 -0.4287
vn 0.9677 0.2269 -0.1099
vn -0.9982 -0.0538 0.0261
vn 0.9985 0.0493 -0.0239
vn 0.4009 0.8245 -0.3994
vn -0.4239 -0.8151 0.3949
vn -0.5703 0.7393 -0.3581
vn 0.5816 -0.7321 0.3547
vn 0.1522 -0.8895 0.4309
vn -0.1821 -0.8849 0.4287
vn 0.1470 0.8902 -0.4312
vn -0.5423 -0.7562 0.3663
vn 0.3983 0.8255 -0.3999
vn -0.1934 0.8830 -0.4277
vn -0.3902 -0.8286 0.4014
vn 0.4230 0.8155 -0.3950
vn -0.9979 0.0584 -0.0283
vn -0.0548 -0.8986 0.4353
vn 0.1245 -0.8930 0.4326
vn 0.6571 0.6784 -0.3286
vn 0.9143 -0.3645 0.1766
vn -0.3457 0.8445 -0.4091
vn 0.2071 0.8804 -0.4265
vn 0.7097 -0.6340 0.3071
vn -0.8330 0.4980 -0.2412
vn 0.9593 0.2542 -0.1231
vn 0.5841 0.7305 -0.3538
vn -0.3472 -0.8440 0.4088
vn -0.0913 0.8962 -0.4341
vn -0.5005 -0.7791 0.3774
vn 0.9987 -0.0466 0.0226
vn 0.5326 -0.7617 0.3690
vn -0.8589 0.4609 -0.2233
vn 0.8536 -0.4689 0.2271
vn 0.3438 0.8451 -0.4094
vn -0.3917 -0.8281 0.4011
vn -0.4307 0.8122 -0.3935
vn 0.9233 -0.3456 0.1674
vn -0.8575 0.4630 -0.2243
vn 0.1589 -0.8885 0.4304
vn 0.8739 0.4375 -0.2119
vn -0.9277 -0.3360 0.1627
vn 0.0460 0.8990 -0.4355
vn -0.4006 0.8246 -0.3995
vn 0.3732 -0.8349 0.4045
vn 0.9422 0.3015 -0.1460
vn -0.7768 -0.5667 0.2745
vn -0.0691 -0.8978 0.4349
vn 0.0585 0.8984 -0.4352
vn -0.7676 -0.5769 0.2794
vn 0.8780 0.4308 -0.2087
vn 0.0484 0.8989 -0.4354
vn 0.0932 -0.8961 0.4341
vn 0.3788 -0.8329 0.4035
vn -0.3746 0.8344 -0.4042
vn 0.6876 0.6535 -0.3165
vn -0.5205 0.7685 -0.3723
vn 0.2053 0.8808 -0.4267
vn -0.2158 -0.8788 0.4257
vn 0.0182 0.8998 -0.4359
vn 0.5005 -0.7791 0.3774
vn -0.4830 0.7880 -0.3817
vn -0.0698 -0.8978 0.4349
vn -0.0747 0.8975 -0.4347
vn 0.1633 -0.8879 0.4301
vn 0.9607 -0.2497 0.1210
vn -0.9382 -0.3115 0.1509
vn -0.8521 0.4711 -0.2282
vn 0.7979 0.5425 -0.2628
vn 0.9743 0.2026 -0.0982
vn -0.3204 -0.8525 0.4130
vn 0.2397 0.8737 -0.4232
vn -0.0368 -0.8994 0.4357
vn -0.8880 0.4139 -0.2005
vn 0.8398 -0.4885 0.2367
vn -0.4657 0.7964 -0.3858
vn -0.9977 -0.0615 0.0298
vn 0.9977 0.0615 -0.0298
vn 0.9977 -0.0615 0.0298
vn -0.4514 -0.8030 0.3890
vn 0.5616 -0.7446 0.3607
vn -0.5616 0.7446 -0.3607
vn 0.4514 0.8030 -0.3890
vn -0.9554 -0.2658 0.1288
vn -0.7845 0.5581 -0.2703
vn -0.9367 -0.3151 0.1526
vn 0.8029 -0.5365 0.2599
vn -0.8299 0.5022 -0.2432
vn 0.7352 -0.6100 0.2955
vn 0.3032 -0.8576 0.4154
vn -0.6609 0.6754 -0.3272
vn 0.7828 0.5601 -0.2713
vn -0.6222 -0.7045 0.3413
vn -0.1224 0.8932 -0.4327
vn 0.9965 0.0757 -0.0367
vn -0.9651 0.2356 -0.1141
vn 0.5275 -0.7646 0.3704
vn 0.2275 0.8764 -0.4245
vn 0.3987 -0.8254 0.3998
vn 0.7408 0.6045 -0.2928
vn -0.3284 0.8501 -0.4118
vn -0.5865 -0.7290 0.3531
vn -0.6029 -0.7180 0.3478
vn -0.3369 0.8473 -0.4105
vn -0.8130 -0.5240 0.2539
vn -0.9242 0.3437 -0.1665
vn -0.8660 -0.4500 0.2180
vn -0.9942 -0.0965 0.0467
vn 0.9981 0.0558 -0.0270
vn -0.6759 0.6633 -0.3213
vn 0.1779 -0.8856 0.4290
vn 0.1101 -0.8945 0.4333
vn 0.2153 0.8789 -0.4257
vn -0.1665 -0.8874 0.4299
vn -0.4193 -0.8170 0.3958
vn 0.9179 -0.3572 0.1730
vn 0.7721 0.5719 -0.2770
vn 0.9185 0.3559 -0.1724
vn -0.3108 0.8554 -0.4144
vn -0.5389 0.7581 -0.3672
vn 0.7835 -0.5593 0.2709
vn 0.9797 -0.1803 0.0874
vn 0.3904 0.8285 -0.4014
vn 0.8837 -0.4212 0.2040
vn -0.7280 0.6170 -0.2989
vn 0.0396 0.8993 -0.4356
vn -0.5666 -0.7416 0.3592
vn 0.5674 0.7411 -0.3590
vn -0.0666 -0.8980 0.4350
vn 0.4171 -0.8179 0.3962
vn 0.9981 0.0551 -0.0267
vn -0.7354 0.6099 -0.2954
vn 0.4233 0.8154 -0.3950
vn 0.2694 -0.8667 0.4198
vn 0.4415 -0.8075 0.3912
vn -0.4576 -0.8002 0.3876
vn -0.4721 0.7934 -0.3843
vn -0.2060 0.8807 -0.4266
vn 0.4603 0.7990 -0.3870
vn 0.2925 -0.8606 0.4169
vn 0.5908 0.7261 -0.3517
vn -0.5903 0.7264 -0.3519
vn -0.3435 0.8452 -0.4094
vn -0.2822 -0.8634 0.4182
vn -0.9583 -0.2571 0.1245
vn -0.9902 -0.1256 0.0608
vn -0.3467 0.8442 -0.4089
vn -0.2283 -0.8762 0.4244
vn 0.0581 0.8984 -0.4352
vn 0.9295 0.3319 -0.1608
vn -0.9831 -0.1649 0.0799
vn 0.9987 -0.0467 0.0226
vn -0.3017 -0.8580 0.4156
vn 0.5232 0.7670 -0.3715
vn 0.4589 -0.7996 0.3874
vn -0.6854 0.6553 -0.3174
vn 0.1033 0.8951 -0.4336
vn -0.1526 0.8894 -0.4309
vn -0.2399 -0.8737 0.4232
vn -0.3973 0.8259 -0.4001
vn 0.3830 0.8313 -0.4027
vn 0.1808 -0.8851 0.4288
vn 0.9977 -0.0616 0.0298
vn 0.7913 0.5503 -0.2666
vn -0.0286 0.8996 -0.4358
vn -0.3553 -0.8412 0.4075
vn 0.4589 0.7996 -0.3873
vn 0.0399 -0.8992 0.4356
vn 0.0424 0.8992 -0.4356
vn 0.7121 0.6319 -0.3061
vn -0.9896 -0.1292 0.0626
vn 0.8350 -0.4952 0.2399
vn -0.4594 0.7994 -0.3872
vn 0.1632 0.8879 -0.4301
vn -0.3881 -0.8294 0.4018
vn 0.4561 0.8009 -0.3880
vn -0.7356 0.6097 -0.2953
vn 0.8021 -0.5374 0.2603
vn 0.9167 0.3595 -0.1742
vn -0.5372 -0.7591 0.3677
vn 0.5614 0.7448 -0.3608
vn -0.0173 -0.8998 0.4359
vn -0.8970 -0.3979 0.1927
vn -0.4421 -0.8072 0.3910
vn -0.5268 0.7649 -0.3705
vn -0.9175 0.3580 -0.1734
vn 0.0503 -0.8988 0.4354
vn -0.0625 0.8982 -0.4351
vn -0.8763 -0.4336 0.2101
vn 0.9242 0.3438 -0.1665
vn 0.8757 -0.4345 0.2105
vn 0.4225 -0.8157 0.3951
vn -0.3579 0.8404 -0.4071
vn 0.8912 0.4083 -0.1978
vn -0.8552 -0.4664 0.2259
vn 0.0192 -0.8998 0.4359
vn 0.1467 0.8902 -0.4312
vn -0.6633 -0.6735 0.3263
vn 0.9417 0.3027 -0.1466
vn 0.1407 -0.8910 0.4316
vn -0.3336 0.8484 -0.4110
vn 0.4159 -0.8184 0.3965
vn 0.1447 0.8905 -0.4314
vn 0.1521 -0.8895 0.4309
vn -0.6778 -0.6617 0.3205
vn -0.4348 0.8104 -0.3926
vn 0.2931 0.8605 -0.4168
vn 0.2274 0.8764 -0.4245
vn -0.1831 -0.8847 0.4286
vn 0.0501 0.8988 -0.4354
vn 0.4421 -0.8072 0.3910
vn -0.5255 0.7657 -0.3709
vn -0.2148 -0.8790 0.4258
vn 0.2837 -0.8630 0.4180
vn 0.9872 -0.1435 0.0695
vn -0.9709 -0.2156 0.1044
vn -0.7745 0.5693 -0.2758
vn 0.7104 0.6334 -0.3068
vn -0.1267 0.8927 -0.4324
vn 0.9422 0.3014 -0.1460
vn -0.9219 0.3487 -0.1689
vn -0.3446 -0.8449 0.4093
vn -0.0673 -0.8979 0.4350
vn 0.1699 0.8869 -0.4296
vn 0.7354 -0.6098 0.2954
vn -0.5472 0.7533 -0.3649
vn -0.9792 -0.1828 0.0885
vn -0.3315 -0.8491 0.4113
vn 0.3315 0.8491 -0.4113
vn 0.9792 0.1828 -0.0885
vn 0.6613 -0.6751 0.3270
vn -0.6613 0.6751 -0.3270
vn 0.9463 0.2910 -0.1409
vn 0.9712 0.2144 -0.1038
vn 0.7104 -0.6334 0.3068
vn 0.2137 -0.8792 0.4259
vn -0.7131 0.6310 -0.3056
vn 0.6815 0.6586 -0.3190
vn -0.7325 -0.6127 0.2968
vn -0.2009 0.8816 -0.4271
vn -0.9977 -0.0616 0.0298
vn 0.9961 -0.0793 0.0384
vn -0.9890 0.1331 -0.0645
vn 0.3188 0.8530 -0.4132
vn 0.3008 -0.8583 0.4158
vn 0.8892 0.4118 -0.1995
vn -0.3995 0.8250 -0.3997
vn 0.5074 0.7755 -0.3757
vn -0.5493 -0.7520 0.3643
vn -0.4979 -0.7805 0.3781
vn -0.7591 -0.5858 0.2838
vn -0.9715 0.2133 -0.1033
vn -0.8366 -0.4930 0.2388
vn -0.9882 -0.1380 0.0668
vn 0.9972 -0.0675 0.0327
vn -0.7806 0.5625 -0.2725
vn -0.2273 -0.8764 0.4245
vn -0.4224 0.8157 -0.3952
vn 0.2342 0.8749 -0.4238
vn 0.1781 -0.8856 0.4290
vn 0.9719 -0.2117 0.1025
vn -0.9954 0.0861 -0.0417
vn -0.9907 -0.1227 0.0594
vn 0.6806 0.6593 -0.3194
vn 0.9918 -0.1152 0.0558
vn -0.9981 0.0554 -0.0268
vn -0.9971 -0.0690 0.0334
vn 0.1943 -0.8828 0.4277
vn -0.2246 0.8770 -0.4248
vn 0.8216 -0.5130 0.2485
vn 0.8839 0.4209 -0.2039
vn -0.5254 -0.7657 0.3709
vn 0.4199 -0.8168 0.3957
vn -0.9823 -0.1688 0.0817
vn 0.9945 -0.0946 0.0458
vn 0.3253 -0.8510 0.4122
vn 0.3974 -0.8258 0.4000
vn 0.5399 0.7575 -0.3670
vn -0.3317 -0.8490 0.4113
vn -0.5443 0.7550 -0.3657
vn 0.3464 -0.8442 0.4090
vn -0.2733 0.8657 -0.4194
vn -0.3496 -0.8432 0.4084
vn -0.6771 0.6622 -0.3208
vn 0.3448 0.8448 -0.4092
vn 0.7261 0.6188 -0.2998
vn -0.5701 0.7394 -0.3582
vn -0.2792 0.8642 -0.4186
vn 0.3565 -0.8408 0.4073
vn -0.1861 -0.8842 0.4283
vn -0.9249 -0.3422 0.1658
vn -0.9991 -0.0380 0.0184
vn 0.9982 0.0542 -0.0263
vn -0.2771 0.8647 -0.4189
vn -0.6052 0.7165 -0.3471
vn -0.4940 -0.7825 0.3791
vn -0.9990 -0.0393 0.0190
vn 0.8717 0.4410 -0.2136
vn -0.9512 -0.2778 0.1346
vn 0.9870 -0.1445 0.0700
vn -0.1788 -0.8855 0.4289
vn 0.3282 -0.8501 0.4118
vn 0.6404 0.6912 -0.3348
vn -0.7843 0.5583 -0.2705
vn 0.0605 0.8983 -0.4352
vn -0.1100 0.8945 -0.4333
vn -0.3775 0.8334 -0.4037
vn 0.2095 -0.8800 0.4263
vn 0.3626 0.8387 -0.4063
vn -0.2963 -0.8595 0.4164
vn -0.9277 -0.3359 0.1627
vn -0.9979 0.0583 -0.0283
vn -0.3167 -0.8537 0.4135
vn 0.4924 0.7833 -0.3794
vn 0.1186 0.8936 -0.4329
vn 0.7804 0.5627 -0.2726
vn -0.9109 -0.3713 0.1799
vn 0.7383 -0.6070 0.2940
vn -0.5751 0.7363 -0.3567
vn 0.0523 -0.8987 0.4354
vn 0.1177 0.8937 -0.4329
vn 0.5080 0.7752 -0.3755
vn -0.4271 -0.8138 0.3942
vn 0.4273 0.8137 -0.3941
vn -0.6309 0.6983 -0.3383
vn 0.8798 -0.4278 0.2072
vn 0.8630 0.4547 -0.2203
vn -0.6236 -0.7035 0.3408
vn -0.0345 -0.8994 0.4357
vn 0.9586 0.2561 -0.1241
vn -0.9600 0.2521 -0.1221
vn 0.2578 0.8695 -0.4212
vn -0.1918 0.8833 -0.4279
vn -0.8080 -0.5303 0.2569
vn 0.8115 -0.5259 0.2547
vn 0.0613 -0.8983 0.4351
vn 0.4671 -0.7957 0.3855
vn -0.3114 0.8552 -0.4143
vn -0.9144 -0.3644 0.1765
vn 0.8172 0.5187 -0.2513
vn -0.0580 -0.8985 0.4352
vn 0.2445 0.8727 -0.4227
vn -0.5444 -0.7549 0.3657
vn 0.9809 0.1749 -0.0847
vn 0.1811 -0.8851 0.4288
vn 0.4577 -0.8002 0.3876
vn -0.2895 0.8614 -0.4173
vn 0.3023 0.8579 -0.4156
vn 0.6039 -0.7174 0.3475
vn 0.4409 0.8078 -0.3913
vn 0.9995 0.0278 -0.0135
vn -0.1510 -0.8897 0.4310
vn 0.2515 0.8710 -0.4219
vn 0.0774 0.8973 -0.4347
vn -0.1798 0.8853 -0.4289
vn -0.5648 0.7427 -0.3598
vn 0.3764 -0.8338 0.4039
vn 0.4098 -0.8209 0.3977
vn -0.3608 -0.8394 0.4066
vn 0.9987 -0.0455 0.0220
vn -0.9903 -0.1249 0.0605
vn -0.6809 0.6591 -0.3193
vn 0.6063 0.7157 -0.3467
vn 0.8758 -0.4345 0.2105
vn -0.9492 0.2832 -0.1372
vn -0.3636 -0.8384 0.4061
vn -0.1021 -0.8953 0.4337
vn 0.0918 0.8962 -0.4341
vn 0.6025 -0.7183 0.3479
vn -0.6188 0.7069 -0.3425
vn -0.9435 -0.2983 0.1445
vn -0.2031 -0.8812 0.4269
vn -0.7501 0.5952 -0.2883
vn 0.2031 0.8812 -0.4269
vn 0.9435 0.2983 -0.1445
vn 0.7501 -0.5952 0.2883
vn -0.9236 0.3449 -0.1671
vn -0.8606 0.4583 -0.2220
vn 0.2204 -0.8778 0.4252
vn -0.3065 -0.8567 0.4150
vn 0.8518 0.4714 -0.2284
vn -0.6477 0.6857 -0.3321
vn 0.6792 -0.6605 0.3200
vn -0.7616 0.5832 -0.2825
vn 0.1244 -0.8930 0.4326
vn -0.2764 0.8649 -0.4190
vn -0.8218 -0.5127 0.2484
vn 0.5645 0.7428 -0.3598
vn 0.9792 0.1828 -0.0886
vn -0.5039 0.7774 -0.3766
vn 0.9751 -0.1996 0.0967
vn 0.9971 -0.0681 0.0330
vn -0.9822 0.1692 -0.0820
vn 0.7923 0.5491 -0.2660
vn 0.9618 -0.2465 0.1194
vn -0.8638 0.4535 -0.2197
vn -0.0583 -0.8984 0.4352
vn 0.1948 -0.8827 0.4276
vn 0.7465 0.5989 -0.2901
vn -0.9016 -0.3894 0.1886
vn -0.0662 0.8980 -0.4350
vn 0.2391 -0.8739 0.4233
vn -0.3547 0.8414 -0.4076
vn -0.3497 -0.8431 0.4084
vn 0.3370 0.8473 -0.4105
vn 0.0195 0.8998 -0.4359
vn 0.5239 0.7666 -0.3713
vn -0.2747 -0.8653 0.4192
vn 0.1849 0.8845 -0.4284
vn -0.7918 -0.5497 0.2663
vn 0.8598 0.4595 -0.2226
vn -0.6873 0.6537 -0.3167
vn 0.6320 -0.6974 0.3378
vn -0.0981 -0.8956 0.4339
vn 0.0711 0.8977 -0.4349
vn 0.1604 -0.8883 0.4303
vn 0.3963 0.8263 -0.4003
vn -0.4643 -0.7971 0.3861
vn -0.5263 0.7652 -0.3707
vn 0.9394 -0.3086 0.1495
vn 0.8043 0.5348 -0.2591
vn -0.7783 -0.5650 0.2737
vn 0.5197 0.7689 -0.3725
vn 0.1190 0.8936 -0.4329
vn 0.9806 0.1765 -0.0855
vn -0.9864 0.1481 -0.0717
vn 0.3764 0.8338 -0.4039
vn -0.3232 0.8517 -0.4126
vn -0.7212 -0.6234 0.3020
vn 0.7294 -0.6157 0.2982
vn -0.1811 -0.8851 0.4288
vn 0.1078 -0.8947 0.4334
vn 0.5064 -0.7760 0.3759
vn -0.2611 0.8687 -0.4208
vn -0.9558 -0.2646 0.1282
vn 0.7188 0.6257 -0.3031
vn -0.9583 -0.2571 0.1246
vn -0.4070 -0.8221 0.3982
vn 0.2789 0.8643 -0.4187
vn -0.2333 0.8751 -0.4239
vn 0.1015 0.8953 -0.4337
vn 0.3054 -0.8570 0.4151
vn -0.1188 -0.8936 0.4329
vn -0.5731 0.7375 -0.3573
vn -0.5004 -0.7792 0.3774
vn -0.9990 -0.0401 0.0194
vn 0.9986 0.0479 -0.0232
vn 0.5362 -0.7596 0.3680
vn 0.9996 -0.0267 0.0129
vn -0.9697 0.2199 -0.1065
vn 0.0060 0.9000 -0.4360
vn -0.1402 -0.8911 0.4317
vn -0.6801 0.6598 -0.3196
vn 0.4534 -0.8022 0.3886
vn -0.8274 0.5054 -0.2448
vn -0.8923 -0.4063 0.1968
vn -0.0684 -0.8979 0.4349
vn 0.0684 0.8979 -0.4349
vn 0.8274 -0.5054 0.2448
vn 0.8923 0.4063 -0.1968
vn -0.5864 -0.7290 0.3531
vn 0.7721 0.5719 -0.2771
vn 0.9989 0.0424 -0.0205
vn 0.4378 0.8091 -0.3920
vn -0.9434 -0.2984 0.1445
vn 0.9434 0.2984 -0.1445
vn -0.9958 -0.0819 0.0397
vn 0.9333 -0.3232 0.1566
vn 0.2806 -0.8638 0.4184
vn 0.6480 -0.6855 0.3321
vn -0.0658 -0.8980 0.4350
vn -0.0762 0.8974 -0.4347
vn 0.6918 0.6499 -0.3148
vn 0.9208 -0.3510 0.1701
vn -0.9232 0.3459 -0.1676
vn 0.0634 -0.8982 0.4351
vn 0.8361 0.4937 -0.2391
vn -0.8342 -0.4962 0.2404
vn -0.0220 0.8997 -0.4359
vn 0.2708 -0.8663 0.4197
vn -0.3288 0.8499 -0.4117
vn -0.3986 -0.8254 0.3998
vn 0.3064 0.8567 -0.4150
vn 0.0205 -0.8998 0.4359
vn 0.9389 0.3098 -0.1501
vn 0.5350 0.7603 -0.3683
vn 0.5399 -0.7575 0.3669
vn -0.1923 0.8832 -0.4278
vn 0.4577 -0.8001 0.3876
vn -0.9823 -0.1688 0.0818
vn -0.6771 0.6623 -0.3208
vn -0.9249 -0.3421 0.1657
vn -0.3628 -0.8387 0.4063
vn 0.6550 -0.6800 0.3294
vn 0.1235 0.8931 -0.4326
vn 0.2318 -0.8754 0.4241
vn -0.2865 0.8622 -0.4177
vn -0.0863 -0.8966 0.4343
vn 0.3549 0.8414 -0.4076
vn -0.4537 0.8020 -0.3885
vn -0.9984 0.0506 -0.0245
vn 0.9867 0.1461 -0.0708
vn 0.6561 -0.6792 0.3290
vn -0.6268 -0.7013 0.3397
vn 0.9951 -0.0891 0.0432
vn -0.9839 0.1609 -0.0779
vn -0.0863 0.8966 -0.4343
vn 0.3042 -0.8573 0.4153
vn -0.1800 -0.8853 0.4288
vn -0.7253 0.6196 -0.3001
vn 0.8892 0.4117 -0.1995
vn 0.8216 -0.5131 0.2485
vn 0.9887 0.1347 -0.0652
vn -0.9390 -0.3095 0.1499
vn 0.3077 0.8563 -0.4148
vn 0.8166 0.5195 -0.2516
vn -0.3917 -0.8280 0.4011
vn -0.4850 0.7870 -0.3813
vn 0.0431 0.8991 -0.4356
vn -0.7185 -0.6260 0.3032
vn -0.7476 -0.5978 0.2896
vn -0.4987 0.7800 -0.3779
vn 0.5739 0.7370 -0.3570
vn -0.9638 0.2401 -0.1163
vn -0.1828 0.8848 -0.4286
vn -0.7503 -0.5950 0.2882
vn 0.9060 0.3809 -0.1845
vn 0.8625 -0.4554 0.2206
vn 0.0579 -0.8985 0.4352
vn -0.2996 0.8586 -0.4159
vn 0.3058 -0.8569 0.4151
vn -0.4425 -0.8071 0.3910
vn 0.2711 0.8663 -0.4196
vn 0.0517 0.8988 -0.4354
vn -0.0224 -0.8997 0.4358
vt 0.000000 0.000000
vt 0.142857 0.000000
vt 0.285714 0.000000
vt 1.000000 0.000000
vt 0.714286 0.000000
vt 0.857143 0.000000
vt 0.571429 0.000000
vt 0.428571 0.000000
vt 0.018519 0.000000
vt 0.037037 0.000000
vt 0.055556 0.000000
vt 0.074074 0.000000
vt 0.092593 0.000000
vt 0.981481 0.000000
vt 0.111111 0.000000
vt 0.129630 0.000000
vt 0.148148 0.000000
vt 0.962963 0.000000
vt 0.185185 0.000000
vt 0.203704 0.000000
vt 0.925926 0.000000
vt 0.907407 0.000000
vt 0.833333 0.000000
vt 0.851852 0.000000
vt 0.259259 0.000000
vt 0.222222 0.000000
vt 0.888889 0.000000
vt 0.240741 0.000000
vt 0.870370 0.000000
vt 0.166667 0.000000
vt 0.944444 0.000000
vt 0.759259 0.000000
vt 0.314815 0.000000
vt 0.740741 0.000000
vt 0.296296 0.000000
vt 0.777778 0.000000
vt 0.351852 0.000000
vt 0.685185 0.000000
vt 0.333333 0.000000
vt 0.703704 0.000000
vt 0.722222 0.000000
vt 0.500000 0.000000
vt 0.518519 0.000000
vt 0.481481 0.000000
vt 0.462963 0.000000
vt 0.537037 0.000000
vt 0.444444 0.000000
vt 0.555556 0.000000
vt 0.425926 0.000000
vt 0.574074 0.000000
vt 0.407407 0.000000
vt 0.592593 0.000000
vt 0.611111 0.000000
vt 0.388889 0.000000
vt 0.629630 0.000000
vt 0.370370 0.000000
vt 0.648148 0.000000
vt 0.666667 0.000000
vt 0.277778 0.000000
vt 0.814815 0.000000
vt 0.796296 0.000000
vt 0.520408 0.000000
vt 0.530612 0.000000
vt 0.224490 0.000000
vt 0.234694 0.000000
vt 0.510204 0.000000
vt 0.244898 0.000000
vt 0.755102 0.000000
vt 0.489796 0.000000
vt 0.479592 0.000000
vt 0.765306 0.000000
vt 0.469388 0.000000
vt 0.775510 0.000000
vt 0.459184 0.000000
vt 0.785714 0.000000
vt 0.448980 0.000000
vt 0.153061 0.000000
vt 0.612245 0.000000
vt 0.877551 0.000000
vt 0.377551 0.000000
vt 0.867347 0.000000
vt 0.602041 0.000000
vt 0.163265 0.000000
vt 0.387755 0.000000
vt 0.591837 0.000000
vt 0.173469 0.000000
vt 0.836735 0.000000
vt 0.846939 0.000000
vt 0.408163 0.000000
vt 0.397959 0.000000
vt 0.581633 0.000000
vt 0.183673 0.000000
vt 0.193878 0.000000
vt 0.561224 0.000000
vt 0.551020 0.000000
vt 0.204082 0.000000
vt 0.540816 0.000000
vt 0.214286 0.000000
vt 0.795918 0.000000
vt 0.438776 0.000000
vt 0.806122 0.000000
vt 0.816327 0.000000
vt 0.826531 0.000000
vt 0.418367 0.000000
vt 0.132653 0.000000
vt 0.632653 0.000000
vt 0.122449 0.000000
vt 0.897959 0.000000
vt 0.367347 0.000000
vt 0.887755 0.000000
vt 0.642857 0.000000
vt 0.112245 0.000000
vt 0.908163 0.000000
vt 0.357143 0.000000
vt 0.091837 0.000000
vt 0.663265 0.000000
vt 0.673469 0.000000
vt 0.081633 0.000000
vt 0.653061 0.000000
vt 0.102041 0.000000
vt 0.918367 0.000000
vt 0.346939 0.000000
vt 0.704082 0.000000
vt 0.061224 0.000000
vt 0.051020 0.000000
vt 0.010204 0.000000
vt 0.744898 0.000000
vt 0.030612 0.000000
vt 0.734694 0.000000
vt 0.020408 0.000000
vt 0.724490 0.000000
vt 0.040816 0.000000
vt 0.255102 0.000000
vt 0.265306 0.000000
vt 0.275510 0.000000
vt 0.989796 0.000000
vt 0.683673 0.000000
vt 0.693878 0.000000
vt 0.071429 0.000000
vt 0.979592 0.000000
vt 0.969388 0.000000
vt 0.295918 0.000000
vt 0.959184 0.000000
vt 0.306122 0.000000
vt 0.948980 0.000000
vt 0.316327 0.000000
vt 0.938776 0.000000
vt 0.326531 0.000000
vt 0.928571 0.000000
vt 0.336735 0.000000
vt 0.622449 0.000000
vt 0.017544 0.000000
vt 0.035088 0.000000
vt 0.052632 0.000000
vt 0.070175 0.000000
vt 0.929825 0.000000
vt 0.754386 0.000000
vt 0.771930 0.000000
vt 0.263158 0.000000
vt 0.245614 0.000000
vt 0.789474 0.000000
vt 0.228070 0.000000
vt 0.807018 0.000000
vt 0.210526 0.000000
vt 0.824561 0.000000
vt 0.192982 0.000000
vt 0.842105 0.000000
vt 0.175439 0.000000
vt 0.859649 0.000000
vt 0.157895 0.000000
vt 0.140351 0.000000
vt 0.877193 0.000000
vt 0.122807 0.000000
vt 0.894737 0.000000
vt 0.105263 0.000000
vt 0.087719 0.000000
vt 0.912281 0.000000
vt 0.947368 0.000000
vt 0.736842 0.000000
vt 0.280702 0.000000
vt 0.719298 0.000000
vt 0.298246 0.000000
vt 0.315789 0.000000
vt 0.701754 0.000000
vt 0.368421 0.000000
vt 0.385965 0.000000
vt 0.649123 0.000000
vt 0.350877 0.000000
vt 0.684211 0.000000
vt 0.421053 0.000000
vt 0.438596 0.000000
vt 0.614035 0.000000
vt 0.491228 0.000000
vt 0.508772 0.000000
vt 0.526316 0.000000
vt 0.543860 0.000000
vt 0.456140 0.000000
vt 0.596491 0.000000
vt 0.473684 0.000000
vt 0.578947 0.000000
vt 0.561404 0.000000
vt 0.403509 0.000000
vt 0.631579 0.000000
vt 0.964912 0.000000
vt 0.982456 0.000000
vt 0.283237 0.000000
vt 0.289017 0.000000
vt 0.294798 0.000000
vt 0.300578 0.000000
vt 0.306358 0.000000
vt 0.260116 0.000000
vt 0.323699 0.000000
vt 0.329480 0.000000
vt 0.254335 0.000000
vt 0.526012 0.000000
vt 0.531792 0.000000
vt 0.913295 0.000000
vt 0.520231 0.000000
vt 0.919075 0.000000
vt 0.514451 0.000000
vt 0.924855 0.000000
vt 0.508671 0.000000
vt 0.502890 0.000000
vt 0.930636 0.000000
vt 0.497110 0.000000
vt 0.936416 0.000000
vt 0.491329 0.000000
vt 0.485549 0.000000
vt 0.942197 0.000000
vt 0.479769 0.000000
vt 0.473988 0.000000
vt 0.312139 0.000000
vt 0.317919 0.000000
vt 0.277457 0.000000
vt 0.271676 0.000000
vt 0.265896 0.000000
vt 0.589595 0.000000
vt 0.872832 0.000000
vt 0.583815 0.000000
vt 0.878613 0.000000
vt 0.578035 0.000000
vt 0.884393 0.000000
vt 0.959538 0.000000
vt 0.965318 0.000000
vt 0.456647 0.000000
vt 0.450867 0.000000
vt 0.346821 0.000000
vt 0.225434 0.000000
vt 0.231214 0.000000
vt 0.867052 0.000000
vt 0.595376 0.000000
vt 0.601156 0.000000
vt 0.861272 0.000000
vt 0.219653 0.000000
vt 0.352601 0.000000
vt 0.358382 0.000000
vt 0.213873 0.000000
vt 0.369942 0.000000
vt 0.208092 0.000000
vt 0.364162 0.000000
vt 0.606936 0.000000
vt 0.612717 0.000000
vt 0.855491 0.000000
vt 0.618497 0.000000
vt 0.849711 0.000000
vt 0.976879 0.000000
vt 0.982659 0.000000
vt 0.439306 0.000000
vt 0.971098 0.000000
vt 0.445087 0.000000
vt 0.572254 0.000000
vt 0.890173 0.000000
vt 0.566474 0.000000
vt 0.560694 0.000000
vt 0.895954 0.000000
vt 0.554913 0.000000
vt 0.901734 0.000000
vt 0.549133 0.000000
vt 0.543353 0.000000
vt 0.907514 0.000000
vt 0.537572 0.000000
vt 0.947977 0.000000
vt 0.468208 0.000000
vt 0.953757 0.000000
vt 0.462428 0.000000
vt 0.335260 0.000000
vt 0.248555 0.000000
vt 0.242775 0.000000
vt 0.341040 0.000000
vt 0.236994 0.000000
vt 0.832370 0.000000
vt 0.630058 0.000000
vt 0.635838 0.000000
vt 0.826590 0.000000
vt 0.641618 0.000000
vt 0.820809 0.000000
vt 0.375723 0.000000
vt 0.381503 0.000000
vt 0.196532 0.000000
vt 0.202312 0.000000
vt 0.676301 0.000000
vt 0.682081 0.000000
vt 0.670520 0.000000
vt 0.647399 0.000000
vt 0.815029 0.000000
vt 0.809249 0.000000
vt 0.803468 0.000000
vt 0.797688 0.000000
vt 0.791907 0.000000
vt 0.433526 0.000000
vt 0.994220 0.000000
vt 0.393064 0.000000
vt 0.398844 0.000000
vt 0.173410 0.000000
vt 0.179191 0.000000
vt 0.184971 0.000000
vt 0.387283 0.000000
vt 0.190751 0.000000
vt 0.745665 0.000000
vt 0.086705 0.000000
vt 0.739884 0.000000
vt 0.092486 0.000000
vt 0.734104 0.000000
vt 0.728324 0.000000
vt 0.722543 0.000000
vt 0.098266 0.000000
vt 0.716763 0.000000
vt 0.104046 0.000000
vt 0.710983 0.000000
vt 0.080925 0.000000
vt 0.751445 0.000000
vt 0.757225 0.000000
vt 0.075145 0.000000
vt 0.763006 0.000000
vt 0.069364 0.000000
vt 0.063584 0.000000
vt 0.005780 0.000000
vt 0.786127 0.000000
vt 0.011561 0.000000
vt 0.017341 0.000000
vt 0.780347 0.000000
vt 0.034682 0.000000
vt 0.028902 0.000000
vt 0.023121 0.000000
vt 0.768786 0.000000
vt 0.057803 0.000000
vt 0.774566 0.000000
vt 0.052023 0.000000
vt 0.046243 0.000000
vt 0.040462 0.000000
vt 0.705202 0.000000
vt 0.109827 0.000000
vt 0.699422 0.000000
vt 0.693642 0.000000
vt 0.687861 0.000000
vt 0.664740 0.000000
vt 0.658960 0.000000
vt 0.115607 0.000000
vt 0.653179 0.000000
vt 0.121387 0.000000
vt 0.127168 0.000000
vt 0.132948 0.000000
vt 0.138728 0.000000
vt 0.144509 0.000000
vt 0.427746 0.000000
vt 0.421965 0.000000
vt 0.150289 0.000000
vt 0.416185 0.000000
vt 0.156069 0.000000
vt 0.410405 0.000000
vt 0.161850 0.000000
vt 0.404624 0.000000
vt 0.167630 0.000000
vt 0.624277 0.000000
vt 0.843931 0.000000
vt 0.838150 0.000000
vt 0.988439 0.000000
vt 0.070707 0.000000
vt 0.060606 0.000000
vt 0.050505 0.000000
vt 0.040404 0.000000
vt 0.030303 0.000000
vt 0.020202 0.000000
vt 0.515152 0.000000
vt 0.010101 0.000000
vt 0.505050 0.000000
vt 0.101010 0.000000
vt 0.959596 0.000000
vt 0.090909 0.000000
vt 0.969697 0.000000
vt 0.979798 0.000000
vt 0.080808 0.000000
vt 0.989899 0.000000
vt 0.525253 0.000000
vt 0.535354 0.000000
vt 0.545455 0.000000
vt 0.919192 0.000000
vt 0.929293 0.000000
vt 0.121212 0.000000
vt 0.909091 0.000000
vt 0.131313 0.000000
vt 0.898990 0.000000
vt 0.141414 0.000000
vt 0.878788 0.000000
vt 0.616162 0.000000
vt 0.626263 0.000000
vt 0.424242 0.000000
vt 0.414141 0.000000
vt 0.434343 0.000000
vt 0.464646 0.000000
vt 0.585859 0.000000
vt 0.595960 0.000000
vt 0.454545 0.000000
vt 0.606061 0.000000
vt 0.939394 0.000000
vt 0.949495 0.000000
vt 0.565657 0.000000
vt 0.494949 0.000000
vt 0.575758 0.000000
vt 0.484848 0.000000
vt 0.474747 0.000000
vt 0.646465 0.000000
vt 0.393939 0.000000
vt 0.636364 0.000000
vt 0.404040 0.000000
vt 0.161616 0.000000
vt 0.848485 0.000000
vt 0.858586 0.000000
vt 0.868687 0.000000
vt 0.151515 0.000000
vt 0.656566 0.000000
vt 0.373737 0.000000
vt 0.383838 0.000000
vt 0.838384 0.000000
vt 0.171717 0.000000
vt 0.181818 0.000000
vt 0.828283 0.000000
vt 0.676768 0.000000
vt 0.353535 0.000000
vt 0.363636 0.000000
vt 0.212121 0.000000
vt 0.797980 0.000000
vt 0.787879 0.000000
vt 0.232323 0.000000
vt 0.242424 0.000000
vt 0.767677 0.000000
vt 0.252525 0.000000
vt 0.757576 0.000000
vt 0.262626 0.000000
vt 0.747475 0.000000
vt 0.272727 0.000000
vt 0.737374 0.000000
vt 0.282828 0.000000
vt 0.727273 0.000000
vt 0.292929 0.000000
vt 0.717172 0.000000
vt 0.303030 0.000000
vt 0.191919 0.000000
vt 0.818182 0.000000
vt 0.202020 0.000000
vt 0.808081 0.000000
vt 0.707071 0.000000
vt 0.313131 0.000000
vt 0.696970 0.000000
vt 0.323232 0.000000
vt 0.686869 0.000000
vt 0.343434 0.000000
vt 0.440678 0.000000
vt 0.457627 0.000000
vt 0.474576 0.000000
vt 0.423729 0.000000
vt 0.491525 0.000000
vt 0.508475 0.000000
vt 0.525424 0.000000
vt 0.576271 0.000000
vt 0.406780 0.000000
vt 0.593220 0.000000
vt 0.389830 0.000000
vt 0.610169 0.000000
vt 0.372881 0.000000
vt 0.627119 0.000000
vt 0.355932 0.000000
vt 0.644068 0.000000
vt 0.338983 0.000000
vt 0.322034 0.000000
vt 0.661017 0.000000
vt 0.305085 0.000000
vt 0.288136 0.000000
vt 0.779661 0.000000
vt 0.067797 0.000000
vt 0.762712 0.000000
vt 0.084746 0.000000
vt 0.796610 0.000000
vt 0.050847 0.000000
vt 0.118644 0.000000
vt 0.745763 0.000000
vt 0.101695 0.000000
vt 0.983051 0.000000
vt 0.966102 0.000000
vt 0.949153 0.000000
vt 0.932203 0.000000
vt 0.915254 0.000000
vt 0.898305 0.000000
vt 0.881356 0.000000
vt 0.864407 0.000000
vt 0.016949 0.000000
vt 0.847458 0.000000
vt 0.830508 0.000000
vt 0.813559 0.000000
vt 0.033898 0.000000
vt 0.542373 0.000000
vt 0.559322 0.000000
vt 0.677966 0.000000
vt 0.271186 0.000000
vt 0.254237 0.000000
vt 0.694915 0.000000
vt 0.237288 0.000000
vt 0.220339 0.000000
vt 0.711864 0.000000
vt 0.203390 0.000000
vt 0.186441 0.000000
vt 0.728814 0.000000
vt 0.169492 0.000000
vt 0.152542 0.000000
vt 0.135593 0.000000
vt 0.549020 0.000000
vt 0.568627 0.000000
vt 0.588235 0.000000
vt 0.607843 0.000000
vt 0.529412 0.000000
vt 0.509804 0.000000
vt 0.490196 0.000000
vt 0.627451 0.000000
vt 0.470588 0.000000
vt 0.647059 0.000000
vt 0.450980 0.000000
vt 0.764706 0.000000
vt 0.784314 0.000000
vt 0.745098 0.000000
vt 0.725490 0.000000
vt 0.431373 0.000000
vt 0.294118 0.000000
vt 0.313726 0.000000
vt 0.274510 0.000000
vt 0.254902 0.000000
vt 0.176471 0.000000
vt 0.921569 0.000000
vt 0.941176 0.000000
vt 0.156863 0.000000
vt 0.078431 0.000000
vt 0.098039 0.000000
vt 0.117647 0.000000
vt 0.980392 0.000000
vt 0.960784 0.000000
vt 0.137255 0.000000
vt 0.196078 0.000000
vt 0.901961 0.000000
vt 0.019608 0.000000
vt 0.039216 0.000000
vt 0.058824 0.000000
vt 0.803922 0.000000
vt 0.823529 0.000000
vt 0.843137 0.000000
vt 0.862745 0.000000
vt 0.705882 0.000000
vt 0.882353 0.000000
vt 0.686275 0.000000
vt 0.215686 0.000000
vt 0.411765 0.000000
vt 0.235294 0.000000
vt 0.392157 0.000000
vt 0.372549 0.000000
vt 0.352941 0.000000
vt 0.200000 0.000000
vt 0.203922 0.000000
vt 0.207843 0.000000
vt 0.305882 0.000000
vt 0.309804 0.000000
vt 0.898039 0.000000
vt 0.301961 0.000000
vt 0.298039 0.000000
vt 0.905882 0.000000
vt 0.290196 0.000000
vt 0.909804 0.000000
vt 0.286275 0.000000
vt 0.913725 0.000000
vt 0.282353 0.000000
vt 0.278431 0.000000
vt 0.917647 0.000000
vt 0.270588 0.000000
vt 0.266667 0.000000
vt 0.262745 0.000000
vt 0.325490 0.000000
vt 0.321569 0.000000
vt 0.886275 0.000000
vt 0.933333 0.000000
vt 0.937255 0.000000
vt 0.247059 0.000000
vt 0.243137 0.000000
vt 0.870588 0.000000
vt 0.874510 0.000000
vt 0.329412 0.000000
vt 0.482353 0.000000
vt 0.486275 0.000000
vt 0.152941 0.000000
vt 0.149020 0.000000
vt 0.145098 0.000000
vt 0.141176 0.000000
vt 0.690196 0.000000
vt 0.749020 0.000000
vt 0.752941 0.000000
vt 0.878431 0.000000
vt 0.945098 0.000000
vt 0.949020 0.000000
vt 0.952941 0.000000
vt 0.462745 0.000000
vt 0.466667 0.000000
vt 0.239216 0.000000
vt 0.474510 0.000000
vt 0.231373 0.000000
vt 0.164706 0.000000
vt 0.168627 0.000000
vt 0.478431 0.000000
vt 0.160784 0.000000
vt 0.694118 0.000000
vt 0.133333 0.000000
vt 0.129412 0.000000
vt 0.698039 0.000000
vt 0.125490 0.000000
vt 0.121569 0.000000
vt 0.023529 0.000000
vt 0.317647 0.000000
vt 0.890196 0.000000
vt 0.894118 0.000000
vt 0.925490 0.000000
vt 0.258824 0.000000
vt 0.929412 0.000000
vt 0.250980 0.000000
vt 0.227451 0.000000
vt 0.223529 0.000000
vt 0.219608 0.000000
vt 0.211765 0.000000
vt 0.192157 0.000000
vt 0.188235 0.000000
vt 0.184314 0.000000
vt 0.180392 0.000000
vt 0.172549 0.000000
vt 0.701961 0.000000
vt 0.113725 0.000000
vt 0.109804 0.000000
vt 0.105882 0.000000
vt 0.101961 0.000000
vt 0.094118 0.000000
vt 0.709804 0.000000
vt 0.090196 0.000000
vt 0.086275 0.000000
vt 0.082353 0.000000
vt 0.713726 0.000000
vt 0.074510 0.000000
vt 0.070588 0.000000
vt 0.717647 0.000000
vt 0.066667 0.000000
vt 0.062745 0.000000
vt 0.721569 0.000000
vt 0.054902 0.000000
vt 0.050980 0.000000
vt 0.047059 0.000000
vt 0.729412 0.000000
vt 0.043137 0.000000
vt 0.733333 0.000000
vt 0.737255 0.000000
vt 0.035294 0.000000
vt 0.031373 0.000000
vt 0.741176 0.000000
vt 0.027451 0.000000
vt 0.956863 0.000000
vt 0.454902 0.000000
vt 0.498039 0.000000
vt 0.678431 0.000000
vt 0.494118 0.000000
vt 0.682353 0.000000
vt 0.011765 0.000000
vt 0.760784 0.000000
vt 0.776471 0.000000
vt 0.003922 0.000000
vt 0.772549 0.000000
vt 0.337255 0.000000
vt 0.858824 0.000000
vt 0.968627 0.000000
vt 0.443137 0.000000
vt 0.964706 0.000000
vt 0.447059 0.000000
vt 0.674510 0.000000
vt 0.501961 0.000000
vt 0.670588 0.000000
vt 0.007843 0.000000
vt 0.768627 0.000000
vt 0.866667 0.000000
vt 0.854902 0.000000
vt 0.341176 0.000000
vt 0.345098 0.000000
vt 0.850980 0.000000
vt 0.976471 0.000000
vt 0.435294 0.000000
vt 0.972549 0.000000
vt 0.439216 0.000000
vt 0.662745 0.000000
vt 0.513726 0.000000
vt 0.658824 0.000000
vt 0.505882 0.000000
vt 0.780392 0.000000
vt 0.839216 0.000000
vt 0.356863 0.000000
vt 0.835294 0.000000
vt 0.419608 0.000000
vt 0.423529 0.000000
vt 0.988235 0.000000
vt 0.360784 0.000000
vt 0.831373 0.000000
vt 0.364706 0.000000
vt 0.827451 0.000000
vt 0.368627 0.000000
vt 0.376471 0.000000
vt 0.819608 0.000000
vt 0.380392 0.000000
vt 0.815686 0.000000
vt 0.384314 0.000000
vt 0.388235 0.000000
vt 0.396078 0.000000
vt 0.400000 0.000000
vt 0.996078 0.000000
vt 0.403922 0.000000
vt 0.407843 0.000000
vt 0.992157 0.000000
vt 0.415686 0.000000
vt 0.564706 0.000000
vt 0.631373 0.000000
vt 0.572549 0.000000
vt 0.576471 0.000000
vt 0.580392 0.000000
vt 0.584314 0.000000
vt 0.811765 0.000000
vt 0.592157 0.000000
vt 0.596078 0.000000
vt 0.349020 0.000000
vt 0.847059 0.000000
vt 0.984314 0.000000
vt 0.427451 0.000000
vt 0.517647 0.000000
vt 0.654902 0.000000
vt 0.521569 0.000000
vt 0.650980 0.000000
vt 0.525490 0.000000
vt 0.533333 0.000000
vt 0.537255 0.000000
vt 0.643137 0.000000
vt 0.541176 0.000000
vt 0.545098 0.000000
vt 0.639216 0.000000
vt 0.552941 0.000000
vt 0.635294 0.000000
vt 0.556863 0.000000
vt 0.560784 0.000000
vt 0.807843 0.000000
vt 0.600000 0.000000
vt 0.603922 0.000000
vt 0.611765 0.000000
vt 0.800000 0.000000
vt 0.615686 0.000000
vt 0.619608 0.000000
vt 0.796078 0.000000
vt 0.792157 0.000000
vt 0.788235 0.000000
vt 0.458824 0.000000
vt 0.756863 0.000000
vt 0.015686 0.000000
vt 0.623529 0.000000
vt 0.035714 0.000000
vt 0.053571 0.000000
vt 0.017857 0.000000
vt 0.089286 0.000000
vt 0.107143 0.000000
vt 0.982143 0.000000
vt 0.125000 0.000000
vt 0.964286 0.000000
vt 0.250000 0.000000
vt 0.267857 0.000000
vt 0.839286 0.000000
vt 0.821429 0.000000
vt 0.910714 0.000000
vt 0.196429 0.000000
vt 0.892857 0.000000
vt 0.232143 0.000000
vt 0.875000 0.000000
vt 0.160714 0.000000
vt 0.946429 0.000000
vt 0.178571 0.000000
vt 0.339286 0.000000
vt 0.750000 0.000000
vt 0.321429 0.000000
vt 0.767857 0.000000
vt 0.303571 0.000000
vt 0.732143 0.000000
vt 0.535714 0.000000
vt 0.553571 0.000000
vt 0.517857 0.000000
vt 0.482143 0.000000
vt 0.464286 0.000000
vt 0.589286 0.000000
vt 0.446429 0.000000
vt 0.607143 0.000000
vt 0.625000 0.000000
vt 0.410714 0.000000
vt 0.392857 0.000000
vt 0.660714 0.000000
vt 0.678571 0.000000
vt 0.375000 0.000000
vt 0.696429 0.000000
vt 0.803571 0.000000
vt 0.268041 0.000000
vt 0.278351 0.000000
vt 0.721649 0.000000
vt 0.731959 0.000000
vt 0.257732 0.000000
vt 0.742268 0.000000
vt 0.247423 0.000000
vt 0.752577 0.000000
vt 0.237113 0.000000
vt 0.762887 0.000000
vt 0.226804 0.000000
vt 0.773196 0.000000
vt 0.216495 0.000000
vt 0.783505 0.000000
vt 0.793814 0.000000
vt 0.206186 0.000000
vt 0.195876 0.000000
vt 0.371134 0.000000
vt 0.639175 0.000000
vt 0.360825 0.000000
vt 0.649485 0.000000
vt 0.876289 0.000000
vt 0.123711 0.000000
vt 0.865979 0.000000
vt 0.350515 0.000000
vt 0.659794 0.000000
vt 0.134021 0.000000
vt 0.855670 0.000000
vt 0.340206 0.000000
vt 0.670103 0.000000
vt 0.329897 0.000000
vt 0.680412 0.000000
vt 0.154639 0.000000
vt 0.835052 0.000000
vt 0.845361 0.000000
vt 0.144330 0.000000
vt 0.319588 0.000000
vt 0.690722 0.000000
vt 0.309278 0.000000
vt 0.701031 0.000000
vt 0.298969 0.000000
vt 0.711340 0.000000
vt 0.288660 0.000000
vt 0.804124 0.000000
vt 0.185567 0.000000
vt 0.814433 0.000000
vt 0.175258 0.000000
vt 0.824742 0.000000
vt 0.164948 0.000000
vt 0.896907 0.000000
vt 0.103093 0.000000
vt 0.886598 0.000000
vt 0.113402 0.000000
vt 0.618557 0.000000
vt 0.391753 0.000000
vt 0.402062 0.000000
vt 0.608247 0.000000
vt 0.628866 0.000000
vt 0.381443 0.000000
vt 0.907216 0.000000
vt 0.092784 0.000000
vt 0.597938 0.000000
vt 0.412371 0.000000
vt 0.422680 0.000000
vt 0.587629 0.000000
vt 0.917526 0.000000
vt 0.927835 0.000000
vt 0.061856 0.000000
vt 0.072165 0.000000
vt 0.082474 0.000000
vt 0.443299 0.000000
vt 0.453608 0.000000
vt 0.567010 0.000000
vt 0.556701 0.000000
vt 0.494845 0.000000
vt 0.505155 0.000000
vt 0.515464 0.000000
vt 0.484536 0.000000
vt 0.536082 0.000000
vt 0.525773 0.000000
vt 0.989691 0.000000
vt 0.463918 0.000000
vt 0.546392 0.000000
vt 0.474227 0.000000
vt 0.979381 0.000000
vt 0.969072 0.000000
vt 0.010309 0.000000
vt 0.958763 0.000000
vt 0.020619 0.000000
vt 0.432990 0.000000
vt 0.577320 0.000000
vt 0.948454 0.000000
vt 0.030928 0.000000
vt 0.938144 0.000000
vt 0.041237 0.000000
vt 0.051546 0.000000
vt 0.436090 0.000000
vt 0.443609 0.000000
vt 0.458647 0.000000
vt 0.451128 0.000000
vt 0.503759 0.000000
vt 0.398496 0.000000
vt 0.496241 0.000000
vt 0.406015 0.000000
vt 0.488722 0.000000
vt 0.481203 0.000000
vt 0.413534 0.000000
vt 0.466165 0.000000
vt 0.172932 0.000000
vt 0.180451 0.000000
vt 0.819549 0.000000
vt 0.827068 0.000000
vt 0.165414 0.000000
vt 0.909774 0.000000
vt 0.090226 0.000000
vt 0.902256 0.000000
vt 0.541353 0.000000
vt 0.360902 0.000000
vt 0.533835 0.000000
vt 0.375940 0.000000
vt 0.097744 0.000000
vt 0.518797 0.000000
vt 0.383459 0.000000
vt 0.751880 0.000000
vt 0.759399 0.000000
vt 0.225564 0.000000
vt 0.879699 0.000000
vt 0.887218 0.000000
vt 0.511278 0.000000
vt 0.390977 0.000000
vt 0.218045 0.000000
vt 0.766917 0.000000
vt 0.774436 0.000000
vt 0.781955 0.000000
vt 0.203008 0.000000
vt 0.796992 0.000000
vt 0.195489 0.000000
vt 0.804511 0.000000
vt 0.187970 0.000000
vt 0.812030 0.000000
vt 0.834586 0.000000
vt 0.150376 0.000000
vt 0.849624 0.000000
vt 0.135338 0.000000
vt 0.127820 0.000000
vt 0.864662 0.000000
vt 0.120301 0.000000
vt 0.872180 0.000000
vt 0.112782 0.000000
vt 0.353383 0.000000
vt 0.548872 0.000000
vt 0.556391 0.000000
vt 0.345865 0.000000
vt 0.338346 0.000000
vt 0.932331 0.000000
vt 0.067669 0.000000
vt 0.924812 0.000000
vt 0.075188 0.000000
vt 0.917293 0.000000
vt 0.082707 0.000000
vt 0.563910 0.000000
vt 0.330827 0.000000
vt 0.240602 0.000000
vt 0.729323 0.000000
vt 0.939850 0.000000
vt 0.060150 0.000000
vt 0.962406 0.000000
vt 0.969925 0.000000
vt 0.015038 0.000000
vt 0.022556 0.000000
vt 0.992481 0.000000
vt 0.984962 0.000000
vt 0.977444 0.000000
vt 0.007519 0.000000
vt 0.323308 0.000000
vt 0.586466 0.000000
vt 0.308271 0.000000
vt 0.593985 0.000000
vt 0.300752 0.000000
vt 0.601504 0.000000
vt 0.293233 0.000000
vt 0.609023 0.000000
vt 0.616541 0.000000
vt 0.624060 0.000000
vt 0.278196 0.000000
vt 0.270677 0.000000
vt 0.639098 0.000000
vt 0.646617 0.000000
vt 0.654135 0.000000
vt 0.661654 0.000000
vt 0.669173 0.000000
vt 0.676692 0.000000
vt 0.691729 0.000000
vt 0.699248 0.000000
vt 0.255639 0.000000
vt 0.706767 0.000000
vt 0.248120 0.000000
vt 0.721804 0.000000
vt 0.954887 0.000000
vt 0.030075 0.000000
vt 0.037594 0.000000
vt 0.045113 0.000000
vt 0.233083 0.000000
vt 0.744361 0.000000
s 0
usemtl Material
f 226/88/276 227/89/276 228/90/276
f 226/88/276 228/90/276 233/91/276
f 228/90/276 231/92/276 233/91/276
f 232/93/276 233/91/276 231/92/276
f 231/92/276 228/90/276 230/94/276
f 229/95/276 230/94/276 228/90/276
f 235/96/276 236/97/276 237/98/276
f 234/88/276 235/96/276 237/98/276
f 234/88/276 237/98/276 238/99/276
f 238/99/276 239/100/276 234/88/276
f 287/101/276 234/88/276 239/100/276
f 239/100/276 240/102/276 287/101/276
f 240/102/276 241/103/276 287/101/276
f 241/103/276 242/104/276 287/101/276
f 242/104/276 286/105/276 287/101/276
f 244/106/276 245/107/276 284/108/276
f 283/109/276 284/108/276 245/107/276
f 279/110/276 280/111/276 248/112/276
f 283/109/276 245/107/276 246/113/276
f 282/114/276 283/109/276 246/113/276
f 246/113/276 247/115/276 282/114/276
f 281/116/276 282/114/276 247/115/276
f 247/115/276 248/112/276 281/116/276
f 248/112/276 280/111/276 281/116/276
f 286/105/276 242/104/276 243/117/276
f 285/118/276 286/105/276 243/117/276
f 243/117/276 244/106/276 285/118/276
f 244/106/276 284/108/276 285/118/276
f 275/119/276 251/120/276 274/121/276
f 251/120/276 275/119/276 250/122/276
f 276/123/276 250/122/276 275/119/276
f 253/124/276 271/125/276 252/126/276
f 271/125/276 272/127/276 252/126/276
f 272/127/276 273/128/276 252/126/276
f 251/120/276 252/126/276 273/128/276
f 274/121/276 251/120/276 273/128/276
f 261/129/276 262/130/276 260/131/276
f 259/132/276 260/131/276 262/130/276
f 262/130/276 263/133/276 259/132/276
f 258/134/276 259/132/276 263/133/276
f 263/133/276 264/135/276 258/134/276
f 257/136/276 258/134/276 264/135/276
f 264/135/276 265/137/276 257/136/276
f 257/136/276 265/137/276 256/138/276
f 265/137/276 266/139/276 256/138/276
f 266/139/276 267/140/276 256/138/276
f 255/141/276 256/138/276 267/140/276
f 267/140/276 268/142/276 255/141/276
f 254/143/276 255/141/276 268/142/276
f 268/142/276 269/144/276 254/143/276
f 269/144/276 270/145/276 254/143/276
f 253/124/276 254/143/276 270/145/276
f 271/125/276 253/124/276 270/145/276
f 279/110/276 248/112/276 249/146/276
f 278/147/276 279/110/276 249/146/276
f 277/148/276 278/147/276 249/146/276
f 249/146/276 250/122/276 277/148/276
f 250/122/276 276/123/276 277/148/276
f 234/88/276 287/101/276 288/91/276
f 340/149/276 341/150/276 311/151/276
f 311/151/276 312/152/276 340/149/276
f 339/153/276 340/149/276 312/152/276
f 312/152/276 313/154/276 339/153/276
f 338/129/276 339/153/276 313/154/276
f 313/154/276 363/155/276 338/129/276
f 337/156/276 338/129/276 363/155/276
f 336/157/276 337/156/276 363/155/276
f 363/155/276 364/158/276 336/157/276
f 335/159/276 336/157/276 364/158/276
f 364/158/276 365/160/276 335/159/276
f 334/161/276 335/159/276 365/160/276
f 365/160/276 366/162/276 334/161/276
f 333/163/276 334/161/276 366/162/276
f 304/164/276 349/165/276 303/89/276
f 375/166/276 326/167/276 374/168/276
f 349/165/276 304/164/276 348/169/276
f 305/170/276 348/169/276 304/164/276
f 327/171/276 373/93/276 374/168/276
f 374/168/276 326/167/276 327/171/276
f 348/169/276 305/170/276 347/172/276
f 306/173/276 347/172/276 305/170/276
f 371/174/276 372/175/276 329/176/276
f 328/177/276 329/176/276 372/175/276
f 372/175/276 373/93/276 328/177/276
f 373/93/276 327/171/276 328/177/276
f 347/172/276 306/173/276 346/178/276
f 306/173/276 307/179/276 346/178/276
f 345/94/276 346/178/276 307/179/276
f 307/179/276 308/180/276 345/94/276
f 344/181/276 345/94/276 308/180/276
f 343/182/276 344/181/276 308/180/276
f 308/180/276 309/183/276 343/182/276
f 342/184/276 343/182/276 309/183/276
f 309/183/276 310/185/276 342/184/276
f 341/150/276 342/184/276 310/185/276
f 311/151/276 341/150/276 310/185/276
f 333/163/276 366/162/276 367/186/276
f 332/187/276 333/163/276 367/186/276
f 367/186/276 368/188/276 332/187/276
f 331/95/276 332/187/276 368/188/276
f 368/188/276 369/189/276 331/95/276
f 369/189/276 370/190/276 331/95/276
f 330/191/276 331/95/276 370/190/276
f 370/190/276 371/174/276 330/191/276
f 371/174/276 329/176/276 330/191/276
f 302/192/276 351/193/276 301/194/276
f 377/195/276 325/196/276 376/197/276
f 301/194/276 351/193/276 352/198/276
f 352/198/276 300/199/276 301/194/276
f 378/200/276 324/201/276 377/195/276
f 325/196/276 377/195/276 324/201/276
f 298/202/276 354/203/276 355/204/276
f 355/204/276 297/205/276 298/202/276
f 300/199/276 352/198/276 353/206/276
f 299/207/276 300/199/276 353/206/276
f 353/206/276 354/203/276 299/207/276
f 354/203/276 298/202/276 299/207/276
f 378/200/276 379/208/276 323/209/276
f 324/201/276 378/200/276 323/209/276
f 358/210/276 359/92/276 295/211/276
f 359/92/276 294/212/276 295/211/276
f 290/213/276 362/214/276 289/88/276
f 292/215/276 361/216/276 362/214/276
f 291/217/276 292/215/276 362/214/276
f 362/214/276 290/213/276 291/217/276
f 294/212/276 359/92/276 360/218/276
f 293/219/276 294/212/276 360/218/276
f 360/218/276 361/216/276 293/219/276
f 361/216/276 292/215/276 293/219/276
f 314/220/276 315/221/276 387/91/276
f 315/221/276 316/222/276 387/91/276
f 386/223/276 387/91/276 316/222/276
f 316/222/276 317/90/276 386/223/276
f 297/205/276 355/204/276 356/224/276
f 356/224/276 357/225/276 297/205/276
f 296/226/276 297/205/276 357/225/276
f 357/225/276 358/210/276 296/226/276
f 358/210/276 295/211/276 296/226/276
f 386/223/276 317/90/276 385/227/276
f 384/228/276 385/227/276 317/90/276
f 317/90/276 318/229/276 384/228/276
f 383/230/276 384/228/276 318/229/276
f 318/229/276 319/231/276 383/230/276
f 382/232/276 383/230/276 319/231/276
f 319/231/276 320/233/276 382/232/276
f 381/234/276 382/232/276 320/233/276
f 320/233/276 321/235/276 381/234/276
f 380/236/276 381/234/276 321/235/276
f 321/235/276 322/237/276 380/236/276
f 379/208/276 380/236/276 322/237/276
f 323/209/276 379/208/276 322/237/276
f 351/193/276 302/192/276 350/238/276
f 349/165/276 350/238/276 302/192/276
f 303/89/276 349/165/276 302/192/276
f 363/155/276 313/154/276 387/91/276
f 326/167/276 375/166/276 376/197/276
f 376/197/276 325/196/276 326/167/276
f 314/220/276 387/91/276 313/154/276
f 389/239/276 390/240/276 391/241/276
f 391/241/276 392/242/276 441/243/276
f 431/244/276 432/245/276 403/246/276
f 403/246/276 432/245/276 402/247/276
f 432/245/276 433/248/276 402/247/276
f 402/247/276 433/248/276 401/249/276
f 433/248/276 434/250/276 401/249/276
f 400/251/276 401/249/276 434/250/276
f 434/250/276 435/252/276 400/251/276
f 399/253/276 400/251/276 435/252/276
f 435/252/276 436/254/276 399/253/276
f 398/255/276 399/253/276 436/254/276
f 436/254/276 437/256/276 398/255/276
f 397/257/276 398/255/276 437/256/276
f 396/258/276 397/257/276 437/256/276
f 437/256/276 438/259/276 396/258/276
f 395/260/276 396/258/276 438/259/276
f 438/259/276 439/261/276 395/260/276
f 394/262/276 395/260/276 439/261/276
f 393/263/276 394/262/276 439/261/276
f 439/261/276 440/264/276 393/263/276
f 392/242/276 393/263/276 440/264/276
f 441/243/276 392/242/276 440/264/276
f 391/241/276 441/243/276 442/265/276
f 442/265/276 445/91/276 391/241/276
f 389/239/276 391/241/276 445/91/276
f 445/91/276 388/88/276 389/239/276
f 430/266/276 404/267/276 429/268/276
f 429/268/276 404/267/276 405/269/276
f 405/269/276 406/270/276 429/268/276
f 406/270/276 428/271/276 429/268/276
f 409/272/276 410/273/276 426/145/276
f 410/273/276 425/274/276 426/145/276
f 428/271/276 406/270/276 407/126/276
f 407/126/276 408/275/276 428/271/276
f 427/276/276 428/271/276 408/275/276
f 408/275/276 409/272/276 427/276/276
f 409/272/276 426/145/276 427/276/276
f 412/277/276 413/278/276 423/279/276
f 416/280/276 417/281/276 418/282/276
f 416/280/276 418/282/276 419/283/276
f 423/279/276 413/278/276 414/284/276
f 422/285/276 423/279/276 414/284/276
f 414/284/276 415/286/276 422/285/276
f 421/287/276 422/285/276 415/286/276
f 415/286/276 416/280/276 421/287/276
f 420/288/276 421/287/276 416/280/276
f 416/280/276 419/283/276 420/288/276
f 425/274/276 410/273/276 411/289/276
f 424/290/276 425/274/276 411/289/276
f 411/289/276 412/277/276 424/290/276
f 412/277/276 423/279/276 424/290/276
f 431/244/276 403/246/276 404/267/276
f 404/267/276 430/266/276 431/244/276
f 445/91/276 442/265/276 443/291/276
f 443/291/276 444/292/276 445/91/276
f 447/239/276 448/240/276 449/241/276
f 449/241/276 450/242/276 499/243/276
f 489/244/276 490/245/276 461/246/276
f 461/246/276 490/245/276 460/247/276
f 490/245/276 491/248/276 460/247/276
f 460/247/276 491/248/276 459/249/276
f 491/248/276 492/250/276 459/249/276
f 458/251/276 459/249/276 492/250/276
f 492/250/276 493/252/276 458/251/276
f 457/253/276 458/251/276 493/252/276
f 493/252/276 494/254/276 457/253/276
f 456/255/276 457/253/276 494/254/276
f 494/254/276 495/256/276 456/255/276
f 455/257/276 456/255/276 495/256/276
f 454/258/276 455/257/276 495/256/276
f 495/256/276 496/259/276 454/258/276
f 453/260/276 454/258/276 496/259/276
f 496/259/276 497/261/276 453/260/276
f 452/262/276 453/260/276 497/261/276
f 451/263/276 452/262/276 497/261/276
f 497/261/276 498/264/276 451/263/276
f 450/242/276 451/263/276 498/264/276
f 499/243/276 450/242/276 498/264/276
f 449/241/276 499/243/276 500/265/276
f 500/265/276 503/91/276 449/241/276
f 447/239/276 449/241/276 503/91/276
f 503/91/276 446/88/276 447/239/276
f 488/266/276 462/267/276 487/268/276
f 487/268/276 462/267/276 463/269/276
f 463/269/276 464/270/276 487/268/276
f 464/270/276 486/271/276 487/268/276
f 467/272/276 468/273/276 484/145/276
f 468/273/276 483/274/276 484/145/276
f 486/271/276 464/270/276 465/126/276
f 465/126/276 466/275/276 486/271/276
f 485/276/276 486/271/276 466/275/276
f 466/275/276 467/272/276 485/276/276
f 467/272/276 484/145/276 485/276/276
f 470/277/276 471/278/276 481/279/276
f 474/280/276 475/281/276 476/282/276
f 474/280/276 476/282/276 477/283/276
f 481/279/276 471/278/276 472/284/276
f 480/285/276 481/279/276 472/284/276
f 472/284/276 473/286/276 480/285/276
f 479/287/276 480/285/276 473/286/276
f 473/286/276 474/280/276 479/287/276
f 478/288/276 479/287/276 474/280/276
f 474/280/276 477/283/276 478/288/276
f 483/274/276 468/273/276 469/289/276
f 482/290/276 483/274/276 469/289/276
f 469/289/276 470/277/276 482/290/276
f 470/277/276 481/279/276 482/290/276
f 489/244/276 461/246/276 462/267/276
f 462/267/276 488/266/276 489/244/276
f 503/91/276 500/265/276 501/291/276
f 501/291/276 502/292/276 503/91/276
f 553/293/276 554/294/276 555/295/276
f 555/295/276 556/296/276 553/293/276
f 556/296/276 557/297/276 553/293/276
f 549/298/276 560/299/276 561/300/276
f 548/301/276 549/298/276 561/300/276
f 595/302/276 596/303/276 662/304/276
f 594/305/276 595/302/276 662/304/276
f 662/304/276 663/306/276 594/305/276
f 593/307/276 594/305/276 663/306/276
f 663/306/276 664/308/276 593/307/276
f 592/309/276 593/307/276 664/308/276
f 591/310/276 592/309/276 664/308/276
f 664/308/276 665/311/276 591/310/276
f 590/312/276 591/310/276 665/311/276
f 665/311/276 666/313/276 590/312/276
f 589/314/276 590/312/276 666/313/276
f 588/315/276 589/314/276 666/313/276
f 666/313/276 667/316/276 588/315/276
f 587/317/276 588/315/276 667/316/276
f 667/316/276 586/318/276 587/317/276
f 553/293/276 557/297/276 558/319/276
f 558/319/276 559/320/276 553/293/276
f 552/321/276 553/293/276 559/320/276
f 551/322/276 552/321/276 559/320/276
f 559/320/276 560/299/276 551/322/276
f 550/323/276 551/322/276 560/299/276
f 560/299/276 549/298/276 550/323/276
f 606/324/276 655/325/276 605/326/276
f 655/325/276 656/327/276 605/326/276
f 605/326/276 656/327/276 604/328/276
f 656/327/276 657/329/276 604/328/276
f 670/330/276 671/331/276 583/332/276
f 671/331/276 582/333/276 583/332/276
f 564/334/276 543/335/276 544/336/276
f 654/337/276 607/338/276 608/339/276
f 608/339/276 653/340/276 654/337/276
f 542/341/276 565/342/276 566/343/276
f 566/343/276 541/344/276 542/341/276
f 568/345/276 540/346/276 567/347/276
f 653/340/276 608/339/276 609/348/276
f 609/348/276 610/349/276 653/340/276
f 652/350/276 653/340/276 610/349/276
f 610/349/276 611/351/276 652/350/276
f 611/351/276 651/352/276 652/350/276
f 673/353/276 674/354/276 580/355/276
f 541/344/276 566/343/276 567/347/276
f 567/347/276 540/346/276 541/344/276
f 655/325/276 606/324/276 607/338/276
f 607/338/276 654/337/276 655/325/276
f 582/333/276 671/331/276 672/356/276
f 581/357/276 582/333/276 672/356/276
f 672/356/276 673/353/276 581/357/276
f 673/353/276 580/355/276 581/357/276
f 543/335/276 564/334/276 565/342/276
f 565/342/276 542/341/276 543/335/276
f 604/328/276 657/329/276 603/358/276
f 657/329/276 658/359/276 603/358/276
f 602/360/276 603/358/276 658/359/276
f 601/361/276 602/360/276 658/359/276
f 658/359/276 659/362/276 601/361/276
f 600/363/276 601/361/276 659/362/276
f 659/362/276 660/364/276 600/363/276
f 599/365/276 600/363/276 660/364/276
f 598/366/276 599/365/276 660/364/276
f 660/364/276 661/367/276 598/366/276
f 597/368/276 598/366/276 661/367/276
f 596/303/276 597/368/276 661/367/276
f 662/304/276 596/303/276 661/367/276
f 586/318/276 667/316/276 668/369/276
f 585/370/276 586/318/276 668/369/276
f 668/369/276 669/371/276 585/370/276
f 584/372/276 585/370/276 669/371/276
f 669/371/276 670/330/276 584/372/276
f 670/330/276 583/332/276 584/372/276
f 548/301/276 561/300/276 562/373/276
f 547/374/276 548/301/276 562/373/276
f 546/375/276 547/374/276 562/373/276
f 562/373/276 563/376/276 546/375/276
f 545/377/276 546/375/276 563/376/276
f 563/376/276 564/334/276 545/377/276
f 564/334/276 544/336/276 545/377/276
f 648/378/276 613/379/276 614/380/276
f 647/381/276 648/378/276 614/380/276
f 614/380/276 615/382/276 647/381/276
f 646/383/276 647/381/276 615/382/276
f 569/384/276 570/385/276 538/386/276
f 539/387/276 569/384/276 538/386/276
f 621/388/276 622/389/276 620/390/276
f 646/383/276 615/382/276 616/391/276
f 645/392/276 646/383/276 616/391/276
f 644/393/276 645/392/276 616/391/276
f 643/394/276 644/393/276 616/391/276
f 642/395/276 643/394/276 616/391/276
f 616/391/276 641/396/276 642/395/276
f 677/91/276 579/397/276 676/398/276
f 572/399/276 573/400/276 534/401/276
f 534/401/276 535/402/276 572/399/276
f 535/402/276 536/403/276 572/399/276
f 571/404/276 572/399/276 536/403/276
f 536/403/276 537/405/276 571/404/276
f 570/385/276 571/404/276 537/405/276
f 538/386/276 570/385/276 537/405/276
f 633/406/276 519/407/276 632/408/276
f 519/407/276 520/409/276 632/408/276
f 632/408/276 520/409/276 631/410/276
f 630/411/276 631/410/276 520/409/276
f 629/412/276 630/411/276 520/409/276
f 520/409/276 521/413/276 629/412/276
f 628/414/276 629/412/276 521/413/276
f 521/413/276 522/415/276 628/414/276
f 627/416/276 628/414/276 522/415/276
f 518/417/276 634/418/276 635/419/276
f 517/420/276 518/417/276 635/419/276
f 635/419/276 636/421/276 517/420/276
f 516/422/276 517/420/276 636/421/276
f 515/423/276 516/422/276 636/421/276
f 505/424/276 640/425/276 504/88/276
f 506/426/276 507/427/276 640/425/276
f 640/425/276 505/424/276 506/426/276
f 639/428/276 640/425/276 510/429/276
f 509/430/276 510/429/276 640/425/276
f 508/431/276 509/430/276 640/425/276
f 640/425/276 507/427/276 508/431/276
f 515/423/276 636/421/276 637/432/276
f 514/433/276 515/423/276 637/432/276
f 637/432/276 638/434/276 514/433/276
f 513/435/276 514/433/276 638/434/276
f 512/436/276 513/435/276 638/434/276
f 638/434/276 639/428/276 512/436/276
f 511/437/276 512/436/276 639/428/276
f 639/428/276 510/429/276 511/437/276
f 634/418/276 518/417/276 633/406/276
f 519/407/276 633/406/276 518/417/276
f 627/416/276 522/415/276 626/438/276
f 522/415/276 523/439/276 626/438/276
f 625/440/276 626/438/276 523/439/276
f 624/441/276 625/440/276 523/439/276
f 623/442/276 624/441/276 523/439/276
f 622/389/276 623/442/276 523/439/276
f 620/390/276 622/389/276 523/439/276
f 619/443/276 620/390/276 523/439/276
f 618/444/276 619/443/276 523/439/276
f 523/439/276 524/445/276 618/444/276
f 617/446/276 618/444/276 524/445/276
f 616/391/276 617/446/276 524/445/276
f 524/445/276 525/447/276 616/391/276
f 525/447/276 526/448/276 616/391/276
f 641/396/276 616/391/276 526/448/276
f 526/448/276 527/449/276 641/396/276
f 527/449/276 528/450/276 641/396/276
f 677/91/276 641/396/276 528/450/276
f 528/450/276 529/451/276 677/91/276
f 579/397/276 677/91/276 529/451/276
f 578/452/276 579/397/276 529/451/276
f 577/453/276 578/452/276 529/451/276
f 529/451/276 530/454/276 577/453/276
f 576/455/276 577/453/276 530/454/276
f 530/454/276 531/456/276 576/455/276
f 575/457/276 576/455/276 531/456/276
f 531/456/276 532/458/276 575/457/276
f 574/459/276 575/457/276 532/458/276
f 532/458/276 533/460/276 574/459/276
f 573/400/276 574/459/276 533/460/276
f 534/401/276 573/400/276 533/460/276
f 651/352/276 611/351/276 612/461/276
f 650/462/276 651/352/276 612/461/276
f 649/463/276 650/462/276 612/461/276
f 612/461/276 613/379/276 649/463/276
f 613/379/276 648/378/276 649/463/276
f 580/355/276 674/354/276 675/464/276
f 675/464/276 676/398/276 580/355/276
f 676/398/276 579/397/276 580/355/276
f 569/384/276 539/387/276 568/345/276
f 540/346/276 568/345/276 539/387/276
f 685/465/276 777/91/276 684/466/276
f 683/467/276 684/466/276 777/91/276
f 682/468/276 683/467/276 777/91/276
f 681/469/276 682/468/276 777/91/276
f 680/470/276 681/469/276 777/91/276
f 777/91/276 729/471/276 680/470/276
f 679/472/276 680/470/276 729/471/276
f 729/471/276 728/473/276 679/472/276
f 688/474/276 773/475/276 687/476/276
f 773/475/276 774/477/276 687/476/276
f 775/478/276 687/476/276 774/477/276
f 687/476/276 775/478/276 686/479/276
f 775/478/276 776/480/276 686/479/276
f 685/465/276 686/479/276 776/480/276
f 777/91/276 685/465/276 776/480/276
f 728/473/276 729/471/276 730/481/276
f 730/481/276 731/482/276 728/473/276
f 731/482/276 732/483/276 728/473/276
f 769/484/276 770/485/276 690/486/276
f 768/487/276 691/488/276 767/489/276
f 766/114/276 692/490/276 765/491/276
f 739/492/276 740/493/276 720/494/276
f 740/493/276 719/495/276 720/494/276
f 767/489/276 691/488/276 692/490/276
f 692/490/276 766/114/276 767/489/276
f 739/492/276 720/494/276 721/496/276
f 769/484/276 690/486/276 691/488/276
f 691/488/276 768/487/276 769/484/276
f 724/497/276 736/498/276 737/499/276
f 723/500/276 724/497/276 737/499/276
f 737/499/276 738/501/276 723/500/276
f 722/134/276 723/500/276 738/501/276
f 738/501/276 739/492/276 722/134/276
f 739/492/276 721/496/276 722/134/276
f 690/486/276 770/485/276 689/102/276
f 770/485/276 771/502/276 689/102/276
f 771/502/276 772/503/276 689/102/276
f 688/474/276 689/102/276 772/503/276
f 773/475/276 688/474/276 772/503/276
f 728/473/276 732/483/276 733/135/276
f 733/135/276 734/504/276 728/473/276
f 727/505/276 728/473/276 734/504/276
f 734/504/276 735/506/276 727/505/276
f 726/507/276 727/505/276 735/506/276
f 725/508/276 726/507/276 735/506/276
f 735/506/276 736/498/276 725/508/276
f 736/498/276 724/497/276 725/508/276
f 742/509/276 717/510/276 741/511/276
f 718/512/276 741/511/276 717/510/276
f 694/513/276 762/514/276 763/515/276
f 764/516/276 693/517/276 694/513/276
f 694/513/276 763/515/276 764/516/276
f 743/518/276 715/519/276 742/509/276
f 715/519/276 716/520/276 742/509/276
f 717/510/276 742/509/276 716/520/276
f 761/521/276 695/522/276 696/523/276
f 760/524/276 761/521/276 696/523/276
f 744/145/276 745/525/276 713/526/276
f 714/527/276 744/145/276 713/526/276
f 762/514/276 694/513/276 695/522/276
f 695/522/276 761/521/276 762/514/276
f 744/145/276 714/527/276 743/518/276
f 715/519/276 743/518/276 714/527/276
f 699/528/276 700/113/276 757/529/276
f 756/530/276 757/529/276 700/113/276
f 700/113/276 701/531/276 756/530/276
f 755/123/276 756/530/276 701/531/276
f 701/531/276 702/532/276 755/123/276
f 754/533/276 755/123/276 702/532/276
f 702/532/276 703/534/276 754/533/276
f 753/535/276 754/533/276 703/534/276
f 703/534/276 704/536/276 753/535/276
f 752/537/276 753/535/276 704/536/276
f 704/536/276 705/538/276 752/537/276
f 751/539/276 752/537/276 705/538/276
f 705/538/276 706/540/276 751/539/276
f 750/541/276 751/539/276 706/540/276
f 706/540/276 707/542/276 750/541/276
f 749/543/276 750/541/276 707/542/276
f 707/542/276 708/544/276 749/543/276
f 760/524/276 696/523/276 697/545/276
f 759/546/276 760/524/276 697/545/276
f 697/545/276 698/547/276 759/546/276
f 758/548/276 759/546/276 698/547/276
f 698/547/276 699/528/276 758/548/276
f 699/528/276 757/529/276 758/548/276
f 749/543/276 708/544/276 748/549/276
f 708/544/276 709/550/276 748/549/276
f 747/551/276 748/549/276 709/550/276
f 709/550/276 710/552/276 747/551/276
f 710/552/276 711/126/276 747/551/276
f 746/553/276 747/551/276 711/126/276
f 711/126/276 712/554/276 746/553/276
f 745/525/276 746/553/276 712/554/276
f 713/526/276 745/525/276 712/554/276
f 765/491/276 692/490/276 693/517/276
f 693/517/276 764/516/276 765/491/276
f 719/495/276 740/493/276 741/511/276
f 741/511/276 718/512/276 719/495/276
f 679/472/276 728/473/276 678/88/276
f 829/149/276 830/150/276 800/151/276
f 800/151/276 801/152/276 829/149/276
f 828/153/276 829/149/276 801/152/276
f 801/152/276 802/154/276 828/153/276
f 827/129/276 828/153/276 802/154/276
f 802/154/276 852/155/276 827/129/276
f 826/156/276 827/129/276 852/155/276
f 825/157/276 826/156/276 852/155/276
f 852/155/276 853/158/276 825/157/276
f 824/159/276 825/157/276 853/158/276
f 853/158/276 854/160/276 824/159/276
f 823/161/276 824/159/276 854/160/276
f 854/160/276 855/162/276 823/161/276
f 822/163/276 823/161/276 855/162/276
f 793/164/276 838/165/276 792/89/276
f 864/166/276 815/167/276 863/168/276
f 838/165/276 793/164/276 837/169/276
f 794/170/276 837/169/276 793/164/276
f 816/171/276 862/93/276 863/168/276
f 863/168/276 815/167/276 816/171/276
f 837/169/276 794/170/276 836/172/276
f 795/173/276 836/172/276 794/170/276
f 860/174/276 861/175/276 818/176/276
f 817/177/276 818/176/276 861/175/276
f 861/175/276 862/93/276 817/177/276
f 862/93/276 816/171/276 817/177/276
f 836/172/276 795/173/276 835/178/276
f 795/173/276 796/179/276 835/178/276
f 834/94/276 835/178/276 796/179/276
f 796/179/276 797/180/276 834/94/276
f 833/181/276 834/94/276 797/180/276
f 832/182/276 833/181/276 797/180/276
f 797/180/276 798/183/276 832/182/276
f 831/184/276 832/182/276 798/183/276
f 798/183/276 799/185/276 831/184/276
f 830/150/276 831/184/276 799/185/276
f 800/151/276 830/150/276 799/185/276
f 822/163/276 855/162/276 856/186/276
f 821/187/276 822/163/276 856/186/276
f 856/186/276 857/188/276 821/187/276
f 820/95/276 821/187/276 857/188/276
f 857/188/276 858/189/276 820/95/276
f 858/189/276 859/190/276 820/95/276
f 819/191/276 820/95/276 859/190/276
f 859/190/276 860/174/276 819/191/276
f 860/174/276 818/176/276 819/191/276
f 791/192/276 840/193/276 790/194/276
f 866/195/276 814/196/276 865/197/276
f 790/194/276 840/193/276 841/198/276
f 841/198/276 789/199/276 790/194/276
f 867/200/276 813/201/276 866/195/276
f 814/196/276 866/195/276 813/201/276
f 787/202/276 843/203/276 844/204/276
f 844/204/276 786/205/276 787/202/276
f 789/199/276 841/198/276 842/206/276
f 788/207/276 789/199/276 842/206/276
f 842/206/276 843/203/276 788/207/276
f 843/203/276 787/202/276 788/207/276
f 867/200/276 868/208/276 812/209/276
f 813/201/276 867/200/276 812/209/276
f 847/210/276 848/92/276 784/211/276
f 848/92/276 783/212/276 784/211/276
f 779/213/276 851/214/276 778/88/276
f 781/215/276 850/216/276 851/214/276
f 780/217/276 781/215/276 851/214/276
f 851/214/276 779/213/276 780/217/276
f 783/212/276 848/92/276 849/218/276
f 782/219/276 783/212/276 849/218/276
f 849/218/276 850/216/276 782/219/276
f 850/216/276 781/215/276 782/219/276
f 803/220/276 804/221/276 876/91/276
f 804/221/276 805/222/276 876/91/276
f 875/223/276 876/91/276 805/222/276
f 805/222/276 806/90/276 875/223/276
f 786/205/276 844/204/276 845/224/276
f 845/224/276 846/225/276 786/205/276
f 785/226/276 786/205/276 846/225/276
f 846/225/276 847/210/276 785/226/276
f 847/210/276 784/211/276 785/226/276
f 875/223/276 806/90/276 874/227/276
f 873/228/276 874/227/276 806/90/276
f 806/90/276 807/229/276 873/228/276
f 872/230/276 873/228/276 807/229/276
f 807/229/276 808/231/276 872/230/276
f 871/232/276 872/230/276 808/231/276
f 808/231/276 809/233/276 871/232/276
f 870/234/276 871/232/276 809/233/276
f 809/233/276 810/235/276 870/234/276
f 869/236/276 870/234/276 810/235/276
f 810/235/276 811/237/276 869/236/276
f 868/208/276 869/236/276 811/237/276
f 812/209/276 868/208/276 811/237/276
f 840/193/276 791/192/276 839/238/276
f 838/165/276 839/238/276 791/192/276
f 792/89/276 838/165/276 791/192/276
f 852/155/276 802/154/276 876/91/276
f 815/167/276 864/166/276 865/197/276
f 865/197/276 814/196/276 815/167/276
f 803/220/276 876/91/276 802/154/276
f 903/555/276 904/556/276 905/557/276
f 905/557/276 902/558/276 903/555/276
f 905/557/276 906/559/276 907/560/276
f 907/560/276 908/561/276 905/557/276
f 902/558/276 905/557/276 908/561/276
f 908/561/276 911/562/276 902/558/276
f 901/563/276 902/558/276 911/562/276
f 911/562/276 912/564/276 901/563/276
f 900/565/276 901/563/276 912/564/276
f 912/564/276 913/566/276 900/565/276
f 899/567/276 900/565/276 913/566/276
f 913/566/276 914/568/276 899/567/276
f 898/569/276 899/567/276 914/568/276
f 914/568/276 915/570/276 898/569/276
f 897/571/276 898/569/276 915/570/276
f 896/572/276 897/571/276 915/570/276
f 915/570/276 916/573/276 896/572/276
f 895/574/276 896/572/276 916/573/276
f 894/575/276 895/574/276 916/573/276
f 923/576/276 881/577/276 922/578/276
f 882/579/276 922/578/276 881/577/276
f 924/580/276 880/581/276 923/576/276
f 881/577/276 923/576/276 880/581/276
f 884/582/276 921/583/276 922/578/276
f 883/584/276 884/582/276 922/578/276
f 922/578/276 882/579/276 883/584/276
f 936/91/276 877/88/276 935/585/276
f 934/586/276 935/585/276 877/88/276
f 934/586/276 877/88/276 933/587/276
f 932/588/276 933/587/276 877/88/276
f 931/589/276 932/588/276 877/88/276
f 931/589/276 877/88/276 930/590/276
f 929/591/276 930/590/276 877/88/276
f 928/592/276 929/591/276 877/88/276
f 877/88/276 878/593/276 928/592/276
f 927/594/276 928/592/276 878/593/276
f 926/595/276 927/594/276 878/593/276
f 925/596/276 926/595/276 878/593/276
f 879/597/276 925/596/276 878/593/276
f 925/596/276 879/597/276 924/580/276
f 880/581/276 924/580/276 879/597/276
f 911/562/276 908/561/276 909/598/276
f 909/598/276 910/599/276 911/562/276
f 894/575/276 916/573/276 917/600/276
f 893/601/276 894/575/276 917/600/276
f 892/602/276 893/601/276 917/600/276
f 917/600/276 918/603/276 892/602/276
f 891/604/276 892/602/276 918/603/276
f 890/605/276 891/604/276 918/603/276
f 918/603/276 919/606/276 890/605/276
f 889/607/276 890/605/276 919/606/276
f 888/608/276 889/607/276 919/606/276
f 919/606/276 920/609/276 888/608/276
f 887/610/276 888/608/276 920/609/276
f 886/611/276 887/610/276 920/609/276
f 920/609/276 921/583/276 886/611/276
f 885/612/276 886/611/276 921/583/276
f 921/583/276 884/582/276 885/612/276
f 965/613/276 966/614/276 967/615/276
f 967/615/276 968/616/276 965/613/276
f 964/617/276 965/613/276 963/618/276
f 962/619/276 969/620/276 961/621/276
f 961/621/276 969/620/276 970/622/276
f 970/622/276 960/623/276 961/621/276
f 969/620/276 962/619/276 968/616/276
f 965/613/276 968/616/276 962/619/276
f 963/618/276 965/613/276 962/619/276
f 976/624/276 977/625/276 975/626/276
f 975/626/276 977/625/276 974/627/276
f 960/623/276 970/622/276 971/145/276
f 971/145/276 959/628/276 960/623/276
f 952/629/276 953/630/276 951/631/276
f 951/631/276 953/630/276 950/632/276
f 946/633/276 984/634/276 985/635/276
f 985/635/276 945/636/276 946/633/276
f 941/637/276 942/638/276 943/639/276
f 988/91/276 941/637/276 987/640/276
f 986/641/276 987/640/276 941/637/276
f 944/642/276 986/641/276 941/637/276
f 941/637/276 943/639/276 944/642/276
f 945/636/276 985/635/276 986/641/276
f 986/641/276 944/642/276 945/636/276
f 947/643/276 983/644/276 984/634/276
f 984/634/276 946/633/276 947/643/276
f 938/645/276 939/646/276 940/647/276
f 940/647/276 937/88/276 938/645/276
f 978/648/276 979/649/276 977/625/276
f 979/649/276 980/650/276 977/625/276
f 974/627/276 977/625/276 980/650/276
f 980/650/276 981/651/276 974/627/276
f 973/652/276 974/627/276 981/651/276
f 981/651/276 982/653/276 973/652/276
f 972/654/276 973/652/276 982/653/276
f 982/653/276 983/644/276 972/654/276
f 971/145/276 972/654/276 983/644/276
f 983/644/276 947/643/276 971/145/276
f 959/628/276 971/145/276 947/643/276
f 947/643/276 948/655/276 959/628/276
f 958/656/276 959/628/276 948/655/276
f 948/655/276 949/657/276 958/656/276
f 957/658/276 958/656/276 949/657/276
f 949/657/276 950/632/276 957/658/276
f 956/659/276 957/658/276 950/632/276
f 950/632/276 953/630/276 956/659/276
f 955/660/276 956/659/276 953/630/276
f 954/126/276 955/660/276 953/630/276
f 990/126/276 991/145/276 992/91/276
f 992/91/276 989/88/276 990/126/276
f 1043/643/276 1044/661/276 1045/662/276
f 1045/662/276 1046/663/276 1043/643/276
f 1071/664/276 1072/665/276 1222/666/276
f 1222/666/276 1223/644/276 1071/664/276
f 1070/667/276 1071/664/276 1223/644/276
f 1069/668/276 1070/667/276 1223/644/276
f 1223/644/276 1224/669/276 1069/668/276
f 1068/629/276 1069/668/276 1224/669/276
f 1067/670/276 1068/629/276 1224/669/276
f 1224/669/276 1225/671/276 1067/670/276
f 1066/672/276 1067/670/276 1225/671/276
f 1225/671/276 1226/673/276 1066/672/276
f 1065/674/276 1066/672/276 1226/673/276
f 1064/675/276 1065/674/276 1226/673/276
f 1226/673/276 1227/676/276 1064/675/276
f 1063/631/276 1064/675/276 1227/676/276
f 1062/677/276 1063/631/276 1227/676/276
f 1227/676/276 1228/634/276 1062/677/276
f 1061/678/276 1062/677/276 1228/634/276
f 1060/679/276 1061/678/276 1228/634/276
f 1076/680/276 1218/653/276 1075/681/276
f 1218/653/276 1219/682/276 1075/681/276
f 1231/683/276 1232/684/276 1056/685/276
f 1232/684/276 1055/686/276 1056/685/276
f 1215/687/276 1216/688/276 1077/689/276
f 1116/690/276 1117/691/276 1032/692/276
f 1031/693/276 1032/692/276 1117/691/276
f 1117/691/276 1118/619/276 1031/693/276
f 1030/694/276 1031/693/276 1118/619/276
f 1029/695/276 1030/694/276 1169/696/276
f 1184/697/276 1185/698/276 998/645/276
f 1077/689/276 1216/688/276 1076/680/276
f 1216/688/276 1217/699/276 1076/680/276
f 1218/653/276 1076/680/276 1217/699/276
f 1055/686/276 1232/684/276 1233/635/276
f 1233/635/276 1234/700/276 1055/686/276
f 1234/700/276 1235/701/276 1055/686/276
f 1235/701/276 1236/702/276 1055/686/276
f 1111/703/276 1112/704/276 1055/686/276
f 1112/704/276 1113/621/276 1055/686/276
f 1054/705/276 1055/686/276 1113/621/276
f 1053/657/276 1054/705/276 1113/621/276
f 1113/621/276 1114/706/276 1053/657/276
f 1052/707/276 1053/657/276 1114/706/276
f 1035/708/276 1036/709/276 1115/710/276
f 1115/710/276 1116/690/276 1035/708/276
f 1034/711/276 1035/708/276 1116/690/276
f 1033/636/276 1034/711/276 1116/690/276
f 1116/690/276 1032/692/276 1033/636/276
f 1029/695/276 1169/696/276 1028/642/276
f 1169/696/276 1170/712/276 1028/642/276
f 1027/713/276 1028/642/276 1170/712/276
f 1026/714/276 1027/713/276 1170/712/276
f 1170/712/276 1171/715/276 1026/714/276
f 1025/716/276 1026/714/276 1171/715/276
f 1024/717/276 1025/716/276 1171/715/276
f 1183/626/276 1184/697/276 999/718/276
f 1184/697/276 998/645/276 999/718/276
f 1075/681/276 1219/682/276 1074/719/276
f 1219/682/276 1220/720/276 1074/719/276
f 1073/630/276 1074/719/276 1220/720/276
f 1220/720/276 1221/721/276 1073/630/276
f 1072/665/276 1073/630/276 1221/721/276
f 1222/666/276 1072/665/276 1221/721/276
f 1060/679/276 1228/634/276 1229/722/276
f 1059/723/276 1060/679/276 1229/722/276
f 1229/722/276 1230/724/276 1059/723/276
f 1058/632/276 1059/723/276 1230/724/276
f 1057/725/276 1058/632/276 1230/724/276
f 1230/724/276 1231/683/276 1057/725/276
f 1231/683/276 1056/685/276 1057/725/276
f 1052/707/276 1114/706/276 1051/726/276
f 1050/727/276 1051/726/276 1114/706/276
f 1049/728/276 1050/727/276 1114/706/276
f 1048/655/276 1049/728/276 1114/706/276
f 1114/706/276 1115/710/276 1048/655/276
f 1047/729/276 1048/655/276 1115/710/276
f 1046/663/276 1047/729/276 1115/710/276
f 1043/643/276 1046/663/276 1115/710/276
f 1042/730/276 1043/643/276 1115/710/276
f 1041/731/276 1042/730/276 1115/710/276
f 1040/732/276 1041/731/276 1115/710/276
f 1039/733/276 1040/732/276 1115/710/276
f 1038/633/276 1039/733/276 1115/710/276
f 1037/734/276 1038/633/276 1115/710/276
f 1115/710/276 1036/709/276 1037/734/276
f 1024/717/276 1171/715/276 1023/639/276
f 1171/715/276 1172/735/276 1023/639/276
f 1022/736/276 1023/639/276 1172/735/276
f 1021/737/276 1022/736/276 1172/735/276
f 1020/738/276 1021/737/276 1172/735/276
f 1172/735/276 1173/652/276 1020/738/276
f 1019/739/276 1020/738/276 1173/652/276
f 1018/638/276 1019/739/276 1173/652/276
f 1017/740/276 1018/638/276 1173/652/276
f 1173/652/276 1174/741/276 1017/740/276
f 1016/742/276 1017/740/276 1174/741/276
f 1015/743/276 1016/742/276 1174/741/276
f 1014/744/276 1015/743/276 1174/741/276
f 1174/741/276 1175/745/276 1014/744/276
f 1013/637/276 1014/744/276 1175/745/276
f 1012/746/276 1013/637/276 1175/745/276
f 1011/747/276 1012/746/276 1175/745/276
f 1175/745/276 1176/748/276 1011/747/276
f 1010/749/276 1011/747/276 1176/748/276
f 1009/750/276 1010/749/276 1176/748/276
f 1008/647/276 1009/750/276 1176/748/276
f 1176/748/276 1177/751/276 1008/647/276
f 1007/752/276 1008/647/276 1177/751/276
f 1006/753/276 1007/752/276 1177/751/276
f 1177/751/276 1178/627/276 1006/753/276
f 1005/754/276 1006/753/276 1178/627/276
f 1178/627/276 1179/755/276 1005/754/276
f 1004/756/276 1005/754/276 1179/755/276
f 1179/755/276 1180/757/276 1004/756/276
f 1003/646/276 1004/756/276 1180/757/276
f 1180/757/276 1181/758/276 1003/646/276
f 1002/759/276 1003/646/276 1181/758/276
f 1001/760/276 1002/759/276 1181/758/276
f 1181/758/276 1182/761/276 1001/760/276
f 1000/762/276 1001/760/276 1182/761/276
f 1182/761/276 1183/626/276 1000/762/276
f 1183/626/276 999/718/276 1000/762/276
f 1238/641/276 1108/623/276 1237/763/276
f 1109/764/276 1237/763/276 1108/623/276
f 1120/765/276 1166/766/276 1119/767/276
f 1167/768/276 1119/767/276 1166/766/276
f 996/769/276 1187/770/276 1188/624/276
f 1191/771/276 994/772/276 1190/773/276
f 1213/651/276 1079/774/276 1212/775/276
f 1240/776/276 1106/777/276 1239/778/276
f 1107/779/276 1239/778/276 1106/777/276
f 1165/780/276 1121/781/276 1164/782/276
f 995/783/276 1189/784/276 1190/773/276
f 1190/773/276 994/772/276 995/783/276
f 1214/785/276 1078/126/276 1079/774/276
f 1079/774/276 1213/651/276 1214/785/276
f 1239/778/276 1107/779/276 1238/641/276
f 1108/623/276 1238/641/276 1107/779/276
f 1121/781/276 1165/780/276 1120/765/276
f 1166/766/276 1120/765/276 1165/780/276
f 1189/784/276 995/783/276 1188/624/276
f 996/769/276 1188/624/276 995/783/276
f 1211/786/276 1080/787/276 1081/788/276
f 1081/788/276 1210/789/276 1211/786/276
f 1242/790/276 1104/791/276 1241/792/276
f 1105/793/276 1241/792/276 1104/791/276
f 1243/640/276 1103/628/276 1242/790/276
f 1104/791/276 1242/790/276 1103/628/276
f 1162/794/276 1123/618/276 1124/795/276
f 1161/796/276 1162/794/276 1124/795/276
f 1212/775/276 1079/774/276 1080/787/276
f 1080/787/276 1211/786/276 1212/775/276
f 1241/792/276 1105/793/276 1240/776/276
f 1106/777/276 1240/776/276 1105/793/276
f 1164/782/276 1121/781/276 1122/797/276
f 1163/145/276 1164/782/276 1122/797/276
f 1122/797/276 1123/618/276 1163/145/276
f 1123/618/276 1162/794/276 1163/145/276
f 994/772/276 1191/771/276 1192/798/276
f 1192/798/276 1193/625/276 994/772/276
f 1207/799/276 1083/660/276 1084/800/276
f 1206/801/276 1207/799/276 1084/800/276
f 1100/802/276 1101/803/276 1245/804/276
f 1206/801/276 1084/800/276 1085/805/276
f 1205/806/276 1206/801/276 1085/805/276
f 1085/805/276 1086/807/276 1205/806/276
f 1204/808/276 1205/806/276 1086/807/276
f 1086/807/276 1087/809/276 1204/808/276
f 1203/649/276 1204/808/276 1087/809/276
f 1087/809/276 1088/659/276 1203/649/276
f 1088/659/276 1089/810/276 1203/649/276
f 1202/811/276 1203/649/276 1089/810/276
f 1089/810/276 1090/812/276 1202/811/276
f 1201/813/276 1202/811/276 1090/812/276
f 1090/812/276 1091/814/276 1201/813/276
f 1091/814/276 1092/815/276 1201/813/276
f 1248/91/276 1201/813/276 1092/815/276
f 1092/815/276 1093/658/276 1248/91/276
f 1093/658/276 1094/816/276 1248/91/276
f 1094/816/276 1095/817/276 1248/91/276
f 1247/818/276 1248/91/276 1095/817/276
f 1095/817/276 1096/819/276 1247/818/276
f 1096/819/276 1097/820/276 1247/818/276
f 1246/821/276 1247/818/276 1097/820/276
f 1097/820/276 1098/656/276 1246/821/276
f 1098/656/276 1099/822/276 1246/821/276
f 1245/804/276 1246/821/276 1099/822/276
f 1100/802/276 1245/804/276 1099/822/276
f 1137/823/276 1138/614/276 1154/824/276
f 1138/614/276 1139/825/276 1154/824/276
f 1153/620/276 1154/824/276 1139/825/276
f 1139/825/276 1140/826/276 1153/620/276
f 1140/826/276 1141/827/276 1153/620/276
f 1141/827/276 1142/828/276 1153/620/276
f 1200/829/276 1153/620/276 1142/828/276
f 1142/828/276 1143/615/276 1200/829/276
f 1143/615/276 1144/830/276 1200/829/276
f 1144/830/276 1145/831/276 1200/829/276
f 1210/789/276 1081/788/276 1082/832/276
f 1209/833/276 1210/789/276 1082/832/276
f 1208/650/276 1209/833/276 1082/832/276
f 1082/832/276 1083/660/276 1208/650/276
f 1083/660/276 1207/799/276 1208/650/276
f 1245/804/276 1101/803/276 1244/834/276
f 1101/803/276 1102/835/276 1244/834/276
f 1243/640/276 1244/834/276 1102/835/276
f 1103/628/276 1243/640/276 1102/835/276
f 1161/796/276 1124/795/276 1125/836/276
f 1160/837/276 1161/796/276 1125/836/276
f 1125/836/276 1126/838/276 1160/837/276
f 1159/839/276 1160/837/276 1126/838/276
f 1126/838/276 1127/840/276 1159/839/276
f 1158/622/276 1159/839/276 1127/840/276
f 1127/840/276 1128/617/276 1158/622/276
f 1128/617/276 1129/841/276 1158/622/276
f 1129/841/276 1130/842/276 1158/622/276
f 1157/843/276 1158/622/276 1130/842/276
f 1130/842/276 1131/844/276 1157/843/276
f 1131/844/276 1132/845/276 1157/843/276
f 1156/846/276 1157/843/276 1132/845/276
f 1132/845/276 1133/613/276 1156/846/276
f 1133/613/276 1134/847/276 1156/846/276
f 1155/848/276 1156/846/276 1134/847/276
f 1134/847/276 1135/849/276 1155/848/276
f 1135/849/276 1136/850/276 1155/848/276
f 1136/850/276 1137/823/276 1155/848/276
f 1137/823/276 1154/824/276 1155/848/276
f 1200/829/276 1145/831/276 1199/851/276
f 1145/831/276 1146/852/276 1199/851/276
f 1146/852/276 1147/853/276 1199/851/276
f 1147/853/276 1148/616/276 1199/851/276
f 1198/648/276 1199/851/276 1148/616/276
f 1148/616/276 1149/854/276 1198/648/276
f 1197/855/276 1198/648/276 1149/854/276
f 1149/854/276 1150/856/276 1197/855/276
f 1150/856/276 1151/857/276 1197/855/276
f 1196/858/276 1197/855/276 1151/857/276
f 1195/859/276 1196/858/276 1151/857/276
f 1194/860/276 1195/859/276 1151/857/276
f 1193/625/276 1194/860/276 1151/857/276
f 994/772/276 1193/625/276 1151/857/276
f 1151/857/276 993/88/276 994/772/276
f 1215/687/276 1077/689/276 1078/126/276
f 1078/126/276 1214/785/276 1215/687/276
f 1237/763/276 1109/764/276 1236/702/276
f 1109/764/276 1110/861/276 1236/702/276
f 1055/686/276 1236/702/276 1110/861/276
f 1111/703/276 1055/686/276 1110/861/276
f 1030/694/276 1118/619/276 1119/767/276
f 1119/767/276 1167/768/276 1030/694/276
f 1167/768/276 1168/654/276 1030/694/276
f 1169/696/276 1030/694/276 1168/654/276
f 998/645/276 1185/698/276 1186/862/276
f 997/863/276 998/645/276 1186/862/276
f 1186/862/276 1187/770/276 997/863/276
f 1187/770/276 996/769/276 997/863/276
f 1152/864/276 993/88/276 1151/857/276
f 1251/865/276 1252/866/276 1253/226/276
f 1250/867/276 1251/865/276 1253/226/276
f 1253/226/276 1305/91/276 1250/867/276
f 1305/91/276 1249/88/276 1250/867/276
f 1305/91/276 1253/226/276 1254/868/276
f 1254/868/276 1255/869/276 1305/91/276
f 1304/870/276 1305/91/276 1255/869/276
f 1255/869/276 1256/871/276 1304/870/276
f 1256/871/276 1257/89/276 1304/870/276
f 1257/89/276 1303/872/276 1304/870/276
f 1263/873/276 1264/874/276 1296/875/276
f 1264/874/276 1295/876/276 1296/875/276
f 1300/877/276 1260/878/276 1261/185/276
f 1299/879/276 1300/877/276 1261/185/276
f 1261/185/276 1262/880/276 1299/879/276
f 1298/881/276 1299/879/276 1262/880/276
f 1297/93/276 1298/881/276 1262/880/276
f 1262/880/276 1263/873/276 1297/93/276
f 1263/873/276 1296/875/276 1297/93/276
f 1303/872/276 1257/89/276 1258/882/276
f 1302/883/276 1303/872/276 1258/882/276
f 1258/882/276 1259/884/276 1302/883/276
f 1301/236/276 1302/883/276 1259/884/276
f 1259/884/276 1260/878/276 1301/236/276
f 1260/878/276 1300/877/276 1301/236/276
f 1268/885/276 1291/886/276 1267/887/276
f 1292/888/276 1267/887/276 1291/886/276
f 1267/887/276 1292/888/276 1266/889/276
f 1293/162/276 1266/889/276 1292/888/276
f 1269/201/276 1290/890/276 1268/885/276
f 1291/886/276 1268/885/276 1290/890/276
f 1279/891/276 1280/892/276 1278/893/276
f 1277/129/276 1278/893/276 1280/892/276
f 1276/894/276 1277/129/276 1280/892/276
f 1280/892/276 1281/94/276 1276/894/276
f 1275/895/276 1276/894/276 1281/94/276
f 1281/94/276 1282/896/276 1275/895/276
f 1275/895/276 1282/896/276 1274/897/276
f 1282/896/276 1283/898/276 1274/897/276
f 1273/95/276 1274/897/276 1283/898/276
f 1283/898/276 1284/899/276 1273/95/276
f 1272/900/276 1273/95/276 1284/899/276
f 1284/899/276 1285/198/276 1272/900/276
f 1271/901/276 1272/900/276 1285/198/276
f 1285/198/276 1286/902/276 1271/901/276
f 1286/902/276 1287/903/276 1271/901/276
f 1270/904/276 1271/901/276 1287/903/276
f 1287/903/276 1288/905/276 1270/904/276
f 1269/201/276 1270/904/276 1288/905/276
f 1288/905/276 1289/92/276 1269/201/276
f 1290/890/276 1269/201/276 1289/92/276
f 1295/876/276 1264/874/276 1265/90/276
f 1294/906/276 1295/876/276 1265/90/276
f 1265/90/276 1266/889/276 1294/906/276
f 1266/889/276 1293/162/276 1294/906/276
f 1334/613/276 1335/614/276 1336/615/276
f 1331/619/276 1332/618/276 1334/613/276
f 1333/617/276 1334/613/276 1332/618/276
f 1330/621/276 1337/616/276 1338/620/276
f 1339/622/276 1329/623/276 1338/620/276
f 1330/621/276 1338/620/276 1329/623/276
f 1334/613/276 1336/615/276 1337/616/276
f 1331/619/276 1334/613/276 1337/616/276
f 1337/616/276 1330/621/276 1331/619/276
f 1345/624/276 1346/625/276 1344/626/276
f 1344/626/276 1346/625/276 1343/627/276
f 1340/145/276 1328/628/276 1339/622/276
f 1329/623/276 1339/622/276 1328/628/276
f 1321/629/276 1322/630/276 1320/631/276
f 1320/631/276 1322/630/276 1319/632/276
f 1315/633/276 1353/634/276 1354/635/276
f 1354/635/276 1314/636/276 1315/633/276
f 1310/637/276 1311/638/276 1312/639/276
f 1357/91/276 1310/637/276 1356/640/276
f 1355/641/276 1356/640/276 1310/637/276
f 1313/642/276 1355/641/276 1310/637/276
f 1310/637/276 1312/639/276 1313/642/276
f 1314/636/276 1354/635/276 1355/641/276
f 1355/641/276 1313/642/276 1314/636/276
f 1316/643/276 1352/644/276 1353/634/276
f 1353/634/276 1315/633/276 1316/643/276
f 1307/645/276 1308/646/276 1309/647/276
f 1309/647/276 1306/88/276 1307/645/276
f 1347/648/276 1348/649/276 1346/625/276
f 1348/649/276 1349/650/276 1346/625/276
f 1343/627/276 1346/625/276 1349/650/276
f 1349/650/276 1350/651/276 1343/627/276
f 1342/652/276 1343/627/276 1350/651/276
f 1350/651/276 1351/653/276 1342/652/276
f 1341/654/276 1342/652/276 1351/653/276
f 1351/653/276 1352/644/276 1341/654/276
f 1340/145/276 1341/654/276 1352/644/276
f 1352/644/276 1316/643/276 1340/145/276
f 1328/628/276 1340/145/276 1316/643/276
f 1316/643/276 1317/655/276 1328/628/276
f 1327/656/276 1328/628/276 1317/655/276
f 1317/655/276 1318/657/276 1327/656/276
f 1326/658/276 1327/656/276 1318/657/276
f 1318/657/276 1319/632/276 1326/658/276
f 1325/659/276 1326/658/276 1319/632/276
f 1319/632/276 1322/630/276 1325/659/276
f 1324/660/276 1325/659/276 1322/630/276
f 1323/126/276 1324/660/276 1322/630/276
f 1408/643/276 1409/661/276 1410/662/276
f 1410/662/276 1411/663/276 1408/643/276
f 1436/664/276 1437/665/276 1587/666/276
f 1587/666/276 1588/644/276 1436/664/276
f 1435/667/276 1436/664/276 1588/644/276
f 1434/668/276 1435/667/276 1588/644/276
f 1588/644/276 1589/669/276 1434/668/276
f 1433/629/276 1434/668/276 1589/669/276
f 1432/670/276 1433/629/276 1589/669/276
f 1589/669/276 1590/671/276 1432/670/276
f 1431/672/276 1432/670/276 1590/671/276
f 1590/671/276 1591/673/276 1431/672/276
f 1430/674/276 1431/672/276 1591/673/276
f 1429/675/276 1430/674/276 1591/673/276
f 1591/673/276 1592/676/276 1429/675/276
f 1428/631/276 1429/675/276 1592/676/276
f 1427/677/276 1428/631/276 1592/676/276
f 1592/676/276 1593/634/276 1427/677/276
f 1426/678/276 1427/677/276 1593/634/276
f 1425/679/276 1426/678/276 1593/634/276
f 1441/680/276 1583/653/276 1440/681/276
f 1583/653/276 1584/682/276 1440/681/276
f 1596/683/276 1597/684/276 1421/685/276
f 1597/684/276 1420/686/276 1421/685/276
f 1580/687/276 1581/688/276 1442/689/276
f 1481/690/276 1482/691/276 1397/692/276
f 1396/693/276 1397/692/276 1482/691/276
f 1482/691/276 1483/619/276 1396/693/276
f 1395/694/276 1396/693/276 1483/619/276
f 1394/695/276 1395/694/276 1534/696/276
f 1549/697/276 1550/698/276 1363/645/276
f 1442/689/276 1581/688/276 1441/680/276
f 1581/688/276 1582/699/276 1441/680/276
f 1583/653/276 1441/680/276 1582/699/276
f 1420/686/276 1597/684/276 1598/635/276
f 1598/635/276 1599/700/276 1420/686/276
f 1599/700/276 1600/701/276 1420/686/276
f 1600/701/276 1601/702/276 1420/686/276
f 1476/703/276 1477/704/276 1420/686/276
f 1477/704/276 1478/621/276 1420/686/276
f 1419/705/276 1420/686/276 1478/621/276
f 1418/657/276 1419/705/276 1478/621/276
f 1478/621/276 1479/706/276 1418/657/276
f 1417/707/276 1418/657/276 1479/706/276
f 1400/708/276 1401/709/276 1480/710/276
f 1480/710/276 1481/690/276 1400/708/276
f 1399/711/276 1400/708/276 1481/690/276
f 1398/636/276 1399/711/276 1481/690/276
f 1481/690/276 1397/692/276 1398/636/276
f 1394/695/276 1534/696/276 1393/642/276
f 1534/696/276 1535/712/276 1393/642/276
f 1392/713/276 1393/642/276 1535/712/276
f 1391/714/276 1392/713/276 1535/712/276
f 1535/712/276 1536/715/276 1391/714/276
f 1390/716/276 1391/714/276 1536/715/276
f 1389/717/276 1390/716/276 1536/715/276
f 1548/626/276 1549/697/276 1364/718/276
f 1549/697/276 1363/645/276 1364/718/276
f 1440/681/276 1584/682/276 1439/719/276
f 1584/682/276 1585/720/276 1439/719/276
f 1438/630/276 1439/719/276 1585/720/276
f 1585/720/276 1586/721/276 1438/630/276
f 1437/665/276 1438/630/276 1586/721/276
f 1587/666/276 1437/665/276 1586/721/276
f 1425/679/276 1593/634/276 1594/722/276
f 1424/723/276 1425/679/276 1594/722/276
f 1594/722/276 1595/724/276 1424/723/276
f 1423/632/276 1424/723/276 1595/724/276
f 1422/725/276 1423/632/276 1595/724/276
f 1595/724/276 1596/683/276 1422/725/276
f 1596/683/276 1421/685/276 1422/725/276
f 1417/707/276 1479/706/276 1416/726/276
f 1415/727/276 1416/726/276 1479/706/276
f 1414/728/276 1415/727/276 1479/706/276
f 1413/655/276 1414/728/276 1479/706/276
f 1479/706/276 1480/710/276 1413/655/276
f 1412/729/276 1413/655/276 1480/710/276
f 1411/663/276 1412/729/276 1480/710/276
f 1408/643/276 1411/663/276 1480/710/276
f 1407/730/276 1408/643/276 1480/710/276
f 1406/731/276 1407/730/276 1480/710/276
f 1405/732/276 1406/731/276 1480/710/276
f 1404/733/276 1405/732/276 1480/710/276
f 1403/633/276 1404/733/276 1480/710/276
f 1402/734/276 1403/633/276 1480/710/276
f 1480/710/276 1401/709/276 1402/734/276
f 1389/717/276 1536/715/276 1388/639/276
f 1536/715/276 1537/735/276 1388/639/276
f 1387/736/276 1388/639/276 1537/735/276
f 1386/737/276 1387/736/276 1537/735/276
f 1385/738/276 1386/737/276 1537/735/276
f 1537/735/276 1538/652/276 1385/738/276
f 1384/739/276 1385/738/276 1538/652/276
f 1383/638/276 1384/739/276 1538/652/276
f 1382/740/276 1383/638/276 1538/652/276
f 1538/652/276 1539/741/276 1382/740/276
f 1381/742/276 1382/740/276 1539/741/276
f 1380/743/276 1381/742/276 1539/741/276
f 1379/744/276 1380/743/276 1539/741/276
f 1539/741/276 1540/745/276 1379/744/276
f 1378/637/276 1379/744/276 1540/745/276
f 1377/746/276 1378/637/276 1540/745/276
f 1376/747/276 1377/746/276 1540/745/276
f 1540/745/276 1541/748/276 1376/747/276
f 1375/749/276 1376/747/276 1541/748/276
f 1374/750/276 1375/749/276 1541/748/276
f 1373/647/276 1374/750/276 1541/748/276
f 1541/748/276 1542/751/276 1373/647/276
f 1372/752/276 1373/647/276 1542/751/276
f 1371/753/276 1372/752/276 1542/751/276
f 1542/751/276 1543/627/276 1371/753/276
f 1370/754/276 1371/753/276 1543/627/276
f 1543/627/276 1544/755/276 1370/754/276
f 1369/756/276 1370/754/276 1544/755/276
f 1544/755/276 1545/757/276 1369/756/276
f 1368/646/276 1369/756/276 1545/757/276
f 1545/757/276 1546/758/276 1368/646/276
f 1367/759/276 1368/646/276 1546/758/276
f 1366/760/276 1367/759/276 1546/758/276
f 1546/758/276 1547/761/276 1366/760/276
f 1365/762/276 1366/760/276 1547/761/276
f 1547/761/276 1548/626/276 1365/762/276
f 1548/626/276 1364/718/276 1365/762/276
f 1603/641/276 1473/623/276 1602/763/276
f 1474/764/276 1602/763/276 1473/623/276
f 1485/765/276 1531/766/276 1484/767/276
f 1532/768/276 1484/767/276 1531/766/276
f 1361/769/276 1552/770/276 1553/624/276
f 1556/771/276 1359/772/276 1555/773/276
f 1578/651/276 1444/774/276 1577/775/276
f 1605/776/276 1471/777/276 1604/778/276
f 1472/779/276 1604/778/276 1471/777/276
f 1530/780/276 1486/781/276 1529/782/276
f 1360/783/276 1554/784/276 1555/773/276
f 1555/773/276 1359/772/276 1360/783/276
f 1579/785/276 1443/126/276 1444/774/276
f 1444/774/276 1578/651/276 1579/785/276
f 1604/778/276 1472/779/276 1603/641/276
f 1473/623/276 1603/641/276 1472/779/276
f 1486/781/276 1530/780/276 1485/765/276
f 1531/766/276 1485/765/276 1530/780/276
f 1554/784/276 1360/783/276 1553/624/276
f 1361/769/276 1553/624/276 1360/783/276
f 1576/786/276 1445/787/276 1446/788/276
f 1446/788/276 1575/789/276 1576/786/276
f 1607/790/276 1469/791/276 1606/792/276
f 1470/793/276 1606/792/276 1469/791/276
f 1608/640/276 1468/628/276 1607/790/276
f 1469/791/276 1607/790/276 1468/628/276
f 1527/794/276 1488/618/276 1489/795/276
f 1526/796/276 1527/794/276 1489/795/276
f 1577/775/276 1444/774/276 1445/787/276
f 1445/787/276 1576/786/276 1577/775/276
f 1606/792/276 1470/793/276 1605/776/276
f 1471/777/276 1605/776/276 1470/793/276
f 1529/782/276 1486/781/276 1487/797/276
f 1528/145/276 1529/782/276 1487/797/276
f 1487/797/276 1488/618/276 1528/145/276
f 1488/618/276 1527/794/276 1528/145/276
f 1359/772/276 1556/771/276 1557/798/276
f 1557/798/276 1558/625/276 1359/772/276
f 1572/799/276 1448/660/276 1449/800/276
f 1571/801/276 1572/799/276 1449/800/276
f 1465/802/276 1466/803/276 1610/804/276
f 1571/801/276 1449/800/276 1450/805/276
f 1570/806/276 1571/801/276 1450/805/276
f 1450/805/276 1451/807/276 1570/806/276
f 1569/808/276 1570/806/276 1451/807/276
f 1451/807/276 1452/809/276 1569/808/276
f 1568/649/276 1569/808/276 1452/809/276
f 1452/809/276 1453/659/276 1568/649/276
f 1453/659/276 1454/810/276 1568/649/276
f 1567/811/276 1568/649/276 1454/810/276
f 1454/810/276 1455/812/276 1567/811/276
f 1566/813/276 1567/811/276 1455/812/276
f 1455/812/276 1456/814/276 1566/813/276
f 1456/814/276 1457/815/276 1566/813/276
f 1613/91/276 1566/813/276 1457/815/276
f 1457/815/276 1458/658/276 1613/91/276
f 1458/658/276 1459/816/276 1613/91/276
f 1459/816/276 1460/817/276 1613/91/276
f 1612/818/276 1613/91/276 1460/817/276
f 1460/817/276 1461/819/276 1612/818/276
f 1461/819/276 1462/820/276 1612/818/276
f 1611/821/276 1612/818/276 1462/820/276
f 1462/820/276 1463/656/276 1611/821/276
f 1463/656/276 1464/822/276 1611/821/276
f 1610/804/276 1611/821/276 1464/822/276
f 1465/802/276 1610/804/276 1464/822/276
f 1502/823/276 1503/614/276 1519/824/276
f 1503/614/276 1504/825/276 1519/824/276
f 1518/620/276 1519/824/276 1504/825/276
f 1504/825/276 1505/826/276 1518/620/276
f 1505/826/276 1506/827/276 1518/620/276
f 1506/827/276 1507/828/276 1518/620/276
f 1565/829/276 1518/620/276 1507/828/276
f 1507/828/276 1508/615/276 1565/829/276
f 1508/615/276 1509/830/276 1565/829/276
f 1509/830/276 1510/831/276 1565/829/276
f 1575/789/276 1446/788/276 1447/832/276
f 1574/833/276 1575/789/276 1447/832/276
f 1573/650/276 1574/833/276 1447/832/276
f 1447/832/276 1448/660/276 1573/650/276
f 1448/660/276 1572/799/276 1573/650/276
f 1610/804/276 1466/803/276 1609/834/276
f 1466/803/276 1467/835/276 1609/834/276
f 1608/640/276 1609/834/276 1467/835/276
f 1468/628/276 1608/640/276 1467/835/276
f 1526/796/276 1489/795/276 1490/836/276
f 1525/837/276 1526/796/276 1490/836/276
f 1490/836/276 1491/838/276 1525/837/276
f 1524/839/276 1525/837/276 1491/838/276
f 1491/838/276 1492/840/276 1524/839/276
f 1523/622/276 1524/839/276 1492/840/276
f 1492/840/276 1493/617/276 1523/622/276
f 1493/617/276 1494/841/276 1523/622/276
f 1494/841/276 1495/842/276 1523/622/276
f 1522/843/276 1523/622/276 1495/842/276
f 1495/842/276 1496/844/276 1522/843/276
f 1496/844/276 1497/845/276 1522/843/276
f 1521/846/276 1522/843/276 1497/845/276
f 1497/845/276 1498/613/276 1521/846/276
f 1498/613/276 1499/847/276 1521/846/276
f 1520/848/276 1521/846/276 1499/847/276
f 1499/847/276 1500/849/276 1520/848/276
f 1500/849/276 1501/850/276 1520/848/276
f 1501/850/276 1502/823/276 1520/848/276
f 1502/823/276 1519/824/276 1520/848/276
f 1565/829/276 1510/831/276 1564/851/276
f 1510/831/276 1511/852/276 1564/851/276
f 1511/852/276 1512/853/276 1564/851/276
f 1512/853/276 1513/616/276 1564/851/276
f 1563/648/276 1564/851/276 1513/616/276
f 1513/616/276 1514/854/276 1563/648/276
f 1562/855/276 1563/648/276 1514/854/276
f 1514/854/276 1515/856/276 1562/855/276
f 1515/856/276 1516/857/276 1562/855/276
f 1561/858/276 1562/855/276 1516/857/276
f 1560/859/276 1561/858/276 1516/857/276
f 1559/860/276 1560/859/276 1516/857/276
f 1558/625/276 1559/860/276 1516/857/276
f 1359/772/276 1558/625/276 1516/857/276
f 1516/857/276 1358/88/276 1359/772/276
f 1580/687/276 1442/689/276 1443/126/276
f 1443/126/276 1579/785/276 1580/687/276
f 1602/763/276 1474/764/276 1601/702/276
f 1474/764/276 1475/861/276 1601/702/276
f 1420/686/276 1601/702/276 1475/861/276
f 1476/703/276 1420/686/276 1475/861/276
f 1395/694/276 1483/619/276 1484/767/276
f 1484/767/276 1532/768/276 1395/694/276
f 1532/768/276 1533/654/276 1395/694/276
f 1534/696/276 1395/694/276 1533/654/276
f 1363/645/276 1550/698/276 1551/862/276
f 1362/863/276 1363/645/276 1551/862/276
f 1551/862/276 1552/770/276 1362/863/276
f 1552/770/276 1361/769/276 1362/863/276
f 1517/864/276 1358/88/276 1516/857/276
f 1615/96/276 1616/97/276 1617/98/276
f 1614/88/276 1615/96/276 1617/98/276
f 1614/88/276 1617/98/276 1618/99/276
f 1618/99/276 1619/100/276 1614/88/276
f 1667/101/276 1614/88/276 1619/100/276
f 1619/100/276 1620/102/276 1667/101/276
f 1620/102/276 1621/103/276 1667/101/276
f 1621/103/276 1622/104/276 1667/101/276
f 1622/104/276 1666/105/276 1667/101/276
f 1624/106/276 1625/107/276 1664/108/276
f 1663/109/276 1664/108/276 1625/107/276
f 1659/110/276 1660/111/276 1628/112/276
f 1663/109/276 1625/107/276 1626/113/276
f 1662/114/276 1663/109/276 1626/113/276
f 1626/113/276 1627/115/276 1662/114/276
f 1661/116/276 1662/114/276 1627/115/276
f 1627/115/276 1628/112/276 1661/116/276
f 1628/112/276 1660/111/276 1661/116/276
f 1666/105/276 1622/104/276 1623/117/276
f 1665/118/276 1666/105/276 1623/117/276
f 1623/117/276 1624/106/276 1665/118/276
f 1624/106/276 1664/108/276 1665/118/276
f 1655/119/276 1631/120/276 1654/121/276
f 1631/120/276 1655/119/276 1630/122/276
f 1656/123/276 1630/122/276 1655/119/276
f 1633/124/276 1651/125/276 1632/126/276
f 1651/125/276 1652/127/276 1632/126/276
f 1652/127/276 1653/128/276 1632/126/276
f 1631/120/276 1632/126/276 1653/128/276
f 1654/121/276 1631/120/276 1653/128/276
f 1641/129/276 1642/130/276 1640/131/276
f 1639/132/276 1640/131/276 1642/130/276
f 1642/130/276 1643/133/276 1639/132/276
f 1638/134/276 1639/132/276 1643/133/276
f 1643/133/276 1644/135/276 1638/134/276
f 1637/136/276 1638/134/276 1644/135/276
f 1644/135/276 1645/137/276 1637/136/276
f 1637/136/276 1645/137/276 1636/138/276
f 1645/137/276 1646/139/276 1636/138/276
f 1646/139/276 1647/140/276 1636/138/276
f 1635/141/276 1636/138/276 1647/140/276
f 1647/140/276 1648/142/276 1635/141/276
f 1634/143/276 1635/141/276 1648/142/276
f 1648/142/276 1649/144/276 1634/143/276
f 1649/144/276 1650/145/276 1634/143/276
f 1633/124/276 1634/143/276 1650/145/276
f 1651/125/276 1633/124/276 1650/145/276
f 1659/110/276 1628/112/276 1629/146/276
f 1658/147/276 1659/110/276 1629/146/276
f 1657/148/276 1658/147/276 1629/146/276
f 1629/146/276 1630/122/276 1657/148/276
f 1630/122/276 1656/123/276 1657/148/276
f 1614/88/276 1667/101/276 1668/91/276
f 1718/293/276 1719/294/276 1720/295/276
f 1720/295/276 1721/296/276 1718/293/276
f 1721/296/276 1722/297/276 1718/293/276
f 1714/298/276 1725/299/276 1726/300/276
f 1713/301/276 1714/298/276 1726/300/276
f 1760/302/276 1761/303/276 1827/304/276
f 1759/305/276 1760/302/276 1827/304/276
f 1827/304/276 1828/306/276 1759/305/276
f 1758/307/276 1759/305/276 1828/306/276
f 1828/306/276 1829/308/276 1758/307/276
f 1757/309/276 1758/307/276 1829/308/276
f 1756/310/276 1757/309/276 1829/308/276
f 1829/308/276 1830/311/276 1756/310/276
f 1755/312/276 1756/310/276 1830/311/276
f 1830/311/276 1831/313/276 1755/312/276
f 1754/314/276 1755/312/276 1831/313/276
f 1753/315/276 1754/314/276 1831/313/276
f 1831/313/276 1832/316/276 1753/315/276
f 1752/317/276 1753/315/276 1832/316/276
f 1832/316/276 1751/318/276 1752/317/276
f 1718/293/276 1722/297/276 1723/319/276
f 1723/319/276 1724/320/276 1718/293/276
f 1717/321/276 1718/293/276 1724/320/276
f 1716/322/276 1717/321/276 1724/320/276
f 1724/320/276 1725/299/276 1716/322/276
f 1715/323/276 1716/322/276 1725/299/276
f 1725/299/276 1714/298/276 1715/323/276
f 1771/324/276 1820/325/276 1770/326/276
f 1820/325/276 1821/327/276 1770/326/276
f 1770/326/276 1821/327/276 1769/328/276
f 1821/327/276 1822/329/276 1769/328/276
f 1835/330/276 1836/331/276 1748/332/276
f 1836/331/276 1747/333/276 1748/332/276
f 1729/334/276 1708/335/276 1709/336/276
f 1819/337/276 1772/338/276 1773/339/276
f 1773/339/276 1818/340/276 1819/337/276
f 1707/341/276 1730/342/276 1731/343/276
f 1731/343/276 1706/344/276 1707/341/276
f 1733/345/276 1705/346/276 1732/347/276
f 1818/340/276 1773/339/276 1774/348/276
f 1774/348/276 1775/349/276 1818/340/276
f 1817/350/276 1818/340/276 1775/349/276
f 1775/349/276 1776/351/276 1817/350/276
f 1776/351/276 1816/352/276 1817/350/276
f 1838/353/276 1839/354/276 1745/355/276
f 1706/344/276 1731/343/276 1732/347/276
f 1732/347/276 1705/346/276 1706/344/276
f 1820/325/276 1771/324/276 1772/338/276
f 1772/338/276 1819/337/276 1820/325/276
f 1747/333/276 1836/331/276 1837/356/276
f 1746/357/276 1747/333/276 1837/356/276
f 1837/356/276 1838/353/276 1746/357/276
f 1838/353/276 1745/355/276 1746/357/276
f 1708/335/276 1729/334/276 1730/342/276
f 1730/342/276 1707/341/276 1708/335/276
f 1769/328/276 1822/329/276 1768/358/276
f 1822/329/276 1823/359/276 1768/358/276
f 1767/360/276 1768/358/276 1823/359/276
f 1766/361/276 1767/360/276 1823/359/276
f 1823/359/276 1824/362/276 1766/361/276
f 1765/363/276 1766/361/276 1824/362/276
f 1824/362/276 1825/364/276 1765/363/276
f 1764/365/276 1765/363/276 1825/364/276
f 1763/366/276 1764/365/276 1825/364/276
f 1825/364/276 1826/367/276 1763/366/276
f 1762/368/276 1763/366/276 1826/367/276
f 1761/303/276 1762/368/276 1826/367/276
f 1827/304/276 1761/303/276 1826/367/276
f 1751/318/276 1832/316/276 1833/369/276
f 1750/370/276 1751/318/276 1833/369/276
f 1833/369/276 1834/371/276 1750/370/276
f 1749/372/276 1750/370/276 1834/371/276
f 1834/371/276 1835/330/276 1749/372/276
f 1835/330/276 1748/332/276 1749/372/276
f 1713/301/276 1726/300/276 1727/373/276
f 1712/374/276 1713/301/276 1727/373/276
f 1711/375/276 1712/374/276 1727/373/276
f 1727/373/276 1728/376/276 1711/375/276
f 1710/377/276 1711/375/276 1728/376/276
f 1728/376/276 1729/334/276 1710/377/276
f 1729/334/276 1709/336/276 1710/377/276
f 1813/378/276 1778/379/276 1779/380/276
f 1812/381/276 1813/378/276 1779/380/276
f 1779/380/276 1780/382/276 1812/381/276
f 1811/383/276 1812/381/276 1780/382/276
f 1734/384/276 1735/385/276 1703/386/276
f 1704/387/276 1734/384/276 1703/386/276
f 1786/388/276 1787/389/276 1785/390/276
f 1811/383/276 1780/382/276 1781/391/276
f 1810/392/276 1811/383/276 1781/391/276
f 1809/393/276 1810/392/276 1781/391/276
f 1808/394/276 1809/393/276 1781/391/276
f 1807/395/276 1808/394/276 1781/391/276
f 1781/391/276 1806/396/276 1807/395/276
f 1842/91/276 1744/397/276 1841/398/276
f 1737/399/276 1738/400/276 1699/401/276
f 1699/401/276 1700/402/276 1737/399/276
f 1700/402/276 1701/403/276 1737/399/276
f 1736/404/276 1737/399/276 1701/403/276
f 1701/403/276 1702/405/276 1736/404/276
f 1735/385/276 1736/404/276 1702/405/276
f 1703/386/276 1735/385/276 1702/405/276
f 1798/406/276 1684/407/276 1797/408/276
f 1684/407/276 1685/409/276 1797/408/276
f 1797/408/276 1685/409/276 1796/410/276
f 1795/411/276 1796/410/276 1685/409/276
f 1794/412/276 1795/411/276 1685/409/276
f 1685/409/276 1686/413/276 1794/412/276
f 1793/414/276 1794/412/276 1686/413/276
f 1686/413/276 1687/415/276 1793/414/276
f 1792/416/276 1793/414/276 1687/415/276
f 1683/417/276 1799/418/276 1800/419/276
f 1682/420/276 1683/417/276 1800/419/276
f 1800/419/276 1801/421/276 1682/420/276
f 1681/422/276 1682/420/276 1801/421/276
f 1680/423/276 1681/422/276 1801/421/276
f 1670/424/276 1805/425/276 1669/88/276
f 1671/426/276 1672/427/276 1805/425/276
f 1805/425/276 1670/424/276 1671/426/276
f 1804/428/276 1805/425/276 1675/429/276
f 1674/430/276 1675/429/276 1805/425/276
f 1673/431/276 1674/430/276 1805/425/276
f 1805/425/276 1672/427/276 1673/431/276
f 1680/423/276 1801/421/276 1802/432/276
f 1679/433/276 1680/423/276 1802/432/276
f 1802/432/276 1803/434/276 1679/433/276
f 1678/435/276 1679/433/276 1803/434/276
f 1677/436/276 1678/435/276 1803/434/276
f 1803/434/276 1804/428/276 1677/436/276
f 1676/437/276 1677/436/276 1804/428/276
f 1804/428/276 1675/429/276 1676/437/276
f 1799/418/276 1683/417/276 1798/406/276
f 1684/407/276 1798/406/276 1683/417/276
f 1792/416/276 1687/415/276 1791/438/276
f 1687/415/276 1688/439/276 1791/438/276
f 1790/440/276 1791/438/276 1688/439/276
f 1789/441/276 1790/440/276 1688/439/276
f 1788/442/276 1789/441/276 1688/439/276
f 1787/389/276 1788/442/276 1688/439/276
f 1785/390/276 1787/389/276 1688/439/276
f 1784/443/276 1785/390/276 1688/439/276
f 1783/444/276 1784/443/276 1688/439/276
f 1688/439/276 1689/445/276 1783/444/276
f 1782/446/276 1783/444/276 1689/445/276
f 1781/391/276 1782/446/276 1689/445/276
f 1689/445/276 1690/447/276 1781/391/276
f 1690/447/276 1691/448/276 1781/391/276
f 1806/396/276 1781/391/276 1691/448/276
f 1691/448/276 1692/449/276 1806/396/276
f 1692/449/276 1693/450/276 1806/396/276
f 1842/91/276 1806/396/276 1693/450/276
f 1693/450/276 1694/451/276 1842/91/276
f 1744/397/276 1842/91/276 1694/451/276
f 1743/452/276 1744/397/276 1694/451/276
f 1742/453/276 1743/452/276 1694/451/276
f 1694/451/276 1695/454/276 1742/453/276
f 1741/455/276 1742/453/276 1695/454/276
f 1695/454/276 1696/456/276 1741/455/276
f 1740/457/276 1741/455/276 1696/456/276
f 1696/456/276 1697/458/276 1740/457/276
f 1739/459/276 1740/457/276 1697/458/276
f 1697/458/276 1698/460/276 1739/459/276
f 1738/400/276 1739/459/276 1698/460/276
f 1699/401/276 1738/400/276 1698/460/276
f 1816/352/276 1776/351/276 1777/461/276
f 1815/462/276 1816/352/276 1777/461/276
f 1814/463/276 1815/462/276 1777/461/276
f 1777/461/276 1778/379/276 1814/463/276
f 1778/379/276 1813/378/276 1814/463/276
f 1745/355/276 1839/354/276 1840/464/276
f 1840/464/276 1841/398/276 1745/355/276
f 1841/398/276 1744/397/276 1745/355/276
f 1734/384/276 1704/387/276 1733/345/276
f 1705/346/276 1733/345/276 1704/387/276
f 1845/865/276 1846/866/276 1847/226/276
f 1844/867/276 1845/865/276 1847/226/276
f 1847/226/276 1899/91/276 1844/867/276
f 1899/91/276 1847/226/276 1848/868/276
f 1848/868/276 1849/869/276 1899/91/276
f 1898/870/276 1899/91/276 1849/869/276
f 1849/869/276 1850/871/276 1898/870/276
f 1850/871/276 1851/89/276 1898/870/276
f 1851/89/276 1897/872/276 1898/870/276
f 1857/873/276 1858/874/276 1890/875/276
f 1858/874/276 1889/876/276 1890/875/276
f 1894/877/276 1854/878/276 1855/185/276
f 1893/879/276 1894/877/276 1855/185/276
f 1855/185/276 1856/880/276 1893/879/276
f 1892/881/276 1893/879/276 1856/880/276
f 1891/93/276 1892/881/276 1856/880/276
f 1856/880/276 1857/873/276 1891/93/276
f 1857/873/276 1890/875/276 1891/93/276
f 1897/872/276 1851/89/276 1852/882/276
f 1896/883/276 1897/872/276 1852/882/276
f 1852/882/276 1853/884/276 1896/883/276
f 1895/236/276 1896/883/276 1853/884/276
f 1853/884/276 1854/878/276 1895/236/276
f 1854/878/276 1894/877/276 1895/236/276
f 1862/885/276 1885/886/276 1861/887/276
f 1886/888/276 1861/887/276 1885/886/276
f 1861/887/276 1886/888/276 1860/889/276
f 1887/162/276 1860/889/276 1886/888/276
f 1863/201/276 1884/890/276 1862/885/276
f 1885/886/276 1862/885/276 1884/890/276
f 1873/891/276 1874/892/276 1872/893/276
f 1871/129/276 1872/893/276 1874/892/276
f 1874/892/276 1875/94/276 1871/129/276
f 1870/894/276 1871/129/276 1875/94/276
f 1869/895/276 1870/894/276 1875/94/276
f 1875/94/276 1876/896/276 1869/895/276
f 1869/895/276 1876/896/276 1868/897/276
f 1876/896/276 1877/898/276 1868/897/276
f 1867/95/276 1868/897/276 1877/898/276
f 1877/898/276 1878/899/276 1867/95/276
f 1866/900/276 1867/95/276 1878/899/276
f 1878/899/276 1879/198/276 1866/900/276
f 1879/198/276 1880/902/276 1866/900/276
f 1865/901/276 1866/900/276 1880/902/276
f 1880/902/276 1881/903/276 1865/901/276
f 1864/904/276 1865/901/276 1881/903/276
f 1881/903/276 1882/905/276 1864/904/276
f 1863/201/276 1864/904/276 1882/905/276
f 1882/905/276 1883/92/276 1863/201/276
f 1884/890/276 1863/201/276 1883/92/276
f 1889/876/276 1858/874/276 1859/90/276
f 1888/906/276 1889/876/276 1859/90/276
f 1859/90/276 1860/889/276 1888/906/276
f 1860/889/276 1887/162/276 1888/906/276
f 1844/867/276 1899/91/276 1843/88/276
f 1926/907/276 1927/908/276 1970/909/276
f 1970/909/276 1971/910/276 1926/907/276
f 1925/911/276 1926/907/276 1971/910/276
f 1971/910/276 1972/912/276 1925/911/276
f 1924/913/276 1925/911/276 1972/912/276
f 1972/912/276 1973/914/276 1924/913/276
f 1923/915/276 1924/913/276 1973/914/276
f 1973/914/276 1974/916/276 1923/915/276
f 1922/917/276 1923/915/276 1974/916/276
f 1974/916/276 1975/918/276 1922/917/276
f 1921/919/276 1922/917/276 1975/918/276
f 1975/918/276 1976/920/276 1921/919/276
f 1976/920/276 1977/921/276 1921/919/276
f 1920/922/276 1921/919/276 1977/921/276
f 1919/923/276 1920/922/276 1977/921/276
f 1936/924/276 1962/925/276 1935/926/276
f 1963/927/276 1935/926/276 1962/925/276
f 1985/928/276 1912/929/276 1984/930/276
f 1935/926/276 1963/927/276 1934/931/276
f 1964/932/276 1934/931/276 1963/927/276
f 1913/933/276 1983/934/276 1984/930/276
f 1984/930/276 1912/929/276 1913/933/276
f 1934/931/276 1964/932/276 1933/935/276
f 1964/932/276 1965/936/276 1933/935/276
f 1932/937/276 1933/935/276 1965/936/276
f 1966/938/276 1932/937/276 1965/936/276
f 1915/939/276 1981/940/276 1982/941/276
f 1914/942/276 1915/939/276 1982/941/276
f 1982/941/276 1983/934/276 1914/942/276
f 1983/934/276 1913/933/276 1914/942/276
f 1932/937/276 1966/938/276 1931/943/276
f 1966/938/276 1967/944/276 1931/943/276
f 1930/945/276 1931/943/276 1967/944/276
f 1967/944/276 1968/946/276 1930/945/276
f 1929/947/276 1930/945/276 1968/946/276
f 1968/946/276 1969/948/276 1929/947/276
f 1928/949/276 1929/947/276 1969/948/276
f 1927/908/276 1928/949/276 1969/948/276
f 1970/909/276 1927/908/276 1969/948/276
f 1919/923/276 1977/921/276 1978/950/276
f 1918/951/276 1919/923/276 1978/950/276
f 1978/950/276 1979/952/276 1918/951/276
f 1917/953/276 1918/951/276 1979/952/276
f 1979/952/276 1980/954/276 1917/953/276
f 1916/955/276 1917/953/276 1980/954/276
f 1980/954/276 1981/940/276 1916/955/276
f 1981/940/276 1915/939/276 1916/955/276
f 1987/956/276 1910/957/276 1986/958/276
f 1911/959/276 1986/958/276 1910/957/276
f 1960/960/276 1938/961/276 1939/962/276
f 1939/962/276 1959/963/276 1960/960/276
f 1961/964/276 1937/965/276 1938/961/276
f 1938/961/276 1960/960/276 1961/964/276
f 1988/966/276 1909/967/276 1987/956/276
f 1910/957/276 1987/956/276 1909/967/276
f 1958/968/276 1940/969/276 1941/970/276
f 1941/970/276 1957/971/276 1958/968/276
f 1989/972/276 1990/973/276 1906/974/276
f 1907/975/276 1989/972/276 1906/974/276
f 1959/963/276 1939/962/276 1940/969/276
f 1940/969/276 1958/968/276 1959/963/276
f 1989/972/276 1907/975/276 1988/966/276
f 1907/975/276 1908/976/276 1988/966/276
f 1909/967/276 1988/966/276 1908/976/276
f 1943/977/276 1944/978/276 1955/979/276
f 1954/980/276 1955/979/276 1944/978/276
f 1948/981/276 1949/982/276 1950/983/276
f 1947/984/276 1948/981/276 1952/985/276
f 1951/986/276 1952/985/276 1948/981/276
f 1948/981/276 1950/983/276 1951/986/276
f 1997/91/276 1900/88/276 1996/987/276
f 1954/980/276 1944/978/276 1945/988/276
f 1953/989/276 1954/980/276 1945/988/276
f 1945/988/276 1946/990/276 1953/989/276
f 1946/990/276 1947/984/276 1953/989/276
f 1947/984/276 1952/985/276 1953/989/276
f 1996/987/276 1900/88/276 1995/991/276
f 1994/992/276 1995/991/276 1900/88/276
f 1900/88/276 1901/993/276 1994/992/276
f 1993/994/276 1994/992/276 1901/993/276
f 1901/993/276 1902/995/276 1993/994/276
f 1957/971/276 1941/970/276 1942/996/276
f 1956/997/276 1957/971/276 1942/996/276
f 1942/996/276 1943/977/276 1956/997/276
f 1943/977/276 1955/979/276 1956/997/276
f 1993/994/276 1902/995/276 1992/998/276
f 1902/995/276 1903/999/276 1992/998/276
f 1991/1000/276 1992/998/276 1903/999/276
f 1903/999/276 1904/1001/276 1991/1000/276
f 1904/1001/276 1905/1002/276 1991/1000/276
f 1990/973/276 1991/1000/276 1905/1002/276
f 1906/974/276 1990/973/276 1905/1002/276
f 1937/965/276 1961/964/276 1936/924/276
f 1962/925/276 1936/924/276 1961/964/276
f 1986/958/276 1911/959/276 1985/928/276
f 1912/929/276 1985/928/276 1911/959/276
f 1999/126/276 2000/145/276 2001/91/276
f 2001/91/276 1998/88/276 1999/126/276
f 2053/149/276 2054/150/276 2024/151/276
f 2024/151/276 2025/152/276 2053/149/276
f 2052/153/276 2053/149/276 2025/152/276
f 2025/152/276 2026/154/276 2052/153/276
f 2051/129/276 2052/153/276 2026/154/276
f 2026/154/276 2076/155/276 2051/129/276
f 2050/156/276 2051/129/276 2076/155/276
f 2049/157/276 2050/156/276 2076/155/276
f 2076/155/276 2077/158/276 2049/157/276
f 2048/159/276 2049/157/276 2077/158/276
f 2077/158/276 2078/160/276 2048/159/276
f 2047/161/276 2048/159/276 2078/160/276
f 2078/160/276 2079/162/276 2047/161/276
f 2046/163/276 2047/161/276 2079/162/276
f 2017/164/276 2062/165/276 2016/89/276
f 2088/166/276 2039/167/276 2087/168/276
f 2062/165/276 2017/164/276 2061/169/276
f 2018/170/276 2061/169/276 2017/164/276
f 2040/171/276 2086/93/276 2087/168/276
f 2087/168/276 2039/167/276 2040/171/276
f 2061/169/276 2018/170/276 2060/172/276
f 2019/173/276 2060/172/276 2018/170/276
f 2084/174/276 2085/175/276 2042/176/276
f 2041/177/276 2042/176/276 2085/175/276
f 2085/175/276 2086/93/276 2041/177/276
f 2086/93/276 2040/171/276 2041/177/276
f 2060/172/276 2019/173/276 2059/178/276
f 2019/173/276 2020/179/276 2059/178/276
f 2058/94/276 2059/178/276 2020/179/276
f 2020/179/276 2021/180/276 2058/94/276
f 2057/181/276 2058/94/276 2021/180/276
f 2056/182/276 2057/181/276 2021/180/276
f 2021/180/276 2022/183/276 2056/182/276
f 2055/184/276 2056/182/276 2022/183/276
f 2022/183/276 2023/185/276 2055/184/276
f 2054/150/276 2055/184/276 2023/185/276
f 2024/151/276 2054/150/276 2023/185/276
f 2046/163/276 2079/162/276 2080/186/276
f 2045/187/276 2046/163/276 2080/186/276
f 2080/186/276 2081/188/276 2045/187/276
f 2044/95/276 2045/187/276 2081/188/276
f 2081/188/276 2082/189/276 2044/95/276
f 2082/189/276 2083/190/276 2044/95/276
f 2043/191/276 2044/95/276 2083/190/276
f 2083/190/276 2084/174/276 2043/191/276
f 2084/174/276 2042/176/276 2043/191/276
f 2015/192/276 2064/193/276 2014/194/276
f 2090/195/276 2038/196/276 2089/197/276
f 2014/194/276 2064/193/276 2065/198/276
f 2065/198/276 2013/199/276 2014/194/276
f 2091/200/276 2037/201/276 2090/195/276
f 2038/196/276 2090/195/276 2037/201/276
f 2011/202/276 2067/203/276 2068/204/276
f 2068/204/276 2010/205/276 2011/202/276
f 2013/199/276 2065/198/276 2066/206/276
f 2012/207/276 2013/199/276 2066/206/276
f 2066/206/276 2067/203/276 2012/207/276
f 2067/203/276 2011/202/276 2012/207/276
f 2091/200/276 2092/208/276 2036/209/276
f 2037/201/276 2091/200/276 2036/209/276
f 2071/210/276 2072/92/276 2008/211/276
f 2072/92/276 2007/212/276 2008/211/276
f 2003/213/276 2075/214/276 2002/88/276
f 2005/215/276 2074/216/276 2075/214/276
f 2004/217/276 2005/215/276 2075/214/276
f 2075/214/276 2003/213/276 2004/217/276
f 2007/212/276 2072/92/276 2073/218/276
f 2006/219/276 2007/212/276 2073/218/276
f 2073/218/276 2074/216/276 2006/219/276
f 2074/216/276 2005/215/276 2006/219/276
f 2027/220/276 2028/221/276 2100/91/276
f 2028/221/276 2029/222/276 2100/91/276
f 2099/223/276 2100/91/276 2029/222/276
f 2029/222/276 2030/90/276 2099/223/276
f 2010/205/276 2068/204/276 2069/224/276
f 2069/224/276 2070/225/276 2010/205/276
f 2009/226/276 2010/205/276 2070/225/276
f 2070/225/276 2071/210/276 2009/226/276
f 2071/210/276 2008/211/276 2009/226/276
f 2099/223/276 2030/90/276 2098/227/276
f 2097/228/276 2098/227/276 2030/90/276
f 2030/90/276 2031/229/276 2097/228/276
f 2096/230/276 2097/228/276 2031/229/276
f 2031/229/276 2032/231/276 2096/230/276
f 2095/232/276 2096/230/276 2032/231/276
f 2032/231/276 2033/233/276 2095/232/276
f 2094/234/276 2095/232/276 2033/233/276
f 2033/233/276 2034/235/276 2094/234/276
f 2093/236/276 2094/234/276 2034/235/276
f 2034/235/276 2035/237/276 2093/236/276
f 2092/208/276 2093/236/276 2035/237/276
f 2036/209/276 2092/208/276 2035/237/276
f 2064/193/276 2015/192/276 2063/238/276
f 2062/165/276 2063/238/276 2015/192/276
f 2016/89/276 2062/165/276 2015/192/276
f 2076/155/276 2026/154/276 2100/91/276
f 2039/167/276 2088/166/276 2089/197/276
f 2089/197/276 2038/196/276 2039/167/276
f 2027/220/276 2100/91/276 2026/154/276
f 2102/126/276 2103/145/276 2104/91/276
f 2104/91/276 2101/88/276 2102/126/276
f 2133/613/276 2134/614/276 2135/615/276
f 2135/615/276 2136/616/276 2133/613/276
f 2132/617/276 2133/613/276 2131/618/276
f 2130/619/276 2137/620/276 2129/621/276
f 2129/621/276 2137/620/276 2138/622/276
f 2138/622/276 2128/623/276 2129/621/276
f 2137/620/276 2130/619/276 2136/616/276
f 2133/613/276 2136/616/276 2130/619/276
f 2131/618/276 2133/613/276 2130/619/276
f 2144/624/276 2145/625/276 2143/626/276
f 2142/627/276 2143/626/276 2145/625/276
f 2128/623/276 2138/622/276 2139/145/276
f 2139/145/276 2127/628/276 2128/623/276
f 2120/629/276 2121/630/276 2119/631/276
f 2119/631/276 2121/630/276 2118/632/276
f 2114/633/276 2152/634/276 2153/635/276
f 2153/635/276 2113/636/276 2114/633/276
f 2109/637/276 2110/638/276 2111/639/276
f 2156/91/276 2109/637/276 2155/640/276
f 2154/641/276 2155/640/276 2109/637/276
f 2112/642/276 2154/641/276 2109/637/276
f 2109/637/276 2111/639/276 2112/642/276
f 2113/636/276 2153/635/276 2154/641/276
f 2154/641/276 2112/642/276 2113/636/276
f 2115/643/276 2151/644/276 2152/634/276
f 2152/634/276 2114/633/276 2115/643/276
f 2106/645/276 2107/646/276 2108/647/276
f 2108/647/276 2105/88/276 2106/645/276
f 2146/648/276 2147/649/276 2145/625/276
f 2147/649/276 2148/650/276 2145/625/276
f 2142/627/276 2145/625/276 2148/650/276
f 2141/652/276 2142/627/276 2148/650/276
f 2148/650/276 2149/651/276 2141/652/276
f 2140/654/276 2141/652/276 2149/651/276
f 2149/651/276 2150/653/276 2140/654/276
f 2139/145/276 2140/654/276 2150/653/276
f 2150/653/276 2151/644/276 2139/145/276
f 2127/628/276 2139/145/276 2151/644/276
f 2151/644/276 2115/643/276 2127/628/276
f 2126/656/276 2127/628/276 2115/643/276
f 2115/643/276 2116/655/276 2126/656/276
f 2125/658/276 2126/656/276 2116/655/276
f 2116/655/276 2117/657/276 2125/658/276
f 2124/659/276 2125/658/276 2117/657/276
f 2117/657/276 2118/632/276 2124/659/276
f 2118/632/276 2121/630/276 2124/659/276
f 2123/660/276 2124/659/276 2121/630/276
f 2122/126/276 2123/660/276 2121/630/276
f 2158/239/276 2159/240/276 2160/241/276
f 2160/241/276 2161/242/276 2210/243/276
f 2200/244/276 2201/245/276 2172/246/276
f 2172/246/276 2201/245/276 2171/247/276
f 2201/245/276 2202/248/276 2171/247/276
f 2171/247/276 2202/248/276 2170/249/276
f 2202/248/276 2203/250/276 2170/249/276
f 2169/251/276 2170/249/276 2203/250/276
f 2203/250/276 2204/252/276 2169/251/276
f 2168/253/276 2169/251/276 2204/252/276
f 2204/252/276 2205/254/276 2168/253/276
f 2167/255/276 2168/253/276 2205/254/276
f 2205/254/276 2206/256/276 2167/255/276
f 2166/257/276 2167/255/276 2206/256/276
f 2165/258/276 2166/257/276 2206/256/276
f 2206/256/276 2207/259/276 2165/258/276
f 2164/260/276 2165/258/276 2207/259/276
f 2207/259/276 2208/261/276 2164/260/276
f 2163/262/276 2164/260/276 2208/261/276
f 2162/263/276 2163/262/276 2208/261/276
f 2208/261/276 2209/264/276 2162/263/276
f 2161/242/276 2162/263/276 2209/264/276
f 2210/243/276 2161/242/276 2209/264/276
f 2160/241/276 2210/243/276 2211/265/276
f 2211/265/276 2214/91/276 2160/241/276
f 2158/239/276 2160/241/276 2214/91/276
f 2214/91/276 2157/88/276 2158/239/276
f 2199/266/276 2173/267/276 2198/268/276
f 2198/268/276 2173/267/276 2174/269/276
f 2174/269/276 2175/270/276 2198/268/276
f 2175/270/276 2197/271/276 2198/268/276
f 2178/272/276 2179/273/276 2195/145/276
f 2179/273/276 2194/274/276 2195/145/276
f 2197/271/276 2175/270/276 2176/126/276
f 2176/126/276 2177/275/276 2197/271/276
f 2196/276/276 2197/271/276 2177/275/276
f 2177/275/276 2178/272/276 2196/276/276
f 2178/272/276 2195/145/276 2196/276/276
f 2181/277/276 2182/278/276 2192/279/276
f 2185/280/276 2186/281/276 2187/282/276
f 2185/280/276 2187/282/276 2188/283/276
f 2192/279/276 2182/278/276 2183/284/276
f 2191/285/276 2192/279/276 2183/284/276
f 2183/284/276 2184/286/276 2191/285/276
f 2190/287/276 2191/285/276 2184/286/276
f 2184/286/276 2185/280/276 2190/287/276
f 2189/288/276 2190/287/276 2185/280/276
f 2185/280/276 2188/283/276 2189/288/276
f 2194/274/276 2179/273/276 2180/289/276
f 2193/290/276 2194/274/276 2180/289/276
f 2180/289/276 2181/277/276 2193/290/276
f 2181/277/276 2192/279/276 2193/290/276
f 2200/244/276 2172/246/276 2173/267/276
f 2173/267/276 2199/266/276 2200/244/276
f 2214/91/276 2211/265/276 2212/291/276
f 2212/291/276 2213/292/276 2214/91/276
f 2273/1003/276 2274/1004/276 2276/1005/276
f 2275/1006/276 2276/1005/276 2274/1004/276
f 2282/1007/276 2268/1008/276 2281/1009/276
f 2268/1008/276 2269/1010/276 2281/1009/276
f 2280/1011/276 2281/1009/276 2269/1010/276
f 2280/1011/276 2269/1010/276 2279/1012/276
f 2269/1010/276 2270/1013/276 2279/1012/276
f 2278/286/276 2279/1012/276 2270/1013/276
f 2270/1013/276 2271/277/276 2278/286/276
f 2277/1014/276 2278/286/276 2271/277/276
f 2271/277/276 2272/95/276 2277/1014/276
f 2276/1005/276 2277/1014/276 2272/95/276
f 2273/1003/276 2276/1005/276 2272/95/276
f 2238/1015/276 2239/1016/276 2324/1017/276
f 2324/1017/276 2325/1018/276 2238/1015/276
f 2237/1019/276 2238/1015/276 2325/1018/276
f 2336/1020/276 2227/1021/276 2335/1022/276
f 2264/272/276 2287/1023/276 2263/1024/276
f 2287/1023/276 2264/272/276 2286/1025/276
f 2265/1026/276 2286/1025/276 2264/272/276
f 2334/261/276 2335/1022/276 2228/1027/276
f 2335/1022/276 2227/1021/276 2228/1027/276
f 2286/1025/276 2265/1026/276 2285/282/276
f 2284/1028/276 2285/282/276 2265/1026/276
f 2266/1029/276 2284/1028/276 2265/1026/276
f 2315/1030/276 2316/1031/276 2245/1032/276
f 2332/1033/276 2333/1034/276 2229/262/276
f 2333/1034/276 2334/261/276 2229/262/276
f 2334/261/276 2228/1027/276 2229/262/276
f 2284/1028/276 2266/1029/276 2283/1035/276
f 2266/1029/276 2267/1036/276 2283/1035/276
f 2282/1007/276 2283/1035/276 2267/1036/276
f 2268/1008/276 2282/1007/276 2267/1036/276
f 2245/1032/276 2316/1031/276 2244/1037/276
f 2316/1031/276 2317/1038/276 2244/1037/276
f 2317/1038/276 2318/1039/276 2244/1037/276
f 2243/251/276 2244/1037/276 2318/1039/276
f 2318/1039/276 2319/1040/276 2243/251/276
f 2242/1041/276 2243/251/276 2319/1040/276
f 2319/1040/276 2320/248/276 2242/1041/276
f 2320/248/276 2321/1042/276 2242/1041/276
f 2241/1043/276 2242/1041/276 2321/1042/276
f 2321/1042/276 2322/1044/276 2241/1043/276
f 2240/1045/276 2241/1043/276 2322/1044/276
f 2322/1044/276 2323/1046/276 2240/1045/276
f 2239/1016/276 2240/1045/276 2323/1046/276
f 2324/1017/276 2239/1016/276 2323/1046/276
f 2237/1019/276 2325/1018/276 2326/1047/276
f 2236/257/276 2237/1019/276 2326/1047/276
f 2326/1047/276 2327/254/276 2236/257/276
f 2235/1048/276 2236/257/276 2327/254/276
f 2234/89/276 2235/1048/276 2327/254/276
f 2327/254/276 2328/1049/276 2234/89/276
f 2233/1050/276 2234/89/276 2328/1049/276
f 2328/1049/276 2329/93/276 2233/1050/276
f 2232/1051/276 2233/1050/276 2329/93/276
f 2329/93/276 2330/1052/276 2232/1051/276
f 2231/1053/276 2232/1051/276 2330/1052/276
f 2330/1052/276 2331/1054/276 2231/1053/276
f 2230/1055/276 2231/1053/276 2331/1054/276
f 2331/1054/276 2332/1033/276 2230/1055/276
f 2332/1033/276 2229/262/276 2230/1055/276
f 2262/1056/276 2288/1057/276 2289/1058/276
f 2261/1059/276 2262/1056/276 2289/1058/276
f 2289/1058/276 2260/1060/276 2261/1059/276
f 2339/1061/276 2224/1062/276 2338/1063/276
f 2224/1062/276 2225/1064/276 2338/1063/276
f 2337/1065/276 2338/1063/276 2225/1064/276
f 2226/1066/276 2337/1065/276 2225/1064/276
f 2260/1060/276 2289/1058/276 2290/1067/276
f 2259/1068/276 2260/1060/276 2290/1067/276
f 2313/266/276 2247/1069/276 2312/1070/276
f 2340/1071/276 2222/241/276 2339/1061/276
f 2222/241/276 2223/1072/276 2339/1061/276
f 2224/1062/276 2339/1061/276 2223/1072/276
f 2343/1073/276 2344/1074/276 2217/1075/276
f 2217/1075/276 2218/1076/276 2343/1073/276
f 2348/91/276 2215/88/276 2347/1077/276
f 2347/1077/276 2215/88/276 2346/1078/276
f 2345/1079/276 2346/1078/276 2215/88/276
f 2215/88/276 2216/1080/276 2345/1079/276
f 2344/1074/276 2345/1079/276 2216/1080/276
f 2217/1075/276 2344/1074/276 2216/1080/276
f 2259/1068/276 2290/1067/276 2291/94/276
f 2258/1081/276 2259/1068/276 2291/94/276
f 2291/94/276 2292/287/276 2258/1081/276
f 2257/270/276 2258/1081/276 2292/287/276
f 2292/287/276 2293/1082/276 2257/270/276
f 2256/1083/276 2257/270/276 2293/1082/276
f 2293/1082/276 2294/1084/276 2256/1083/276
f 2255/1085/276 2256/1083/276 2294/1084/276
f 2294/1084/276 2295/1086/276 2255/1085/276
f 2254/1087/276 2255/1085/276 2295/1086/276
f 2295/1086/276 2296/1088/276 2254/1087/276
f 2296/1088/276 2297/1089/276 2254/1087/276
f 2253/90/276 2254/1087/276 2297/1089/276
f 2297/1089/276 2298/1090/276 2253/90/276
f 2252/1091/276 2253/90/276 2298/1090/276
f 2298/1090/276 2299/290/276 2252/1091/276
f 2251/1092/276 2252/1091/276 2299/290/276
f 2299/290/276 2300/1093/276 2251/1092/276
f 2300/1093/276 2301/1094/276 2251/1092/276
f 2301/1094/276 2302/1095/276 2251/1092/276
f 2302/1095/276 2303/1096/276 2251/1092/276
f 2250/246/276 2251/1092/276 2303/1096/276
f 2303/1096/276 2304/1097/276 2250/246/276
f 2304/1097/276 2305/1098/276 2250/246/276
f 2305/1098/276 2306/276/276 2250/246/276
f 2306/276/276 2307/1099/276 2250/246/276
f 2307/1099/276 2308/1100/276 2250/246/276
f 2249/1101/276 2250/246/276 2308/1100/276
f 2308/1100/276 2309/1102/276 2249/1101/276
f 2309/1102/276 2310/92/276 2249/1101/276
f 2248/1103/276 2249/1101/276 2310/92/276
f 2310/92/276 2311/1104/276 2248/1103/276
f 2247/1069/276 2248/1103/276 2311/1104/276
f 2312/1070/276 2247/1069/276 2311/1104/276
f 2343/1073/276 2218/1076/276 2342/1105/276
f 2218/1076/276 2219/1106/276 2342/1105/276
f 2219/1106/276 2220/1107/276 2342/1105/276
f 2341/265/276 2342/1105/276 2220/1107/276
f 2220/1107/276 2221/1108/276 2341/265/276
f 2340/1071/276 2341/265/276 2221/1108/276
f 2222/241/276 2340/1071/276 2221/1108/276
f 2263/1024/276 2287/1023/276 2288/1057/276
f 2288/1057/276 2262/1056/276 2263/1024/276
f 2247/1069/276 2313/266/276 2246/1109/276
f 2313/266/276 2314/1110/276 2246/1109/276
f 2245/1032/276 2246/1109/276 2314/1110/276
f 2315/1030/276 2245/1032/276 2314/1110/276
f 2337/1065/276 2226/1066/276 2336/1020/276
f 2227/1021/276 2336/1020/276 2226/1066/276
f 2349/88/276 2350/89/276 2351/90/276
f 2349/88/276 2351/90/276 2356/91/276
f 2351/90/276 2354/92/276 2356/91/276
f 2355/93/276 2356/91/276 2354/92/276
f 2354/92/276 2351/90/276 2353/94/276
f 2352/95/276 2353/94/276 2351/90/276
f 2415/1003/276 2416/1004/276 2418/1005/276
f 2417/1006/276 2418/1005/276 2416/1004/276
f 2424/1007/276 2410/1008/276 2423/1009/276
f 2410/1008/276 2411/1010/276 2423/1009/276
f 2422/1011/276 2423/1009/276 2411/1010/276
f 2422/1011/276 2411/1010/276 2421/1012/276
f 2411/1010/276 2412/1013/276 2421/1012/276
f 2420/286/276 2421/1012/276 2412/1013/276
f 2412/1013/276 2413/277/276 2420/286/276
f 2419/1014/276 2420/286/276 2413/277/276
f 2413/277/276 2414/95/276 2419/1014/276
f 2418/1005/276 2419/1014/276 2414/95/276
f 2415/1003/276 2418/1005/276 2414/95/276
f 2380/1015/276 2381/1016/276 2466/1017/276
f 2466/1017/276 2467/1018/276 2380/1015/276
f 2379/1019/276 2380/1015/276 2467/1018/276
f 2478/1020/276 2369/1021/276 2477/1022/276
f 2406/272/276 2429/1023/276 2405/1024/276
f 2429/1023/276 2406/272/276 2428/1025/276
f 2407/1026/276 2428/1025/276 2406/272/276
f 2476/261/276 2477/1022/276 2370/1027/276
f 2477/1022/276 2369/1021/276 2370/1027/276
f 2428/1025/276 2407/1026/276 2427/282/276
f 2426/1028/276 2427/282/276 2407/1026/276
f 2408/1029/276 2426/1028/276 2407/1026/276
f 2457/1030/276 2458/1031/276 2387/1032/276
f 2474/1033/276 2475/1034/276 2371/262/276
f 2475/1034/276 2476/261/276 2371/262/276
f 2476/261/276 2370/1027/276 2371/262/276
f 2426/1028/276 2408/1029/276 2425/1035/276
f 2408/1029/276 2409/1036/276 2425/1035/276
f 2424/1007/276 2425/1035/276 2409/1036/276
f 2410/1008/276 2424/1007/276 2409/1036/276
f 2387/1032/276 2458/1031/276 2386/1037/276
f 2458/1031/276 2459/1038/276 2386/1037/276
f 2459/1038/276 2460/1039/276 2386/1037/276
f 2385/251/276 2386/1037/276 2460/1039/276
f 2460/1039/276 2461/1040/276 2385/251/276
f 2384/1041/276 2385/251/276 2461/1040/276
f 2461/1040/276 2462/248/276 2384/1041/276
f 2462/248/276 2463/1042/276 2384/1041/276
f 2383/1043/276 2384/1041/276 2463/1042/276
f 2463/1042/276 2464/1044/276 2383/1043/276
f 2382/1045/276 2383/1043/276 2464/1044/276
f 2464/1044/276 2465/1046/276 2382/1045/276
f 2381/1016/276 2382/1045/276 2465/1046/276
f 2466/1017/276 2381/1016/276 2465/1046/276
f 2379/1019/276 2467/1018/276 2468/1047/276
f 2378/257/276 2379/1019/276 2468/1047/276
f 2468/1047/276 2469/254/276 2378/257/276
f 2377/1048/276 2378/257/276 2469/254/276
f 2376/89/276 2377/1048/276 2469/254/276
f 2469/254/276 2470/1049/276 2376/89/276
f 2375/1050/276 2376/89/276 2470/1049/276
f 2470/1049/276 2471/93/276 2375/1050/276
f 2374/1051/276 2375/1050/276 2471/93/276
f 2471/93/276 2472/1052/276 2374/1051/276
f 2373/1053/276 2374/1051/276 2472/1052/276
f 2472/1052/276 2473/1054/276 2373/1053/276
f 2372/1055/276 2373/1053/276 2473/1054/276
f 2473/1054/276 2474/1033/276 2372/1055/276
f 2474/1033/276 2371/262/276 2372/1055/276
f 2404/1056/276 2430/1057/276 2431/1058/276
f 2403/1059/276 2404/1056/276 2431/1058/276
f 2431/1058/276 2402/1060/276 2403/1059/276
f 2481/1061/276 2366/1062/276 2480/1063/276
f 2366/1062/276 2367/1064/276 2480/1063/276
f 2479/1065/276 2480/1063/276 2367/1064/276
f 2368/1066/276 2479/1065/276 2367/1064/276
f 2402/1060/276 2431/1058/276 2432/1067/276
f 2401/1068/276 2402/1060/276 2432/1067/276
f 2455/266/276 2389/1069/276 2454/1070/276
f 2482/1071/276 2364/241/276 2481/1061/276
f 2364/241/276 2365/1072/276 2481/1061/276
f 2366/1062/276 2481/1061/276 2365/1072/276
f 2485/1073/276 2486/1074/276 2359/1075/276
f 2359/1075/276 2360/1076/276 2485/1073/276
f 2490/91/276 2357/88/276 2489/1077/276
f 2489/1077/276 2357/88/276 2488/1078/276
f 2487/1079/276 2488/1078/276 2357/88/276
f 2357/88/276 2358/1080/276 2487/1079/276
f 2486/1074/276 2487/1079/276 2358/1080/276
f 2359/1075/276 2486/1074/276 2358/1080/276
f 2401/1068/276 2432/1067/276 2433/94/276
f 2400/1081/276 2401/1068/276 2433/94/276
f 2433/94/276 2434/287/276 2400/1081/276
f 2399/270/276 2400/1081/276 2434/287/276
f 2434/287/276 2435/1082/276 2399/270/276
f 2398/1083/276 2399/270/276 2435/1082/276
f 2435/1082/276 2436/1084/276 2398/1083/276
f 2397/1085/276 2398/1083/276 2436/1084/276
f 2436/1084/276 2437/1086/276 2397/1085/276
f 2396/1087/276 2397/1085/276 2437/1086/276
f 2437/1086/276 2438/1088/276 2396/1087/276
f 2438/1088/276 2439/1089/276 2396/1087/276
f 2395/90/276 2396/1087/276 2439/1089/276
f 2439/1089/276 2440/1090/276 2395/90/276
f 2394/1091/276 2395/90/276 2440/1090/276
f 2440/1090/276 2441/290/276 2394/1091/276
f 2393/1092/276 2394/1091/276 2441/290/276
f 2441/290/276 2442/1093/276 2393/1092/276
f 2442/1093/276 2443/1094/276 2393/1092/276
f 2443/1094/276 2444/1095/276 2393/1092/276
f 2444/1095/276 2445/1096/276 2393/1092/276
f 2392/246/276 2393/1092/276 2445/1096/276
f 2445/1096/276 2446/1097/276 2392/246/276
f 2446/1097/276 2447/1098/276 2392/246/276
f 2447/1098/276 2448/276/276 2392/246/276
f 2448/276/276 2449/1099/276 2392/246/276
f 2449/1099/276 2450/1100/276 2392/246/276
f 2391/1101/276 2392/246/276 2450/1100/276
f 2450/1100/276 2451/1102/276 2391/1101/276
f 2451/1102/276 2452/92/276 2391/1101/276
f 2390/1103/276 2391/1101/276 2452/92/276
f 2452/92/276 2453/1104/276 2390/1103/276
f 2389/1069/276 2390/1103/276 2453/1104/276
f 2454/1070/276 2389/1069/276 2453/1104/276
f 2485/1073/276 2360/1076/276 2484/1105/276
f 2360/1076/276 2361/1106/276 2484/1105/276
f 2361/1106/276 2362/1107/276 2484/1105/276
f 2483/265/276 2484/1105/276 2362/1107/276
f 2362/1107/276 2363/1108/276 2483/265/276
f 2482/1071/276 2483/265/276 2363/1108/276
f 2364/241/276 2482/1071/276 2363/1108/276
f 2405/1024/276 2429/1023/276 2430/1057/276
f 2430/1057/276 2404/1056/276 2405/1024/276
f 2389/1069/276 2455/266/276 2388/1109/276
f 2455/266/276 2456/1110/276 2388/1109/276
f 2387/1032/276 2388/1109/276 2456/1110/276
f 2457/1030/276 2387/1032/276 2456/1110/276
f 2479/1065/276 2368/1066/276 2478/1020/276
f 2369/1021/276 2478/1020/276 2368/1066/276
f 2491/88/277 2493/90/277 2492/89/277
f 2491/88/277 2498/91/277 2493/90/277
f 2493/90/277 2498/91/277 2496/92/277
f 2497/93/277 2496/92/277 2498/91/277
f 2496/92/277 2495/94/277 2493/90/277
f 2494/95/277 2493/90/277 2495/94/277
f 2500/96/277 2502/98/277 2501/97/277
f 2499/88/277 2502/98/277 2500/96/277
f 2499/88/277 2503/99/277 2502/98/277
f 2503/99/277 2499/88/277 2504/100/277
f 2552/101/277 2504/100/277 2499/88/277
f 2504/100/277 2552/101/277 2505/102/277
f 2505/102/277 2552/101/277 2506/103/277
f 2506/103/277 2552/101/277 2507/104/277
f 2507/104/277 2552/101/277 2551/105/277
f 2509/106/277 2549/108/277 2510/107/277
f 2548/109/277 2510/107/277 2549/108/277
f 2544/110/277 2513/112/277 2545/111/277
f 2548/109/277 2511/113/277 2510/107/277
f 2547/114/277 2511/113/277 2548/109/277
f 2511/113/277 2547/114/277 2512/115/277
f 2546/116/277 2512/115/277 2547/114/277
f 2512/115/277 2546/116/277 2513/112/277
f 2513/112/277 2546/116/277 2545/111/277
f 2551/105/277 2508/117/277 2507/104/277
f 2550/118/277 2508/117/277 2551/105/277
f 2508/117/277 2550/118/277 2509/106/277
f 2509/106/277 2550/118/277 2549/108/277
f 2540/119/277 2539/121/277 2516/120/277
f 2516/120/277 2515/122/277 2540/119/277
f 2541/123/277 2540/119/277 2515/122/277
f 2518/124/277 2517/126/277 2536/125/277
f 2536/125/277 2517/126/277 2537/127/277
f 2537/127/277 2517/126/277 2538/128/277
f 2516/120/277 2538/128/277 2517/126/277
f 2539/121/277 2538/128/277 2516/120/277
f 2526/129/277 2525/131/277 2527/130/277
f 2524/132/277 2527/130/277 2525/131/277
f 2527/130/277 2524/132/277 2528/133/277
f 2523/134/277 2528/133/277 2524/132/277
f 2528/133/277 2523/134/277 2529/135/277
f 2522/136/277 2529/135/277 2523/134/277
f 2529/135/277 2522/136/277 2530/137/277
f 2522/136/277 2521/138/277 2530/137/277
f 2530/137/277 2521/138/277 2531/139/277
f 2531/139/277 2521/138/277 2532/140/277
f 2520/141/277 2532/140/277 2521/138/277
f 2532/140/277 2520/141/277 2533/142/277
f 2519/143/277 2533/142/277 2520/141/277
f 2533/142/277 2519/143/277 2534/144/277
f 2534/144/277 2519/143/277 2535/145/277
f 2518/124/277 2535/145/277 2519/143/277
f 2536/125/277 2535/145/277 2518/124/277
f 2544/110/277 2514/146/277 2513/112/277
f 2543/147/277 2514/146/277 2544/110/277
f 2542/148/277 2514/146/277 2543/147/277
f 2514/146/277 2542/148/277 2515/122/277
f 2515/122/277 2542/148/277 2541/123/277
f 2499/88/277 2553/91/277 2552/101/277
f 2605/149/277 2576/151/277 2606/150/277
f 2576/151/277 2605/149/277 2577/152/277
f 2604/153/277 2577/152/277 2605/149/277
f 2577/152/277 2604/153/277 2578/154/277
f 2603/129/277 2578/154/277 2604/153/277
f 2578/154/277 2603/129/277 2628/155/277
f 2602/156/277 2628/155/277 2603/129/277
f 2601/157/277 2628/155/277 2602/156/277
f 2628/155/277 2601/157/277 2629/158/277
f 2600/159/277 2629/158/277 2601/157/277
f 2629/158/277 2600/159/277 2630/160/277
f 2599/161/277 2630/160/277 2600/159/277
f 2630/160/277 2599/161/277 2631/162/277
f 2598/163/277 2631/162/277 2599/161/277
f 2569/164/277 2568/89/277 2614/165/277
f 2640/166/277 2639/168/277 2591/167/277
f 2614/165/277 2613/169/277 2569/164/277
f 2570/170/277 2569/164/277 2613/169/277
f 2592/171/277 2639/168/277 2638/93/277
f 2639/168/277 2592/171/277 2591/167/277
f 2613/169/277 2612/172/277 2570/170/277
f 2571/173/277 2570/170/277 2612/172/277
f 2636/174/277 2594/176/277 2637/175/277
f 2593/177/277 2637/175/277 2594/176/277
f 2637/175/277 2593/177/277 2638/93/277
f 2638/93/277 2593/177/277 2592/171/277
f 2612/172/277 2611/178/277 2571/173/277
f 2571/173/277 2611/178/277 2572/179/277
f 2610/94/277 2572/179/277 2611/178/277
f 2572/179/277 2610/94/277 2573/180/277
f 2609/181/277 2573/180/277 2610/94/277
f 2608/182/277 2573/180/277 2609/181/277
f 2573/180/277 2608/182/277 2574/183/277
f 2607/184/277 2574/183/277 2608/182/277
f 2574/183/277 2607/184/277 2575/185/277
f 2606/150/277 2575/185/277 2607/184/277
f 2576/151/277 2575/185/277 2606/150/277
f 2598/163/277 2632/186/277 2631/162/277
f 2597/187/277 2632/186/277 2598/163/277
f 2632/186/277 2597/187/277 2633/188/277
f 2596/95/277 2633/188/277 2597/187/277
f 2633/188/277 2596/95/277 2634/189/277
f 2634/189/277 2596/95/277 2635/190/277
f 2595/191/277 2635/190/277 2596/95/277
f 2635/190/277 2595/191/277 2636/174/277
f 2636/174/277 2595/191/277 2594/176/277
f 2567/192/277 2566/194/277 2616/193/277
f 2642/195/277 2641/197/277 2590/196/277
f 2566/194/277 2617/198/277 2616/193/277
f 2617/198/277 2566/194/277 2565/199/277
f 2643/200/277 2642/195/277 2589/201/277
f 2590/196/277 2589/201/277 2642/195/277
f 2563/202/277 2620/204/277 2619/203/277
f 2620/204/277 2563/202/277 2562/205/277
f 2565/199/277 2618/206/277 2617/198/277
f 2564/207/277 2618/206/277 2565/199/277
f 2618/206/277 2564/207/277 2619/203/277
f 2619/203/277 2564/207/277 2563/202/277
f 2643/200/277 2588/209/277 2644/208/277
f 2589/201/277 2588/209/277 2643/200/277
f 2623/210/277 2560/211/277 2624/92/277
f 2624/92/277 2560/211/277 2559/212/277
f 2555/213/277 2554/88/277 2627/214/277
f 2557/215/277 2627/214/277 2626/216/277
f 2556/217/277 2627/214/277 2557/215/277
f 2627/214/277 2556/217/277 2555/213/277
f 2559/212/277 2625/218/277 2624/92/277
f 2558/219/277 2625/218/277 2559/212/277
f 2625/218/277 2558/219/277 2626/216/277
f 2626/216/277 2558/219/277 2557/215/277
f 2579/220/277 2652/91/277 2580/221/277
f 2580/221/277 2652/91/277 2581/222/277
f 2651/223/277 2581/222/277 2652/91/277
f 2581/222/277 2651/223/277 2582/90/277
f 2562/205/277 2621/224/277 2620/204/277
f 2621/224/277 2562/205/277 2622/225/277
f 2561/226/277 2622/225/277 2562/205/277
f 2622/225/277 2561/226/277 2623/210/277
f 2623/210/277 2561/226/277 2560/211/277
f 2651/223/277 2650/227/277 2582/90/277
f 2649/228/277 2582/90/277 2650/227/277
f 2582/90/277 2649/228/277 2583/229/277
f 2648/230/277 2583/229/277 2649/228/277
f 2583/229/277 2648/230/277 2584/231/277
f 2647/232/277 2584/231/277 2648/230/277
f 2584/231/277 2647/232/277 2585/233/277
f 2646/234/277 2585/233/277 2647/232/277
f 2585/233/277 2646/234/277 2586/235/277
f 2645/236/277 2586/235/277 2646/234/277
f 2586/235/277 2645/236/277 2587/237/277
f 2644/208/277 2587/237/277 2645/236/277
f 2588/209/277 2587/237/277 2644/208/277
f 2616/193/277 2615/238/277 2567/192/277
f 2614/165/277 2567/192/277 2615/238/277
f 2568/89/277 2567/192/277 2614/165/277
f 2628/155/277 2652/91/277 2578/154/277
f 2591/167/277 2641/197/277 2640/166/277
f 2641/197/277 2591/167/277 2590/196/277
f 2579/220/277 2578/154/277 2652/91/277
f 2654/239/277 2656/241/277 2655/240/277
f 2656/241/277 2706/243/277 2657/242/277
f 2696/244/277 2668/246/277 2697/245/277
f 2668/246/277 2667/247/277 2697/245/277
f 2697/245/277 2667/247/277 2698/248/277
f 2667/247/277 2666/249/277 2698/248/277
f 2698/248/277 2666/249/277 2699/250/277
f 2665/251/277 2699/250/277 2666/249/277
f 2699/250/277 2665/251/277 2700/252/277
f 2664/253/277 2700/252/277 2665/251/277
f 2700/252/277 2664/253/277 2701/254/277
f 2663/255/277 2701/254/277 2664/253/277
f 2701/254/277 2663/255/277 2702/256/277
f 2662/257/277 2702/256/277 2663/255/277
f 2661/258/277 2702/256/277 2662/257/277
f 2702/256/277 2661/258/277 2703/259/277
f 2660/260/277 2703/259/277 2661/258/277
f 2703/259/277 2660/260/277 2704/261/277
f 2659/262/277 2704/261/277 2660/260/277
f 2658/263/277 2704/261/277 2659/262/277
f 2704/261/277 2658/263/277 2705/264/277
f 2657/242/277 2705/264/277 2658/263/277
f 2706/243/277 2705/264/277 2657/242/277
f 2656/241/277 2707/265/277 2706/243/277
f 2707/265/277 2656/241/277 2710/91/277
f 2654/239/277 2710/91/277 2656/241/277
f 2710/91/277 2654/239/277 2653/88/277
f 2695/266/277 2694/268/277 2669/267/277
f 2694/268/277 2670/269/277 2669/267/277
f 2670/269/277 2694/268/277 2671/270/277
f 2671/270/277 2694/268/277 2693/271/277
f 2674/272/277 2691/145/277 2675/273/277
f 2675/273/277 2691/145/277 2690/274/277
f 2693/271/277 2672/126/277 2671/270/277
f 2672/126/277 2693/271/277 2673/275/277
f 2692/276/277 2673/275/277 2693/271/277
f 2673/275/277 2692/276/277 2674/272/277
f 2674/272/277 2692/276/277 2691/145/277
f 2677/277/277 2688/279/277 2678/278/277
f 2681/280/277 2683/282/277 2682/281/277
f 2681/280/277 2684/283/277 2683/282/277
f 2688/279/277 2679/284/277 2678/278/277
f 2687/285/277 2679/284/277 2688/279/277
f 2679/284/277 2687/285/277 2680/286/277
f 2686/287/277 2680/286/277 2687/285/277
f 2680/286/277 2686/287/277 2681/280/277
f 2685/288/277 2681/280/277 2686/287/277
f 2681/280/277 2685/288/277 2684/283/277
f 2690/274/277 2676/289/277 2675/273/277
f 2689/290/277 2676/289/277 2690/274/277
f 2676/289/277 2689/290/277 2677/277/277
f 2677/277/277 2689/290/277 2688/279/277
f 2696/244/277 2669/267/277 2668/246/277
f 2669/267/277 2696/244/277 2695/266/277
f 2710/91/277 2708/291/277 2707/265/277
f 2708/291/277 2710/91/277 2709/292/277
f 2712/239/277 2714/241/277 2713/240/277
f 2714/241/277 2764/243/277 2715/242/277
f 2754/244/277 2726/246/277 2755/245/277
f 2726/246/277 2725/247/277 2755/245/277
f 2755/245/277 2725/247/277 2756/248/277
f 2725/247/277 2724/249/277 2756/248/277
f 2756/248/277 2724/249/277 2757/250/277
f 2723/251/277 2757/250/277 2724/249/277
f 2757/250/277 2723/251/277 2758/252/277
f 2722/253/277 2758/252/277 2723/251/277
f 2758/252/277 2722/253/277 2759/254/277
f 2721/255/277 2759/254/277 2722/253/277
f 2759/254/277 2721/255/277 2760/256/277
f 2720/257/277 2760/256/277 2721/255/277
f 2719/258/277 2760/256/277 2720/257/277
f 2760/256/277 2719/258/277 2761/259/277
f 2718/260/277 2761/259/277 2719/258/277
f 2761/259/277 2718/260/277 2762/261/277
f 2717/262/277 2762/261/277 2718/260/277
f 2716/263/277 2762/261/277 2717/262/277
f 2762/261/277 2716/263/277 2763/264/277
f 2715/242/277 2763/264/277 2716/263/277
f 2764/243/277 2763/264/277 2715/242/277
f 2714/241/277 2765/265/277 2764/243/277
f 2765/265/277 2714/241/277 2768/91/277
f 2712/239/277 2768/91/277 2714/241/277
f 2768/91/277 2712/239/277 2711/88/277
f 2753/266/277 2752/268/277 2727/267/277
f 2752/268/277 2728/269/277 2727/267/277
f 2728/269/277 2752/268/277 2729/270/277
f 2729/270/277 2752/268/277 2751/271/277
f 2732/272/277 2749/145/277 2733/273/277
f 2733/273/277 2749/145/277 2748/274/277
f 2751/271/277 2730/126/277 2729/270/277
f 2730/126/277 2751/271/277 2731/275/277
f 2750/276/277 2731/275/277 2751/271/277
f 2731/275/277 2750/276/277 2732/272/277
f 2732/272/277 2750/276/277 2749/145/277
f 2735/277/277 2746/279/277 2736/278/277
f 2739/280/277 2741/282/277 2740/281/277
f 2739/280/277 2742/283/277 2741/282/277
f 2746/279/277 2737/284/277 2736/278/277
f 2745/285/277 2737/284/277 2746/279/277
f 2737/284/277 2745/285/277 2738/286/277
f 2744/287/277 2738/286/277 2745/285/277
f 2738/286/277 2744/287/277 2739/280/277
f 2743/288/277 2739/280/277 2744/287/277
f 2739/280/277 2743/288/277 2742/283/277
f 2748/274/277 2734/289/277 2733/273/277
f 2747/290/277 2734/289/277 2748/274/277
f 2734/289/277 2747/290/277 2735/277/277
f 2735/277/277 2747/290/277 2746/279/277
f 2754/244/277 2727/267/277 2726/246/277
f 2727/267/277 2754/244/277 2753/266/277
f 2768/91/277 2766/291/277 2765/265/277
f 2766/291/277 2768/91/277 2767/292/277
f 2818/293/277 2820/295/277 2819/294/277
f 2820/295/277 2818/293/277 2821/296/277
f 2821/296/277 2818/293/277 2822/297/277
f 2814/298/277 2826/300/277 2825/299/277
f 2813/301/277 2826/300/277 2814/298/277
f 2860/302/277 2927/304/277 2861/303/277
f 2859/305/277 2927/304/277 2860/302/277
f 2927/304/277 2859/305/277 2928/306/277
f 2858/307/277 2928/306/277 2859/305/277
f 2928/306/277 2858/307/277 2929/308/277
f 2857/309/277 2929/308/277 2858/307/277
f 2856/310/277 2929/308/277 2857/309/277
f 2929/308/277 2856/310/277 2930/311/277
f 2855/312/277 2930/311/277 2856/310/277
f 2930/311/277 2855/312/277 2931/313/277
f 2854/314/277 2931/313/277 2855/312/277
f 2853/315/277 2931/313/277 2854/314/277
f 2931/313/277 2853/315/277 2932/316/277
f 2852/317/277 2932/316/277 2853/315/277
f 2932/316/277 2852/317/277 2851/318/277
f 2818/293/277 2823/319/277 2822/297/277
f 2823/319/277 2818/293/277 2824/320/277
f 2817/321/277 2824/320/277 2818/293/277
f 2816/322/277 2824/320/277 2817/321/277
f 2824/320/277 2816/322/277 2825/299/277
f 2815/323/277 2825/299/277 2816/322/277
f 2825/299/277 2815/323/277 2814/298/277
f 2871/324/277 2870/326/277 2920/325/277
f 2920/325/277 2870/326/277 2921/327/277
f 2870/326/277 2869/328/277 2921/327/277
f 2921/327/277 2869/328/277 2922/329/277
f 2935/330/277 2848/332/277 2936/331/277
f 2936/331/277 2848/332/277 2847/333/277
f 2829/334/277 2809/336/277 2808/335/277
f 2919/337/277 2873/339/277 2872/338/277
f 2873/339/277 2919/337/277 2918/340/277
f 2807/341/277 2831/343/277 2830/342/277
f 2831/343/277 2807/341/277 2806/344/277
f 2833/345/277 2832/347/277 2805/346/277
f 2918/340/277 2874/348/277 2873/339/277
f 2874/348/277 2918/340/277 2875/349/277
f 2917/350/277 2875/349/277 2918/340/277
f 2875/349/277 2917/350/277 2876/351/277
f 2876/351/277 2917/350/277 2916/352/277
f 2938/353/277 2845/355/277 2939/354/277
f 2806/344/277 2832/347/277 2831/343/277
f 2832/347/277 2806/344/277 2805/346/277
f 2920/325/277 2872/338/277 2871/324/277
f 2872/338/277 2920/325/277 2919/337/277
f 2847/333/277 2937/356/277 2936/331/277
f 2846/357/277 2937/356/277 2847/333/277
f 2937/356/277 2846/357/277 2938/353/277
f 2938/353/277 2846/357/277 2845/355/277
f 2808/335/277 2830/342/277 2829/334/277
f 2830/342/277 2808/335/277 2807/341/277
f 2869/328/277 2868/358/277 2922/329/277
f 2922/329/277 2868/358/277 2923/359/277
f 2867/360/277 2923/359/277 2868/358/277
f 2866/361/277 2923/359/277 2867/360/277
f 2923/359/277 2866/361/277 2924/362/277
f 2865/363/277 2924/362/277 2866/361/277
f 2924/362/277 2865/363/277 2925/364/277
f 2864/365/277 2925/364/277 2865/363/277
f 2863/366/277 2925/364/277 2864/365/277
f 2925/364/277 2863/366/277 2926/367/277
f 2862/368/277 2926/367/277 2863/366/277
f 2861/303/277 2926/367/277 2862/368/277
f 2927/304/277 2926/367/277 2861/303/277
f 2851/318/277 2933/369/277 2932/316/277
f 2850/370/277 2933/369/277 2851/318/277
f 2933/369/277 2850/370/277 2934/371/277
f 2849/372/277 2934/371/277 2850/370/277
f 2934/371/277 2849/372/277 2935/330/277
f 2935/330/277 2849/372/277 2848/332/277
f 2813/301/277 2827/373/277 2826/300/277
f 2812/374/277 2827/373/277 2813/301/277
f 2811/375/277 2827/373/277 2812/374/277
f 2827/373/277 2811/375/277 2828/376/277
f 2810/377/277 2828/376/277 2811/375/277
f 2828/376/277 2810/377/277 2829/334/277
f 2829/334/277 2810/377/277 2809/336/277
f 2913/378/277 2879/380/277 2878/379/277
f 2912/381/277 2879/380/277 2913/378/277
f 2879/380/277 2912/381/277 2880/382/277
f 2911/383/277 2880/382/277 2912/381/277
f 2834/384/277 2803/386/277 2835/385/277
f 2804/387/277 2803/386/277 2834/384/277
f 2886/388/277 2885/390/277 2887/389/277
f 2911/383/277 2881/391/277 2880/382/277
f 2910/392/277 2881/391/277 2911/383/277
f 2909/393/277 2881/391/277 2910/392/277
f 2908/394/277 2881/391/277 2909/393/277
f 2907/395/277 2881/391/277 2908/394/277
f 2881/391/277 2907/395/277 2906/396/277
f 2942/91/277 2941/398/277 2844/397/277
f 2837/399/277 2799/401/277 2838/400/277
f 2799/401/277 2837/399/277 2800/402/277
f 2800/402/277 2837/399/277 2801/403/277
f 2836/404/277 2801/403/277 2837/399/277
f 2801/403/277 2836/404/277 2802/405/277
f 2835/385/277 2802/405/277 2836/404/277
f 2803/386/277 2802/405/277 2835/385/277
f 2898/406/277 2897/408/277 2784/407/277
f 2784/407/277 2897/408/277 2785/409/277
f 2897/408/277 2896/410/277 2785/409/277
f 2895/411/277 2785/409/277 2896/410/277
f 2894/412/277 2785/409/277 2895/411/277
f 2785/409/278 2894/412/278 2786/413/278
f 2893/414/277 2786/413/277 2894/412/277
f 2786/413/277 2893/414/277 2787/415/277
f 2892/416/277 2787/415/277 2893/414/277
f 2783/417/277 2900/419/277 2899/418/277
f 2782/420/277 2900/419/277 2783/417/277
f 2900/419/277 2782/420/277 2901/421/277
f 2781/422/277 2901/421/277 2782/420/277
f 2780/423/277 2901/421/277 2781/422/277
f 2770/424/277 2769/88/277 2905/425/277
f 2771/426/277 2905/425/277 2772/427/277
f 2905/425/277 2771/426/277 2770/424/277
f 2904/428/277 2775/429/277 2905/425/277
f 2774/430/277 2905/425/277 2775/429/277
f 2773/431/277 2905/425/277 2774/430/277
f 2905/425/277 2773/431/277 2772/427/277
f 2780/423/277 2902/432/277 2901/421/277
f 2779/433/277 2902/432/277 2780/423/277
f 2902/432/277 2779/433/277 2903/434/277
f 2778/435/277 2903/434/277 2779/433/277
f 2777/436/277 2903/434/277 2778/435/277
f 2903/434/277 2777/436/277 2904/428/277
f 2776/437/277 2904/428/277 2777/436/277
f 2904/428/277 2776/437/277 2775/429/277
f 2899/418/277 2898/406/277 2783/417/277
f 2784/407/277 2783/417/277 2898/406/277
f 2892/416/277 2891/438/277 2787/415/277
f 2787/415/277 2891/438/277 2788/439/277
f 2890/440/277 2788/439/277 2891/438/277
f 2889/441/277 2788/439/277 2890/440/277
f 2888/442/277 2788/439/277 2889/441/277
f 2887/389/277 2788/439/277 2888/442/277
f 2885/390/277 2788/439/277 2887/389/277
f 2884/443/277 2788/439/277 2885/390/277
f 2883/444/277 2788/439/277 2884/443/277
f 2788/439/277 2883/444/277 2789/445/277
f 2882/446/277 2789/445/277 2883/444/277
f 2881/391/277 2789/445/277 2882/446/277
f 2789/445/277 2881/391/277 2790/447/277
f 2790/447/277 2881/391/277 2791/448/277
f 2906/396/277 2791/448/277 2881/391/277
f 2791/448/277 2906/396/277 2792/449/277
f 2792/449/277 2906/396/277 2793/450/277
f 2942/91/277 2793/450/277 2906/396/277
f 2793/450/277 2942/91/277 2794/451/277
f 2844/397/277 2794/451/277 2942/91/277
f 2843/452/277 2794/451/277 2844/397/277
f 2842/453/277 2794/451/277 2843/452/277
f 2794/451/277 2842/453/277 2795/454/277
f 2841/455/277 2795/454/277 2842/453/277
f 2795/454/277 2841/455/277 2796/456/277
f 2840/457/277 2796/456/277 2841/455/277
f 2796/456/277 2840/457/277 2797/458/277
f 2839/459/277 2797/458/277 2840/457/277
f 2797/458/277 2839/459/277 2798/460/277
f 2838/400/277 2798/460/277 2839/459/277
f 2799/401/277 2798/460/277 2838/400/277
f 2916/352/277 2877/461/277 2876/351/277
f 2915/462/277 2877/461/277 2916/352/277
f 2914/463/277 2877/461/277 2915/462/277
f 2877/461/277 2914/463/277 2878/379/277
f 2878/379/277 2914/463/277 2913/378/277
f 2845/355/277 2940/464/277 2939/354/277
f 2940/464/277 2845/355/277 2941/398/277
f 2941/398/277 2845/355/277 2844/397/277
f 2834/384/277 2833/345/277 2804/387/277
f 2805/346/277 2804/387/277 2833/345/277
f 2950/465/277 2949/466/277 3042/91/277
f 2948/467/277 3042/91/277 2949/466/277
f 2947/468/277 3042/91/277 2948/467/277
f 2946/469/277 3042/91/277 2947/468/277
f 2945/470/277 3042/91/277 2946/469/277
f 3042/91/277 2945/470/277 2994/471/277
f 2944/472/277 2994/471/277 2945/470/277
f 2994/471/277 2944/472/277 2993/473/277
f 2953/474/277 2952/476/277 3038/475/277
f 3038/475/277 2952/476/277 3039/477/277
f 3040/478/277 3039/477/277 2952/476/277
f 2952/476/277 2951/479/277 3040/478/277
f 3040/478/277 2951/479/277 3041/480/277
f 2950/465/277 3041/480/277 2951/479/277
f 3042/91/277 3041/480/277 2950/465/277
f 2993/473/277 2995/481/277 2994/471/277
f 2995/481/277 2993/473/277 2996/482/277
f 2996/482/277 2993/473/277 2997/483/277
f 3034/484/277 2955/486/277 3035/485/277
f 3033/487/277 3032/489/277 2956/488/277
f 3031/114/277 3030/491/277 2957/490/277
f 3004/492/277 2985/494/277 3005/493/277
f 3005/493/277 2985/494/277 2984/495/277
f 3032/489/277 2957/490/277 2956/488/277
f 2957/490/277 3032/489/277 3031/114/277
f 3004/492/277 2986/496/277 2985/494/277
f 3034/484/277 2956/488/277 2955/486/277
f 2956/488/277 3034/484/277 3033/487/277
f 2989/497/277 3002/499/277 3001/498/277
f 2988/500/277 3002/499/277 2989/497/277
f 3002/499/277 2988/500/277 3003/501/277
f 2987/134/277 3003/501/277 2988/500/277
f 3003/501/277 2987/134/277 3004/492/277
f 3004/492/277 2987/134/277 2986/496/277
f 2955/486/277 2954/102/277 3035/485/277
f 3035/485/277 2954/102/277 3036/502/277
f 3036/502/277 2954/102/277 3037/503/277
f 2953/474/277 3037/503/277 2954/102/277
f 3038/475/277 3037/503/277 2953/474/277
f 2993/473/277 2998/135/277 2997/483/277
f 2998/135/277 2993/473/277 2999/504/277
f 2992/505/277 2999/504/277 2993/473/277
f 2999/504/277 2992/505/277 3000/506/277
f 2991/507/277 3000/506/277 2992/505/277
f 2990/508/277 3000/506/277 2991/507/277
f 3000/506/277 2990/508/277 3001/498/277
f 3001/498/277 2990/508/277 2989/497/277
f 3007/509/277 3006/511/277 2982/510/277
f 2983/512/277 2982/510/277 3006/511/277
f 2959/513/277 3028/515/277 3027/514/277
f 3029/516/277 2959/513/277 2958/517/277
f 2959/513/277 3029/516/277 3028/515/277
f 3008/518/277 3007/509/277 2980/519/277
f 2980/519/277 3007/509/277 2981/520/277
f 2982/510/277 2981/520/277 3007/509/277
f 3026/521/277 2961/523/277 2960/522/277
f 3025/524/277 2961/523/277 3026/521/277
f 3009/145/277 2978/526/277 3010/525/277
f 2979/527/277 2978/526/277 3009/145/277
f 3027/514/277 2960/522/277 2959/513/277
f 2960/522/277 3027/514/277 3026/521/277
f 3009/145/277 3008/518/277 2979/527/277
f 2980/519/277 2979/527/277 3008/518/277
f 2964/528/277 3022/529/277 2965/113/277
f 3021/530/277 2965/113/277 3022/529/277
f 2965/113/277 3021/530/277 2966/531/277
f 3020/123/277 2966/531/277 3021/530/277
f 2966/531/277 3020/123/277 2967/532/277
f 3019/533/277 2967/532/277 3020/123/277
f 2967/532/277 3019/533/277 2968/534/277
f 3018/535/277 2968/534/277 3019/533/277
f 2968/534/277 3018/535/277 2969/536/277
f 3017/537/277 2969/536/277 3018/535/277
f 2969/536/277 3017/537/277 2970/538/277
f 3016/539/277 2970/538/277 3017/537/277
f 2970/538/277 3016/539/277 2971/540/277
f 3015/541/277 2971/540/277 3016/539/277
f 2971/540/277 3015/541/277 2972/542/277
f 3014/543/277 2972/542/277 3015/541/277
f 2972/542/277 3014/543/277 2973/544/277
f 3025/524/277 2962/545/277 2961/523/277
f 3024/546/277 2962/545/277 3025/524/277
f 2962/545/277 3024/546/277 2963/547/277
f 3023/548/277 2963/547/277 3024/546/277
f 2963/547/277 3023/548/277 2964/528/277
f 2964/528/277 3023/548/277 3022/529/277
f 3014/543/277 3013/549/277 2973/544/277
f 2973/544/277 3013/549/277 2974/550/277
f 3012/551/277 2974/550/277 3013/549/277
f 2974/550/277 3012/551/277 2975/552/277
f 2975/552/277 3012/551/277 2976/126/277
f 3011/553/277 2976/126/277 3012/551/277
f 2976/126/277 3011/553/277 2977/554/277
f 3010/525/277 2977/554/277 3011/553/277
f 2978/526/277 2977/554/277 3010/525/277
f 3030/491/277 2958/517/277 2957/490/277
f 2958/517/277 3030/491/277 3029/516/277
f 2984/495/277 3006/511/277 3005/493/277
f 3006/511/277 2984/495/277 2983/512/277
f 2944/472/277 2943/88/277 2993/473/277
f 3094/149/277 3065/151/277 3095/150/277
f 3065/151/277 3094/149/277 3066/152/277
f 3093/153/277 3066/152/277 3094/149/277
f 3066/152/277 3093/153/277 3067/154/277
f 3092/129/277 3067/154/277 3093/153/277
f 3067/154/277 3092/129/277 3117/155/277
f 3091/156/277 3117/155/277 3092/129/277
f 3090/157/277 3117/155/277 3091/156/277
f 3117/155/277 3090/157/277 3118/158/277
f 3089/159/277 3118/158/277 3090/157/277
f 3118/158/277 3089/159/277 3119/160/277
f 3088/161/277 3119/160/277 3089/159/277
f 3119/160/277 3088/161/277 3120/162/277
f 3087/163/277 3120/162/277 3088/161/277
f 3058/164/277 3057/89/277 3103/165/277
f 3129/166/277 3128/168/277 3080/167/277
f 3103/165/277 3102/169/277 3058/164/277
f 3059/170/277 3058/164/277 3102/169/277
f 3081/171/277 3128/168/277 3127/93/277
f 3128/168/277 3081/171/277 3080/167/277
f 3102/169/277 3101/172/277 3059/170/277
f 3060/173/277 3059/170/277 3101/172/277
f 3125/174/277 3083/176/277 3126/175/277
f 3082/177/277 3126/175/277 3083/176/277
f 3126/175/277 3082/177/277 3127/93/277
f 3127/93/277 3082/177/277 3081/171/277
f 3101/172/277 3100/178/277 3060/173/277
f 3060/173/277 3100/178/277 3061/179/277
f 3099/94/277 3061/179/277 3100/178/277
f 3061/179/277 3099/94/277 3062/180/277
f 3098/181/277 3062/180/277 3099/94/277
f 3097/182/277 3062/180/277 3098/181/277
f 3062/180/277 3097/182/277 3063/183/277
f 3096/184/277 3063/183/277 3097/182/277
f 3063/183/277 3096/184/277 3064/185/277
f 3095/150/277 3064/185/277 3096/184/277
f 3065/151/277 3064/185/277 3095/150/277
f 3087/163/277 3121/186/277 3120/162/277
f 3086/187/277 3121/186/277 3087/163/277
f 3121/186/277 3086/187/277 3122/188/277
f 3085/95/277 3122/188/277 3086/187/277
f 3122/188/277 3085/95/277 3123/189/277
f 3123/189/277 3085/95/277 3124/190/277
f 3084/191/277 3124/190/277 3085/95/277
f 3124/190/277 3084/191/277 3125/174/277
f 3125/174/277 3084/191/277 3083/176/277
f 3056/192/277 3055/194/277 3105/193/277
f 3131/195/277 3130/197/277 3079/196/277
f 3055/194/277 3106/198/277 3105/193/277
f 3106/198/277 3055/194/277 3054/199/277
f 3132/200/277 3131/195/277 3078/201/277
f 3079/196/277 3078/201/277 3131/195/277
f 3052/202/277 3109/204/277 3108/203/277
f 3109/204/277 3052/202/277 3051/205/277
f 3054/199/277 3107/206/277 3106/198/277
f 3053/207/277 3107/206/277 3054/199/277
f 3107/206/277 3053/207/277 3108/203/277
f 3108/203/277 3053/207/277 3052/202/277
f 3132/200/277 3077/209/277 3133/208/277
f 3078/201/277 3077/209/277 3132/200/277
f 3112/210/277 3049/211/277 3113/92/277
f 3113/92/277 3049/211/277 3048/212/277
f 3044/213/277 3043/88/277 3116/214/277
f 3046/215/277 3116/214/277 3115/216/277
f 3045/217/277 3116/214/277 3046/215/277
f 3116/214/277 3045/217/277 3044/213/277
f 3048/212/277 3114/218/277 3113/92/277
f 3047/219/277 3114/218/277 3048/212/277
f 3114/218/277 3047/219/277 3115/216/277
f 3115/216/277 3047/219/277 3046/215/277
f 3068/220/277 3141/91/277 3069/221/277
f 3069/221/277 3141/91/277 3070/222/277
f 3140/223/277 3070/222/277 3141/91/277
f 3070/222/277 3140/223/277 3071/90/277
f 3051/205/277 3110/224/277 3109/204/277
f 3110/224/277 3051/205/277 3111/225/277
f 3050/226/277 3111/225/277 3051/205/277
f 3111/225/277 3050/226/277 3112/210/277
f 3112/210/277 3050/226/277 3049/211/277
f 3140/223/277 3139/227/277 3071/90/277
f 3138/228/277 3071/90/277 3139/227/277
f 3071/90/277 3138/228/277 3072/229/277
f 3137/230/277 3072/229/277 3138/228/277
f 3072/229/277 3137/230/277 3073/231/277
f 3136/232/277 3073/231/277 3137/230/277
f 3073/231/277 3136/232/277 3074/233/277
f 3135/234/277 3074/233/277 3136/232/277
f 3074/233/277 3135/234/277 3075/235/277
f 3134/236/277 3075/235/277 3135/234/277
f 3075/235/277 3134/236/277 3076/237/277
f 3133/208/277 3076/237/277 3134/236/277
f 3077/209/277 3076/237/277 3133/208/277
f 3105/193/277 3104/238/277 3056/192/277
f 3103/165/277 3056/192/277 3104/238/277
f 3057/89/277 3056/192/277 3103/165/277
f 3117/155/277 3141/91/277 3067/154/277
f 3080/167/277 3130/197/277 3129/166/277
f 3130/197/277 3080/167/277 3079/196/277
f 3068/220/277 3067/154/277 3141/91/277
f 3168/555/277 3170/557/277 3169/556/277
f 3170/557/277 3168/555/277 3167/558/277
f 3170/557/277 3172/560/277 3171/559/277
f 3172/560/277 3170/557/277 3173/561/277
f 3167/558/277 3173/561/277 3170/557/277
f 3173/561/277 3167/558/277 3176/562/277
f 3166/563/277 3176/562/277 3167/558/277
f 3176/562/277 3166/563/277 3177/564/277
f 3165/565/277 3177/564/277 3166/563/277
f 3177/564/277 3165/565/277 3178/566/277
f 3164/567/277 3178/566/277 3165/565/277
f 3178/566/277 3164/567/277 3179/568/277
f 3163/569/277 3179/568/277 3164/567/277
f 3179/568/277 3163/569/277 3180/570/277
f 3162/571/277 3180/570/277 3163/569/277
f 3161/572/277 3180/570/277 3162/571/277
f 3180/570/277 3161/572/277 3181/573/277
f 3160/574/277 3181/573/277 3161/572/277
f 3159/575/277 3181/573/277 3160/574/277
f 3188/576/277 3187/578/277 3146/577/277
f 3147/579/277 3146/577/277 3187/578/277
f 3189/580/277 3188/576/277 3145/581/277
f 3146/577/277 3145/581/277 3188/576/277
f 3149/582/277 3187/578/277 3186/583/277
f 3148/584/277 3187/578/277 3149/582/277
f 3187/578/277 3148/584/277 3147/579/277
f 3201/91/277 3200/585/277 3142/88/277
f 3199/586/277 3142/88/277 3200/585/277
f 3199/586/277 3198/587/277 3142/88/277
f 3197/588/277 3142/88/277 3198/587/277
f 3196/589/277 3142/88/277 3197/588/277
f 3196/589/277 3195/590/277 3142/88/277
f 3194/591/277 3142/88/277 3195/590/277
f 3193/592/277 3142/88/277 3194/591/277
f 3142/88/277 3193/592/277 3143/593/277
f 3192/594/277 3143/593/277 3193/592/277
f 3191/595/277 3143/593/277 3192/594/277
f 3190/596/277 3143/593/277 3191/595/277
f 3144/597/277 3143/593/277 3190/596/277
f 3190/596/277 3189/580/277 3144/597/277
f 3145/581/277 3144/597/277 3189/580/277
f 3176/562/277 3174/598/277 3173/561/277
f 3174/598/277 3176/562/277 3175/599/277
f 3159/575/277 3182/600/277 3181/573/277
f 3158/601/277 3182/600/277 3159/575/277
f 3157/602/277 3182/600/277 3158/601/277
f 3182/600/277 3157/602/277 3183/603/277
f 3156/604/277 3183/603/277 3157/602/277
f 3155/605/277 3183/603/277 3156/604/277
f 3183/603/277 3155/605/277 3184/606/277
f 3154/607/277 3184/606/277 3155/605/277
f 3153/608/277 3184/606/277 3154/607/277
f 3184/606/277 3153/608/277 3185/609/277
f 3152/610/277 3185/609/277 3153/608/277
f 3151/611/277 3185/609/277 3152/610/277
f 3185/609/277 3151/611/277 3186/583/277
f 3150/612/277 3186/583/277 3151/611/277
f 3186/583/277 3150/612/277 3149/582/277
f 3230/613/279 3232/615/279 3231/614/279
f 3232/615/278 3230/613/278 3233/616/278
f 3229/617/277 3228/618/277 3230/613/277
f 3227/619/277 3226/621/277 3234/620/277
f 3226/621/277 3235/622/277 3234/620/277
f 3235/622/277 3226/621/277 3225/623/277
f 3234/620/277 3233/616/277 3227/619/277
f 3230/613/277 3227/619/277 3233/616/277
f 3228/618/279 3227/619/279 3230/613/279
f 3241/624/277 3240/626/277 3242/625/277
f 3240/626/277 3239/627/277 3242/625/277
f 3225/623/277 3236/145/277 3235/622/277
f 3236/145/277 3225/623/277 3224/628/277
f 3217/629/277 3216/631/277 3218/630/277
f 3216/631/277 3215/632/277 3218/630/277
f 3211/633/277 3250/635/277 3249/634/277
f 3250/635/277 3211/633/277 3210/636/277
f 3206/637/278 3208/639/278 3207/638/278
f 3253/91/277 3252/640/277 3206/637/277
f 3251/641/278 3206/637/278 3252/640/278
f 3209/642/277 3206/637/277 3251/641/277
f 3206/637/277 3209/642/277 3208/639/277
f 3210/636/277 3251/641/277 3250/635/277
f 3251/641/277 3210/636/277 3209/642/277
f 3212/643/277 3249/634/277 3248/644/277
f 3249/634/277 3212/643/277 3211/633/277
f 3203/645/277 3205/647/277 3204/646/277
f 3205/647/277 3203/645/277 3202/88/277
f 3243/648/277 3242/625/277 3244/649/277
f 3244/649/277 3242/625/277 3245/650/277
f 3239/627/277 3245/650/277 3242/625/277
f 3245/650/277 3239/627/277 3246/651/277
f 3238/652/277 3246/651/277 3239/627/277
f 3246/651/277 3238/652/277 3247/653/277
f 3237/654/277 3247/653/277 3238/652/277
f 3247/653/277 3237/654/277 3248/644/277
f 3236/145/277 3248/644/277 3237/654/277
f 3248/644/277 3236/145/277 3212/643/277
f 3224/628/277 3212/643/277 3236/145/277
f 3212/643/277 3224/628/277 3213/655/277
f 3223/656/277 3213/655/277 3224/628/277
f 3213/655/277 3223/656/277 3214/657/277
f 3222/658/277 3214/657/277 3223/656/277
f 3214/657/277 3222/658/277 3215/632/277
f 3221/659/277 3215/632/277 3222/658/277
f 3215/632/277 3221/659/277 3218/630/277
f 3220/660/277 3218/630/277 3221/659/277
f 3219/126/277 3218/630/277 3220/660/277
f 3255/126/277 3257/91/277 3256/145/277
f 3257/91/277 3255/126/277 3254/88/277
f 3308/643/277 3310/662/277 3309/661/277
f 3310/662/277 3308/643/277 3311/663/277
f 3336/664/277 3487/666/277 3337/665/277
f 3487/666/277 3336/664/277 3488/644/277
f 3335/667/277 3488/644/277 3336/664/277
f 3334/668/277 3488/644/277 3335/667/277
f 3488/644/277 3334/668/277 3489/669/277
f 3333/629/277 3489/669/277 3334/668/277
f 3332/670/277 3489/669/277 3333/629/277
f 3489/669/277 3332/670/277 3490/671/277
f 3331/672/277 3490/671/277 3332/670/277
f 3490/671/277 3331/672/277 3491/673/277
f 3330/674/277 3491/673/277 3331/672/277
f 3329/675/277 3491/673/277 3330/674/277
f 3491/673/277 3329/675/277 3492/676/277
f 3328/631/277 3492/676/277 3329/675/277
f 3327/677/277 3492/676/277 3328/631/277
f 3492/676/277 3327/677/277 3493/634/277
f 3326/678/277 3493/634/277 3327/677/277
f 3325/679/277 3493/634/277 3326/678/277
f 3341/680/277 3340/681/277 3483/653/277
f 3483/653/277 3340/681/277 3484/682/277
f 3496/683/277 3321/685/277 3497/684/277
f 3497/684/277 3321/685/277 3320/686/277
f 3480/687/277 3342/689/277 3481/688/277
f 3381/690/277 3297/692/277 3382/691/277
f 3296/693/277 3382/691/277 3297/692/277
f 3382/691/277 3296/693/277 3383/619/277
f 3295/694/277 3383/619/277 3296/693/277
f 3294/695/277 3434/696/277 3295/694/277
f 3449/697/277 3263/645/277 3450/698/277
f 3342/689/277 3341/680/277 3481/688/277
f 3481/688/277 3341/680/277 3482/699/277
f 3483/653/277 3482/699/277 3341/680/277
f 3320/686/277 3498/635/277 3497/684/277
f 3498/635/277 3320/686/277 3499/700/277
f 3499/700/277 3320/686/277 3500/701/277
f 3500/701/277 3320/686/277 3501/702/277
f 3376/703/277 3320/686/277 3377/704/277
f 3377/704/277 3320/686/277 3378/621/277
f 3319/705/277 3378/621/277 3320/686/277
f 3318/657/277 3378/621/277 3319/705/277
f 3378/621/277 3318/657/277 3379/706/277
f 3317/707/277 3379/706/277 3318/657/277
f 3300/708/277 3380/710/277 3301/709/277
f 3380/710/277 3300/708/277 3381/690/277
f 3299/711/277 3381/690/277 3300/708/277
f 3298/636/277 3381/690/277 3299/711/277
f 3381/690/277 3298/636/277 3297/692/277
f 3294/695/277 3293/642/277 3434/696/277
f 3434/696/277 3293/642/277 3435/712/277
f 3292/713/277 3435/712/277 3293/642/277
f 3291/714/277 3435/712/277 3292/713/277
f 3435/712/277 3291/714/277 3436/715/277
f 3290/716/277 3436/715/277 3291/714/277
f 3289/717/277 3436/715/277 3290/716/277
f 3448/626/277 3264/718/277 3449/697/277
f 3449/697/277 3264/718/277 3263/645/277
f 3340/681/277 3339/719/277 3484/682/277
f 3484/682/277 3339/719/277 3485/720/277
f 3338/630/277 3485/720/277 3339/719/277
f 3485/720/277 3338/630/277 3486/721/277
f 3337/665/277 3486/721/277 3338/630/277
f 3487/666/277 3486/721/277 3337/665/277
f 3325/679/277 3494/722/277 3493/634/277
f 3324/723/277 3494/722/277 3325/679/277
f 3494/722/277 3324/723/277 3495/724/277
f 3323/632/277 3495/724/277 3324/723/277
f 3322/725/277 3495/724/277 3323/632/277
f 3495/724/277 3322/725/277 3496/683/277
f 3496/683/277 3322/725/277 3321/685/277
f 3317/707/277 3316/726/277 3379/706/277
f 3315/727/277 3379/706/277 3316/726/277
f 3314/728/277 3379/706/277 3315/727/277
f 3313/655/277 3379/706/277 3314/728/277
f 3379/706/277 3313/655/277 3380/710/277
f 3312/729/277 3380/710/277 3313/655/277
f 3311/663/277 3380/710/277 3312/729/277
f 3308/643/277 3380/710/277 3311/663/277
f 3307/730/277 3380/710/277 3308/643/277
f 3306/731/277 3380/710/277 3307/730/277
f 3305/732/277 3380/710/277 3306/731/277
f 3304/733/277 3380/710/277 3305/732/277
f 3303/633/277 3380/710/277 3304/733/277
f 3302/734/277 3380/710/277 3303/633/277
f 3380/710/277 3302/734/277 3301/709/277
f 3289/717/277 3288/639/277 3436/715/277
f 3436/715/277 3288/639/277 3437/735/277
f 3287/736/277 3437/735/277 3288/639/277
f 3286/737/277 3437/735/277 3287/736/277
f 3285/738/277 3437/735/277 3286/737/277
f 3437/735/277 3285/738/277 3438/652/277
f 3284/739/277 3438/652/277 3285/738/277
f 3283/638/277 3438/652/277 3284/739/277
f 3282/740/277 3438/652/277 3283/638/277
f 3438/652/277 3282/740/277 3439/741/277
f 3281/742/277 3439/741/277 3282/740/277
f 3280/743/277 3439/741/277 3281/742/277
f 3279/744/277 3439/741/277 3280/743/277
f 3439/741/277 3279/744/277 3440/745/277
f 3278/637/277 3440/745/277 3279/744/277
f 3277/746/277 3440/745/277 3278/637/277
f 3276/747/277 3440/745/277 3277/746/277
f 3440/745/277 3276/747/277 3441/748/277
f 3275/749/277 3441/748/277 3276/747/277
f 3274/750/277 3441/748/277 3275/749/277
f 3273/647/277 3441/748/277 3274/750/277
f 3441/748/277 3273/647/277 3442/751/277
f 3272/752/277 3442/751/277 3273/647/277
f 3271/753/277 3442/751/277 3272/752/277
f 3442/751/277 3271/753/277 3443/627/277
f 3270/754/277 3443/627/277 3271/753/277
f 3443/627/277 3270/754/277 3444/755/277
f 3269/756/277 3444/755/277 3270/754/277
f 3444/755/277 3269/756/277 3445/757/277
f 3268/646/277 3445/757/277 3269/756/277
f 3445/757/277 3268/646/277 3446/758/277
f 3267/759/277 3446/758/277 3268/646/277
f 3266/760/277 3446/758/277 3267/759/277
f 3446/758/277 3266/760/277 3447/761/277
f 3265/762/277 3447/761/277 3266/760/277
f 3447/761/277 3265/762/277 3448/626/277
f 3448/626/277 3265/762/277 3264/718/277
f 3503/641/277 3502/763/277 3373/623/277
f 3374/764/277 3373/623/277 3502/763/277
f 3385/765/277 3384/767/277 3431/766/277
f 3432/768/277 3431/766/277 3384/767/277
f 3261/769/277 3453/624/277 3452/770/277
f 3456/771/277 3455/773/277 3259/772/277
f 3478/651/277 3477/775/277 3344/774/277
f 3505/776/277 3504/778/277 3371/777/277
f 3372/779/277 3371/777/277 3504/778/277
f 3430/780/277 3429/782/277 3386/781/277
f 3260/783/277 3455/773/277 3454/784/277
f 3455/773/277 3260/783/277 3259/772/277
f 3479/785/277 3344/774/277 3343/126/277
f 3344/774/277 3479/785/277 3478/651/277
f 3504/778/277 3503/641/277 3372/779/277
f 3373/623/277 3372/779/277 3503/641/277
f 3386/781/277 3385/765/277 3430/780/277
f 3431/766/277 3430/780/277 3385/765/277
f 3454/784/277 3453/624/277 3260/783/277
f 3261/769/277 3260/783/277 3453/624/277
f 3476/786/277 3346/788/277 3345/787/277
f 3346/788/277 3476/786/277 3475/789/277
f 3507/790/277 3506/792/277 3369/791/277
f 3370/793/277 3369/791/277 3506/792/277
f 3508/640/277 3507/790/277 3368/628/277
f 3369/791/277 3368/628/277 3507/790/277
f 3427/794/277 3389/795/277 3388/618/277
f 3426/796/277 3389/795/277 3427/794/277
f 3477/775/277 3345/787/277 3344/774/277
f 3345/787/277 3477/775/277 3476/786/277
f 3506/792/277 3505/776/277 3370/793/277
f 3371/777/277 3370/793/277 3505/776/277
f 3429/782/277 3387/797/277 3386/781/277
f 3428/145/277 3387/797/277 3429/782/277
f 3387/797/277 3428/145/277 3388/618/277
f 3388/618/277 3428/145/277 3427/794/277
f 3259/772/277 3457/798/277 3456/771/277
f 3457/798/277 3259/772/277 3458/625/277
f 3472/799/277 3349/800/277 3348/660/277
f 3471/801/277 3349/800/277 3472/799/277
f 3365/802/277 3510/804/277 3366/803/277
f 3471/801/277 3350/805/277 3349/800/277
f 3470/806/277 3350/805/277 3471/801/277
f 3350/805/277 3470/806/277 3351/807/277
f 3469/808/277 3351/807/277 3470/806/277
f 3351/807/277 3469/808/277 3352/809/277
f 3468/649/277 3352/809/277 3469/808/277
f 3352/809/277 3468/649/277 3353/659/277
f 3353/659/277 3468/649/277 3354/810/277
f 3467/811/277 3354/810/277 3468/649/277
f 3354/810/277 3467/811/277 3355/812/277
f 3466/813/277 3355/812/277 3467/811/277
f 3355/812/277 3466/813/277 3356/814/277
f 3356/814/277 3466/813/277 3357/815/277
f 3513/91/277 3357/815/277 3466/813/277
f 3357/815/277 3513/91/277 3358/658/277
f 3358/658/277 3513/91/277 3359/816/277
f 3359/816/277 3513/91/277 3360/817/277
f 3512/818/277 3360/817/277 3513/91/277
f 3360/817/277 3512/818/277 3361/819/277
f 3361/819/277 3512/818/277 3362/820/277
f 3511/821/277 3362/820/277 3512/818/277
f 3362/820/277 3511/821/277 3363/656/277
f 3363/656/277 3511/821/277 3364/822/277
f 3510/804/277 3364/822/277 3511/821/277
f 3365/802/277 3364/822/277 3510/804/277
f 3402/823/277 3419/824/277 3403/614/277
f 3403/614/277 3419/824/277 3404/825/277
f 3418/620/277 3404/825/277 3419/824/277
f 3404/825/277 3418/620/277 3405/826/277
f 3405/826/277 3418/620/277 3406/827/277
f 3406/827/277 3418/620/277 3407/828/277
f 3465/829/277 3407/828/277 3418/620/277
f 3407/828/277 3465/829/277 3408/615/277
f 3408/615/277 3465/829/277 3409/830/277
f 3409/830/277 3465/829/277 3410/831/277
f 3475/789/277 3347/832/277 3346/788/277
f 3474/833/277 3347/832/277 3475/789/277
f 3473/650/277 3347/832/277 3474/833/277
f 3347/832/277 3473/650/277 3348/660/277
f 3348/660/277 3473/650/277 3472/799/277
f 3510/804/277 3509/834/277 3366/803/277
f 3366/803/277 3509/834/277 3367/835/277
f 3508/640/277 3367/835/277 3509/834/277
f 3368/628/277 3367/835/277 3508/640/277
f 3426/796/277 3390/836/277 3389/795/277
f 3425/837/277 3390/836/277 3426/796/277
f 3390/836/277 3425/837/277 3391/838/277
f 3424/839/277 3391/838/277 3425/837/277
f 3391/838/277 3424/839/277 3392/840/277
f 3423/622/277 3392/840/277 3424/839/277
f 3392/840/277 3423/622/277 3393/617/277
f 3393/617/277 3423/622/277 3394/841/277
f 3394/841/277 3423/622/277 3395/842/277
f 3422/843/277 3395/842/277 3423/622/277
f 3395/842/277 3422/843/277 3396/844/277
f 3396/844/277 3422/843/277 3397/845/277
f 3421/846/277 3397/845/277 3422/843/277
f 3397/845/277 3421/846/277 3398/613/277
f 3398/613/277 3421/846/277 3399/847/277
f 3420/848/277 3399/847/277 3421/846/277
f 3399/847/277 3420/848/277 3400/849/277
f 3400/849/277 3420/848/277 3401/850/277
f 3401/850/277 3420/848/277 3402/823/277
f 3402/823/277 3420/848/277 3419/824/277
f 3465/829/277 3464/851/277 3410/831/277
f 3410/831/277 3464/851/277 3411/852/277
f 3411/852/277 3464/851/277 3412/853/277
f 3412/853/277 3464/851/277 3413/616/277
f 3463/648/277 3413/616/277 3464/851/277
f 3413/616/277 3463/648/277 3414/854/277
f 3462/855/277 3414/854/277 3463/648/277
f 3414/854/277 3462/855/277 3415/856/277
f 3415/856/277 3462/855/277 3416/857/277
f 3461/858/277 3416/857/277 3462/855/277
f 3460/859/277 3416/857/277 3461/858/277
f 3459/860/277 3416/857/277 3460/859/277
f 3458/625/277 3416/857/277 3459/860/277
f 3259/772/277 3416/857/277 3458/625/277
f 3416/857/277 3259/772/277 3258/88/277
f 3480/687/277 3343/126/277 3342/689/277
f 3343/126/277 3480/687/277 3479/785/277
f 3502/763/277 3501/702/277 3374/764/277
f 3374/764/277 3501/702/277 3375/861/277
f 3320/686/277 3375/861/277 3501/702/277
f 3376/703/277 3375/861/277 3320/686/277
f 3295/694/277 3384/767/277 3383/619/277
f 3384/767/277 3295/694/277 3432/768/277
f 3432/768/277 3295/694/277 3433/654/277
f 3434/696/277 3433/654/277 3295/694/277
f 3263/645/277 3451/862/277 3450/698/277
f 3262/863/277 3451/862/277 3263/645/277
f 3451/862/277 3262/863/277 3452/770/277
f 3452/770/277 3262/863/277 3261/769/277
f 3417/864/277 3416/857/277 3258/88/277
f 3516/865/277 3518/226/277 3517/866/277
f 3515/867/277 3518/226/277 3516/865/277
f 3518/226/277 3515/867/277 3570/91/277
f 3570/91/277 3515/867/277 3514/88/277
f 3570/91/277 3519/868/277 3518/226/277
f 3519/868/277 3570/91/277 3520/869/277
f 3569/870/277 3520/869/277 3570/91/277
f 3520/869/277 3569/870/277 3521/871/277
f 3521/871/277 3569/870/277 3522/89/277
f 3522/89/277 3569/870/277 3568/872/277
f 3528/873/277 3561/875/277 3529/874/277
f 3529/874/277 3561/875/277 3560/876/277
f 3565/877/277 3526/185/277 3525/878/277
f 3564/879/277 3526/185/277 3565/877/277
f 3526/185/277 3564/879/277 3527/880/277
f 3563/881/277 3527/880/277 3564/879/277
f 3562/93/277 3527/880/277 3563/881/277
f 3527/880/277 3562/93/277 3528/873/277
f 3528/873/277 3562/93/277 3561/875/277
f 3568/872/277 3523/882/277 3522/89/277
f 3567/883/277 3523/882/277 3568/872/277
f 3523/882/277 3567/883/277 3524/884/277
f 3566/236/277 3524/884/277 3567/883/277
f 3524/884/277 3566/236/277 3525/878/277
f 3525/878/277 3566/236/277 3565/877/277
f 3533/885/277 3532/887/277 3556/886/277
f 3557/888/277 3556/886/277 3532/887/277
f 3532/887/277 3531/889/277 3557/888/277
f 3558/162/277 3557/888/277 3531/889/277
f 3534/201/277 3533/885/277 3555/890/277
f 3556/886/277 3555/890/277 3533/885/277
f 3544/891/277 3543/893/277 3545/892/277
f 3542/129/277 3545/892/277 3543/893/277
f 3541/894/277 3545/892/277 3542/129/277
f 3545/892/277 3541/894/277 3546/94/277
f 3540/895/277 3546/94/277 3541/894/277
f 3546/94/277 3540/895/277 3547/896/277
f 3540/895/277 3539/897/277 3547/896/277
f 3547/896/277 3539/897/277 3548/898/277
f 3538/95/277 3548/898/277 3539/897/277
f 3548/898/277 3538/95/277 3549/899/277
f 3537/900/277 3549/899/277 3538/95/277
f 3549/899/277 3537/900/277 3550/198/277
f 3536/901/277 3550/198/277 3537/900/277
f 3550/198/277 3536/901/277 3551/902/277
f 3551/902/277 3536/901/277 3552/903/277
f 3535/904/277 3552/903/277 3536/901/277
f 3552/903/277 3535/904/277 3553/905/277
f 3534/201/277 3553/905/277 3535/904/277
f 3553/905/277 3534/201/277 3554/92/277
f 3555/890/277 3554/92/277 3534/201/277
f 3560/876/277 3530/90/277 3529/874/277
f 3559/906/277 3530/90/277 3560/876/277
f 3530/90/277 3559/906/277 3531/889/277
f 3531/889/277 3559/906/277 3558/162/277
f 3599/613/278 3601/615/278 3600/614/278
f 3596/619/277 3599/613/277 3597/618/277
f 3598/617/280 3597/618/280 3599/613/280
f 3595/621/277 3603/620/277 3602/616/277
f 3604/622/277 3603/620/277 3594/623/277
f 3595/621/277 3594/623/277 3603/620/277
f 3599/613/277 3602/616/277 3601/615/277
f 3596/619/277 3602/616/277 3599/613/277
f 3602/616/277 3596/619/277 3595/621/277
f 3610/624/277 3609/626/277 3611/625/277
f 3609/626/277 3608/627/277 3611/625/277
f 3605/145/277 3604/622/277 3593/628/277
f 3594/623/277 3593/628/277 3604/622/277
f 3586/629/277 3585/631/277 3587/630/277
f 3585/631/277 3584/632/277 3587/630/277
f 3580/633/277 3619/635/277 3618/634/277
f 3619/635/277 3580/633/277 3579/636/277
f 3575/637/279 3577/639/279 3576/638/279
f 3622/91/281 3621/640/281 3575/637/281
f 3620/641/277 3575/637/277 3621/640/277
f 3578/642/277 3575/637/277 3620/641/277
f 3575/637/277 3578/642/277 3577/639/277
f 3579/636/277 3620/641/277 3619/635/277
f 3620/641/277 3579/636/277 3578/642/277
f 3581/643/277 3618/634/277 3617/644/277
f 3618/634/277 3581/643/277 3580/633/277
f 3572/645/277 3574/647/277 3573/646/277
f 3574/647/277 3572/645/277 3571/88/277
f 3612/648/277 3611/625/277 3613/649/277
f 3613/649/277 3611/625/277 3614/650/277
f 3608/627/277 3614/650/277 3611/625/277
f 3614/650/277 3608/627/277 3615/651/277
f 3607/652/277 3615/651/277 3608/627/277
f 3615/651/277 3607/652/277 3616/653/277
f 3606/654/277 3616/653/277 3607/652/277
f 3616/653/277 3606/654/277 3617/644/277
f 3605/145/277 3617/644/277 3606/654/277
f 3617/644/277 3605/145/277 3581/643/277
f 3593/628/277 3581/643/277 3605/145/277
f 3581/643/277 3593/628/277 3582/655/277
f 3592/656/277 3582/655/277 3593/628/277
f 3582/655/277 3592/656/277 3583/657/277
f 3591/658/277 3583/657/277 3592/656/277
f 3583/657/277 3591/658/277 3584/632/277
f 3590/659/277 3584/632/277 3591/658/277
f 3584/632/277 3590/659/277 3587/630/277
f 3589/660/277 3587/630/277 3590/659/277
f 3588/126/277 3587/630/277 3589/660/277
f 3673/643/277 3675/662/277 3674/661/277
f 3675/662/277 3673/643/277 3676/663/277
f 3701/664/277 3852/666/277 3702/665/277
f 3852/666/277 3701/664/277 3853/644/277
f 3700/667/277 3853/644/277 3701/664/277
f 3699/668/277 3853/644/277 3700/667/277
f 3853/644/277 3699/668/277 3854/669/277
f 3698/629/277 3854/669/277 3699/668/277
f 3697/670/277 3854/669/277 3698/629/277
f 3854/669/277 3697/670/277 3855/671/277
f 3696/672/277 3855/671/277 3697/670/277
f 3855/671/277 3696/672/277 3856/673/277
f 3695/674/277 3856/673/277 3696/672/277
f 3694/675/277 3856/673/277 3695/674/277
f 3856/673/277 3694/675/277 3857/676/277
f 3693/631/277 3857/676/277 3694/675/277
f 3692/677/277 3857/676/277 3693/631/277
f 3857/676/277 3692/677/277 3858/634/277
f 3691/678/277 3858/634/277 3692/677/277
f 3690/679/277 3858/634/277 3691/678/277
f 3706/680/277 3705/681/277 3848/653/277
f 3848/653/277 3705/681/277 3849/682/277
f 3861/683/277 3686/685/277 3862/684/277
f 3862/684/277 3686/685/277 3685/686/277
f 3845/687/277 3707/689/277 3846/688/277
f 3746/690/277 3662/692/277 3747/691/277
f 3661/693/277 3747/691/277 3662/692/277
f 3747/691/277 3661/693/277 3748/619/277
f 3660/694/277 3748/619/277 3661/693/277
f 3659/695/277 3799/696/277 3660/694/277
f 3814/697/277 3628/645/277 3815/698/277
f 3707/689/277 3706/680/277 3846/688/277
f 3846/688/277 3706/680/277 3847/699/277
f 3848/653/277 3847/699/277 3706/680/277
f 3685/686/277 3863/635/277 3862/684/277
f 3863/635/277 3685/686/277 3864/700/277
f 3864/700/277 3685/686/277 3865/701/277
f 3865/701/277 3685/686/277 3866/702/277
f 3741/703/277 3685/686/277 3742/704/277
f 3742/704/277 3685/686/277 3743/621/277
f 3684/705/277 3743/621/277 3685/686/277
f 3683/657/277 3743/621/277 3684/705/277
f 3743/621/277 3683/657/277 3744/706/277
f 3682/707/277 3744/706/277 3683/657/277
f 3665/708/277 3745/710/277 3666/709/277
f 3745/710/277 3665/708/277 3746/690/277
f 3664/711/277 3746/690/277 3665/708/277
f 3663/636/277 3746/690/277 3664/711/277
f 3746/690/277 3663/636/277 3662/692/277
f 3659/695/277 3658/642/277 3799/696/277
f 3799/696/277 3658/642/277 3800/712/277
f 3657/713/277 3800/712/277 3658/642/277
f 3656/714/277 3800/712/277 3657/713/277
f 3800/712/277 3656/714/277 3801/715/277
f 3655/716/277 3801/715/277 3656/714/277
f 3654/717/277 3801/715/277 3655/716/277
f 3813/626/277 3629/718/277 3814/697/277
f 3814/697/277 3629/718/277 3628/645/277
f 3705/681/277 3704/719/277 3849/682/277
f 3849/682/277 3704/719/277 3850/720/277
f 3703/630/277 3850/720/277 3704/719/277
f 3850/720/277 3703/630/277 3851/721/277
f 3702/665/277 3851/721/277 3703/630/277
f 3852/666/277 3851/721/277 3702/665/277
f 3690/679/277 3859/722/277 3858/634/277
f 3689/723/277 3859/722/277 3690/679/277
f 3859/722/277 3689/723/277 3860/724/277
f 3688/632/277 3860/724/277 3689/723/277
f 3687/725/277 3860/724/277 3688/632/277
f 3860/724/277 3687/725/277 3861/683/277
f 3861/683/277 3687/725/277 3686/685/277
f 3682/707/277 3681/726/277 3744/706/277
f 3680/727/277 3744/706/277 3681/726/277
f 3679/728/277 3744/706/277 3680/727/277
f 3678/655/277 3744/706/277 3679/728/277
f 3744/706/277 3678/655/277 3745/710/277
f 3677/729/277 3745/710/277 3678/655/277
f 3676/663/277 3745/710/277 3677/729/277
f 3673/643/277 3745/710/277 3676/663/277
f 3672/730/277 3745/710/277 3673/643/277
f 3671/731/277 3745/710/277 3672/730/277
f 3670/732/277 3745/710/277 3671/731/277
f 3669/733/277 3745/710/277 3670/732/277
f 3668/633/277 3745/710/277 3669/733/277
f 3667/734/277 3745/710/277 3668/633/277
f 3745/710/277 3667/734/277 3666/709/277
f 3654/717/277 3653/639/277 3801/715/277
f 3801/715/277 3653/639/277 3802/735/277
f 3652/736/277 3802/735/277 3653/639/277
f 3651/737/277 3802/735/277 3652/736/277
f 3650/738/277 3802/735/277 3651/737/277
f 3802/735/277 3650/738/277 3803/652/277
f 3649/739/277 3803/652/277 3650/738/277
f 3648/638/277 3803/652/277 3649/739/277
f 3647/740/277 3803/652/277 3648/638/277
f 3803/652/277 3647/740/277 3804/741/277
f 3646/742/277 3804/741/277 3647/740/277
f 3645/743/277 3804/741/277 3646/742/277
f 3644/744/277 3804/741/277 3645/743/277
f 3804/741/277 3644/744/277 3805/745/277
f 3643/637/277 3805/745/277 3644/744/277
f 3642/746/277 3805/745/277 3643/637/277
f 3641/747/277 3805/745/277 3642/746/277
f 3805/745/277 3641/747/277 3806/748/277
f 3640/749/277 3806/748/277 3641/747/277
f 3639/750/277 3806/748/277 3640/749/277
f 3638/647/277 3806/748/277 3639/750/277
f 3806/748/277 3638/647/277 3807/751/277
f 3637/752/277 3807/751/277 3638/647/277
f 3636/753/277 3807/751/277 3637/752/277
f 3807/751/277 3636/753/277 3808/627/277
f 3635/754/277 3808/627/277 3636/753/277
f 3808/627/277 3635/754/277 3809/755/277
f 3634/756/277 3809/755/277 3635/754/277
f 3809/755/277 3634/756/277 3810/757/277
f 3633/646/277 3810/757/277 3634/756/277
f 3810/757/277 3633/646/277 3811/758/277
f 3632/759/277 3811/758/277 3633/646/277
f 3631/760/277 3811/758/277 3632/759/277
f 3811/758/277 3631/760/277 3812/761/277
f 3630/762/277 3812/761/277 3631/760/277
f 3812/761/277 3630/762/277 3813/626/277
f 3813/626/277 3630/762/277 3629/718/277
f 3868/641/277 3867/763/277 3738/623/277
f 3739/764/277 3738/623/277 3867/763/277
f 3750/765/277 3749/767/277 3796/766/277
f 3797/768/277 3796/766/277 3749/767/277
f 3626/769/277 3818/624/277 3817/770/277
f 3821/771/277 3820/773/277 3624/772/277
f 3843/651/277 3842/775/277 3709/774/277
f 3870/776/277 3869/778/277 3736/777/277
f 3737/779/277 3736/777/277 3869/778/277
f 3795/780/277 3794/782/277 3751/781/277
f 3625/783/277 3820/773/277 3819/784/277
f 3820/773/277 3625/783/277 3624/772/277
f 3844/785/277 3709/774/277 3708/126/277
f 3709/774/277 3844/785/277 3843/651/277
f 3869/778/277 3868/641/277 3737/779/277
f 3738/623/277 3737/779/277 3868/641/277
f 3751/781/277 3750/765/277 3795/780/277
f 3796/766/277 3795/780/277 3750/765/277
f 3819/784/277 3818/624/277 3625/783/277
f 3626/769/277 3625/783/277 3818/624/277
f 3841/786/277 3711/788/277 3710/787/277
f 3711/788/277 3841/786/277 3840/789/277
f 3872/790/277 3871/792/277 3734/791/277
f 3735/793/277 3734/791/277 3871/792/277
f 3873/640/277 3872/790/277 3733/628/277
f 3734/791/277 3733/628/277 3872/790/277
f 3792/794/277 3754/795/277 3753/618/277
f 3791/796/277 3754/795/277 3792/794/277
f 3842/775/277 3710/787/277 3709/774/277
f 3710/787/277 3842/775/277 3841/786/277
f 3871/792/277 3870/776/277 3735/793/277
f 3736/777/277 3735/793/277 3870/776/277
f 3794/782/277 3752/797/277 3751/781/277
f 3793/145/277 3752/797/277 3794/782/277
f 3752/797/277 3793/145/277 3753/618/277
f 3753/618/277 3793/145/277 3792/794/277
f 3624/772/277 3822/798/277 3821/771/277
f 3822/798/277 3624/772/277 3823/625/277
f 3837/799/277 3714/800/277 3713/660/277
f 3836/801/277 3714/800/277 3837/799/277
f 3730/802/277 3875/804/277 3731/803/277
f 3836/801/277 3715/805/277 3714/800/277
f 3835/806/277 3715/805/277 3836/801/277
f 3715/805/277 3835/806/277 3716/807/277
f 3834/808/277 3716/807/277 3835/806/277
f 3716/807/277 3834/808/277 3717/809/277
f 3833/649/277 3717/809/277 3834/808/277
f 3717/809/277 3833/649/277 3718/659/277
f 3718/659/277 3833/649/277 3719/810/277
f 3832/811/277 3719/810/277 3833/649/277
f 3719/810/277 3832/811/277 3720/812/277
f 3831/813/277 3720/812/277 3832/811/277
f 3720/812/277 3831/813/277 3721/814/277
f 3721/814/277 3831/813/277 3722/815/277
f 3878/91/277 3722/815/277 3831/813/277
f 3722/815/277 3878/91/277 3723/658/277
f 3723/658/277 3878/91/277 3724/816/277
f 3724/816/277 3878/91/277 3725/817/277
f 3877/818/277 3725/817/277 3878/91/277
f 3725/817/277 3877/818/277 3726/819/277
f 3726/819/277 3877/818/277 3727/820/277
f 3876/821/277 3727/820/277 3877/818/277
f 3727/820/277 3876/821/277 3728/656/277
f 3728/656/277 3876/821/277 3729/822/277
f 3875/804/277 3729/822/277 3876/821/277
f 3730/802/277 3729/822/277 3875/804/277
f 3767/823/277 3784/824/277 3768/614/277
f 3768/614/277 3784/824/277 3769/825/277
f 3783/620/277 3769/825/277 3784/824/277
f 3769/825/277 3783/620/277 3770/826/277
f 3770/826/277 3783/620/277 3771/827/277
f 3771/827/277 3783/620/277 3772/828/277
f 3830/829/277 3772/828/277 3783/620/277
f 3772/828/277 3830/829/277 3773/615/277
f 3773/615/277 3830/829/277 3774/830/277
f 3774/830/277 3830/829/277 3775/831/277
f 3840/789/277 3712/832/277 3711/788/277
f 3839/833/277 3712/832/277 3840/789/277
f 3838/650/277 3712/832/277 3839/833/277
f 3712/832/277 3838/650/277 3713/660/277
f 3713/660/277 3838/650/277 3837/799/277
f 3875/804/277 3874/834/277 3731/803/277
f 3731/803/277 3874/834/277 3732/835/277
f 3873/640/277 3732/835/277 3874/834/277
f 3733/628/277 3732/835/277 3873/640/277
f 3791/796/277 3755/836/277 3754/795/277
f 3790/837/277 3755/836/277 3791/796/277
f 3755/836/277 3790/837/277 3756/838/277
f 3789/839/277 3756/838/277 3790/837/277
f 3756/838/277 3789/839/277 3757/840/277
f 3788/622/277 3757/840/277 3789/839/277
f 3757/840/277 3788/622/277 3758/617/277
f 3758/617/277 3788/622/277 3759/841/277
f 3759/841/277 3788/622/277 3760/842/277
f 3787/843/277 3760/842/277 3788/622/277
f 3760/842/277 3787/843/277 3761/844/277
f 3761/844/277 3787/843/277 3762/845/277
f 3786/846/277 3762/845/277 3787/843/277
f 3762/845/277 3786/846/277 3763/613/277
f 3763/613/277 3786/846/277 3764/847/277
f 3785/848/277 3764/847/277 3786/846/277
f 3764/847/277 3785/848/277 3765/849/277
f 3765/849/277 3785/848/277 3766/850/277
f 3766/850/277 3785/848/277 3767/823/277
f 3767/823/277 3785/848/277 3784/824/277
f 3830/829/277 3829/851/277 3775/831/277
f 3775/831/277 3829/851/277 3776/852/277
f 3776/852/277 3829/851/277 3777/853/277
f 3777/853/277 3829/851/277 3778/616/277
f 3828/648/277 3778/616/277 3829/851/277
f 3778/616/277 3828/648/277 3779/854/277
f 3827/855/277 3779/854/277 3828/648/277
f 3779/854/277 3827/855/277 3780/856/277
f 3780/856/277 3827/855/277 3781/857/277
f 3826/858/277 3781/857/277 3827/855/277
f 3825/859/277 3781/857/277 3826/858/277
f 3824/860/277 3781/857/277 3825/859/277
f 3823/625/277 3781/857/277 3824/860/277
f 3624/772/277 3781/857/277 3823/625/277
f 3781/857/277 3624/772/277 3623/88/277
f 3845/687/277 3708/126/277 3707/689/277
f 3708/126/277 3845/687/277 3844/785/277
f 3867/763/277 3866/702/277 3739/764/277
f 3739/764/277 3866/702/277 3740/861/277
f 3685/686/277 3740/861/277 3866/702/277
f 3741/703/277 3740/861/277 3685/686/277
f 3660/694/277 3749/767/277 3748/619/277
f 3749/767/277 3660/694/277 3797/768/277
f 3797/768/277 3660/694/277 3798/654/277
f 3799/696/277 3798/654/277 3660/694/277
f 3628/645/277 3816/862/277 3815/698/277
f 3627/863/277 3816/862/277 3628/645/277
f 3816/862/277 3627/863/277 3817/770/277
f 3817/770/277 3627/863/277 3626/769/277
f 3782/864/277 3781/857/277 3623/88/277
f 3880/96/277 3882/98/277 3881/97/277
f 3879/88/277 3882/98/277 3880/96/277
f 3879/88/277 3883/99/277 3882/98/277
f 3883/99/277 3879/88/277 3884/100/277
f 3932/101/277 3884/100/277 3879/88/277
f 3884/100/277 3932/101/277 3885/102/277
f 3885/102/277 3932/101/277 3886/103/277
f 3886/103/277 3932/101/277 3887/104/277
f 3887/104/277 3932/101/277 3931/105/277
f 3889/106/277 3929/108/277 3890/107/277
f 3928/109/277 3890/107/277 3929/108/277
f 3924/110/277 3893/112/277 3925/111/277
f 3928/109/277 3891/113/277 3890/107/277
f 3927/114/277 3891/113/277 3928/109/277
f 3891/113/277 3927/114/277 3892/115/277
f 3926/116/277 3892/115/277 3927/114/277
f 3892/115/277 3926/116/277 3893/112/277
f 3893/112/277 3926/116/277 3925/111/277
f 3931/105/277 3888/117/277 3887/104/277
f 3930/118/277 3888/117/277 3931/105/277
f 3888/117/277 3930/118/277 3889/106/277
f 3889/106/277 3930/118/277 3929/108/277
f 3920/119/277 3919/121/277 3896/120/277
f 3896/120/277 3895/122/277 3920/119/277
f 3921/123/277 3920/119/277 3895/122/277
f 3898/124/277 3897/126/277 3916/125/277
f 3916/125/277 3897/126/277 3917/127/277
f 3917/127/277 3897/126/277 3918/128/277
f 3896/120/277 3918/128/277 3897/126/277
f 3919/121/277 3918/128/277 3896/120/277
f 3906/129/277 3905/131/277 3907/130/277
f 3904/132/277 3907/130/277 3905/131/277
f 3907/130/277 3904/132/277 3908/133/277
f 3903/134/277 3908/133/277 3904/132/277
f 3908/133/277 3903/134/277 3909/135/277
f 3902/136/277 3909/135/277 3903/134/277
f 3909/135/277 3902/136/277 3910/137/277
f 3902/136/277 3901/138/277 3910/137/277
f 3910/137/277 3901/138/277 3911/139/277
f 3911/139/277 3901/138/277 3912/140/277
f 3900/141/277 3912/140/277 3901/138/277
f 3912/140/277 3900/141/277 3913/142/277
f 3899/143/277 3913/142/277 3900/141/277
f 3913/142/277 3899/143/277 3914/144/277
f 3914/144/277 3899/143/277 3915/145/277
f 3898/124/277 3915/145/277 3899/143/277
f 3916/125/277 3915/145/277 3898/124/277
f 3924/110/277 3894/146/277 3893/112/277
f 3923/147/277 3894/146/277 3924/110/277
f 3922/148/277 3894/146/277 3923/147/277
f 3894/146/277 3922/148/277 3895/122/277
f 3895/122/277 3922/148/277 3921/123/277
f 3879/88/277 3933/91/277 3932/101/277
f 3983/293/277 3985/295/277 3984/294/277
f 3985/295/277 3983/293/277 3986/296/277
f 3986/296/277 3983/293/277 3987/297/277
f 3979/298/277 3991/300/277 3990/299/277
f 3978/301/277 3991/300/277 3979/298/277
f 4025/302/277 4092/304/277 4026/303/277
f 4024/305/277 4092/304/277 4025/302/277
f 4092/304/277 4024/305/277 4093/306/277
f 4023/307/277 4093/306/277 4024/305/277
f 4093/306/277 4023/307/277 4094/308/277
f 4022/309/277 4094/308/277 4023/307/277
f 4021/310/277 4094/308/277 4022/309/277
f 4094/308/277 4021/310/277 4095/311/277
f 4020/312/277 4095/311/277 4021/310/277
f 4095/311/277 4020/312/277 4096/313/277
f 4019/314/277 4096/313/277 4020/312/277
f 4018/315/277 4096/313/277 4019/314/277
f 4096/313/277 4018/315/277 4097/316/277
f 4017/317/277 4097/316/277 4018/315/277
f 4097/316/277 4017/317/277 4016/318/277
f 3983/293/277 3988/319/277 3987/297/277
f 3988/319/277 3983/293/277 3989/320/277
f 3982/321/277 3989/320/277 3983/293/277
f 3981/322/277 3989/320/277 3982/321/277
f 3989/320/277 3981/322/277 3990/299/277
f 3980/323/277 3990/299/277 3981/322/277
f 3990/299/277 3980/323/277 3979/298/277
f 4036/324/277 4035/326/277 4085/325/277
f 4085/325/277 4035/326/277 4086/327/277
f 4035/326/277 4034/328/277 4086/327/277
f 4086/327/277 4034/328/277 4087/329/277
f 4100/330/277 4013/332/277 4101/331/277
f 4101/331/277 4013/332/277 4012/333/277
f 3994/334/277 3974/336/277 3973/335/277
f 4084/337/277 4038/339/277 4037/338/277
f 4038/339/277 4084/337/277 4083/340/277
f 3972/341/277 3996/343/277 3995/342/277
f 3996/343/277 3972/341/277 3971/344/277
f 3998/345/277 3997/347/277 3970/346/277
f 4083/340/277 4039/348/277 4038/339/277
f 4039/348/277 4083/340/277 4040/349/277
f 4082/350/277 4040/349/277 4083/340/277
f 4040/349/277 4082/350/277 4041/351/277
f 4041/351/277 4082/350/277 4081/352/277
f 4103/353/277 4010/355/277 4104/354/277
f 3971/344/277 3997/347/277 3996/343/277
f 3997/347/277 3971/344/277 3970/346/277
f 4085/325/277 4037/338/277 4036/324/277
f 4037/338/277 4085/325/277 4084/337/277
f 4012/333/277 4102/356/277 4101/331/277
f 4011/357/277 4102/356/277 4012/333/277
f 4102/356/277 4011/357/277 4103/353/277
f 4103/353/277 4011/357/277 4010/355/277
f 3973/335/277 3995/342/277 3994/334/277
f 3995/342/277 3973/335/277 3972/341/277
f 4034/328/277 4033/358/277 4087/329/277
f 4087/329/277 4033/358/277 4088/359/277
f 4032/360/277 4088/359/277 4033/358/277
f 4031/361/277 4088/359/277 4032/360/277
f 4088/359/277 4031/361/277 4089/362/277
f 4030/363/277 4089/362/277 4031/361/277
f 4089/362/277 4030/363/277 4090/364/277
f 4029/365/277 4090/364/277 4030/363/277
f 4028/366/277 4090/364/277 4029/365/277
f 4090/364/277 4028/366/277 4091/367/277
f 4027/368/277 4091/367/277 4028/366/277
f 4026/303/277 4091/367/277 4027/368/277
f 4092/304/277 4091/367/277 4026/303/277
f 4016/318/277 4098/369/277 4097/316/277
f 4015/370/277 4098/369/277 4016/318/277
f 4098/369/277 4015/370/277 4099/371/277
f 4014/372/277 4099/371/277 4015/370/277
f 4099/371/277 4014/372/277 4100/330/277
f 4100/330/277 4014/372/277 4013/332/277
f 3978/301/277 3992/373/277 3991/300/277
f 3977/374/277 3992/373/277 3978/301/277
f 3976/375/277 3992/373/277 3977/374/277
f 3992/373/277 3976/375/277 3993/376/277
f 3975/377/277 3993/376/277 3976/375/277
f 3993/376/277 3975/377/277 3994/334/277
f 3994/334/277 3975/377/277 3974/336/277
f 4078/378/277 4044/380/277 4043/379/277
f 4077/381/277 4044/380/277 4078/378/277
f 4044/380/277 4077/381/277 4045/382/277
f 4076/383/277 4045/382/277 4077/381/277
f 3999/384/277 3968/386/277 4000/385/277
f 3969/387/277 3968/386/277 3999/384/277
f 4051/388/277 4050/390/277 4052/389/277
f 4076/383/277 4046/391/277 4045/382/277
f 4075/392/277 4046/391/277 4076/383/277
f 4074/393/277 4046/391/277 4075/392/277
f 4073/394/277 4046/391/277 4074/393/277
f 4072/395/277 4046/391/277 4073/394/277
f 4046/391/277 4072/395/277 4071/396/277
f 4107/91/277 4106/398/277 4009/397/277
f 4002/399/277 3964/401/277 4003/400/277
f 3964/401/277 4002/399/277 3965/402/277
f 3965/402/277 4002/399/277 3966/403/277
f 4001/404/277 3966/403/277 4002/399/277
f 3966/403/277 4001/404/277 3967/405/277
f 4000/385/277 3967/405/277 4001/404/277
f 3968/386/277 3967/405/277 4000/385/277
f 4063/406/277 4062/408/277 3949/407/277
f 3949/407/277 4062/408/277 3950/409/277
f 4062/408/277 4061/410/277 3950/409/277
f 4060/411/277 3950/409/277 4061/410/277
f 4059/412/277 3950/409/277 4060/411/277
f 3950/409/277 4059/412/277 3951/413/277
f 4058/414/277 3951/413/277 4059/412/277
f 3951/413/277 4058/414/277 3952/415/277
f 4057/416/277 3952/415/277 4058/414/277
f 3948/417/277 4065/419/277 4064/418/277
f 3947/420/277 4065/419/277 3948/417/277
f 4065/419/277 3947/420/277 4066/421/277
f 3946/422/277 4066/421/277 3947/420/277
f 3945/423/277 4066/421/277 3946/422/277
f 3935/424/277 3934/88/277 4070/425/277
f 3936/426/277 4070/425/277 3937/427/277
f 4070/425/277 3936/426/277 3935/424/277
f 4069/428/277 3940/429/277 4070/425/277
f 3939/430/277 4070/425/277 3940/429/277
f 3938/431/277 4070/425/277 3939/430/277
f 4070/425/277 3938/431/277 3937/427/277
f 3945/423/277 4067/432/277 4066/421/277
f 3944/433/277 4067/432/277 3945/423/277
f 4067/432/277 3944/433/277 4068/434/277
f 3943/435/277 4068/434/277 3944/433/277
f 3942/436/277 4068/434/277 3943/435/277
f 4068/434/277 3942/436/277 4069/428/277
f 3941/437/277 4069/428/277 3942/436/277
f 4069/428/277 3941/437/277 3940/429/277
f 4064/418/277 4063/406/277 3948/417/277
f 3949/407/277 3948/417/277 4063/406/277
f 4057/416/277 4056/438/277 3952/415/277
f 3952/415/277 4056/438/277 3953/439/277
f 4055/440/277 3953/439/277 4056/438/277
f 4054/441/277 3953/439/277 4055/440/277
f 4053/442/277 3953/439/277 4054/441/277
f 4052/389/277 3953/439/277 4053/442/277
f 4050/390/277 3953/439/277 4052/389/277
f 4049/443/277 3953/439/277 4050/390/277
f 4048/444/277 3953/439/277 4049/443/277
f 3953/439/277 4048/444/277 3954/445/277
f 4047/446/277 3954/445/277 4048/444/277
f 4046/391/277 3954/445/277 4047/446/277
f 3954/445/277 4046/391/277 3955/447/277
f 3955/447/277 4046/391/277 3956/448/277
f 4071/396/277 3956/448/277 4046/391/277
f 3956/448/277 4071/396/277 3957/449/277
f 3957/449/277 4071/396/277 3958/450/277
f 4107/91/277 3958/450/277 4071/396/277
f 3958/450/277 4107/91/277 3959/451/277
f 4009/397/277 3959/451/277 4107/91/277
f 4008/452/277 3959/451/277 4009/397/277
f 4007/453/277 3959/451/277 4008/452/277
f 3959/451/277 4007/453/277 3960/454/277
f 4006/455/277 3960/454/277 4007/453/277
f 3960/454/277 4006/455/277 3961/456/277
f 4005/457/277 3961/456/277 4006/455/277
f 3961/456/277 4005/457/277 3962/458/277
f 4004/459/277 3962/458/277 4005/457/277
f 3962/458/277 4004/459/277 3963/460/277
f 4003/400/277 3963/460/277 4004/459/277
f 3964/401/277 3963/460/277 4003/400/277
f 4081/352/277 4042/461/277 4041/351/277
f 4080/462/277 4042/461/277 4081/352/277
f 4079/463/277 4042/461/277 4080/462/277
f 4042/461/277 4079/463/277 4043/379/277
f 4043/379/277 4079/463/277 4078/378/277
f 4010/355/277 4105/464/277 4104/354/277
f 4105/464/277 4010/355/277 4106/398/277
f 4106/398/277 4010/355/277 4009/397/277
f 3999/384/277 3998/345/277 3969/387/277
f 3970/346/277 3969/387/277 3998/345/277
f 4110/865/277 4112/226/277 4111/866/277
f 4109/867/277 4112/226/277 4110/865/277
f 4112/226/277 4109/867/277 4164/91/277
f 4164/91/277 4113/868/277 4112/226/277
f 4113/868/277 4164/91/277 4114/869/277
f 4163/870/277 4114/869/277 4164/91/277
f 4114/869/277 4163/870/277 4115/871/277
f 4115/871/277 4163/870/277 4116/89/277
f 4116/89/277 4163/870/277 4162/872/277
f 4122/873/277 4155/875/277 4123/874/277
f 4123/874/277 4155/875/277 4154/876/277
f 4159/877/277 4120/185/277 4119/878/277
f 4158/879/277 4120/185/277 4159/877/277
f 4120/185/277 4158/879/277 4121/880/277
f 4157/881/277 4121/880/277 4158/879/277
f 4156/93/277 4121/880/277 4157/881/277
f 4121/880/277 4156/93/277 4122/873/277
f 4122/873/277 4156/93/277 4155/875/277
f 4162/872/277 4117/882/277 4116/89/277
f 4161/883/277 4117/882/277 4162/872/277
f 4117/882/277 4161/883/277 4118/884/277
f 4160/236/277 4118/884/277 4161/883/277
f 4118/884/277 4160/236/277 4119/878/277
f 4119/878/277 4160/236/277 4159/877/277
f 4127/885/277 4126/887/277 4150/886/277
f 4151/888/277 4150/886/277 4126/887/277
f 4126/887/277 4125/889/277 4151/888/277
f 4152/162/277 4151/888/277 4125/889/277
f 4128/201/277 4127/885/277 4149/890/277
f 4150/886/277 4149/890/277 4127/885/277
f 4138/891/277 4137/893/277 4139/892/277
f 4136/129/277 4139/892/277 4137/893/277
f 4139/892/277 4136/129/277 4140/94/277
f 4135/894/277 4140/94/277 4136/129/277
f 4134/895/277 4140/94/277 4135/894/277
f 4140/94/277 4134/895/277 4141/896/277
f 4134/895/277 4133/897/277 4141/896/277
f 4141/896/277 4133/897/277 4142/898/277
f 4132/95/277 4142/898/277 4133/897/277
f 4142/898/277 4132/95/277 4143/899/277
f 4131/900/277 4143/899/277 4132/95/277
f 4143/899/277 4131/900/277 4144/198/277
f 4144/198/277 4131/900/277 4145/902/277
f 4130/901/277 4145/902/277 4131/900/277
f 4145/902/277 4130/901/277 4146/903/277
f 4129/904/277 4146/903/277 4130/901/277
f 4146/903/277 4129/904/277 4147/905/277
f 4128/201/277 4147/905/277 4129/904/277
f 4147/905/277 4128/201/277 4148/92/277
f 4149/890/277 4148/92/277 4128/201/277
f 4154/876/277 4124/90/277 4123/874/277
f 4153/906/277 4124/90/277 4154/876/277
f 4124/90/277 4153/906/277 4125/889/277
f 4125/889/277 4153/906/277 4152/162/277
f 4109/867/277 4108/88/277 4164/91/277
f 4191/907/277 4235/909/277 4192/908/277
f 4235/909/277 4191/907/277 4236/910/277
f 4190/911/277 4236/910/277 4191/907/277
f 4236/910/277 4190/911/277 4237/912/277
f 4189/913/277 4237/912/277 4190/911/277
f 4237/912/277 4189/913/277 4238/914/277
f 4188/915/277 4238/914/277 4189/913/277
f 4238/914/277 4188/915/277 4239/916/277
f 4187/917/277 4239/916/277 4188/915/277
f 4239/916/277 4187/917/277 4240/918/277
f 4186/919/277 4240/918/277 4187/917/277
f 4240/918/277 4186/919/277 4241/920/277
f 4241/920/277 4186/919/277 4242/921/277
f 4185/922/277 4242/921/277 4186/919/277
f 4184/923/277 4242/921/277 4185/922/277
f 4201/924/277 4200/926/277 4227/925/277
f 4228/927/277 4227/925/277 4200/926/277
f 4250/928/277 4249/930/277 4177/929/277
f 4200/926/277 4199/931/277 4228/927/277
f 4229/932/277 4228/927/277 4199/931/277
f 4178/933/277 4249/930/277 4248/934/277
f 4249/930/277 4178/933/277 4177/929/277
f 4199/931/277 4198/935/277 4229/932/277
f 4229/932/277 4198/935/277 4230/936/277
f 4197/937/277 4230/936/277 4198/935/277
f 4231/938/277 4230/936/277 4197/937/277
f 4180/939/277 4247/941/277 4246/940/277
f 4179/942/277 4247/941/277 4180/939/277
f 4247/941/277 4179/942/277 4248/934/277
f 4248/934/277 4179/942/277 4178/933/277
f 4197/937/277 4196/943/277 4231/938/277
f 4231/938/277 4196/943/277 4232/944/277
f 4195/945/277 4232/944/277 4196/943/277
f 4232/944/277 4195/945/277 4233/946/277
f 4194/947/277 4233/946/277 4195/945/277
f 4233/946/277 4194/947/277 4234/948/277
f 4193/949/277 4234/948/277 4194/947/277
f 4192/908/277 4234/948/277 4193/949/277
f 4235/909/277 4234/948/277 4192/908/277
f 4184/923/277 4243/950/277 4242/921/277
f 4183/951/277 4243/950/277 4184/923/277
f 4243/950/277 4183/951/277 4244/952/277
f 4182/953/277 4244/952/277 4183/951/277
f 4244/952/277 4182/953/277 4245/954/277
f 4181/955/277 4245/954/277 4182/953/277
f 4245/954/277 4181/955/277 4246/940/277
f 4246/940/277 4181/955/277 4180/939/277
f 4252/956/277 4251/958/277 4175/957/277
f 4176/959/277 4175/957/277 4251/958/277
f 4225/960/277 4204/962/277 4203/961/277
f 4204/962/277 4225/960/277 4224/963/277
f 4226/964/277 4203/961/277 4202/965/277
f 4203/961/277 4226/964/277 4225/960/277
f 4253/966/277 4252/956/277 4174/967/277
f 4175/957/277 4174/967/277 4252/956/277
f 4223/968/277 4206/970/277 4205/969/277
f 4206/970/277 4223/968/277 4222/971/277
f 4254/972/277 4171/974/277 4255/973/277
f 4172/975/277 4171/974/277 4254/972/277
f 4224/963/277 4205/969/277 4204/962/277
f 4205/969/277 4224/963/277 4223/968/277
f 4254/972/277 4253/966/277 4172/975/277
f 4172/975/277 4253/966/277 4173/976/277
f 4174/967/277 4173/976/277 4253/966/277
f 4208/977/277 4220/979/277 4209/978/277
f 4219/980/277 4209/978/277 4220/979/277
f 4213/981/277 4215/983/277 4214/982/277
f 4212/984/277 4217/985/277 4213/981/277
f 4216/986/277 4213/981/277 4217/985/277
f 4213/981/277 4216/986/277 4215/983/277
f 4262/91/277 4261/987/277 4165/88/277
f 4219/980/277 4210/988/277 4209/978/277
f 4218/989/277 4210/988/277 4219/980/277
f 4210/988/277 4218/989/277 4211/990/277
f 4211/990/277 4218/989/277 4212/984/277
f 4212/984/277 4218/989/277 4217/985/277
f 4261/987/277 4260/991/277 4165/88/277
f 4259/992/277 4165/88/277 4260/991/277
f 4165/88/277 4259/992/277 4166/993/277
f 4258/994/277 4166/993/277 4259/992/277
f 4166/993/277 4258/994/277 4167/995/277
f 4222/971/277 4207/996/277 4206/970/277
f 4221/997/277 4207/996/277 4222/971/277
f 4207/996/277 4221/997/277 4208/977/277
f 4208/977/277 4221/997/277 4220/979/277
f 4258/994/277 4257/998/277 4167/995/277
f 4167/995/277 4257/998/277 4168/999/277
f 4256/1000/277 4168/999/277 4257/998/277
f 4168/999/277 4256/1000/277 4169/1001/277
f 4169/1001/277 4256/1000/277 4170/1002/277
f 4255/973/277 4170/1002/277 4256/1000/277
f 4171/974/277 4170/1002/277 4255/973/277
f 4202/965/277 4201/924/277 4226/964/277
f 4227/925/277 4226/964/277 4201/924/277
f 4251/958/277 4250/928/277 4176/959/277
f 4177/929/277 4176/959/277 4250/928/277
f 4264/126/277 4266/91/277 4265/145/277
f 4266/91/277 4264/126/277 4263/88/277
f 4318/149/277 4289/151/277 4319/150/277
f 4289/151/277 4318/149/277 4290/152/277
f 4317/153/277 4290/152/277 4318/149/277
f 4290/152/277 4317/153/277 4291/154/277
f 4316/129/277 4291/154/277 4317/153/277
f 4291/154/277 4316/129/277 4341/155/277
f 4315/156/277 4341/155/277 4316/129/277
f 4314/157/277 4341/155/277 4315/156/277
f 4341/155/277 4314/157/277 4342/158/277
f 4313/159/277 4342/158/277 4314/157/277
f 4342/158/277 4313/159/277 4343/160/277
f 4312/161/277 4343/160/277 4313/159/277
f 4343/160/277 4312/161/277 4344/162/277
f 4311/163/277 4344/162/277 4312/161/277
f 4282/164/277 4281/89/277 4327/165/277
f 4353/166/277 4352/168/277 4304/167/277
f 4327/165/277 4326/169/277 4282/164/277
f 4283/170/277 4282/164/277 4326/169/277
f 4305/171/277 4352/168/277 4351/93/277
f 4352/168/277 4305/171/277 4304/167/277
f 4326/169/277 4325/172/277 4283/170/277
f 4284/173/277 4283/170/277 4325/172/277
f 4349/174/277 4307/176/277 4350/175/277
f 4306/177/277 4350/175/277 4307/176/277
f 4350/175/277 4306/177/277 4351/93/277
f 4351/93/277 4306/177/277 4305/171/277
f 4325/172/277 4324/178/277 4284/173/277
f 4284/173/277 4324/178/277 4285/179/277
f 4323/94/277 4285/179/277 4324/178/277
f 4285/179/277 4323/94/277 4286/180/277
f 4322/181/277 4286/180/277 4323/94/277
f 4321/182/277 4286/180/277 4322/181/277
f 4286/180/277 4321/182/277 4287/183/277
f 4320/184/277 4287/183/277 4321/182/277
f 4287/183/277 4320/184/277 4288/185/277
f 4319/150/277 4288/185/277 4320/184/277
f 4289/151/277 4288/185/277 4319/150/277
f 4311/163/277 4345/186/277 4344/162/277
f 4310/187/277 4345/186/277 4311/163/277
f 4345/186/277 4310/187/277 4346/188/277
f 4309/95/277 4346/188/277 4310/187/277
f 4346/188/277 4309/95/277 4347/189/277
f 4347/189/277 4309/95/277 4348/190/277
f 4308/191/277 4348/190/277 4309/95/277
f 4348/190/277 4308/191/277 4349/174/277
f 4349/174/277 4308/191/277 4307/176/277
f 4280/192/277 4279/194/277 4329/193/277
f 4355/195/277 4354/197/277 4303/196/277
f 4279/194/277 4330/198/277 4329/193/277
f 4330/198/277 4279/194/277 4278/199/277
f 4356/200/277 4355/195/277 4302/201/277
f 4303/196/277 4302/201/277 4355/195/277
f 4276/202/277 4333/204/277 4332/203/277
f 4333/204/277 4276/202/277 4275/205/277
f 4278/199/277 4331/206/277 4330/198/277
f 4277/207/277 4331/206/277 4278/199/277
f 4331/206/277 4277/207/277 4332/203/277
f 4332/203/277 4277/207/277 4276/202/277
f 4356/200/277 4301/209/277 4357/208/277
f 4302/201/277 4301/209/277 4356/200/277
f 4336/210/277 4273/211/277 4337/92/277
f 4337/92/277 4273/211/277 4272/212/277
f 4268/213/277 4267/88/277 4340/214/277
f 4270/215/277 4340/214/277 4339/216/277
f 4269/217/277 4340/214/277 4270/215/277
f 4340/214/277 4269/217/277 4268/213/277
f 4272/212/277 4338/218/277 4337/92/277
f 4271/219/277 4338/218/277 4272/212/277
f 4338/218/277 4271/219/277 4339/216/277
f 4339/216/277 4271/219/277 4270/215/277
f 4292/220/277 4365/91/277 4293/221/277
f 4293/221/277 4365/91/277 4294/222/277
f 4364/223/277 4294/222/277 4365/91/277
f 4294/222/277 4364/223/277 4295/90/277
f 4275/205/277 4334/224/277 4333/204/277
f 4334/224/277 4275/205/277 4335/225/277
f 4274/226/277 4335/225/277 4275/205/277
f 4335/225/277 4274/226/277 4336/210/277
f 4336/210/277 4274/226/277 4273/211/277
f 4364/223/277 4363/227/277 4295/90/277
f 4362/228/277 4295/90/277 4363/227/277
f 4295/90/277 4362/228/277 4296/229/277
f 4361/230/277 4296/229/277 4362/228/277
f 4296/229/277 4361/230/277 4297/231/277
f 4360/232/277 4297/231/277 4361/230/277
f 4297/231/277 4360/232/277 4298/233/277
f 4359/234/277 4298/233/277 4360/232/277
f 4298/233/277 4359/234/277 4299/235/277
f 4358/236/277 4299/235/277 4359/234/277
f 4299/235/277 4358/236/277 4300/237/277
f 4357/208/277 4300/237/277 4358/236/277
f 4301/209/277 4300/237/277 4357/208/277
f 4329/193/277 4328/238/277 4280/192/277
f 4327/165/277 4280/192/277 4328/238/277
f 4281/89/277 4280/192/277 4327/165/277
f 4341/155/277 4365/91/277 4291/154/277
f 4304/167/277 4354/197/277 4353/166/277
f 4354/197/277 4304/167/277 4303/196/277
f 4292/220/277 4291/154/277 4365/91/277
f 4367/126/277 4369/91/277 4368/145/277
f 4369/91/277 4367/126/277 4366/88/277
f 4398/613/278 4400/615/278 4399/614/278
f 4400/615/279 4398/613/279 4401/616/279
f 4397/617/277 4396/618/277 4398/613/277
f 4395/619/277 4394/621/277 4402/620/277
f 4394/621/277 4403/622/277 4402/620/277
f 4403/622/277 4394/621/277 4393/623/277
f 4402/620/277 4401/616/277 4395/619/277
f 4398/613/277 4395/619/277 4401/616/277
f 4396/618/278 4395/619/278 4398/613/278
f 4409/624/277 4408/626/277 4410/625/277
f 4407/627/277 4410/625/277 4408/626/277
f 4393/623/277 4404/145/277 4403/622/277
f 4404/145/277 4393/623/277 4392/628/277
f 4385/629/277 4384/631/277 4386/630/277
f 4384/631/277 4383/632/277 4386/630/277
f 4379/633/277 4418/635/277 4417/634/277
f 4418/635/277 4379/633/277 4378/636/277
f 4374/637/279 4376/639/279 4375/638/279
f 4421/91/277 4420/640/277 4374/637/277
f 4419/641/278 4374/637/278 4420/640/278
f 4377/642/277 4374/637/277 4419/641/277
f 4374/637/277 4377/642/277 4376/639/277
f 4378/636/277 4419/641/277 4418/635/277
f 4419/641/277 4378/636/277 4377/642/277
f 4380/643/277 4417/634/277 4416/644/277
f 4417/634/277 4380/643/277 4379/633/277
f 4371/645/277 4373/647/277 4372/646/277
f 4373/647/277 4371/645/277 4370/88/277
f 4411/648/277 4410/625/277 4412/649/277
f 4412/649/277 4410/625/277 4413/650/277
f 4407/627/277 4413/650/277 4410/625/277
f 4406/652/277 4413/650/277 4407/627/277
f 4413/650/277 4406/652/277 4414/651/277
f 4405/654/277 4414/651/277 4406/652/277
f 4414/651/277 4405/654/277 4415/653/277
f 4404/145/277 4415/653/277 4405/654/277
f 4415/653/277 4404/145/277 4416/644/277
f 4392/628/277 4416/644/277 4404/145/277
f 4416/644/277 4392/628/277 4380/643/277
f 4391/656/277 4380/643/277 4392/628/277
f 4380/643/277 4391/656/277 4381/655/277
f 4390/658/277 4381/655/277 4391/656/277
f 4381/655/277 4390/658/277 4382/657/277
f 4389/659/277 4382/657/277 4390/658/277
f 4382/657/277 4389/659/277 4383/632/277
f 4383/632/277 4389/659/277 4386/630/277
f 4388/660/277 4386/630/277 4389/659/277
f 4387/126/277 4386/630/277 4388/660/277
f 4423/239/277 4425/241/277 4424/240/277
f 4425/241/277 4475/243/277 4426/242/277
f 4465/244/277 4437/246/277 4466/245/277
f 4437/246/277 4436/247/277 4466/245/277
f 4466/245/277 4436/247/277 4467/248/277
f 4436/247/277 4435/249/277 4467/248/277
f 4467/248/277 4435/249/277 4468/250/277
f 4434/251/277 4468/250/277 4435/249/277
f 4468/250/277 4434/251/277 4469/252/277
f 4433/253/277 4469/252/277 4434/251/277
f 4469/252/277 4433/253/277 4470/254/277
f 4432/255/277 4470/254/277 4433/253/277
f 4470/254/277 4432/255/277 4471/256/277
f 4431/257/277 4471/256/277 4432/255/277
f 4430/258/277 4471/256/277 4431/257/277
f 4471/256/277 4430/258/277 4472/259/277
f 4429/260/277 4472/259/277 4430/258/277
f 4472/259/277 4429/260/277 4473/261/277
f 4428/262/277 4473/261/277 4429/260/277
f 4427/263/277 4473/261/277 4428/262/277
f 4473/261/277 4427/263/277 4474/264/277
f 4426/242/277 4474/264/277 4427/263/277
f 4475/243/277 4474/264/277 4426/242/277
f 4425/241/277 4476/265/277 4475/243/277
f 4476/265/277 4425/241/277 4479/91/277
f 4423/239/277 4479/91/277 4425/241/277
f 4479/91/277 4423/239/277 4422/88/277
f 4464/266/277 4463/268/277 4438/267/277
f 4463/268/277 4439/269/277 4438/267/277
f 4439/269/277 4463/268/277 4440/270/277
f 4440/270/277 4463/268/277 4462/271/277
f 4443/272/277 4460/145/277 4444/273/277
f 4444/273/277 4460/145/277 4459/274/277
f 4462/271/277 4441/126/277 4440/270/277
f 4441/126/277 4462/271/277 4442/275/277
f 4461/276/277 4442/275/277 4462/271/277
f 4442/275/277 4461/276/277 4443/272/277
f 4443/272/277 4461/276/277 4460/145/277
f 4446/277/277 4457/279/277 4447/278/277
f 4450/280/277 4452/282/277 4451/281/277
f 4450/280/277 4453/283/277 4452/282/277
f 4457/279/277 4448/284/277 4447/278/277
f 4456/285/277 4448/284/277 4457/279/277
f 4448/284/277 4456/285/277 4449/286/277
f 4455/287/277 4449/286/277 4456/285/277
f 4449/286/277 4455/287/277 4450/280/277
f 4454/288/277 4450/280/277 4455/287/277
f 4450/280/277 4454/288/277 4453/283/277
f 4459/274/277 4445/289/277 4444/273/277
f 4458/290/277 4445/289/277 4459/274/277
f 4445/289/277 4458/290/277 4446/277/277
f 4446/277/277 4458/290/277 4457/279/277
f 4465/244/277 4438/267/277 4437/246/277
f 4438/267/277 4465/244/277 4464/266/277
f 4479/91/277 4477/291/277 4476/265/277
f 4477/291/277 4479/91/277 4478/292/277
f 4538/1003/277 4541/1005/277 4539/1004/277
f 4540/1006/277 4539/1004/277 4541/1005/277
f 4547/1007/277 4546/1009/277 4533/1008/277
f 4533/1008/277 4546/1009/277 4534/1010/277
f 4545/1011/277 4534/1010/277 4546/1009/277
f 4545/1011/277 4544/1012/277 4534/1010/277
f 4534/1010/277 4544/1012/277 4535/1013/277
f 4543/286/277 4535/1013/277 4544/1012/277
f 4535/1013/277 4543/286/277 4536/277/277
f 4542/1014/277 4536/277/277 4543/286/277
f 4536/277/277 4542/1014/277 4537/95/277
f 4541/1005/277 4537/95/277 4542/1014/277
f 4538/1003/277 4537/95/277 4541/1005/277
f 4503/1015/277 4589/1017/277 4504/1016/277
f 4589/1017/277 4503/1015/277 4590/1018/277
f 4502/1019/277 4590/1018/277 4503/1015/277
f 4601/1020/277 4600/1022/277 4492/1021/277
f 4529/272/277 4528/1024/277 4552/1023/277
f 4552/1023/277 4551/1025/277 4529/272/277
f 4530/1026/277 4529/272/277 4551/1025/277
f 4599/261/277 4493/1027/277 4600/1022/277
f 4600/1022/277 4493/1027/277 4492/1021/277
f 4551/1025/277 4550/282/277 4530/1026/277
f 4549/1028/277 4530/1026/277 4550/282/277
f 4531/1029/277 4530/1026/277 4549/1028/277
f 4580/1030/277 4510/1032/277 4581/1031/277
f 4597/1033/277 4494/262/277 4598/1034/277
f 4598/1034/277 4494/262/277 4599/261/277
f 4599/261/277 4494/262/277 4493/1027/277
f 4549/1028/277 4548/1035/277 4531/1029/277
f 4531/1029/277 4548/1035/277 4532/1036/277
f 4547/1007/277 4532/1036/277 4548/1035/277
f 4533/1008/277 4532/1036/277 4547/1007/277
f 4510/1032/277 4509/1037/277 4581/1031/277
f 4581/1031/277 4509/1037/277 4582/1038/277
f 4582/1038/277 4509/1037/277 4583/1039/277
f 4508/251/277 4583/1039/277 4509/1037/277
f 4583/1039/277 4508/251/277 4584/1040/277
f 4507/1041/277 4584/1040/277 4508/251/277
f 4584/1040/277 4507/1041/277 4585/248/277
f 4585/248/277 4507/1041/277 4586/1042/277
f 4506/1043/277 4586/1042/277 4507/1041/277
f 4586/1042/277 4506/1043/277 4587/1044/277
f 4505/1045/277 4587/1044/277 4506/1043/277
f 4587/1044/277 4505/1045/277 4588/1046/277
f 4504/1016/277 4588/1046/277 4505/1045/277
f 4589/1017/277 4588/1046/277 4504/1016/277
f 4502/1019/277 4591/1047/277 4590/1018/277
f 4501/257/277 4591/1047/277 4502/1019/277
f 4591/1047/277 4501/257/277 4592/254/277
f 4500/1048/277 4592/254/277 4501/257/277
f 4499/89/277 4592/254/277 4500/1048/277
f 4592/254/277 4499/89/277 4593/1049/277
f 4498/1050/277 4593/1049/277 4499/89/277
f 4593/1049/277 4498/1050/277 4594/93/277
f 4497/1051/277 4594/93/277 4498/1050/277
f 4594/93/277 4497/1051/277 4595/1052/277
f 4496/1053/277 4595/1052/277 4497/1051/277
f 4595/1052/277 4496/1053/277 4596/1054/277
f 4495/1055/277 4596/1054/277 4496/1053/277
f 4596/1054/277 4495/1055/277 4597/1033/277
f 4597/1033/277 4495/1055/277 4494/262/277
f 4527/1056/277 4554/1058/277 4553/1057/277
f 4526/1059/277 4554/1058/277 4527/1056/277
f 4554/1058/277 4526/1059/277 4525/1060/277
f 4604/1061/277 4603/1063/277 4489/1062/277
f 4489/1062/277 4603/1063/277 4490/1064/277
f 4602/1065/277 4490/1064/277 4603/1063/277
f 4491/1066/277 4490/1064/277 4602/1065/277
f 4525/1060/277 4555/1067/277 4554/1058/277
f 4524/1068/277 4555/1067/277 4525/1060/277
f 4578/266/277 4577/1070/277 4512/1069/277
f 4605/1071/277 4604/1061/277 4487/241/277
f 4487/241/277 4604/1061/277 4488/1072/277
f 4489/1062/277 4488/1072/277 4604/1061/277
f 4608/1073/277 4482/1075/277 4609/1074/277
f 4482/1075/277 4608/1073/277 4483/1076/277
f 4613/91/277 4612/1077/277 4480/88/277
f 4612/1077/277 4611/1078/277 4480/88/277
f 4610/1079/277 4480/88/277 4611/1078/277
f 4480/88/277 4610/1079/277 4481/1080/277
f 4609/1074/277 4481/1080/277 4610/1079/277
f 4482/1075/277 4481/1080/277 4609/1074/277
f 4524/1068/277 4556/94/277 4555/1067/277
f 4523/1081/277 4556/94/277 4524/1068/277
f 4556/94/277 4523/1081/277 4557/287/277
f 4522/270/277 4557/287/277 4523/1081/277
f 4557/287/277 4522/270/277 4558/1082/277
f 4521/1083/277 4558/1082/277 4522/270/277
f 4558/1082/277 4521/1083/277 4559/1084/277
f 4520/1085/277 4559/1084/277 4521/1083/277
f 4559/1084/277 4520/1085/277 4560/1086/277
f 4519/1087/277 4560/1086/277 4520/1085/277
f 4560/1086/277 4519/1087/277 4561/1088/277
f 4561/1088/277 4519/1087/277 4562/1089/277
f 4518/90/277 4562/1089/277 4519/1087/277
f 4562/1089/277 4518/90/277 4563/1090/277
f 4517/1091/277 4563/1090/277 4518/90/277
f 4563/1090/277 4517/1091/277 4564/290/277
f 4516/1092/277 4564/290/277 4517/1091/277
f 4564/290/277 4516/1092/277 4565/1093/277
f 4565/1093/277 4516/1092/277 4566/1094/277
f 4566/1094/277 4516/1092/277 4567/1095/277
f 4567/1095/277 4516/1092/277 4568/1096/277
f 4515/246/277 4568/1096/277 4516/1092/277
f 4568/1096/277 4515/246/277 4569/1097/277
f 4569/1097/277 4515/246/277 4570/1098/277
f 4570/1098/277 4515/246/277 4571/276/277
f 4571/276/277 4515/246/277 4572/1099/277
f 4572/1099/277 4515/246/277 4573/1100/277
f 4514/1101/277 4573/1100/277 4515/246/277
f 4573/1100/277 4514/1101/277 4574/1102/277
f 4574/1102/277 4514/1101/277 4575/92/277
f 4513/1103/277 4575/92/277 4514/1101/277
f 4575/92/277 4513/1103/277 4576/1104/277
f 4512/1069/277 4576/1104/277 4513/1103/277
f 4577/1070/277 4576/1104/277 4512/1069/277
f 4608/1073/277 4607/1105/277 4483/1076/277
f 4483/1076/277 4607/1105/277 4484/1106/277
f 4484/1106/277 4607/1105/277 4485/1107/277
f 4606/265/277 4485/1107/277 4607/1105/277
f 4485/1107/277 4606/265/277 4486/1108/277
f 4605/1071/277 4486/1108/277 4606/265/277
f 4487/241/277 4486/1108/277 4605/1071/277
f 4528/1024/277 4553/1057/277 4552/1023/277
f 4553/1057/277 4528/1024/277 4527/1056/277
f 4512/1069/277 4511/1109/277 4578/266/277
f 4578/266/277 4511/1109/277 4579/1110/277
f 4510/1032/277 4579/1110/277 4511/1109/277
f 4580/1030/277 4579/1110/277 4510/1032/277
f 4602/1065/277 4601/1020/277 4491/1066/277
f 4492/1021/277 4491/1066/277 4601/1020/277
f 4614/88/277 4616/90/277 4615/89/277
f 4614/88/277 4621/91/277 4616/90/277
f 4616/90/277 4621/91/277 4619/92/277
f 4620/93/277 4619/92/277 4621/91/277
f 4619/92/277 4618/94/277 4616/90/277
f 4617/95/277 4616/90/277 4618/94/277
f 4680/1003/277 4683/1005/277 4681/1004/277
f 4682/1006/277 4681/1004/277 4683/1005/277
f 4689/1007/277 4688/1009/277 4675/1008/277
f 4675/1008/277 4688/1009/277 4676/1010/277
f 4687/1011/277 4676/1010/277 4688/1009/277
f 4687/1011/277 4686/1012/277 4676/1010/277
f 4676/1010/277 4686/1012/277 4677/1013/277
f 4685/286/277 4677/1013/277 4686/1012/277
f 4677/1013/277 4685/286/277 4678/277/277
f 4684/1014/277 4678/277/277 4685/286/277
f 4678/277/277 4684/1014/277 4679/95/277
f 4683/1005/277 4679/95/277 4684/1014/277
f 4680/1003/277 4679/95/277 4683/1005/277
f 4645/1015/277 4731/1017/277 4646/1016/277
f 4731/1017/277 4645/1015/277 4732/1018/277
f 4644/1019/277 4732/1018/277 4645/1015/277
f 4743/1020/277 4742/1022/277 4634/1021/277
f 4671/272/277 4670/1024/277 4694/1023/277
f 4694/1023/277 4693/1025/277 4671/272/277
f 4672/1026/277 4671/272/277 4693/1025/277
f 4741/261/277 4635/1027/277 4742/1022/277
f 4742/1022/277 4635/1027/277 4634/1021/277
f 4693/1025/277 4692/282/277 4672/1026/277
f 4691/1028/277 4672/1026/277 4692/282/277
f 4673/1029/277 4672/1026/277 4691/1028/277
f 4722/1030/277 4652/1032/277 4723/1031/277
f 4739/1033/277 4636/262/277 4740/1034/277
f 4740/1034/277 4636/262/277 4741/261/277
f 4741/261/277 4636/262/277 4635/1027/277
f 4691/1028/277 4690/1035/277 4673/1029/277
f 4673/1029/277 4690/1035/277 4674/1036/277
f 4689/1007/277 4674/1036/277 4690/1035/277
f 4675/1008/277 4674/1036/277 4689/1007/277
f 4652/1032/277 4651/1037/277 4723/1031/277
f 4723/1031/277 4651/1037/277 4724/1038/277
f 4724/1038/277 4651/1037/277 4725/1039/277
f 4650/251/277 4725/1039/277 4651/1037/277
f 4725/1039/277 4650/251/277 4726/1040/277
f 4649/1041/277 4726/1040/277 4650/251/277
f 4726/1040/277 4649/1041/277 4727/248/277
f 4727/248/277 4649/1041/277 4728/1042/277
f 4648/1043/277 4728/1042/277 4649/1041/277
f 4728/1042/277 4648/1043/277 4729/1044/277
f 4647/1045/277 4729/1044/277 4648/1043/277
f 4729/1044/277 4647/1045/277 4730/1046/277
f 4646/1016/277 4730/1046/277 4647/1045/277
f 4731/1017/277 4730/1046/277 4646/1016/277
f 4644/1019/277 4733/1047/277 4732/1018/277
f 4643/257/277 4733/1047/277 4644/1019/277
f 4733/1047/277 4643/257/277 4734/254/277
f 4642/1048/277 4734/254/277 4643/257/277
f 4641/89/277 4734/254/277 4642/1048/277
f 4734/254/277 4641/89/277 4735/1049/277
f 4640/1050/277 4735/1049/277 4641/89/277
f 4735/1049/277 4640/1050/277 4736/93/277
f 4639/1051/277 4736/93/277 4640/1050/277
f 4736/93/277 4639/1051/277 4737/1052/277
f 4638/1053/277 4737/1052/277 4639/1051/277
f 4737/1052/277 4638/1053/277 4738/1054/277
f 4637/1055/277 4738/1054/277 4638/1053/277
f 4738/1054/277 4637/1055/277 4739/1033/277
f 4739/1033/277 4637/1055/277 4636/262/277
f 4669/1056/277 4696/1058/277 4695/1057/277
f 4668/1059/277 4696/1058/277 4669/1056/277
f 4696/1058/277 4668/1059/277 4667/1060/277
f 4746/1061/277 4745/1063/277 4631/1062/277
f 4631/1062/277 4745/1063/277 4632/1064/277
f 4744/1065/277 4632/1064/277 4745/1063/277
f 4633/1066/277 4632/1064/277 4744/1065/277
f 4667/1060/277 4697/1067/277 4696/1058/277
f 4666/1068/277 4697/1067/277 4667/1060/277
f 4720/266/277 4719/1070/277 4654/1069/277
f 4747/1071/277 4746/1061/277 4629/241/277
f 4629/241/277 4746/1061/277 4630/1072/277
f 4631/1062/277 4630/1072/277 4746/1061/277
f 4750/1073/277 4624/1075/277 4751/1074/277
f 4624/1075/277 4750/1073/277 4625/1076/277
f 4755/91/277 4754/1077/277 4622/88/277
f 4754/1077/277 4753/1078/277 4622/88/277
f 4752/1079/277 4622/88/277 4753/1078/277
f 4622/88/277 4752/1079/277 4623/1080/277
f 4751/1074/277 4623/1080/277 4752/1079/277
f 4624/1075/277 4623/1080/277 4751/1074/277
f 4666/1068/277 4698/94/277 4697/1067/277
f 4665/1081/277 4698/94/277 4666/1068/277
f 4698/94/277 4665/1081/277 4699/287/277
f 4664/270/277 4699/287/277 4665/1081/277
f 4699/287/277 4664/270/277 4700/1082/277
f 4663/1083/277 4700/1082/277 4664/270/277
f 4700/1082/277 4663/1083/277 4701/1084/277
f 4662/1085/277 4701/1084/277 4663/1083/277
f 4701/1084/277 4662/1085/277 4702/1086/277
f 4661/1087/277 4702/1086/277 4662/1085/277
f 4702/1086/277 4661/1087/277 4703/1088/277
f 4703/1088/277 4661/1087/277 4704/1089/277
f 4660/90/277 4704/1089/277 4661/1087/277
f 4704/1089/277 4660/90/277 4705/1090/277
f 4659/1091/277 4705/1090/277 4660/90/277
f 4705/1090/277 4659/1091/277 4706/290/277
f 4658/1092/277 4706/290/277 4659/1091/277
f 4706/290/277 4658/1092/277 4707/1093/277
f 4707/1093/277 4658/1092/277 4708/1094/277
f 4708/1094/277 4658/1092/277 4709/1095/277
f 4709/1095/277 4658/1092/277 4710/1096/277
f 4657/246/277 4710/1096/277 4658/1092/277
f 4710/1096/277 4657/246/277 4711/1097/277
f 4711/1097/277 4657/246/277 4712/1098/277
f 4712/1098/277 4657/246/277 4713/276/277
f 4713/276/277 4657/246/277 4714/1099/277
f 4714/1099/277 4657/246/277 4715/1100/277
f 4656/1101/277 4715/1100/277 4657/246/277
f 4715/1100/277 4656/1101/277 4716/1102/277
f 4716/1102/277 4656/1101/277 4717/92/277
f 4655/1103/277 4717/92/277 4656/1101/277
f 4717/92/277 4655/1103/277 4718/1104/277
f 4654/1069/277 4718/1104/277 4655/1103/277
f 4719/1070/277 4718/1104/277 4654/1069/277
f 4750/1073/277 4749/1105/277 4625/1076/277
f 4625/1076/277 4749/1105/277 4626/1106/277
f 4626/1106/277 4749/1105/277 4627/1107/277
f 4748/265/277 4627/1107/277 4749/1105/277
f 4627/1107/277 4748/265/277 4628/1108/277
f 4747/1071/277 4628/1108/277 4748/265/277
f 4629/241/277 4628/1108/277 4747/1071/277
f 4670/1024/277 4695/1057/277 4694/1023/277
f 4695/1057/277 4670/1024/277 4669/1056/277
f 4654/1069/277 4653/1109/277 4720/266/277
f 4720/266/277 4653/1109/277 4721/1110/277
f 4652/1032/277 4721/1110/277 4653/1109/277
f 4722/1030/277 4721/1110/277 4652/1032/277
f 4744/1065/277 4743/1020/277 4633/1066/277
f 4634/1021/277 4633/1066/277 4743/1020/277
f 227/89/282 226/88/282 2491/88/282 2492/89/282
f 226/88/283 233/91/283 2498/91/283 2491/88/283
f 235/96/284 234/88/284 2499/88/284 2500/96/284
f 283/109/285 282/114/285 2547/114/285 2548/109/285
f 243/117/286 242/104/286 2507/104/286 2508/117/286
f 275/119/287 274/121/287 2539/121/287 2540/119/287
f 251/120/288 250/122/288 2515/122/288 2516/120/288
f 259/132/289 258/134/289 2523/134/289 2524/132/289
f 267/140/290 266/139/290 2531/139/290 2532/140/290
f 234/88/282 288/91/282 2553/91/282 2499/88/282
f 339/153/291 338/129/291 2603/129/291 2604/153/291
f 347/172/292 346/178/292 2611/178/292 2612/172/292
f 307/179/293 306/173/293 2571/173/293 2572/179/293
f 331/95/294 330/191/294 2595/191/294 2596/95/294
f 371/174/295 370/190/295 2635/190/295 2636/174/295
f 355/204/296 354/203/296 2619/203/296 2620/204/296
f 299/207/297 298/202/297 2563/202/297 2564/207/297
f 379/208/298 378/200/298 2643/200/298 2644/208/298
f 291/217/299 290/213/299 2555/213/299 2556/217/299
f 315/221/300 314/220/300 2579/220/300 2580/221/300
f 387/91/301 386/223/301 2651/223/301 2652/91/301
f 323/209/302 322/237/302 2587/237/302 2588/209/302
f 403/246/303 402/247/303 2667/247/303 2668/246/303
f 435/252/304 434/250/304 2699/250/304 2700/252/304
f 395/260/305 394/262/305 2659/262/305 2660/260/305
f 427/276/306 426/145/306 2691/145/306 2692/276/306
f 419/283/307 418/282/307 2683/282/307 2684/283/307
f 411/289/308 410/273/308 2675/273/308 2676/289/308
f 443/291/309 442/265/309 2707/265/309 2708/291/309
f 491/248/310 490/245/310 2755/245/310 2756/248/310
f 459/249/311 458/251/311 2723/251/311 2724/249/311
f 451/263/312 450/242/312 2715/242/312 2716/263/312
f 499/243/313 498/264/313 2763/264/313 2764/243/313
f 467/272/314 466/275/314 2731/275/314 2732/272/314
f 475/281/315 474/280/315 2739/280/315 2740/281/315
f 483/274/316 482/290/316 2747/290/316 2748/274/316
f 555/295/317 554/294/317 2819/294/317 2820/295/317
f 595/302/318 594/305/318 2859/305/318 2860/302/318
f 667/316/319 666/313/319 2931/313/319 2932/316/319
f 587/317/320 586/318/320 2851/318/320 2852/317/320
f 611/351/321 610/349/321 2875/349/321 2876/351/321
f 603/358/322 602/360/322 2867/360/322 2868/358/322
f 659/362/323 658/359/323 2923/359/323 2924/362/323
f 547/374/324 546/375/324 2811/375/324 2812/374/324
f 563/376/325 562/373/325 2827/373/325 2828/376/325
f 539/387/326 538/386/326 2803/386/326 2804/387/326
f 643/394/327 642/395/327 2907/395/327 2908/394/327
f 571/404/328 570/385/328 2835/385/328 2836/404/328
f 635/419/329 634/418/329 2899/418/329 2900/419/329
f 507/427/330 506/426/330 2771/426/330 2772/427/330
f 515/423/331 514/433/331 2779/433/331 2780/423/331
f 627/416/332 626/438/332 2891/438/332 2892/416/332
f 523/439/333 522/415/333 2787/415/333 2788/439/333
f 619/443/334 618/444/334 2883/444/334 2884/443/334
f 579/397/284 578/452/284 2843/452/284 2844/397/284
f 531/456/335 530/454/335 2795/454/335 2796/456/335
f 651/352/336 650/462/336 2915/462/336 2916/352/336
f 675/464/337 674/354/337 2939/354/337 2940/464/337
f 683/467/338 682/468/338 2947/468/338 2948/467/338
f 731/482/339 730/481/339 2995/481/339 2996/482/339
f 691/488/340 690/486/340 2955/486/340 2956/488/340
f 723/500/341 722/134/341 2987/134/341 2988/500/341
f 739/492/342 738/501/342 3003/501/342 3004/492/342
f 771/502/343 770/485/343 3035/485/343 3036/502/343
f 763/515/344 762/514/344 3027/514/344 3028/515/344
f 715/519/345 714/527/345 2979/527/345 2980/519/345
f 755/123/346 754/533/346 3019/533/346 3020/123/346
f 707/542/347 706/540/347 2971/540/347 2972/542/347
f 699/528/348 698/547/348 2963/547/348 2964/528/348
f 747/551/349 746/553/349 3011/553/349 3012/551/349
f 827/129/350 826/156/350 3091/156/350 3092/129/350
f 795/173/351 794/170/351 3059/170/351 3060/173/351
f 835/178/352 834/94/352 3099/94/352 3100/178/352
f 859/190/353 858/189/353 3123/189/353 3124/190/353
f 819/191/354 818/176/354 3083/176/354 3084/191/354
f 867/200/355 866/195/355 3131/195/355 3132/200/355
f 787/202/356 786/205/356 3051/205/356 3052/202/356
f 843/203/357 842/206/357 3107/206/357 3108/203/357
f 779/213/358 778/88/358 3043/88/358 3044/213/358
f 778/88/315 851/214/315 3116/214/315 3043/88/315
f 851/214/359 850/216/359 3115/216/359 3116/214/359
f 875/223/360 874/227/360 3139/227/360 3140/223/360
f 811/237/361 810/235/361 3075/235/361 3076/237/361
f 803/220/309 802/154/309 3067/154/309 3068/220/309
f 907/560/309 906/559/309 3171/559/309 3172/560/309
f 899/567/362 898/569/362 3163/569/362 3164/567/362
f 915/570/363 914/568/363 3179/568/363 3180/570/363
f 923/576/364 922/578/364 3187/578/364 3188/576/364
f 883/584/365 882/579/365 3147/579/365 3148/584/365
f 931/589/366 930/590/366 3195/590/366 3196/589/366
f 891/604/367 890/605/367 3155/605/367 3156/604/367
f 963/618/368 962/619/368 3227/619/368 3228/618/368
f 971/145/369 970/622/369 3235/622/369 3236/145/369
f 987/640/370 986/641/370 3251/641/370 3252/640/370
f 947/643/371 946/633/371 3211/633/371 3212/643/371
f 939/646/284 938/645/284 3203/645/284 3204/646/284
f 979/649/372 978/648/372 3243/648/372 3244/649/372
f 955/660/373 954/126/373 3219/126/373 3220/660/373
f 1067/670/374 1066/672/374 3331/672/374 3332/670/374
f 1227/676/375 1226/673/375 3491/673/375 3492/676/375
f 1219/682/376 1218/653/376 3483/653/376 3484/682/376
f 1235/701/377 1234/700/377 3499/700/377 3500/701/377
f 1035/708/378 1034/711/378 3299/711/378 3300/708/378
f 1027/713/379 1026/714/379 3291/714/379 3292/713/379
f 1171/715/380 1170/712/380 3435/712/380 3436/715/380
f 1075/681/381 1074/719/381 3339/719/381 3340/681/381
f 1059/723/382 1058/632/382 3323/632/382 3324/723/382
f 1051/726/383 1050/727/383 3315/727/383 3316/726/383
f 1115/710/384 1114/706/384 3379/706/384 3380/710/384
f 1043/643/385 1042/730/385 3307/730/385 3308/643/385
f 1019/739/386 1018/638/386 3283/638/386 3284/739/386
f 1011/747/387 1010/749/387 3275/749/387 3276/747/387
f 1179/755/388 1178/627/388 3443/627/388 3444/755/388
f 1003/646/389 1002/759/389 3267/759/389 3268/646/389
f 1107/779/390 1106/777/390 3371/777/390 3372/779/390
f 995/783/391 994/772/391 3259/772/391 3260/783/391
f 1211/786/392 1210/789/392 3475/789/392 3476/786/392
f 1243/640/393 1242/790/393 3507/790/393 3508/640/393
f 1123/618/394 1122/797/394 3387/797/394 3388/618/394
f 1163/145/395 1162/794/395 3427/794/395 3428/145/395
f 1203/649/396 1202/811/396 3467/811/396 3468/649/396
f 1091/814/397 1090/812/397 3355/812/397 3356/814/397
f 1099/822/398 1098/656/398 3363/656/398 3364/822/398
f 1139/825/399 1138/614/399 3403/614/399 3404/825/399
f 1083/660/400 1082/832/400 3347/832/400 3348/660/400
f 1131/844/401 1130/842/401 3395/842/401 3396/844/401
f 1155/848/402 1154/824/402 3419/824/402 3420/848/402
f 1147/853/403 1146/852/403 3411/852/403 3412/853/403
f 1195/859/404 1194/860/404 3459/860/404 3460/859/404
f 1187/770/405 1186/862/405 3451/862/405 3452/770/405
f 1251/865/284 1250/867/284 3515/867/284 3516/865/284
f 1299/879/406 1298/881/406 3563/881/406 3564/879/406
f 1259/884/407 1258/882/407 3523/882/407 3524/884/407
f 1267/887/408 1266/889/408 3531/889/408 3532/887/408
f 1291/886/409 1290/890/409 3555/890/409 3556/886/409
f 1275/895/410 1274/897/410 3539/897/410 3540/895/410
f 1283/898/411 1282/896/411 3547/896/411 3548/898/411
f 1339/622/412 1338/620/412 3603/620/412 3604/622/412
f 1331/619/413 1330/621/413 3595/621/413 3596/619/413
f 1315/633/414 1314/636/414 3579/636/414 3580/633/414
f 1355/641/415 1354/635/415 3619/635/415 3620/641/415
f 1306/88/315 1309/647/315 3574/647/315 3571/88/315
f 1307/645/282 1306/88/282 3571/88/282 3572/645/282
f 1347/648/416 1346/625/416 3611/625/416 3612/648/416
f 1323/126/417 1322/630/417 3587/630/417 3588/126/417
f 1411/663/418 1410/662/418 3675/662/418 3676/663/418
f 1435/667/419 1434/668/419 3699/668/419 3700/667/419
f 1427/677/420 1426/678/420 3691/678/420 3692/677/420
f 1483/619/421 1482/691/421 3747/691/421 3748/619/421
f 1395/694/422 1394/695/422 3659/695/422 3660/694/422
f 1419/705/423 1418/657/423 3683/657/423 3684/705/423
f 1587/666/424 1586/721/424 3851/721/424 3852/666/424
f 1595/724/425 1594/722/425 3859/722/425 3860/724/425
f 1403/633/426 1402/734/426 3667/734/426 3668/633/426
f 1387/736/427 1386/737/427 3651/737/427 3652/736/427
f 1539/741/428 1538/652/428 3803/652/428 3804/741/428
f 1379/744/429 1378/637/429 3643/637/429 3644/744/429
f 1371/753/430 1370/754/430 3635/754/430 3636/753/430
f 1547/761/431 1546/758/431 3811/758/431 3812/761/431
f 1603/641/432 1602/763/432 3867/763/432 3868/641/432
f 1555/773/433 1554/784/433 3819/784/433 3820/773/433
f 1579/785/434 1578/651/434 3843/651/434 3844/785/434
f 1531/766/435 1530/780/435 3795/780/435 3796/766/435
f 1571/801/436 1570/806/436 3835/806/436 3836/801/436
f 1451/807/437 1450/805/437 3715/805/437 3716/807/437
f 1459/816/438 1458/658/438 3723/658/438 3724/816/438
f 1611/821/439 1610/804/439 3875/804/439 3876/821/439
f 1507/828/440 1506/827/440 3771/827/440 3772/828/440
f 1467/835/441 1466/803/441 3731/803/441 3732/835/441
f 1491/838/442 1490/836/442 3755/836/442 3756/838/442
f 1523/622/443 1522/843/443 3787/843/443 3788/622/443
f 1499/847/444 1498/613/444 3763/613/444 3764/847/444
f 1563/648/445 1562/855/445 3827/855/445 3828/648/445
f 1515/856/446 1514/854/446 3779/854/446 3780/856/446
f 1443/126/447 1442/689/447 3707/689/447 3708/126/447
f 1475/861/448 1474/764/448 3739/764/448 3740/861/448
f 1363/645/449 1362/863/449 3627/863/449 3628/645/449
f 1619/100/450 1618/99/450 3883/99/450 3884/100/450
f 1667/101/282 1666/105/282 3931/105/282 3932/101/282
f 1627/115/451 1626/113/451 3891/113/451 3892/115/451
f 1643/133/452 1642/130/452 3907/130/452 3908/133/452
f 1635/141/453 1634/143/453 3899/143/453 3900/141/453
f 1651/125/454 1650/145/454 3915/145/454 3916/125/454
f 1659/110/455 1658/147/455 3923/147/455 3924/110/455
f 1755/312/456 1754/314/456 4019/314/456 4020/312/456
f 1723/319/457 1722/297/457 3987/297/457 3988/319/457
f 1715/323/458 1714/298/458 3979/298/458 3980/323/458
f 1771/324/459 1770/326/459 4035/326/459 4036/324/459
f 1819/337/460 1818/340/460 4083/340/460 4084/337/460
f 1731/343/461 1730/342/461 3995/342/461 3996/343/461
f 1707/341/462 1706/344/462 3971/344/462 3972/341/462
f 1747/333/463 1746/357/463 4011/357/463 4012/333/463
f 1763/366/464 1762/368/464 4027/368/464 4028/366/464
f 1827/304/465 1826/367/465 4091/367/465 4092/304/465
f 1835/330/466 1834/371/466 4099/371/466 4100/330/466
f 1779/380/467 1778/379/467 4043/379/467 4044/380/467
f 1787/389/468 1786/388/468 4051/388/468 4052/389/468
f 1811/383/469 1810/392/469 4075/392/469 4076/383/469
f 1795/411/470 1794/412/470 4059/412/470 4060/411/470
f 1683/417/471 1682/420/471 3947/420/471 3948/417/471
f 1675/429/472 1674/430/472 3939/430/472 3940/429/472
f 1803/434/473 1802/432/473 4067/432/473 4068/434/473
f 1691/448/474 1690/447/474 3955/447/474 3956/448/474
f 1739/459/475 1738/400/475 4003/400/475 4004/459/475
f 1699/401/476 1698/460/476 3963/460/476 3964/401/476
f 1899/91/282 1898/870/282 4163/870/282 4164/91/282
f 1851/89/477 1850/871/477 4115/871/477 4116/89/477
f 1891/93/478 1890/875/478 4155/875/478 4156/93/478
f 1875/94/479 1874/892/479 4139/892/479 4140/94/479
f 1867/95/480 1866/900/480 4131/900/480 4132/95/480
f 1883/92/481 1882/905/481 4147/905/481 4148/92/481
f 1859/90/482 1858/874/482 4123/874/482 4124/90/482
f 1971/910/483 1970/909/483 4235/909/483 4236/910/483
f 1923/915/484 1922/917/484 4187/917/484 4188/915/484
f 1963/927/485 1962/925/485 4227/925/485 4228/927/485
f 1915/939/486 1914/942/486 4179/942/486 4180/939/486
f 1931/943/487 1930/945/487 4195/945/487 4196/943/487
f 1979/952/488 1978/950/488 4243/950/488 4244/952/488
f 1987/956/489 1986/958/489 4251/958/489 4252/956/489
f 1939/962/490 1938/961/490 4203/961/490 4204/962/490
f 1907/975/491 1906/974/491 4171/974/491 4172/975/491
f 1955/979/492 1954/980/492 4219/980/492 4220/979/492
f 1947/984/493 1946/990/493 4211/990/493 4212/984/493
f 1995/991/494 1994/992/494 4259/992/494 4260/991/494
f 2051/129/350 2050/156/350 4315/156/350 4316/129/350
f 2019/173/351 2018/170/351 4283/170/351 4284/173/351
f 2059/178/352 2058/94/352 4323/94/352 4324/178/352
f 2083/190/353 2082/189/353 4347/189/353 4348/190/353
f 2043/191/354 2042/176/354 4307/176/354 4308/191/354
f 2091/200/355 2090/195/355 4355/195/355 4356/200/355
f 2011/202/356 2010/205/356 4275/205/356 4276/202/356
f 2067/203/357 2066/206/357 4331/206/357 4332/203/357
f 2003/213/495 2002/88/495 4267/88/495 4268/213/495
f 2002/88/315 2075/214/315 4340/214/315 4267/88/315
f 2075/214/359 2074/216/359 4339/216/359 4340/214/359
f 2099/223/360 2098/227/360 4363/227/360 4364/223/360
f 2035/237/361 2034/235/361 4299/235/361 4300/237/361
f 2027/220/309 2026/154/309 4291/154/309 4292/220/309
f 2131/618/368 2130/619/368 4395/619/368 4396/618/368
f 2139/145/369 2138/622/369 4403/622/369 4404/145/369
f 2155/640/496 2154/641/496 4419/641/496 4420/640/496
f 2115/643/371 2114/633/371 4379/633/371 4380/643/371
f 2107/646/284 2106/645/284 4371/645/284 4372/646/284
f 2147/649/372 2146/648/372 4411/648/372 4412/649/372
f 2123/660/373 2122/126/373 4387/126/373 4388/660/373
f 2171/247/497 2170/249/497 4435/249/497 4436/247/497
f 2203/250/498 2202/248/498 4467/248/498 4468/250/498
f 2163/262/499 2162/263/499 4427/263/499 4428/262/499
f 2211/265/315 2210/243/315 4475/243/315 4476/265/315
f 2179/273/500 2178/272/500 4443/272/500 4444/273/500
f 2195/145/501 2194/274/501 4459/274/501 4460/145/501
f 2187/282/502 2186/281/502 4451/281/502 4452/282/502
f 2275/1006/503 2274/1004/503 4539/1004/503 4540/1006/503
f 2267/1036/504 2266/1029/504 4531/1029/504 4532/1036/504
f 2283/1035/505 2282/1007/505 4547/1007/505 4548/1035/505
f 2243/251/506 2242/1041/506 4507/1041/506 4508/251/506
f 2323/1046/507 2322/1044/507 4587/1044/507 4588/1046/507
f 2235/1048/508 2234/89/508 4499/89/508 4500/1048/508
f 2331/1054/467 2330/1052/467 4595/1052/467 4596/1054/467
f 2339/1061/509 2338/1063/509 4603/1063/509 4604/1061/509
f 2347/1077/510 2346/1078/510 4611/1078/510 4612/1077/510
f 2291/94/511 2290/1067/511 4555/1067/511 4556/94/511
f 2259/1068/512 2258/1081/512 4523/1081/512 4524/1068/512
f 2299/290/513 2298/1090/513 4563/1090/513 4564/290/513
f 2251/1092/514 2250/246/514 4515/246/514 4516/1092/514
f 2307/1099/515 2306/276/515 4571/276/515 4572/1099/515
f 2219/1106/516 2218/1076/516 4483/1076/516 4484/1106/516
f 2315/1030/517 2314/1110/517 4579/1110/517 4580/1030/517
f 2227/1021/518 2226/1066/518 4491/1066/518 4492/1021/518
f 2355/93/519 2354/92/519 4619/92/519 4620/93/519
f 2411/1010/520 2410/1008/520 4675/1008/520 4676/1010/520
f 2419/1014/521 2418/1005/521 4683/1005/521 4684/1014/521
f 2467/1018/522 2466/1017/522 4731/1017/522 4732/1018/522
f 2427/282/523 2426/1028/523 4691/1028/523 4692/282/523
f 2475/1034/524 2474/1033/524 4739/1033/524 4740/1034/524
f 2371/262/525 2370/1027/525 4635/1027/525 4636/262/525
f 2387/1032/526 2386/1037/526 4651/1037/526 4652/1032/526
f 2459/1038/527 2458/1031/527 4723/1031/527 4724/1038/527
f 2379/1019/528 2378/257/528 4643/257/528 4644/1019/528
f 2403/1059/529 2402/1060/529 4667/1060/529 4668/1059/529
f 2435/1082/530 2434/287/530 4699/287/530 4700/1082/530
f 2395/90/531 2394/1091/531 4659/1091/531 4660/90/531
f 2443/1094/532 2442/1093/532 4707/1093/532 4708/1094/532
f 2451/1102/533 2450/1100/533 4715/1100/533 4716/1102/533
f 2363/1108/534 2362/1107/534 4627/1107/534 4628/1108/534
f 2483/265/535 2482/1071/535 4747/1071/535 4748/265/535
f 228/90/536 227/89/536 2492/89/536 2493/90/536
f 236/97/309 235/96/309 2500/96/309 2501/97/309
f 284/108/537 283/109/537 2548/109/537 2549/108/537
f 244/106/538 243/117/538 2508/117/538 2509/106/538
f 276/123/539 275/119/539 2540/119/539 2541/123/539
f 252/126/540 251/120/540 2516/120/540 2517/126/540
f 260/131/541 259/132/541 2524/132/541 2525/131/541
f 268/142/542 267/140/542 2532/140/542 2533/142/542
f 340/149/543 339/153/543 2604/153/543 2605/149/543
f 364/158/544 363/155/544 2628/155/544 2629/158/544
f 348/169/545 347/172/545 2612/172/545 2613/169/545
f 372/175/546 371/174/546 2636/174/546 2637/175/546
f 308/180/547 307/179/547 2572/179/547 2573/180/547
f 332/187/548 331/95/548 2596/95/548 2597/187/548
f 300/199/549 299/207/549 2564/207/549 2565/199/549
f 324/201/550 323/209/550 2588/209/550 2589/201/550
f 292/215/551 291/217/551 2556/217/551 2557/215/551
f 316/222/552 315/221/552 2580/221/552 2581/222/552
f 356/224/553 355/204/553 2620/204/553 2621/224/553
f 380/236/554 379/208/554 2644/208/554 2645/236/554
f 363/155/282 387/91/282 2652/91/282 2628/155/282
f 436/254/555 435/252/555 2700/252/555 2701/254/555
f 396/258/556 395/260/556 2660/260/556 2661/258/556
f 428/271/557 427/276/557 2692/276/557 2693/271/557
f 420/288/558 419/283/558 2684/283/558 2685/288/558
f 412/277/559 411/289/559 2676/289/559 2677/277/559
f 404/267/560 403/246/560 2668/246/560 2669/267/560
f 444/292/315 443/291/315 2708/291/315 2709/292/315
f 460/247/497 459/249/497 2724/249/497 2725/247/497
f 492/250/498 491/248/498 2756/248/498 2757/250/498
f 452/262/499 451/263/499 2716/263/499 2717/262/499
f 500/265/315 499/243/315 2764/243/315 2765/265/315
f 468/273/500 467/272/500 2732/272/500 2733/273/500
f 484/145/501 483/274/501 2748/274/501 2749/145/501
f 476/282/502 475/281/502 2740/281/502 2741/282/502
f 556/296/561 555/295/561 2820/295/561 2821/296/561
f 596/303/562 595/302/562 2860/302/562 2861/303/562
f 588/315/563 587/317/563 2852/317/563 2853/315/563
f 652/350/564 651/352/564 2916/352/564 2917/350/564
f 604/328/565 603/358/565 2868/358/565 2869/328/565
f 660/364/566 659/362/566 2924/362/566 2925/364/566
f 668/369/567 667/316/567 2932/316/567 2933/369/567
f 548/301/568 547/374/568 2812/374/568 2813/301/568
f 564/334/569 563/376/569 2828/376/569 2829/334/569
f 644/393/570 643/394/570 2908/394/570 2909/393/570
f 572/399/571 571/404/571 2836/404/571 2837/399/571
f 628/414/572 627/416/572 2892/416/572 2893/414/572
f 636/421/573 635/419/573 2900/419/573 2901/421/573
f 516/422/574 515/423/574 2780/423/574 2781/422/574
f 508/431/575 507/427/575 2772/427/575 2773/431/575
f 620/390/576 619/443/576 2884/443/576 2885/390/576
f 524/445/577 523/439/577 2788/439/577 2789/445/577
f 532/458/578 531/456/578 2796/456/578 2797/458/578
f 612/461/579 611/351/579 2876/351/579 2877/461/579
f 676/398/580 675/464/580 2940/464/580 2941/398/580
f 580/355/581 579/397/581 2844/397/581 2845/355/581
f 540/346/582 539/387/582 2804/387/582 2805/346/582
f 684/466/583 683/467/583 2948/467/583 2949/466/583
f 732/483/584 731/482/584 2996/482/584 2997/483/584
f 740/493/585 739/492/585 3004/492/585 3005/493/585
f 692/490/586 691/488/586 2956/488/586 2957/490/586
f 724/497/587 723/500/587 2988/500/587 2989/497/587
f 772/503/588 771/502/588 3036/502/588 3037/503/588
f 764/516/589 763/515/589 3028/515/589 3029/516/589
f 716/520/590 715/519/590 2980/519/590 2981/520/590
f 700/113/591 699/528/591 2964/528/591 2965/113/591
f 756/530/592 755/123/592 3020/123/592 3021/530/592
f 708/544/593 707/542/593 2972/542/593 2973/544/593
f 748/549/594 747/551/594 3012/551/594 3013/549/594
f 828/153/291 827/129/291 3092/129/291 3093/153/291
f 836/172/292 835/178/292 3100/178/292 3101/172/292
f 796/179/595 795/173/595 3060/173/595 3061/179/595
f 820/95/294 819/191/294 3084/191/294 3085/95/294
f 860/174/295 859/190/295 3124/190/295 3125/174/295
f 844/204/296 843/203/296 3108/203/296 3109/204/296
f 788/207/297 787/202/297 3052/202/297 3053/207/297
f 868/208/298 867/200/298 3132/200/298 3133/208/298
f 780/217/299 779/213/299 3044/213/299 3045/217/299
f 804/221/300 803/220/300 3068/220/300 3069/221/300
f 876/91/301 875/223/301 3140/223/301 3141/91/301
f 812/209/302 811/237/302 3076/237/302 3077/209/302
f 908/561/315 907/560/315 3172/560/315 3173/561/315
f 900/565/596 899/567/596 3164/567/596 3165/565/596
f 916/573/597 915/570/597 3180/570/597 3181/573/597
f 924/580/598 923/576/598 3188/576/598 3189/580/598
f 884/582/599 883/584/599 3148/584/599 3149/582/599
f 932/588/600 931/589/600 3196/589/600 3197/588/600
f 892/602/601 891/604/601 3156/604/601 3157/602/601
f 964/617/602 963/618/602 3228/618/602 3229/617/602
f 988/91/603 987/640/603 3252/640/603 3253/91/603
f 940/647/309 939/646/309 3204/646/309 3205/647/309
f 980/650/604 979/649/604 3244/649/604 3245/650/604
f 972/654/605 971/145/605 3236/145/605 3237/654/605
f 948/655/606 947/643/606 3212/643/606 3213/655/606
f 956/659/607 955/660/607 3220/660/607 3221/659/607
f 1044/661/608 1043/643/608 3308/643/608 3309/661/608
f 1068/629/609 1067/670/609 3332/670/609 3333/629/609
f 1228/634/610 1227/676/610 3492/676/610 3493/634/610
f 1076/680/611 1075/681/611 3340/681/611 3341/680/611
f 1236/702/612 1235/701/612 3500/701/612 3501/702/612
f 1036/709/613 1035/708/613 3300/708/613 3301/709/613
f 1116/690/614 1115/710/614 3380/710/614 3381/690/614
f 1028/642/615 1027/713/615 3292/713/615 3293/642/615
f 1220/720/616 1219/682/616 3484/682/616 3485/720/616
f 1060/679/617 1059/723/617 3324/723/617 3325/679/617
f 1052/707/618 1051/726/618 3316/726/618 3317/707/618
f 1172/735/619 1171/715/619 3436/715/619 3437/735/619
f 1020/738/620 1019/739/620 3284/739/620 3285/738/620
f 1012/746/621 1011/747/621 3276/747/621 3277/746/621
f 1180/757/622 1179/755/622 3444/755/622 3445/757/622
f 1004/756/623 1003/646/623 3268/646/623 3269/756/623
f 1188/624/624 1187/770/624 3452/770/624 3453/624/624
f 1108/623/625 1107/779/625 3372/779/625 3373/623/625
f 996/769/626 995/783/626 3260/783/626 3261/769/626
f 1124/795/627 1123/618/627 3388/618/627 3389/795/627
f 1212/775/628 1211/786/628 3476/786/628 3477/775/628
f 1164/782/629 1163/145/629 3428/145/629 3429/782/629
f 1084/800/630 1083/660/630 3348/660/630 3349/800/630
f 1204/808/631 1203/649/631 3468/649/631 3469/808/631
f 1092/815/632 1091/814/632 3356/814/632 3357/815/632
f 1100/802/633 1099/822/633 3364/822/633 3365/802/633
f 1140/826/634 1139/825/634 3404/825/634 3405/826/634
f 1244/834/635 1243/640/635 3508/640/635 3509/834/635
f 1132/845/636 1131/844/636 3396/844/636 3397/845/636
f 1156/846/637 1155/848/637 3420/848/637 3421/846/637
f 1148/616/638 1147/853/638 3412/853/638 3413/616/638
f 1196/858/639 1195/859/639 3460/859/639 3461/858/639
f 1252/866/309 1251/865/309 3516/865/309 3517/866/309
f 1300/877/640 1299/879/640 3564/879/640 3565/877/640
f 1260/878/641 1259/884/641 3524/884/641 3525/878/641
f 1268/885/642 1267/887/642 3532/887/642 3533/885/642
f 1292/888/643 1291/886/643 3556/886/643 3557/888/643
f 1276/894/644 1275/895/644 3540/895/644 3541/894/644
f 1284/899/645 1283/898/645 3548/898/645 3549/899/645
f 1332/618/646 1331/619/646 3596/619/646 3597/618/646
f 1340/145/369 1339/622/369 3604/622/369 3605/145/369
f 1356/640/496 1355/641/496 3620/641/496 3621/640/496
f 1316/643/371 1315/633/371 3580/633/371 3581/643/371
f 1308/646/284 1307/645/284 3572/645/284 3573/646/284
f 1348/649/372 1347/648/372 3612/648/372 3613/649/372
f 1324/660/373 1323/126/373 3588/126/373 3589/660/373
f 1588/644/647 1587/666/647 3852/666/647 3853/644/647
f 1436/664/648 1435/667/648 3700/667/648 3701/664/648
f 1428/631/649 1427/677/649 3692/677/649 3693/631/649
f 1396/693/284 1395/694/284 3660/694/284 3661/693/284
f 1420/686/650 1419/705/650 3684/705/650 3685/686/650
f 1364/718/651 1363/645/651 3628/645/651 3629/718/651
f 1596/683/652 1595/724/652 3860/724/652 3861/683/652
f 1412/729/653 1411/663/653 3676/663/653 3677/729/653
f 1404/733/654 1403/633/654 3668/633/654 3669/733/654
f 1388/639/655 1387/736/655 3652/736/655 3653/639/655
f 1380/743/656 1379/744/656 3644/744/656 3645/743/656
f 1540/745/657 1539/741/657 3804/741/657 3805/745/657
f 1372/752/658 1371/753/658 3636/753/658 3637/752/658
f 1548/626/659 1547/761/659 3812/761/659 3813/626/659
f 1532/768/660 1531/766/660 3796/766/660 3797/768/660
f 1556/771/661 1555/773/661 3820/773/661 3821/771/661
f 1444/774/662 1443/126/662 3708/126/662 3709/774/662
f 1604/778/663 1603/641/663 3868/641/663 3869/778/663
f 1572/799/664 1571/801/664 3836/801/664 3837/799/664
f 1452/809/665 1451/807/665 3716/807/665 3717/809/665
f 1460/817/666 1459/816/666 3724/816/666 3725/817/666
f 1612/818/667 1611/821/667 3876/821/667 3877/818/667
f 1508/615/668 1507/828/668 3772/828/668 3773/615/668
f 1468/628/669 1467/835/669 3732/835/669 3733/628/669
f 1492/840/670 1491/838/670 3756/838/670 3757/840/670
f 1524/839/671 1523/622/671 3788/622/671 3789/839/671
f 1500/849/672 1499/847/672 3764/847/672 3765/849/672
f 1564/851/673 1563/648/673 3828/648/673 3829/851/673
f 1516/857/674 1515/856/674 3780/856/674 3781/857/674
f 1580/687/675 1579/785/675 3844/785/675 3845/687/675
f 1476/703/676 1475/861/676 3740/861/676 3741/703/676
f 1484/767/677 1483/619/677 3748/619/677 3749/767/677
f 1620/102/678 1619/100/678 3884/100/678 3885/102/678
f 1660/111/679 1659/110/679 3924/110/679 3925/111/679
f 1628/112/680 1627/115/680 3892/115/680 3893/112/680
f 1652/127/681 1651/125/681 3916/125/681 3917/127/681
f 1644/135/682 1643/133/682 3908/133/682 3909/135/682
f 1636/138/683 1635/141/683 3900/141/683 3901/138/683
f 1668/91/315 1667/101/315 3932/101/315 3933/91/315
f 1828/306/684 1827/304/684 4092/304/684 4093/306/684
f 1756/310/685 1755/312/685 4020/312/685 4021/310/685
f 1724/320/686 1723/319/686 3988/319/686 3989/320/686
f 1716/322/687 1715/323/687 3980/323/687 3981/322/687
f 1836/331/688 1835/330/688 4100/330/688 4101/331/688
f 1748/332/689 1747/333/689 4012/333/689 4013/332/689
f 1732/347/690 1731/343/690 3996/343/690 3997/347/690
f 1772/338/691 1771/324/691 4036/324/691 4037/338/691
f 1820/325/692 1819/337/692 4084/337/692 4085/325/692
f 1708/335/693 1707/341/693 3972/341/693 3973/335/693
f 1764/365/694 1763/366/694 4028/366/694 4029/365/694
f 1780/382/695 1779/380/695 4044/380/695 4045/382/695
f 1812/381/696 1811/383/696 4076/383/696 4077/381/696
f 1700/402/697 1699/401/697 3964/401/697 3965/402/697
f 1796/410/698 1795/411/698 4060/411/698 4061/410/698
f 1804/428/699 1803/434/699 4068/434/699 4069/428/699
f 1676/437/700 1675/429/700 3940/429/700 3941/437/700
f 1684/407/701 1683/417/701 3948/417/701 3949/407/701
f 1788/442/702 1787/389/702 4052/389/702 4053/442/702
f 1692/449/703 1691/448/703 3956/448/703 3957/449/703
f 1740/457/704 1739/459/704 4004/459/704 4005/457/704
f 1892/881/705 1891/93/705 4156/93/705 4157/881/705
f 1852/882/706 1851/89/706 4116/89/706 4117/882/706
f 1876/896/707 1875/94/707 4140/94/707 4141/896/707
f 1868/897/708 1867/95/708 4132/95/708 4133/897/708
f 1884/890/709 1883/92/709 4148/92/709 4149/890/709
f 1860/889/710 1859/90/710 4124/90/710 4125/889/710
f 1844/867/282 1843/88/282 4108/88/282 4109/867/282
f 1843/88/315 1899/91/315 4164/91/315 4108/88/315
f 1972/912/711 1971/910/711 4236/910/711 4237/912/711
f 1924/913/712 1923/915/712 4188/915/712 4189/913/712
f 1964/932/713 1963/927/713 4228/927/713 4229/932/713
f 1932/937/714 1931/943/714 4196/943/714 4197/937/714
f 1980/954/715 1979/952/715 4244/952/715 4245/954/715
f 1916/955/716 1915/939/716 4180/939/716 4181/955/716
f 1988/966/717 1987/956/717 4252/956/717 4253/966/717
f 1940/969/718 1939/962/718 4204/962/718 4205/969/718
f 1908/976/719 1907/975/719 4172/975/719 4173/976/719
f 1948/981/720 1947/984/720 4212/984/720 4213/981/720
f 1996/987/721 1995/991/721 4260/991/721 4261/987/721
f 1956/997/722 1955/979/722 4220/979/722 4221/997/722
f 2052/153/291 2051/129/291 4316/129/291 4317/153/291
f 2060/172/292 2059/178/292 4324/178/292 4325/172/292
f 2020/179/595 2019/173/595 4284/173/595 4285/179/595
f 2044/95/294 2043/191/294 4308/191/294 4309/95/294
f 2084/174/295 2083/190/295 4348/190/295 4349/174/295
f 2068/204/296 2067/203/296 4332/203/296 4333/204/296
f 2012/207/297 2011/202/297 4276/202/297 4277/207/297
f 2092/208/298 2091/200/298 4356/200/298 4357/208/298
f 2004/217/299 2003/213/299 4268/213/299 4269/217/299
f 2028/221/300 2027/220/300 4292/220/300 4293/221/300
f 2100/91/301 2099/223/301 4364/223/301 4365/91/301
f 2036/209/302 2035/237/302 4300/237/302 4301/209/302
f 2132/617/602 2131/618/602 4396/618/602 4397/617/602
f 2156/91/603 2155/640/603 4420/640/603 4421/91/603
f 2108/647/309 2107/646/309 4372/646/309 4373/647/309
f 2148/650/604 2147/649/604 4412/649/604 4413/650/604
f 2140/654/605 2139/145/605 4404/145/605 4405/654/605
f 2116/655/606 2115/643/606 4380/643/606 4381/655/606
f 2124/659/607 2123/660/607 4388/660/607 4389/659/607
f 2172/246/303 2171/247/303 4436/247/303 4437/246/303
f 2204/252/304 2203/250/304 4468/250/304 4469/252/304
f 2164/260/305 2163/262/305 4428/262/305 4429/260/305
f 2196/276/306 2195/145/306 4460/145/306 4461/276/306
f 2188/283/723 2187/282/723 4452/282/723 4453/283/723
f 2180/289/308 2179/273/308 4444/273/308 4445/289/308
f 2212/291/309 2211/265/309 4476/265/309 4477/291/309
f 2276/1005/284 2275/1006/284 4540/1006/284 4541/1005/284
f 2228/1027/724 2227/1021/724 4492/1021/724 4493/1027/724
f 2316/1031/725 2315/1030/725 4580/1030/725 4581/1031/725
f 2284/1028/726 2283/1035/726 4548/1035/726 4549/1028/726
f 2268/1008/727 2267/1036/727 4532/1036/727 4533/1008/727
f 2244/1037/728 2243/251/728 4508/251/728 4509/1037/728
f 2324/1017/729 2323/1046/729 4588/1046/729 4589/1017/729
f 2236/257/730 2235/1048/730 4500/1048/730 4501/257/730
f 2332/1033/731 2331/1054/731 4596/1054/731 4597/1033/731
f 2260/1060/732 2259/1068/732 4524/1068/732 4525/1060/732
f 2340/1071/408 2339/1061/408 4604/1061/408 4605/1071/408
f 2348/91/733 2347/1077/733 4612/1077/733 4613/91/733
f 2292/287/734 2291/94/734 4556/94/734 4557/287/734
f 2252/1091/735 2251/1092/735 4516/1092/735 4517/1091/735
f 2300/1093/736 2299/290/736 4564/290/736 4565/1093/736
f 2308/1100/737 2307/1099/737 4572/1099/737 4573/1100/737
f 2220/1107/738 2219/1106/738 4484/1106/738 4485/1107/738
f 2356/91/309 2355/93/309 4620/93/309 4621/91/309
f 2412/1013/739 2411/1010/739 4676/1010/739 4677/1013/739
f 2420/286/740 2419/1014/740 4684/1014/740 4685/286/740
f 2380/1015/741 2379/1019/741 4644/1019/741 4645/1015/741
f 2428/1025/742 2427/282/742 4692/282/742 4693/1025/742
f 2476/261/743 2475/1034/743 4740/1034/743 4741/261/743
f 2460/1039/744 2459/1038/744 4724/1038/744 4725/1039/744
f 2468/1047/745 2467/1018/745 4732/1018/745 4733/1047/745
f 2372/1055/746 2371/262/746 4636/262/746 4637/1055/746
f 2404/1056/747 2403/1059/747 4668/1059/747 4669/1056/747
f 2436/1084/748 2435/1082/748 4700/1082/748 4701/1084/748
f 2396/1087/749 2395/90/749 4660/90/749 4661/1087/749
f 2444/1095/750 2443/1094/750 4708/1094/750 4709/1095/750
f 2452/92/751 2451/1102/751 4716/1102/751 4717/92/751
f 2484/1105/752 2483/265/752 4748/265/752 4749/1105/752
f 2364/241/753 2363/1108/753 4628/1108/753 4629/241/753
f 2388/1109/754 2387/1032/754 4652/1032/754 4653/1109/754
f 229/95/755 228/90/755 2493/90/755 2494/95/755
f 237/98/315 236/97/315 2501/97/315 2502/98/315
f 245/107/756 244/106/756 2509/106/756 2510/107/756
f 285/118/757 284/108/757 2549/108/757 2550/118/757
f 253/124/758 252/126/758 2517/126/758 2518/124/758
f 261/129/759 260/131/759 2525/131/759 2526/129/759
f 269/144/760 268/142/760 2533/142/760 2534/144/760
f 277/148/761 276/123/761 2541/123/761 2542/148/761
f 341/150/762 340/149/762 2605/149/762 2606/150/762
f 365/160/763 364/158/763 2629/158/763 2630/160/763
f 349/165/764 348/169/764 2613/169/764 2614/165/764
f 373/93/765 372/175/765 2637/175/765 2638/93/765
f 309/183/766 308/180/766 2573/180/766 2574/183/766
f 333/163/767 332/187/767 2597/187/767 2598/163/767
f 301/194/768 300/199/768 2565/199/768 2566/194/768
f 325/196/769 324/201/769 2589/201/769 2590/196/769
f 293/219/770 292/215/770 2557/215/770 2558/219/770
f 317/90/771 316/222/771 2581/222/771 2582/90/771
f 357/225/772 356/224/772 2621/224/772 2622/225/772
f 381/234/773 380/236/773 2645/236/773 2646/234/773
f 437/256/774 436/254/774 2701/254/774 2702/256/774
f 397/257/775 396/258/775 2661/258/775 2662/257/775
f 388/88/315 445/91/315 2710/91/315 2653/88/315
f 389/239/776 388/88/776 2653/88/776 2654/239/776
f 405/269/777 404/267/777 2669/267/777 2670/269/777
f 429/268/778 428/271/778 2693/271/778 2694/268/778
f 413/278/779 412/277/779 2677/277/779 2678/278/779
f 421/287/780 420/288/780 2685/288/780 2686/287/780
f 445/91/282 444/292/282 2709/292/282 2710/91/282
f 461/246/303 460/247/303 2725/247/303 2726/246/303
f 493/252/304 492/250/304 2757/250/304 2758/252/304
f 453/260/305 452/262/305 2717/262/305 2718/260/305
f 485/276/306 484/145/306 2749/145/306 2750/276/306
f 477/283/723 476/282/723 2741/282/723 2742/283/723
f 469/289/308 468/273/308 2733/273/308 2734/289/308
f 501/291/309 500/265/309 2765/265/309 2766/291/309
f 557/297/781 556/296/781 2821/296/781 2822/297/781
f 549/298/782 548/301/782 2813/301/782 2814/298/782
f 589/314/783 588/315/783 2853/315/783 2854/314/783
f 605/326/784 604/328/784 2869/328/784 2870/326/784
f 653/340/391 652/350/391 2917/350/391 2918/340/391
f 541/344/785 540/346/785 2805/346/785 2806/344/785
f 581/357/786 580/355/786 2845/355/786 2846/357/786
f 565/342/787 564/334/787 2829/334/787 2830/342/787
f 661/367/788 660/364/788 2925/364/788 2926/367/788
f 597/368/789 596/303/789 2861/303/789 2862/368/789
f 669/371/790 668/369/790 2933/369/790 2934/371/790
f 621/388/791 620/390/791 2885/390/791 2886/388/791
f 645/392/792 644/393/792 2909/393/792 2910/392/792
f 677/91/793 676/398/793 2941/398/793 2942/91/793
f 573/400/794 572/399/794 2837/399/794 2838/400/794
f 629/412/795 628/414/795 2893/414/795 2894/412/795
f 517/420/796 516/422/796 2781/422/796 2782/420/796
f 509/430/797 508/431/797 2773/431/797 2774/430/797
f 637/432/798 636/421/798 2901/421/798 2902/432/798
f 525/447/799 524/445/799 2789/445/799 2790/447/799
f 533/460/800 532/458/800 2797/458/800 2798/460/800
f 613/379/801 612/461/801 2877/461/801 2878/379/801
f 685/465/802 684/466/802 2949/466/802 2950/465/802
f 773/475/803 772/503/803 3037/503/803 3038/475/803
f 733/135/804 732/483/804 2997/483/804 2998/135/804
f 725/508/805 724/497/805 2989/497/805 2990/508/805
f 717/510/806 716/520/806 2981/520/806 2982/510/806
f 757/529/807 756/530/807 3021/530/807 3022/529/807
f 701/531/808 700/113/808 2965/113/808 2966/531/808
f 749/543/809 748/549/809 3013/549/809 3014/543/809
f 709/550/810 708/544/810 2973/544/810 2974/550/810
f 693/517/811 692/490/811 2957/490/811 2958/517/811
f 765/491/812 764/516/812 3029/516/812 3030/491/812
f 741/511/813 740/493/813 3005/493/813 3006/511/813
f 829/149/543 828/153/543 3093/153/543 3094/149/543
f 853/158/544 852/155/544 3117/155/544 3118/158/544
f 837/169/545 836/172/545 3101/172/545 3102/169/545
f 861/175/546 860/174/546 3125/174/546 3126/175/546
f 797/180/547 796/179/547 3061/179/547 3062/180/547
f 821/187/548 820/95/548 3085/95/548 3086/187/548
f 789/199/549 788/207/549 3053/207/549 3054/199/549
f 813/201/550 812/209/550 3077/209/550 3078/201/550
f 781/215/551 780/217/551 3045/217/551 3046/215/551
f 805/222/552 804/221/552 3069/221/552 3070/222/552
f 845/224/553 844/204/553 3109/204/553 3110/224/553
f 869/236/554 868/208/554 3133/208/554 3134/236/554
f 852/155/282 876/91/282 3141/91/282 3117/155/282
f 901/563/814 900/565/814 3165/565/814 3166/563/814
f 933/587/815 932/588/815 3197/588/815 3198/587/815
f 925/596/816 924/580/816 3189/580/816 3190/596/816
f 909/598/309 908/561/309 3173/561/309 3174/598/309
f 917/600/817 916/573/817 3181/573/817 3182/600/817
f 893/601/818 892/602/818 3157/602/818 3158/601/818
f 885/612/819 884/582/819 3149/582/819 3150/612/819
f 965/613/820 964/617/820 3229/617/820 3230/613/820
f 981/651/821 980/650/821 3245/650/821 3246/651/821
f 973/652/822 972/654/822 3237/654/822 3238/652/822
f 949/657/823 948/655/823 3213/655/823 3214/657/823
f 957/658/824 956/659/824 3221/659/824 3222/658/824
f 1045/662/825 1044/661/825 3309/661/825 3310/662/825
f 1069/668/826 1068/629/826 3333/629/826 3334/668/826
f 1061/678/827 1060/679/827 3325/679/827 3326/678/827
f 1117/691/828 1116/690/828 3381/690/828 3382/691/828
f 1077/689/829 1076/680/829 3341/680/829 3342/689/829
f 1053/657/830 1052/707/830 3317/707/830 3318/657/830
f 1029/695/831 1028/642/831 3293/642/831 3294/695/831
f 1221/721/832 1220/720/832 3485/720/832 3486/721/832
f 1229/722/833 1228/634/833 3493/634/833 3494/722/833
f 1037/734/834 1036/709/834 3301/709/834 3302/734/834
f 1021/737/835 1020/738/835 3285/738/835 3286/737/835
f 1173/652/836 1172/735/836 3437/735/836 3438/652/836
f 1013/637/837 1012/746/837 3277/746/837 3278/637/837
f 1005/754/838 1004/756/838 3269/756/838 3270/754/838
f 1181/758/839 1180/757/839 3445/757/839 3446/758/839
f 1109/764/840 1108/623/840 3373/623/840 3374/764/840
f 1213/651/841 1212/775/841 3477/775/841 3478/651/841
f 1165/780/842 1164/782/842 3429/782/842 3430/780/842
f 1189/784/843 1188/624/843 3453/624/843 3454/784/843
f 1101/803/844 1100/802/844 3365/802/844 3366/803/844
f 1085/805/845 1084/800/845 3349/800/845 3350/805/845
f 1205/806/846 1204/808/846 3469/808/846 3470/806/846
f 1093/658/847 1092/815/847 3357/815/847 3358/658/847
f 1141/827/848 1140/826/848 3405/826/848 3406/827/848
f 1245/804/849 1244/834/849 3509/834/849 3510/804/849
f 1125/836/850 1124/795/850 3389/795/850 3390/836/850
f 1157/843/851 1156/846/851 3421/846/851 3422/843/851
f 1133/613/852 1132/845/852 3397/845/852 3398/613/852
f 1149/854/853 1148/616/853 3413/616/853 3414/854/853
f 1197/855/854 1196/858/854 3461/858/854 3462/855/854
f 1237/763/461 1236/702/461 3501/702/461 3502/763/461
f 997/863/855 996/769/855 3261/769/855 3262/863/855
f 1253/226/315 1252/866/315 3517/866/315 3518/226/315
f 1261/185/856 1260/878/856 3525/878/856 3526/185/856
f 1301/236/857 1300/877/857 3565/877/857 3566/236/857
f 1293/162/858 1292/888/858 3557/888/858 3558/162/858
f 1269/201/859 1268/885/859 3533/885/859 3534/201/859
f 1277/129/860 1276/894/860 3541/894/860 3542/129/860
f 1285/198/861 1284/899/861 3549/899/861 3550/198/861
f 1333/617/862 1332/618/862 3597/618/862 3598/617/862
f 1357/91/863 1356/640/863 3621/640/863 3622/91/863
f 1309/647/309 1308/646/309 3573/646/309 3574/647/309
f 1349/650/604 1348/649/604 3613/649/604 3614/650/604
f 1341/654/605 1340/145/605 3605/145/605 3606/654/605
f 1317/655/606 1316/643/606 3581/643/606 3582/655/606
f 1325/659/607 1324/660/607 3589/660/607 3590/659/607
f 1437/665/864 1436/664/864 3701/664/864 3702/665/864
f 1589/669/865 1588/644/865 3853/644/865 3854/669/865
f 1429/675/866 1428/631/866 3693/631/866 3694/675/866
f 1597/684/867 1596/683/867 3861/683/867 3862/684/867
f 1421/685/868 1420/686/868 3685/686/868 3686/685/868
f 1581/688/869 1580/687/869 3845/687/869 3846/688/869
f 1397/692/870 1396/693/870 3661/693/870 3662/692/870
f 1477/704/871 1476/703/871 3741/703/871 3742/704/871
f 1549/697/872 1548/626/872 3813/626/872 3814/697/872
f 1413/655/873 1412/729/873 3677/729/873 3678/655/873
f 1405/732/874 1404/733/874 3669/733/874 3670/732/874
f 1389/717/875 1388/639/875 3653/639/875 3654/717/875
f 1381/742/876 1380/743/876 3645/743/876 3646/742/876
f 1541/748/877 1540/745/877 3805/745/877 3806/748/877
f 1373/647/878 1372/752/878 3637/752/878 3638/647/878
f 1365/762/879 1364/718/879 3629/718/879 3630/762/879
f 1485/765/880 1484/767/880 3749/767/880 3750/765/880
f 1605/776/881 1604/778/881 3869/778/881 3870/776/881
f 1469/791/882 1468/628/882 3733/628/882 3734/791/882
f 1445/787/883 1444/774/883 3709/774/883 3710/787/883
f 1557/798/884 1556/771/884 3821/771/884 3822/798/884
f 1453/659/885 1452/809/885 3717/809/885 3718/659/885
f 1613/91/886 1612/818/886 3877/818/886 3878/91/886
f 1461/819/887 1460/817/887 3725/817/887 3726/819/887
f 1509/830/888 1508/615/888 3773/615/888 3774/830/888
f 1573/650/889 1572/799/889 3837/799/889 3838/650/889
f 1525/837/890 1524/839/890 3789/839/890 3790/837/890
f 1493/617/891 1492/840/891 3757/840/891 3758/617/891
f 1501/850/892 1500/849/892 3765/849/892 3766/850/892
f 1565/829/893 1564/851/893 3829/851/893 3830/829/893
f 1533/654/894 1532/768/894 3797/768/894 3798/654/894
f 1517/864/309 1516/857/309 3781/857/309 3782/864/309
f 1621/103/895 1620/102/895 3885/102/895 3886/103/895
f 1661/116/896 1660/111/896 3925/111/896 3926/116/896
f 1653/128/897 1652/127/897 3917/127/897 3918/128/897
f 1645/137/898 1644/135/898 3909/135/898 3910/137/898
f 1637/136/899 1636/138/899 3901/138/899 3902/136/899
f 1629/146/900 1628/112/900 3893/112/900 3894/146/900
f 1829/308/901 1828/306/901 4093/306/901 4094/308/901
f 1757/309/902 1756/310/902 4021/310/902 4022/309/902
f 1717/321/903 1716/322/903 3981/322/903 3982/321/903
f 1725/299/904 1724/320/904 3989/320/904 3990/299/904
f 1821/327/905 1820/325/905 4085/325/905 4086/327/905
f 1709/336/906 1708/335/906 3973/335/906 3974/336/906
f 1773/339/907 1772/338/907 4037/338/907 4038/339/907
f 1733/345/908 1732/347/908 3997/347/908 3998/345/908
f 1837/356/909 1836/331/909 4101/331/909 4102/356/909
f 1765/363/910 1764/365/910 4029/365/910 4030/363/910
f 1749/372/911 1748/332/911 4013/332/911 4014/372/911
f 1813/378/912 1812/381/912 4077/381/912 4078/378/912
f 1781/391/913 1780/382/913 4045/382/913 4046/391/913
f 1701/403/914 1700/402/914 3965/402/914 3966/403/914
f 1685/409/915 1684/407/915 3949/407/915 3950/409/915
f 1797/408/916 1796/410/916 4061/410/916 4062/408/916
f 1805/425/917 1804/428/917 4069/428/917 4070/425/917
f 1677/436/918 1676/437/918 3941/437/918 3942/436/918
f 1789/441/919 1788/442/919 4053/442/919 4054/441/919
f 1693/450/920 1692/449/920 3957/449/920 3958/450/920
f 1741/455/921 1740/457/921 4005/457/921 4006/455/921
f 1845/865/284 1844/867/284 4109/867/284 4110/865/284
f 1893/879/406 1892/881/406 4157/881/406 4158/879/406
f 1853/884/407 1852/882/407 4117/882/407 4118/884/407
f 1861/887/408 1860/889/408 4125/889/408 4126/887/408
f 1885/886/922 1884/890/922 4149/890/922 4150/886/922
f 1869/895/410 1868/897/410 4133/897/410 4134/895/410
f 1877/898/923 1876/896/923 4141/896/923 4142/898/923
f 1925/911/924 1924/913/924 4189/913/924 4190/911/924
f 1973/914/925 1972/912/925 4237/912/925 4238/914/925
f 1965/936/926 1964/932/926 4229/932/926 4230/936/926
f 1933/935/927 1932/937/927 4197/937/927 4198/935/927
f 1917/953/928 1916/955/928 4181/955/928 4182/953/928
f 1981/940/929 1980/954/929 4245/954/929 4246/940/929
f 1941/970/930 1940/969/930 4205/969/930 4206/970/930
f 1989/972/931 1988/966/931 4253/966/931 4254/972/931
f 1909/967/932 1908/976/932 4173/976/932 4174/967/932
f 1949/982/315 1948/981/315 4213/981/315 4214/982/315
f 1997/91/933 1996/987/933 4261/987/933 4262/91/933
f 1900/88/315 1997/91/315 4262/91/315 4165/88/315
f 1901/993/934 1900/88/934 4165/88/934 4166/993/934
f 1957/971/935 1956/997/935 4221/997/935 4222/971/935
f 2053/149/543 2052/153/543 4317/153/543 4318/149/543
f 2077/158/544 2076/155/544 4341/155/544 4342/158/544
f 2061/169/545 2060/172/545 4325/172/545 4326/169/545
f 2085/175/546 2084/174/546 4349/174/546 4350/175/546
f 2021/180/547 2020/179/547 4285/179/547 4286/180/547
f 2045/187/548 2044/95/548 4309/95/548 4310/187/548
f 2013/199/549 2012/207/549 4277/207/549 4278/199/549
f 2037/201/550 2036/209/550 4301/209/550 4302/201/550
f 2005/215/551 2004/217/551 4269/217/551 4270/215/551
f 2029/222/552 2028/221/552 4293/221/552 4294/222/552
f 2069/224/553 2068/204/553 4333/204/553 4334/224/553
f 2093/236/554 2092/208/554 4357/208/554 4358/236/554
f 2076/155/282 2100/91/282 4365/91/282 4341/155/282
f 2133/613/820 2132/617/820 4397/617/820 4398/613/820
f 2149/651/821 2148/650/821 4413/650/821 4414/651/821
f 2141/652/822 2140/654/822 4405/654/822 4406/652/822
f 2117/657/823 2116/655/823 4381/655/823 4382/657/823
f 2125/658/824 2124/659/824 4389/659/824 4390/658/824
f 2205/254/555 2204/252/555 4469/252/555 4470/254/555
f 2165/258/556 2164/260/556 4429/260/556 4430/258/556
f 2197/271/557 2196/276/557 4461/276/557 4462/271/557
f 2189/288/558 2188/283/558 4453/283/558 4454/288/558
f 2181/277/559 2180/289/559 4445/289/559 4446/277/559
f 2173/267/560 2172/246/560 4437/246/560 4438/267/560
f 2213/292/315 2212/291/315 4477/291/315 4478/292/315
f 2269/1010/520 2268/1008/520 4533/1008/520 4534/1010/520
f 2277/1014/521 2276/1005/521 4541/1005/521 4542/1014/521
f 2325/1018/522 2324/1017/522 4589/1017/522 4590/1018/522
f 2285/282/523 2284/1028/523 4549/1028/523 4550/282/523
f 2333/1034/524 2332/1033/524 4597/1033/524 4598/1034/524
f 2229/262/525 2228/1027/525 4493/1027/525 4494/262/525
f 2245/1032/526 2244/1037/526 4509/1037/526 4510/1032/526
f 2317/1038/527 2316/1031/527 4581/1031/527 4582/1038/527
f 2237/1019/528 2236/257/528 4501/257/528 4502/1019/528
f 2261/1059/529 2260/1060/529 4525/1060/529 4526/1059/529
f 2293/1082/530 2292/287/530 4557/287/530 4558/1082/530
f 2253/90/531 2252/1091/531 4517/1091/531 4518/90/531
f 2301/1094/532 2300/1093/532 4565/1093/532 4566/1094/532
f 2309/1102/533 2308/1100/533 4573/1100/533 4574/1102/533
f 2221/1108/534 2220/1107/534 4485/1107/534 4486/1108/534
f 2341/265/535 2340/1071/535 4605/1071/535 4606/265/535
f 2421/1012/936 2420/286/936 4685/286/936 4686/1012/936
f 2413/277/937 2412/1013/937 4677/1013/937 4678/277/937
f 2381/1016/938 2380/1015/938 4645/1015/938 4646/1016/938
f 2429/1023/939 2428/1025/939 4693/1025/939 4694/1023/939
f 2477/1022/940 2476/261/940 4741/261/940 4742/1022/940
f 2461/1040/941 2460/1039/941 4725/1039/941 4726/1040/941
f 2469/254/942 2468/1047/942 4733/1047/942 4734/254/942
f 2373/1053/943 2372/1055/943 4637/1055/943 4638/1053/943
f 2365/1072/944 2364/241/944 4629/241/944 4630/1072/944
f 2437/1086/945 2436/1084/945 4701/1084/945 4702/1086/945
f 2397/1085/946 2396/1087/946 4661/1087/946 4662/1085/946
f 2445/1096/947 2444/1095/947 4709/1095/947 4710/1096/947
f 2453/1104/948 2452/92/948 4717/92/948 4718/1104/948
f 2485/1073/949 2484/1105/949 4749/1105/949 4750/1073/949
f 2405/1024/950 2404/1056/950 4669/1056/950 4670/1024/950
f 2389/1069/951 2388/1109/951 4653/1109/951 4654/1069/951
f 230/94/282 229/95/282 2494/95/282 2495/94/282
f 238/99/952 237/98/952 2502/98/952 2503/99/952
f 246/113/953 245/107/953 2510/107/953 2511/113/953
f 286/105/954 285/118/954 2550/118/954 2551/105/954
f 262/130/955 261/129/955 2526/129/955 2527/130/955
f 270/145/956 269/144/956 2534/144/956 2535/145/956
f 254/143/957 253/124/957 2518/124/957 2519/143/957
f 278/147/958 277/148/958 2542/148/958 2543/147/958
f 366/162/959 365/160/959 2630/160/959 2631/162/959
f 334/161/960 333/163/960 2598/163/960 2599/161/960
f 374/168/961 373/93/961 2638/93/961 2639/168/961
f 310/185/962 309/183/962 2574/183/962 2575/185/962
f 342/184/963 341/150/963 2606/150/963 2607/184/963
f 302/192/964 301/194/964 2566/194/964 2567/192/964
f 294/212/965 293/219/965 2558/219/965 2559/212/965
f 358/210/966 357/225/966 2622/225/966 2623/210/966
f 318/229/967 317/90/967 2582/90/967 2583/229/967
f 382/232/968 381/234/968 2646/234/968 2647/232/968
f 350/238/969 349/165/969 2614/165/969 2615/238/969
f 326/167/970 325/196/970 2590/196/970 2591/167/970
f 390/240/284 389/239/284 2654/239/284 2655/240/284
f 398/255/971 397/257/971 2662/257/971 2663/255/971
f 438/259/972 437/256/972 2702/256/972 2703/259/972
f 430/266/973 429/268/973 2694/268/973 2695/266/973
f 406/270/974 405/269/974 2670/269/974 2671/270/974
f 414/284/975 413/278/975 2678/278/975 2679/284/975
f 422/285/976 421/287/976 2686/287/976 2687/285/976
f 494/254/977 493/252/977 2758/252/977 2759/254/977
f 454/258/556 453/260/556 2718/260/556 2719/258/556
f 486/271/557 485/276/557 2750/276/557 2751/271/557
f 478/288/558 477/283/558 2742/283/558 2743/288/558
f 470/277/559 469/289/559 2734/289/559 2735/277/559
f 462/267/560 461/246/560 2726/246/560 2727/267/560
f 502/292/315 501/291/315 2766/291/315 2767/292/315
f 590/312/456 589/314/456 2854/314/456 2855/312/456
f 558/319/457 557/297/457 2822/297/457 2823/319/457
f 550/323/458 549/298/458 2814/298/458 2815/323/458
f 606/324/459 605/326/459 2870/326/459 2871/324/459
f 654/337/460 653/340/460 2918/340/460 2919/337/460
f 566/343/461 565/342/461 2830/342/461 2831/343/461
f 542/341/462 541/344/462 2806/344/462 2807/341/462
f 582/333/463 581/357/463 2846/357/463 2847/333/463
f 598/366/464 597/368/464 2862/368/464 2863/366/464
f 662/304/465 661/367/465 2926/367/465 2927/304/465
f 670/330/466 669/371/466 2934/371/466 2935/330/466
f 614/380/467 613/379/467 2878/379/467 2879/380/467
f 622/389/468 621/388/468 2886/388/468 2887/389/468
f 646/383/978 645/392/978 2910/392/978 2911/383/978
f 630/411/470 629/412/470 2894/412/470 2895/411/470
f 518/417/471 517/420/471 2782/420/471 2783/417/471
f 510/429/472 509/430/472 2774/430/472 2775/429/472
f 638/434/473 637/432/473 2902/432/473 2903/434/473
f 526/448/474 525/447/474 2790/447/474 2791/448/474
f 574/459/475 573/400/475 2838/400/475 2839/459/475
f 534/401/476 533/460/476 2798/460/476 2799/401/476
f 774/477/979 773/475/979 3038/475/979 3039/477/979
f 686/479/980 685/465/980 2950/465/980 2951/479/980
f 766/114/981 765/491/981 3030/491/981 3031/114/981
f 734/504/982 733/135/982 2998/135/982 2999/504/982
f 726/507/983 725/508/983 2990/508/983 2991/507/983
f 742/509/984 741/511/984 3006/511/984 3007/509/984
f 718/512/985 717/510/985 2982/510/985 2983/512/985
f 694/513/986 693/517/986 2958/517/986 2959/513/986
f 702/532/987 701/531/987 2966/531/987 2967/532/987
f 750/541/988 749/543/988 3014/543/988 3015/541/988
f 758/548/989 757/529/989 3022/529/989 3023/548/989
f 710/552/990 709/550/990 2974/550/990 2975/552/990
f 830/150/762 829/149/762 3094/149/762 3095/150/762
f 854/160/763 853/158/763 3118/158/763 3119/160/763
f 838/165/764 837/169/764 3102/169/764 3103/165/764
f 862/93/765 861/175/765 3126/175/765 3127/93/765
f 798/183/766 797/180/766 3062/180/766 3063/183/766
f 822/163/767 821/187/767 3086/187/767 3087/163/767
f 790/194/768 789/199/768 3054/199/768 3055/194/768
f 814/196/769 813/201/769 3078/201/769 3079/196/769
f 782/219/770 781/215/770 3046/215/770 3047/219/770
f 806/90/991 805/222/991 3070/222/991 3071/90/991
f 846/225/772 845/224/772 3110/224/772 3111/225/772
f 870/234/773 869/236/773 3134/236/773 3135/234/773
f 902/558/284 901/563/284 3166/563/284 3167/558/284
f 877/88/315 936/91/315 3201/91/315 3142/88/315
f 934/586/992 933/587/992 3198/587/992 3199/586/992
f 878/593/993 877/88/993 3142/88/993 3143/593/993
f 926/595/994 925/596/994 3190/596/994 3191/595/994
f 910/599/315 909/598/315 3174/598/315 3175/599/315
f 894/575/995 893/601/995 3158/601/995 3159/575/995
f 918/603/996 917/600/996 3182/600/996 3183/603/996
f 886/611/997 885/612/997 3150/612/997 3151/611/997
f 966/614/998 965/613/998 3230/613/998 3231/614/998
f 942/638/999 941/637/999 3206/637/999 3207/638/999
f 941/637/1000 988/91/1000 3253/91/1000 3206/637/1000
f 974/627/1001 973/652/1001 3238/652/1001 3239/627/1001
f 982/653/1002 981/651/1002 3246/651/1002 3247/653/1002
f 958/656/1003 957/658/1003 3222/658/1003 3223/656/1003
f 950/632/1004 949/657/1004 3214/657/1004 3215/632/1004
f 989/88/315 992/91/315 3257/91/315 3254/88/315
f 990/126/282 989/88/282 3254/88/282 3255/126/282
f 1046/663/1005 1045/662/1005 3310/662/1005 3311/663/1005
f 1070/667/419 1069/668/419 3334/668/419 3335/667/419
f 1062/677/1006 1061/678/1006 3326/678/1006 3327/677/1006
f 1118/619/421 1117/691/421 3382/691/421 3383/619/421
f 1030/694/422 1029/695/422 3294/695/422 3295/694/422
f 1054/705/423 1053/657/423 3318/657/423 3319/705/423
f 1222/666/424 1221/721/424 3486/721/424 3487/666/424
f 1230/724/425 1229/722/425 3494/722/425 3495/724/425
f 1038/633/426 1037/734/426 3302/734/426 3303/633/426
f 1022/736/427 1021/737/427 3286/737/427 3287/736/427
f 1174/741/428 1173/652/428 3438/652/428 3439/741/428
f 1014/744/1007 1013/637/1007 3278/637/1007 3279/744/1007
f 1006/753/430 1005/754/430 3270/754/430 3271/753/430
f 1182/761/1008 1181/758/1008 3446/758/1008 3447/761/1008
f 1238/641/432 1237/763/432 3502/763/432 3503/641/432
f 1190/773/433 1189/784/433 3454/784/433 3455/773/433
f 1214/785/434 1213/651/434 3478/651/434 3479/785/434
f 1166/766/435 1165/780/435 3430/780/435 3431/766/435
f 1206/801/436 1205/806/436 3470/806/436 3471/801/436
f 1086/807/437 1085/805/437 3350/805/437 3351/807/437
f 1094/816/438 1093/658/438 3358/658/438 3359/816/438
f 1246/821/439 1245/804/439 3510/804/439 3511/821/439
f 1142/828/440 1141/827/440 3406/827/440 3407/828/440
f 1102/835/441 1101/803/441 3366/803/441 3367/835/441
f 1126/838/442 1125/836/442 3390/836/442 3391/838/442
f 1158/622/1009 1157/843/1009 3422/843/1009 3423/622/1009
f 1134/847/444 1133/613/444 3398/613/444 3399/847/444
f 1198/648/445 1197/855/445 3462/855/445 3463/648/445
f 1150/856/446 1149/854/446 3414/854/446 3415/856/446
f 1078/126/447 1077/689/447 3342/689/447 3343/126/447
f 1110/861/448 1109/764/448 3374/764/448 3375/861/448
f 998/645/449 997/863/449 3262/863/449 3263/645/449
f 1254/868/1010 1253/226/1010 3518/226/1010 3519/868/1010
f 1262/880/1011 1261/185/1011 3526/185/1011 3527/880/1011
f 1302/883/1012 1301/236/1012 3566/236/1012 3567/883/1012
f 1278/893/284 1277/129/284 3542/129/284 3543/893/284
f 1286/902/1013 1285/198/1013 3550/198/1013 3551/902/1013
f 1270/904/1014 1269/201/1014 3534/201/1014 3535/904/1014
f 1294/906/1015 1293/162/1015 3558/162/1015 3559/906/1015
f 1334/613/820 1333/617/820 3598/617/820 3599/613/820
f 1350/651/821 1349/650/821 3614/650/821 3615/651/821
f 1342/652/822 1341/654/822 3606/654/822 3607/652/822
f 1318/657/823 1317/655/823 3582/655/823 3583/657/823
f 1326/658/824 1325/659/824 3590/659/824 3591/658/824
f 1590/671/1016 1589/669/1016 3854/669/1016 3855/671/1016
f 1430/674/1017 1429/675/1017 3694/675/1017 3695/674/1017
f 1550/698/1018 1549/697/1018 3814/697/1018 3815/698/1018
f 1582/699/1019 1581/688/1019 3846/688/1019 3847/699/1019
f 1598/635/1020 1597/684/1020 3862/684/1020 3863/635/1020
f 1478/621/1021 1477/704/1021 3742/704/1021 3743/621/1021
f 1398/636/1022 1397/692/1022 3662/692/1022 3663/636/1022
f 1390/716/1023 1389/717/1023 3654/717/1023 3655/716/1023
f 1438/630/1024 1437/665/1024 3702/665/1024 3703/630/1024
f 1422/725/1025 1421/685/1025 3686/685/1025 3687/725/1025
f 1414/728/1026 1413/655/1026 3678/655/1026 3679/728/1026
f 1406/731/1027 1405/732/1027 3670/732/1027 3671/731/1027
f 1382/740/1028 1381/742/1028 3646/742/1028 3647/740/1028
f 1374/750/1029 1373/647/1029 3638/647/1029 3639/750/1029
f 1542/751/1030 1541/748/1030 3806/748/1030 3807/751/1030
f 1366/760/1031 1365/762/1031 3630/762/1031 3631/760/1031
f 1486/781/1032 1485/765/1032 3750/765/1032 3751/781/1032
f 1446/788/1033 1445/787/1033 3710/787/1033 3711/788/1033
f 1470/793/1034 1469/791/1034 3734/791/1034 3735/793/1034
f 1606/792/1035 1605/776/1035 3870/776/1035 3871/792/1035
f 1558/625/1036 1557/798/1036 3822/798/1036 3823/625/1036
f 1454/810/1037 1453/659/1037 3718/659/1037 3719/810/1037
f 1462/820/1038 1461/819/1038 3726/819/1038 3727/820/1038
f 1510/831/1039 1509/830/1039 3774/830/1039 3775/831/1039
f 1574/833/1040 1573/650/1040 3838/650/1040 3839/833/1040
f 1526/796/1041 1525/837/1041 3790/837/1041 3791/796/1041
f 1494/841/1042 1493/617/1042 3758/617/1042 3759/841/1042
f 1502/823/1043 1501/850/1043 3766/850/1043 3767/823/1043
f 1534/696/1044 1533/654/1044 3798/654/1044 3799/696/1044
f 1622/104/1045 1621/103/1045 3886/103/1045 3887/104/1045
f 1662/114/1046 1661/116/1046 3926/116/1046 3927/114/1046
f 1654/121/1047 1653/128/1047 3918/128/1047 3919/121/1047
f 1638/134/1048 1637/136/1048 3902/136/1048 3903/134/1048
f 1646/139/1049 1645/137/1049 3910/137/1049 3911/139/1049
f 1630/122/1050 1629/146/1050 3894/146/1050 3895/122/1050
f 1726/300/1051 1725/299/1051 3990/299/1051 3991/300/1051
f 1758/307/878 1757/309/878 4022/309/878 4023/307/878
f 1830/311/1052 1829/308/1052 4094/308/1052 4095/311/1052
f 1718/293/1053 1717/321/1053 3982/321/1053 3983/293/1053
f 1822/329/1054 1821/327/1054 4086/327/1054 4087/329/1054
f 1774/348/1055 1773/339/1055 4038/339/1055 4039/348/1055
f 1838/353/1056 1837/356/1056 4102/356/1056 4103/353/1056
f 1766/361/1057 1765/363/1057 4030/363/1057 4031/361/1057
f 1750/370/1058 1749/372/1058 4014/372/1058 4015/370/1058
f 1710/377/1059 1709/336/1059 3974/336/1059 3975/377/1059
f 1702/405/1060 1701/403/1060 3966/403/1060 3967/405/1060
f 1798/406/1061 1797/408/1061 4062/408/1061 4063/406/1061
f 1686/413/1062 1685/409/1062 3950/409/1062 3951/413/1062
f 1670/424/1063 1669/88/1063 3934/88/1063 3935/424/1063
f 1669/88/315 1805/425/315 4070/425/315 3934/88/315
f 1678/435/1064 1677/436/1064 3942/436/1064 3943/435/1064
f 1790/440/1065 1789/441/1065 4054/441/1065 4055/440/1065
f 1782/446/1066 1781/391/1066 4046/391/1066 4047/446/1066
f 1694/451/315 1693/450/315 3958/450/315 3959/451/315
f 1742/453/1067 1741/455/1067 4006/455/1067 4007/453/1067
f 1814/463/1068 1813/378/1068 4078/378/1068 4079/463/1068
f 1734/384/1069 1733/345/1069 3998/345/1069 3999/384/1069
f 1846/866/309 1845/865/309 4110/865/309 4111/866/309
f 1894/877/640 1893/879/640 4158/879/640 4159/877/640
f 1854/878/641 1853/884/641 4118/884/641 4119/878/641
f 1862/885/642 1861/887/642 4126/887/642 4127/885/642
f 1886/888/1070 1885/886/1070 4150/886/1070 4151/888/1070
f 1870/894/644 1869/895/644 4134/895/644 4135/894/644
f 1878/899/1071 1877/898/1071 4142/898/1071 4143/899/1071
f 1926/907/1072 1925/911/1072 4190/911/1072 4191/907/1072
f 1974/916/1073 1973/914/1073 4238/914/1073 4239/916/1073
f 1934/931/1074 1933/935/1074 4198/935/1074 4199/931/1074
f 1966/938/1075 1965/936/1075 4230/936/1075 4231/938/1075
f 1982/941/1076 1981/940/1076 4246/940/1076 4247/941/1076
f 1918/951/1077 1917/953/1077 4182/953/1077 4183/951/1077
f 1910/957/1078 1909/967/1078 4174/967/1078 4175/957/1078
f 1958/968/1079 1957/971/1079 4222/971/1079 4223/968/1079
f 1990/973/1080 1989/972/1080 4254/972/1080 4255/973/1080
f 1950/983/1081 1949/982/1081 4214/982/1081 4215/983/1081
f 1902/995/1082 1901/993/1082 4166/993/1082 4167/995/1082
f 1942/996/1083 1941/970/1083 4206/970/1083 4207/996/1083
f 2054/150/762 2053/149/762 4318/149/762 4319/150/762
f 2078/160/763 2077/158/763 4342/158/763 4343/160/763
f 2062/165/764 2061/169/764 4326/169/764 4327/165/764
f 2086/93/765 2085/175/765 4350/175/765 4351/93/765
f 2022/183/766 2021/180/766 4286/180/766 4287/183/766
f 2046/163/767 2045/187/767 4310/187/767 4311/163/767
f 2014/194/768 2013/199/768 4278/199/768 4279/194/768
f 2038/196/769 2037/201/769 4302/201/769 4303/196/769
f 2006/219/770 2005/215/770 4270/215/770 4271/219/770
f 2030/90/991 2029/222/991 4294/222/991 4295/90/991
f 2070/225/772 2069/224/772 4334/224/772 4335/225/772
f 2094/234/773 2093/236/773 4358/236/773 4359/234/773
f 2101/88/315 2104/91/315 4369/91/315 4366/88/315
f 2102/126/282 2101/88/282 4366/88/282 4367/126/282
f 2134/614/998 2133/613/998 4398/613/998 4399/614/998
f 2110/638/999 2109/637/999 4374/637/999 4375/638/999
f 2109/637/1084 2156/91/1084 4421/91/1084 4374/637/1084
f 2142/627/1001 2141/652/1001 4406/652/1001 4407/627/1001
f 2150/653/1002 2149/651/1002 4414/651/1002 4415/653/1002
f 2126/656/1003 2125/658/1003 4390/658/1003 4391/656/1003
f 2118/632/1004 2117/657/1004 4382/657/1004 4383/632/1004
f 2206/256/1085 2205/254/1085 4470/254/1085 4471/256/1085
f 2166/257/775 2165/258/775 4430/258/775 4431/257/775
f 2157/88/315 2214/91/315 4479/91/315 4422/88/315
f 2158/239/776 2157/88/776 4422/88/776 4423/239/776
f 2174/269/777 2173/267/777 4438/267/777 4439/269/777
f 2198/268/1086 2197/271/1086 4462/271/1086 4463/268/1086
f 2182/278/779 2181/277/779 4446/277/779 4447/278/779
f 2190/287/780 2189/288/780 4454/288/780 4455/287/780
f 2214/91/282 2213/292/282 4478/292/282 4479/91/282
f 2270/1013/739 2269/1010/739 4534/1010/739 4535/1013/739
f 2278/286/740 2277/1014/740 4542/1014/740 4543/286/740
f 2238/1015/741 2237/1019/741 4502/1019/741 4503/1015/741
f 2286/1025/742 2285/282/742 4550/282/742 4551/1025/742
f 2334/261/743 2333/1034/743 4598/1034/743 4599/261/743
f 2318/1039/744 2317/1038/744 4582/1038/744 4583/1039/744
f 2326/1047/745 2325/1018/745 4590/1018/745 4591/1047/745
f 2230/1055/746 2229/262/746 4494/262/746 4495/1055/746
f 2262/1056/747 2261/1059/747 4526/1059/747 4527/1056/747
f 2294/1084/748 2293/1082/748 4558/1082/748 4559/1084/748
f 2254/1087/749 2253/90/749 4518/90/749 4519/1087/749
f 2302/1095/750 2301/1094/750 4566/1094/750 4567/1095/750
f 2310/92/751 2309/1102/751 4574/1102/751 4575/92/751
f 2342/1105/752 2341/265/752 4606/265/752 4607/1105/752
f 2222/241/753 2221/1108/753 4486/1108/753 4487/241/753
f 2246/1109/754 2245/1032/754 4510/1032/754 4511/1109/754
f 2350/89/282 2349/88/282 4614/88/282 4615/89/282
f 2349/88/283 2356/91/283 4621/91/283 4614/88/283
f 2422/1011/1087 2421/1012/1087 4686/1012/1087 4687/1011/1087
f 2414/95/1088 2413/277/1088 4678/277/1088 4679/95/1088
f 2478/1020/1089 2477/1022/1089 4742/1022/1089 4743/1020/1089
f 2406/272/1090 2405/1024/1090 4670/1024/1090 4671/272/1090
f 2462/248/1091 2461/1040/1091 4726/1040/1091 4727/248/1091
f 2382/1045/1092 2381/1016/1092 4646/1016/1092 4647/1045/1092
f 2470/1049/1093 2469/254/1093 4734/254/1093 4735/1049/1093
f 2374/1051/1094 2373/1053/1094 4638/1053/1094 4639/1051/1094
f 2366/1062/1095 2365/1072/1095 4630/1072/1095 4631/1062/1095
f 2486/1074/1096 2485/1073/1096 4750/1073/1096 4751/1074/1096
f 2357/88/315 2490/91/315 4755/91/315 4622/88/315
f 2358/1080/1097 2357/88/1097 4622/88/1097 4623/1080/1097
f 2398/1083/1098 2397/1085/1098 4662/1085/1098 4663/1083/1098
f 2438/1088/1099 2437/1086/1099 4702/1086/1099 4703/1088/1099
f 2446/1097/1100 2445/1096/1100 4710/1096/1100 4711/1097/1100
f 2390/1103/1101 2389/1069/1101 4654/1069/1101 4655/1103/1101
f 2454/1070/1102 2453/1104/1102 4718/1104/1102 4719/1070/1102
f 2430/1057/1103 2429/1023/1103 4694/1023/1103 4695/1057/1103
f 231/92/1104 230/94/1104 2495/94/1104 2496/92/1104
f 239/100/450 238/99/450 2503/99/450 2504/100/450
f 287/101/282 286/105/282 2551/105/282 2552/101/282
f 247/115/451 246/113/451 2511/113/451 2512/115/451
f 263/133/452 262/130/452 2527/130/452 2528/133/452
f 255/141/1105 254/143/1105 2519/143/1105 2520/141/1105
f 271/125/454 270/145/454 2535/145/454 2536/125/454
f 279/110/1106 278/147/1106 2543/147/1106 2544/110/1106
f 335/159/1107 334/161/1107 2599/161/1107 2600/159/1107
f 375/166/1108 374/168/1108 2639/168/1108 2640/166/1108
f 327/171/1109 326/167/1109 2591/167/1109 2592/171/1109
f 343/182/1110 342/184/1110 2607/184/1110 2608/182/1110
f 311/151/1111 310/185/1111 2575/185/1111 2576/151/1111
f 367/186/1112 366/162/1112 2631/162/1112 2632/186/1112
f 359/92/1113 358/210/1113 2623/210/1113 2624/92/1113
f 295/211/1114 294/212/1114 2559/212/1114 2560/211/1114
f 319/231/1115 318/229/1115 2583/229/1115 2584/231/1115
f 383/230/1116 382/232/1116 2647/232/1116 2648/230/1116
f 351/193/1117 350/238/1117 2615/238/1117 2616/193/1117
f 303/89/1118 302/192/1118 2567/192/1118 2568/89/1118
f 391/241/309 390/240/309 2655/240/309 2656/241/309
f 399/253/1119 398/255/1119 2663/255/1119 2664/253/1119
f 439/261/1120 438/259/1120 2703/259/1120 2704/261/1120
f 407/126/1121 406/270/1121 2671/270/1121 2672/126/1121
f 423/279/1122 422/285/1122 2687/285/1122 2688/279/1122
f 415/286/1123 414/284/1123 2679/284/1123 2680/286/1123
f 431/244/1124 430/266/1124 2695/266/1124 2696/244/1124
f 495/256/1085 494/254/1085 2759/254/1085 2760/256/1085
f 455/257/775 454/258/775 2719/258/775 2720/257/775
f 446/88/315 503/91/315 2768/91/315 2711/88/315
f 447/239/776 446/88/776 2711/88/776 2712/239/776
f 463/269/777 462/267/777 2727/267/777 2728/269/777
f 487/268/778 486/271/778 2751/271/778 2752/268/778
f 471/278/779 470/277/779 2735/277/779 2736/278/779
f 479/287/780 478/288/780 2743/288/780 2744/287/780
f 503/91/282 502/292/282 2767/292/282 2768/91/282
f 663/306/684 662/304/684 2927/304/684 2928/306/684
f 591/310/685 590/312/685 2855/312/685 2856/310/685
f 559/320/686 558/319/686 2823/319/686 2824/320/686
f 551/322/687 550/323/687 2815/323/687 2816/322/687
f 671/331/688 670/330/688 2935/330/688 2936/331/688
f 583/332/689 582/333/689 2847/333/689 2848/332/689
f 567/347/690 566/343/690 2831/343/690 2832/347/690
f 607/338/1125 606/324/1125 2871/324/1125 2872/338/1125
f 655/325/692 654/337/692 2919/337/692 2920/325/692
f 543/335/693 542/341/693 2807/341/693 2808/335/693
f 599/365/1126 598/366/1126 2863/366/1126 2864/365/1126
f 615/382/695 614/380/695 2879/380/695 2880/382/695
f 647/381/696 646/383/696 2911/383/696 2912/381/696
f 535/402/697 534/401/697 2799/401/697 2800/402/697
f 631/410/698 630/411/698 2895/411/698 2896/410/698
f 639/428/699 638/434/699 2903/434/699 2904/428/699
f 511/437/1127 510/429/1127 2775/429/1127 2776/437/1127
f 519/407/1128 518/417/1128 2783/417/1128 2784/407/1128
f 623/442/702 622/389/702 2887/389/702 2888/442/702
f 527/449/703 526/448/703 2791/448/703 2792/449/703
f 575/457/704 574/459/704 2839/459/704 2840/457/704
f 775/478/1129 774/477/1129 3039/477/1129 3040/478/1129
f 687/476/1130 686/479/1130 2951/479/1130 2952/476/1130
f 767/489/1131 766/114/1131 3031/114/1131 3032/489/1131
f 735/506/1132 734/504/1132 2999/504/1132 3000/506/1132
f 727/505/1133 726/507/1133 2991/507/1133 2992/505/1133
f 743/518/1134 742/509/1134 3007/509/1134 3008/518/1134
f 695/522/1135 694/513/1135 2959/513/1135 2960/522/1135
f 703/534/1136 702/532/1136 2967/532/1136 2968/534/1136
f 751/539/1137 750/541/1137 3015/541/1137 3016/539/1137
f 759/546/1138 758/548/1138 3023/548/1138 3024/546/1138
f 711/126/1139 710/552/1139 2975/552/1139 2976/126/1139
f 719/495/1140 718/512/1140 2983/512/1140 2984/495/1140
f 679/472/282 678/88/282 2943/88/282 2944/472/282
f 678/88/315 728/473/315 2993/473/315 2943/88/315
f 855/162/959 854/160/959 3119/160/959 3120/162/959
f 823/161/960 822/163/960 3087/163/960 3088/161/960
f 863/168/961 862/93/961 3127/93/961 3128/168/961
f 799/185/962 798/183/962 3063/183/962 3064/185/962
f 831/184/963 830/150/963 3095/150/963 3096/184/963
f 791/192/964 790/194/964 3055/194/964 3056/192/964
f 783/212/965 782/219/965 3047/219/965 3048/212/965
f 847/210/966 846/225/966 3111/225/966 3112/210/966
f 807/229/1141 806/90/1141 3071/90/1141 3072/229/1141
f 871/232/968 870/234/968 3135/234/968 3136/232/968
f 839/238/969 838/165/969 3103/165/969 3104/238/969
f 815/167/970 814/196/970 3079/196/970 3080/167/970
f 903/555/282 902/558/282 3167/558/282 3168/555/282
f 895/574/1142 894/575/1142 3159/575/1142 3160/574/1142
f 935/585/1143 934/586/1143 3199/586/1143 3200/585/1143
f 927/594/1144 926/595/1144 3191/595/1144 3192/594/1144
f 879/597/1145 878/593/1145 3143/593/1145 3144/597/1145
f 911/562/282 910/599/282 3175/599/282 3176/562/282
f 919/606/1146 918/603/1146 3183/603/1146 3184/606/1146
f 887/610/1147 886/611/1147 3151/611/1147 3152/610/1147
f 967/615/1148 966/614/1148 3231/614/1148 3232/615/1148
f 975/626/1149 974/627/1149 3239/627/1149 3240/626/1149
f 951/631/1150 950/632/1150 3215/632/1150 3216/631/1150
f 943/639/1151 942/638/1151 3207/638/1151 3208/639/1151
f 983/644/1152 982/653/1152 3247/653/1152 3248/644/1152
f 959/628/1153 958/656/1153 3223/656/1153 3224/628/1153
f 991/145/284 990/126/284 3255/126/284 3256/145/284
f 1223/644/647 1222/666/647 3487/666/647 3488/644/647
f 1071/664/648 1070/667/648 3335/667/648 3336/664/648
f 1063/631/649 1062/677/649 3327/677/649 3328/631/649
f 1031/693/284 1030/694/284 3295/694/284 3296/693/284
f 1055/686/650 1054/705/650 3319/705/650 3320/686/650
f 999/718/651 998/645/651 3263/645/651 3264/718/651
f 1231/683/652 1230/724/652 3495/724/652 3496/683/652
f 1047/729/653 1046/663/653 3311/663/653 3312/729/653
f 1039/733/654 1038/633/654 3303/633/654 3304/733/654
f 1023/639/655 1022/736/655 3287/736/655 3288/639/655
f 1015/743/656 1014/744/656 3279/744/656 3280/743/656
f 1175/745/1154 1174/741/1154 3439/741/1154 3440/745/1154
f 1007/752/658 1006/753/658 3271/753/658 3272/752/658
f 1183/626/659 1182/761/659 3447/761/659 3448/626/659
f 1167/768/660 1166/766/660 3431/766/660 3432/768/660
f 1191/771/661 1190/773/661 3455/773/661 3456/771/661
f 1079/774/662 1078/126/662 3343/126/662 3344/774/662
f 1239/778/663 1238/641/663 3503/641/663 3504/778/663
f 1207/799/664 1206/801/664 3471/801/664 3472/799/664
f 1087/809/665 1086/807/665 3351/807/665 3352/809/665
f 1095/817/666 1094/816/666 3359/816/666 3360/817/666
f 1247/818/667 1246/821/667 3511/821/667 3512/818/667
f 1143/615/1155 1142/828/1155 3407/828/1155 3408/615/1155
f 1103/628/669 1102/835/669 3367/835/669 3368/628/669
f 1127/840/670 1126/838/670 3391/838/670 3392/840/670
f 1159/839/671 1158/622/671 3423/622/671 3424/839/671
f 1135/849/672 1134/847/672 3399/847/672 3400/849/672
f 1199/851/673 1198/648/673 3463/648/673 3464/851/673
f 1151/857/674 1150/856/674 3415/856/674 3416/857/674
f 1215/687/675 1214/785/675 3479/785/675 3480/687/675
f 1111/703/676 1110/861/676 3375/861/676 3376/703/676
f 1119/767/677 1118/619/677 3383/619/677 3384/767/677
f 1255/869/1156 1254/868/1156 3519/868/1156 3520/869/1156
f 1263/873/1157 1262/880/1157 3527/880/1157 3528/873/1157
f 1303/872/1158 1302/883/1158 3567/883/1158 3568/872/1158
f 1279/891/309 1278/893/309 3543/893/309 3544/891/309
f 1287/903/1159 1286/902/1159 3551/902/1159 3552/903/1159
f 1271/901/1160 1270/904/1160 3535/904/1160 3536/901/1160
f 1295/876/1161 1294/906/1161 3559/906/1161 3560/876/1161
f 1335/614/1162 1334/613/1162 3599/613/1162 3600/614/1162
f 1311/638/999 1310/637/999 3575/637/999 3576/638/999
f 1310/637/1000 1357/91/1000 3622/91/1000 3575/637/1000
f 1343/627/1001 1342/652/1001 3607/652/1001 3608/627/1001
f 1351/653/1002 1350/651/1002 3615/651/1002 3616/653/1002
f 1327/656/1003 1326/658/1003 3591/658/1003 3592/656/1003
f 1319/632/1004 1318/657/1004 3583/657/1004 3584/632/1004
f 1591/673/1163 1590/671/1163 3855/671/1163 3856/673/1163
f 1431/672/1164 1430/674/1164 3695/674/1164 3696/672/1164
f 1583/653/1165 1582/699/1165 3847/699/1165 3848/653/1165
f 1599/700/1166 1598/635/1166 3863/635/1166 3864/700/1166
f 1479/706/1167 1478/621/1167 3743/621/1167 3744/706/1167
f 1399/711/1168 1398/636/1168 3663/636/1168 3664/711/1168
f 1535/712/1169 1534/696/1169 3799/696/1169 3800/712/1169
f 1391/714/1170 1390/716/1170 3655/716/1170 3656/714/1170
f 1439/719/1171 1438/630/1171 3703/630/1171 3704/719/1171
f 1423/632/911 1422/725/911 3687/725/911 3688/632/911
f 1415/727/1172 1414/728/1172 3679/728/1172 3680/727/1172
f 1407/730/1173 1406/731/1173 3671/731/1173 3672/730/1173
f 1383/638/1174 1382/740/1174 3647/740/1174 3648/638/1174
f 1375/749/1175 1374/750/1175 3639/750/1175 3640/749/1175
f 1543/627/1176 1542/751/1176 3807/751/1176 3808/627/1176
f 1367/759/1177 1366/760/1177 3631/760/1177 3632/759/1177
f 1607/790/1178 1606/792/1178 3871/792/1178 3872/790/1178
f 1527/794/1179 1526/796/1179 3791/796/1179 3792/794/1179
f 1471/777/1180 1470/793/1180 3735/793/1180 3736/777/1180
f 1487/797/1181 1486/781/1181 3751/781/1181 3752/797/1181
f 1455/812/1182 1454/810/1182 3719/810/1182 3720/812/1182
f 1567/811/1183 1566/813/1183 3831/813/1183 3832/811/1183
f 1566/813/1184 1613/91/1184 3878/91/1184 3831/813/1184
f 1463/656/1185 1462/820/1185 3727/820/1185 3728/656/1185
f 1503/614/1186 1502/823/1186 3767/823/1186 3768/614/1186
f 1519/824/1187 1518/620/1187 3783/620/1187 3784/824/1187
f 1518/620/1188 1565/829/1188 3830/829/1188 3783/620/1188
f 1447/832/1189 1446/788/1189 3711/788/1189 3712/832/1189
f 1575/789/1190 1574/833/1190 3839/833/1190 3840/789/1190
f 1495/842/1191 1494/841/1191 3759/841/1191 3760/842/1191
f 1511/852/1192 1510/831/1192 3775/831/1192 3776/852/1192
f 1559/860/1193 1558/625/1193 3823/625/1193 3824/860/1193
f 1359/772/282 1358/88/282 3623/88/282 3624/772/282
f 1551/862/1194 1550/698/1194 3815/698/1194 3816/862/1194
f 1358/88/315 1517/864/315 3782/864/315 3623/88/315
f 1615/96/284 1614/88/284 3879/88/284 3880/96/284
f 1663/109/285 1662/114/285 3927/114/285 3928/109/285
f 1623/117/286 1622/104/286 3887/104/286 3888/117/286
f 1655/119/287 1654/121/287 3919/121/287 3920/119/287
f 1631/120/288 1630/122/288 3895/122/288 3896/120/288
f 1639/132/289 1638/134/289 3903/134/289 3904/132/289
f 1647/140/290 1646/139/290 3911/139/290 3912/140/290
f 1614/88/282 1668/91/282 3933/91/282 3879/88/282
f 1719/294/284 1718/293/284 3983/293/284 3984/294/284
f 1759/305/1195 1758/307/1195 4023/307/1195 4024/305/1195
f 1831/313/1196 1830/311/1196 4095/311/1196 4096/313/1196
f 1775/349/1197 1774/348/1197 4039/348/1197 4040/349/1197
f 1839/354/1198 1838/353/1198 4103/353/1198 4104/354/1198
f 1823/359/1199 1822/329/1199 4087/329/1199 4088/359/1199
f 1767/360/1200 1766/361/1200 4031/361/1200 4032/360/1200
f 1751/318/1201 1750/370/1201 4015/370/1201 4016/318/1201
f 1727/373/1202 1726/300/1202 3991/300/1202 3992/373/1202
f 1711/375/1203 1710/377/1203 3975/377/1203 3976/375/1203
f 1735/385/1204 1734/384/1204 3999/384/1204 4000/385/1204
f 1807/395/1205 1806/396/1205 4071/396/1205 4072/395/1205
f 1703/386/1206 1702/405/1206 3967/405/1206 3968/386/1206
f 1687/415/1207 1686/413/1207 3951/413/1207 3952/415/1207
f 1671/426/1208 1670/424/1208 3935/424/1208 3936/426/1208
f 1679/433/1209 1678/435/1209 3943/435/1209 3944/433/1209
f 1799/418/1210 1798/406/1210 4063/406/1210 4064/418/1210
f 1791/438/1211 1790/440/1211 4055/440/1211 4056/438/1211
f 1783/444/1212 1782/446/1212 4047/446/1212 4048/444/1212
f 1806/396/284 1842/91/284 4107/91/284 4071/396/284
f 1743/452/1213 1742/453/1213 4007/453/1213 4008/452/1213
f 1695/454/1214 1694/451/1214 3959/451/1214 3960/454/1214
f 1815/462/1215 1814/463/1215 4079/463/1215 4080/462/1215
f 1847/226/315 1846/866/315 4111/866/315 4112/226/315
f 1855/185/856 1854/878/856 4119/878/856 4120/185/856
f 1895/236/1216 1894/877/1216 4159/877/1216 4160/236/1216
f 1887/162/858 1886/888/858 4151/888/858 4152/162/858
f 1863/201/1217 1862/885/1217 4127/885/1217 4128/201/1217
f 1871/129/1218 1870/894/1218 4135/894/1218 4136/129/1218
f 1879/198/1219 1878/899/1219 4143/899/1219 4144/198/1219
f 1927/908/1220 1926/907/1220 4191/907/1220 4192/908/1220
f 1975/918/1221 1974/916/1221 4239/916/1221 4240/918/1221
f 1935/926/1222 1934/931/1222 4199/931/1222 4200/926/1222
f 1983/934/1223 1982/941/1223 4247/941/1223 4248/934/1223
f 1967/944/1224 1966/938/1224 4231/938/1224 4232/944/1224
f 1919/923/1225 1918/951/1225 4183/951/1225 4184/923/1225
f 1911/959/1226 1910/957/1226 4175/957/1226 4176/959/1226
f 1959/963/1227 1958/968/1227 4223/968/1227 4224/963/1227
f 1951/986/1228 1950/983/1228 4215/983/1228 4216/986/1228
f 1943/977/1229 1942/996/1229 4207/996/1229 4208/977/1229
f 1903/999/1230 1902/995/1230 4167/995/1230 4168/999/1230
f 1991/1000/1231 1990/973/1231 4255/973/1231 4256/1000/1231
f 1998/88/315 2001/91/315 4266/91/315 4263/88/315
f 1999/126/282 1998/88/282 4263/88/282 4264/126/282
f 2079/162/959 2078/160/959 4343/160/959 4344/162/959
f 2047/161/960 2046/163/960 4311/163/960 4312/161/960
f 2087/168/961 2086/93/961 4351/93/961 4352/168/961
f 2023/185/962 2022/183/962 4287/183/962 4288/185/962
f 2055/184/1232 2054/150/1232 4319/150/1232 4320/184/1232
f 2015/192/964 2014/194/964 4279/194/964 4280/192/964
f 2007/212/965 2006/219/965 4271/219/965 4272/212/965
f 2071/210/966 2070/225/966 4335/225/966 4336/210/966
f 2031/229/1141 2030/90/1141 4295/90/1141 4296/229/1141
f 2095/232/968 2094/234/968 4359/234/968 4360/232/968
f 2063/238/969 2062/165/969 4327/165/969 4328/238/969
f 2039/167/970 2038/196/970 4303/196/970 4304/167/970
f 2103/145/284 2102/126/284 4367/126/284 4368/145/284
f 2135/615/1148 2134/614/1148 4399/614/1148 4400/615/1148
f 2143/626/1149 2142/627/1149 4407/627/1149 4408/626/1149
f 2119/631/1150 2118/632/1150 4383/632/1150 4384/631/1150
f 2111/639/1151 2110/638/1151 4375/638/1151 4376/639/1151
f 2151/644/1152 2150/653/1152 4415/653/1152 4416/644/1152
f 2127/628/1153 2126/656/1153 4391/656/1153 4392/628/1153
f 2159/240/284 2158/239/284 4423/239/284 4424/240/284
f 2167/255/971 2166/257/971 4431/257/971 4432/255/971
f 2207/259/972 2206/256/972 4471/256/972 4472/259/972
f 2199/266/973 2198/268/973 4463/268/973 4464/266/973
f 2175/270/974 2174/269/974 4439/269/974 4440/270/974
f 2183/284/975 2182/278/975 4447/278/975 4448/284/975
f 2191/285/976 2190/287/976 4455/287/976 4456/285/976
f 2279/1012/936 2278/286/936 4543/286/936 4544/1012/936
f 2271/277/937 2270/1013/937 4535/1013/937 4536/277/937
f 2239/1016/1233 2238/1015/1233 4503/1015/1233 4504/1016/1233
f 2287/1023/939 2286/1025/939 4551/1025/939 4552/1023/939
f 2335/1022/940 2334/261/940 4599/261/940 4600/1022/940
f 2319/1040/941 2318/1039/941 4583/1039/941 4584/1040/941
f 2327/254/942 2326/1047/942 4591/1047/942 4592/254/942
f 2231/1053/943 2230/1055/943 4495/1055/943 4496/1053/943
f 2223/1072/944 2222/241/944 4487/241/944 4488/1072/944
f 2295/1086/945 2294/1084/945 4559/1084/945 4560/1086/945
f 2255/1085/946 2254/1087/946 4519/1087/946 4520/1085/946
f 2303/1096/947 2302/1095/947 4567/1095/947 4568/1096/947
f 2311/1104/948 2310/92/948 4575/92/948 4576/1104/948
f 2343/1073/949 2342/1105/949 4607/1105/949 4608/1073/949
f 2263/1024/950 2262/1056/950 4527/1056/950 4528/1024/950
f 2247/1069/951 2246/1109/951 4511/1109/951 4512/1069/951
f 2351/90/536 2350/89/536 4615/89/536 4616/90/536
f 2423/1009/1234 2422/1011/1234 4687/1011/1234 4688/1009/1234
f 2415/1003/1235 2414/95/1235 4679/95/1235 4680/1003/1235
f 2407/1026/1236 2406/272/1236 4671/272/1236 4672/1026/1236
f 2463/1042/1237 2462/248/1237 4727/248/1237 4728/1042/1237
f 2383/1043/1238 2382/1045/1238 4647/1045/1238 4648/1043/1238
f 2471/93/1239 2470/1049/1239 4735/1049/1239 4736/93/1239
f 2375/1050/1240 2374/1051/1240 4639/1051/1240 4640/1050/1240
f 2431/1058/1241 2430/1057/1241 4695/1057/1241 4696/1058/1241
f 2367/1064/1242 2366/1062/1242 4631/1062/1242 4632/1064/1242
f 2455/266/1243 2454/1070/1243 4719/1070/1243 4720/266/1243
f 2487/1079/1244 2486/1074/1244 4751/1074/1244 4752/1079/1244
f 2359/1075/1245 2358/1080/1245 4623/1080/1245 4624/1075/1245
f 2399/270/1246 2398/1083/1246 4663/1083/1246 4664/270/1246
f 2439/1089/1247 2438/1088/1247 4703/1088/1247 4704/1089/1247
f 2447/1098/1248 2446/1097/1248 4711/1097/1248 4712/1098/1248
f 2391/1101/1249 2390/1103/1249 4655/1103/1249 4656/1101/1249
f 2479/1065/1250 2478/1020/1250 4743/1020/1250 4744/1065/1250
f 232/93/519 231/92/519 2496/92/519 2497/93/519
f 240/102/678 239/100/678 2504/100/678 2505/102/678
f 280/111/679 279/110/679 2544/110/679 2545/111/679
f 248/112/680 247/115/680 2512/115/680 2513/112/680
f 272/127/681 271/125/681 2536/125/681 2537/127/681
f 264/135/682 263/133/682 2528/133/682 2529/135/682
f 256/138/683 255/141/683 2520/141/683 2521/138/683
f 288/91/315 287/101/315 2552/101/315 2553/91/315
f 312/152/1251 311/151/1251 2576/151/1251 2577/152/1251
f 336/157/1252 335/159/1252 2600/159/1252 2601/157/1252
f 304/164/1253 303/89/1253 2568/89/1253 2569/164/1253
f 328/177/1254 327/171/1254 2592/171/1254 2593/177/1254
f 344/181/1255 343/182/1255 2608/182/1255 2609/181/1255
f 368/188/1256 367/186/1256 2632/186/1256 2633/188/1256
f 352/198/1257 351/193/1257 2616/193/1257 2617/198/1257
f 360/218/1258 359/92/1258 2624/92/1258 2625/218/1258
f 296/226/1259 295/211/1259 2560/211/1259 2561/226/1259
f 384/228/1260 383/230/1260 2648/230/1260 2649/228/1260
f 320/233/1261 319/231/1261 2584/231/1261 2585/233/1261
f 376/197/1262 375/166/1262 2640/166/1262 2641/197/1262
f 392/242/284 391/241/284 2656/241/284 2657/242/284
f 432/245/1263 431/244/1263 2696/244/1263 2697/245/1263
f 400/251/1264 399/253/1264 2664/253/1264 2665/251/1264
f 440/264/1265 439/261/1265 2704/261/1265 2705/264/1265
f 408/275/1266 407/126/1266 2672/126/1266 2673/275/1266
f 416/280/1267 415/286/1267 2680/286/1267 2681/280/1267
f 424/290/1268 423/279/1268 2688/279/1268 2689/290/1268
f 448/240/284 447/239/284 2712/239/284 2713/240/284
f 456/255/971 455/257/971 2720/257/971 2721/255/971
f 496/259/972 495/256/972 2760/256/972 2761/259/972
f 488/266/973 487/268/973 2752/268/973 2753/266/973
f 464/270/974 463/269/974 2728/269/974 2729/270/974
f 472/284/975 471/278/975 2736/278/975 2737/284/975
f 480/285/976 479/287/976 2744/287/976 2745/285/976
f 664/308/901 663/306/901 2928/306/901 2929/308/901
f 592/309/902 591/310/902 2856/310/902 2857/309/902
f 552/321/903 551/322/903 2816/322/903 2817/321/903
f 560/299/904 559/320/904 2824/320/904 2825/299/904
f 656/327/1269 655/325/1269 2920/325/1269 2921/327/1269
f 544/336/906 543/335/906 2808/335/906 2809/336/906
f 608/339/907 607/338/907 2872/338/907 2873/339/907
f 568/345/908 567/347/908 2832/347/908 2833/345/908
f 672/356/909 671/331/909 2936/331/909 2937/356/909
f 600/363/910 599/365/910 2864/365/910 2865/363/910
f 584/372/911 583/332/911 2848/332/911 2849/372/911
f 648/378/912 647/381/912 2912/381/912 2913/378/912
f 616/391/1270 615/382/1270 2880/382/1270 2881/391/1270
f 536/403/914 535/402/914 2800/402/914 2801/403/914
f 520/409/1271 519/407/1271 2784/407/1271 2785/409/1271
f 632/408/916 631/410/916 2896/410/916 2897/408/916
f 640/425/917 639/428/917 2904/428/917 2905/425/917
f 512/436/918 511/437/918 2776/437/918 2777/436/918
f 624/441/919 623/442/919 2888/442/919 2889/441/919
f 528/450/1272 527/449/1272 2792/449/1272 2793/450/1272
f 576/455/921 575/457/921 2840/457/921 2841/455/921
f 680/470/284 679/472/284 2944/472/284 2945/470/284
f 688/474/1273 687/476/1273 2952/476/1273 2953/474/1273
f 776/480/1274 775/478/1274 3040/478/1274 3041/480/1274
f 768/487/1275 767/489/1275 3032/489/1275 3033/487/1275
f 720/494/1276 719/495/1276 2984/495/1276 2985/494/1276
f 728/473/1277 727/505/1277 2992/505/1277 2993/473/1277
f 736/498/1278 735/506/1278 3000/506/1278 3001/498/1278
f 696/523/1279 695/522/1279 2960/522/1279 2961/523/1279
f 744/145/1280 743/518/1280 3008/518/1280 3009/145/1280
f 704/536/1281 703/534/1281 2968/534/1281 2969/536/1281
f 752/537/1282 751/539/1282 3016/539/1282 3017/537/1282
f 760/524/1283 759/546/1283 3024/546/1283 3025/524/1283
f 712/554/1284 711/126/1284 2976/126/1284 2977/554/1284
f 824/159/1107 823/161/1107 3088/161/1107 3089/159/1107
f 864/166/1108 863/168/1108 3128/168/1108 3129/166/1108
f 816/171/1109 815/167/1109 3080/167/1109 3081/171/1109
f 832/182/1110 831/184/1110 3096/184/1110 3097/182/1110
f 800/151/1111 799/185/1111 3064/185/1111 3065/151/1111
f 856/186/1285 855/162/1285 3120/162/1285 3121/186/1285
f 848/92/1113 847/210/1113 3112/210/1113 3113/92/1113
f 784/211/1114 783/212/1114 3048/212/1114 3049/211/1114
f 808/231/1115 807/229/1115 3072/229/1115 3073/231/1115
f 872/230/1116 871/232/1116 3136/232/1116 3137/230/1116
f 840/193/1117 839/238/1117 3104/238/1117 3105/193/1117
f 792/89/1118 791/192/1118 3056/192/1118 3057/89/1118
f 904/556/284 903/555/284 3168/555/284 3169/556/284
f 912/564/315 911/562/315 3176/562/315 3177/564/315
f 896/572/1286 895/574/1286 3160/574/1286 3161/572/1286
f 936/91/1287 935/585/1287 3200/585/1287 3201/91/1287
f 928/592/1288 927/594/1288 3192/594/1288 3193/592/1288
f 880/581/1289 879/597/1289 3144/597/1289 3145/581/1289
f 920/609/1290 919/606/1290 3184/606/1290 3185/609/1290
f 888/608/1291 887/610/1291 3152/610/1291 3153/608/1291
f 968/616/1292 967/615/1292 3232/615/1292 3233/616/1292
f 976/624/1293 975/626/1293 3240/626/1293 3241/624/1293
f 960/623/1294 959/628/1294 3224/628/1294 3225/623/1294
f 952/629/1295 951/631/1295 3216/631/1295 3217/629/1295
f 944/642/1296 943/639/1296 3208/639/1296 3209/642/1296
f 984/634/1297 983/644/1297 3248/644/1297 3249/634/1297
f 992/91/309 991/145/309 3256/145/309 3257/91/309
f 1072/665/864 1071/664/864 3336/664/864 3337/665/864
f 1224/669/865 1223/644/865 3488/644/865 3489/669/865
f 1064/675/1298 1063/631/1298 3328/631/1298 3329/675/1298
f 1232/684/867 1231/683/867 3496/683/867 3497/684/867
f 1056/685/868 1055/686/868 3320/686/868 3321/685/868
f 1216/688/869 1215/687/869 3480/687/869 3481/688/869
f 1032/692/870 1031/693/870 3296/693/870 3297/692/870
f 1112/704/871 1111/703/871 3376/703/871 3377/704/871
f 1184/697/872 1183/626/872 3448/626/872 3449/697/872
f 1048/655/873 1047/729/873 3312/729/873 3313/655/873
f 1040/732/1299 1039/733/1299 3304/733/1299 3305/732/1299
f 1024/717/875 1023/639/875 3288/639/875 3289/717/875
f 1016/742/876 1015/743/876 3280/743/876 3281/742/876
f 1176/748/877 1175/745/877 3440/745/877 3441/748/877
f 1008/647/878 1007/752/878 3272/752/878 3273/647/878
f 1000/762/879 999/718/879 3264/718/879 3265/762/879
f 1120/765/1300 1119/767/1300 3384/767/1300 3385/765/1300
f 1240/776/881 1239/778/881 3504/778/881 3505/776/881
f 1104/791/882 1103/628/882 3368/628/882 3369/791/882
f 1080/787/883 1079/774/883 3344/774/883 3345/787/883
f 1192/798/1301 1191/771/1301 3456/771/1301 3457/798/1301
f 1088/659/885 1087/809/885 3352/809/885 3353/659/885
f 1248/91/886 1247/818/886 3512/818/886 3513/91/886
f 1096/819/1302 1095/817/1302 3360/817/1302 3361/819/1302
f 1144/830/888 1143/615/888 3408/615/888 3409/830/888
f 1208/650/889 1207/799/889 3472/799/889 3473/650/889
f 1160/837/1303 1159/839/1303 3424/839/1303 3425/837/1303
f 1128/617/891 1127/840/891 3392/840/891 3393/617/891
f 1136/850/892 1135/849/892 3400/849/892 3401/850/892
f 1200/829/893 1199/851/893 3464/851/893 3465/829/893
f 1168/654/894 1167/768/894 3432/768/894 3433/654/894
f 1152/864/309 1151/857/309 3416/857/309 3417/864/309
f 1256/871/1304 1255/869/1304 3520/869/1304 3521/871/1304
f 1304/870/1305 1303/872/1305 3568/872/1305 3569/870/1305
f 1264/874/1306 1263/873/1306 3528/873/1306 3529/874/1306
f 1296/875/1307 1295/876/1307 3560/876/1307 3561/875/1307
f 1280/892/315 1279/891/315 3544/891/315 3545/892/315
f 1272/900/1308 1271/901/1308 3536/901/1308 3537/900/1308
f 1288/905/1309 1287/903/1309 3552/903/1309 3553/905/1309
f 1336/615/1148 1335/614/1148 3600/614/1148 3601/615/1148
f 1344/626/1149 1343/627/1149 3608/627/1149 3609/626/1149
f 1320/631/1150 1319/632/1150 3584/632/1150 3585/631/1150
f 1312/639/1310 1311/638/1310 3576/638/1310 3577/639/1310
f 1352/644/1152 1351/653/1152 3616/653/1152 3617/644/1152
f 1328/628/1153 1327/656/1153 3592/656/1153 3593/628/1153
f 1432/670/374 1431/672/374 3696/672/374 3697/670/374
f 1592/676/375 1591/673/375 3856/673/375 3857/676/375
f 1584/682/376 1583/653/376 3848/653/376 3849/682/376
f 1600/701/377 1599/700/377 3864/700/377 3865/701/377
f 1400/708/378 1399/711/378 3664/711/378 3665/708/378
f 1392/713/379 1391/714/379 3656/714/379 3657/713/379
f 1536/715/380 1535/712/380 3800/712/380 3801/715/380
f 1440/681/381 1439/719/381 3704/719/381 3705/681/381
f 1424/723/1311 1423/632/1311 3688/632/1311 3689/723/1311
f 1416/726/383 1415/727/383 3680/727/383 3681/726/383
f 1480/710/384 1479/706/384 3744/706/384 3745/710/384
f 1408/643/385 1407/730/385 3672/730/385 3673/643/385
f 1384/739/386 1383/638/386 3648/638/386 3649/739/386
f 1376/747/387 1375/749/387 3640/749/387 3641/747/387
f 1544/755/1312 1543/627/1312 3808/627/1312 3809/755/1312
f 1368/646/389 1367/759/389 3632/759/389 3633/646/389
f 1472/779/390 1471/777/390 3736/777/390 3737/779/390
f 1360/783/391 1359/772/391 3624/772/391 3625/783/391
f 1576/786/392 1575/789/392 3840/789/392 3841/786/392
f 1608/640/393 1607/790/393 3872/790/393 3873/640/393
f 1488/618/394 1487/797/394 3752/797/394 3753/618/394
f 1528/145/395 1527/794/395 3792/794/395 3793/145/395
f 1568/649/396 1567/811/396 3832/811/396 3833/649/396
f 1456/814/1313 1455/812/1313 3720/812/1313 3721/814/1313
f 1464/822/398 1463/656/398 3728/656/398 3729/822/398
f 1504/825/399 1503/614/399 3768/614/399 3769/825/399
f 1448/660/400 1447/832/400 3712/832/400 3713/660/400
f 1496/844/401 1495/842/401 3760/842/401 3761/844/401
f 1520/848/1314 1519/824/1314 3784/824/1314 3785/848/1314
f 1512/853/403 1511/852/403 3776/852/403 3777/853/403
f 1560/859/404 1559/860/404 3824/860/404 3825/859/404
f 1552/770/405 1551/862/405 3816/862/405 3817/770/405
f 1616/97/309 1615/96/309 3880/96/309 3881/97/309
f 1664/108/537 1663/109/537 3928/109/537 3929/108/537
f 1624/106/538 1623/117/538 3888/117/538 3889/106/538
f 1656/123/539 1655/119/539 3920/119/539 3921/123/539
f 1632/126/540 1631/120/540 3896/120/540 3897/126/540
f 1640/131/541 1639/132/541 3904/132/541 3905/131/541
f 1648/142/542 1647/140/542 3912/140/542 3913/142/542
f 1720/295/317 1719/294/317 3984/294/317 3985/295/317
f 1760/302/318 1759/305/318 4024/305/318 4025/302/318
f 1832/316/319 1831/313/319 4096/313/319 4097/316/319
f 1752/317/320 1751/318/320 4016/318/320 4017/317/320
f 1776/351/321 1775/349/321 4040/349/321 4041/351/321
f 1768/358/322 1767/360/322 4032/360/322 4033/358/322
f 1824/362/323 1823/359/323 4088/359/323 4089/362/323
f 1712/374/324 1711/375/324 3976/375/324 3977/374/324
f 1728/376/325 1727/373/325 3992/373/325 3993/376/325
f 1704/387/326 1703/386/326 3968/386/326 3969/387/326
f 1808/394/327 1807/395/327 4072/395/327 4073/394/327
f 1736/404/328 1735/385/328 4000/385/328 4001/404/328
f 1800/419/329 1799/418/329 4064/418/329 4065/419/329
f 1672/427/330 1671/426/330 3936/426/330 3937/427/330
f 1680/423/331 1679/433/331 3944/433/331 3945/423/331
f 1792/416/332 1791/438/332 4056/438/332 4057/416/332
f 1688/439/333 1687/415/333 3952/415/333 3953/439/333
f 1784/443/334 1783/444/334 4048/444/334 4049/443/334
f 1744/397/284 1743/452/284 4008/452/284 4009/397/284
f 1696/456/335 1695/454/335 3960/454/335 3961/456/335
f 1816/352/336 1815/462/336 4080/462/336 4081/352/336
f 1840/464/337 1839/354/337 4104/354/337 4105/464/337
f 1848/868/1010 1847/226/1010 4112/226/1010 4113/868/1010
f 1856/880/1011 1855/185/1011 4120/185/1011 4121/880/1011
f 1896/883/1012 1895/236/1012 4160/236/1012 4161/883/1012
f 1872/893/284 1871/129/284 4136/129/284 4137/893/284
f 1880/902/1315 1879/198/1315 4144/198/1315 4145/902/1315
f 1864/904/1014 1863/201/1014 4128/201/1014 4129/904/1014
f 1888/906/1015 1887/162/1015 4152/162/1015 4153/906/1015
f 1976/920/1316 1975/918/1316 4240/918/1316 4241/920/1316
f 1920/922/1317 1919/923/1317 4184/923/1317 4185/922/1317
f 1936/924/1318 1935/926/1318 4200/926/1318 4201/924/1318
f 1984/930/1319 1983/934/1319 4248/934/1319 4249/930/1319
f 1968/946/1320 1967/944/1320 4232/944/1320 4233/946/1320
f 1928/949/1321 1927/908/1321 4192/908/1321 4193/949/1321
f 1960/960/1322 1959/963/1322 4224/963/1322 4225/960/1322
f 1944/978/1323 1943/977/1323 4208/977/1323 4209/978/1323
f 1952/985/1324 1951/986/1324 4216/986/1324 4217/985/1324
f 1992/998/1325 1991/1000/1325 4256/1000/1325 4257/998/1325
f 1904/1001/1326 1903/999/1326 4168/999/1326 4169/1001/1326
f 1912/929/1327 1911/959/1327 4176/959/1327 4177/929/1327
f 2000/145/284 1999/126/284 4264/126/284 4265/145/284
f 2048/159/1107 2047/161/1107 4312/161/1107 4313/159/1107
f 2088/166/1108 2087/168/1108 4352/168/1108 4353/166/1108
f 2040/171/1109 2039/167/1109 4304/167/1109 4305/171/1109
f 2056/182/1110 2055/184/1110 4320/184/1110 4321/182/1110
f 2024/151/1111 2023/185/1111 4288/185/1111 4289/151/1111
f 2080/186/1285 2079/162/1285 4344/162/1285 4345/186/1285
f 2072/92/1113 2071/210/1113 4336/210/1113 4337/92/1113
f 2008/211/1114 2007/212/1114 4272/212/1114 4273/211/1114
f 2032/231/1115 2031/229/1115 4296/229/1115 4297/231/1115
f 2096/230/1116 2095/232/1116 4360/232/1116 4361/230/1116
f 2064/193/1117 2063/238/1117 4328/238/1117 4329/193/1117
f 2016/89/1118 2015/192/1118 4280/192/1118 4281/89/1118
f 2104/91/309 2103/145/309 4368/145/309 4369/91/309
f 2136/616/1292 2135/615/1292 4400/615/1292 4401/616/1292
f 2144/624/1293 2143/626/1293 4408/626/1293 4409/624/1293
f 2128/623/1294 2127/628/1294 4392/628/1294 4393/623/1294
f 2120/629/1295 2119/631/1295 4384/631/1295 4385/629/1295
f 2112/642/1296 2111/639/1296 4376/639/1296 4377/642/1296
f 2152/634/1297 2151/644/1297 4416/644/1297 4417/634/1297
f 2160/241/309 2159/240/309 4424/240/309 4425/241/309
f 2168/253/1119 2167/255/1119 4432/255/1119 4433/253/1119
f 2208/261/1120 2207/259/1120 4472/259/1120 4473/261/1120
f 2176/126/1121 2175/270/1121 4440/270/1121 4441/126/1121
f 2192/279/1122 2191/285/1122 4456/285/1122 4457/279/1122
f 2184/286/1123 2183/284/1123 4448/284/1123 4449/286/1123
f 2200/244/1124 2199/266/1124 4464/266/1124 4465/244/1124
f 2280/1011/1087 2279/1012/1087 4544/1012/1087 4545/1011/1087
f 2272/95/1088 2271/277/1088 4536/277/1088 4537/95/1088
f 2336/1020/1089 2335/1022/1089 4600/1022/1089 4601/1020/1089
f 2264/272/1090 2263/1024/1090 4528/1024/1090 4529/272/1090
f 2320/248/1091 2319/1040/1091 4584/1040/1091 4585/248/1091
f 2240/1045/1092 2239/1016/1092 4504/1016/1092 4505/1045/1092
f 2328/1049/1093 2327/254/1093 4592/254/1093 4593/1049/1093
f 2232/1051/1094 2231/1053/1094 4496/1053/1094 4497/1051/1094
f 2224/1062/1095 2223/1072/1095 4488/1072/1095 4489/1062/1095
f 2344/1074/1096 2343/1073/1096 4608/1073/1096 4609/1074/1096
f 2215/88/315 2348/91/315 4613/91/315 4480/88/315
f 2216/1080/1097 2215/88/1097 4480/88/1097 4481/1080/1097
f 2256/1083/1098 2255/1085/1098 4520/1085/1098 4521/1083/1098
f 2296/1088/1099 2295/1086/1099 4560/1086/1099 4561/1088/1099
f 2304/1097/1100 2303/1096/1100 4568/1096/1100 4569/1097/1100
f 2248/1103/1101 2247/1069/1101 4512/1069/1101 4513/1103/1101
f 2312/1070/1102 2311/1104/1102 4576/1104/1102 4577/1070/1102
f 2288/1057/1103 2287/1023/1103 4552/1023/1103 4553/1057/1103
f 2352/95/755 2351/90/755 4616/90/755 4617/95/755
f 2416/1004/1328 2415/1003/1328 4680/1003/1328 4681/1004/1328
f 2424/1007/1329 2423/1009/1329 4688/1009/1329 4689/1007/1329
f 2408/1029/1330 2407/1026/1330 4672/1026/1330 4673/1029/1330
f 2384/1041/1331 2383/1043/1331 4648/1043/1331 4649/1041/1331
f 2464/1044/1332 2463/1042/1332 4728/1042/1332 4729/1044/1332
f 2376/89/1333 2375/1050/1333 4640/1050/1333 4641/89/1333
f 2472/1052/1334 2471/93/1334 4736/93/1334 4737/1052/1334
f 2480/1063/1335 2479/1065/1335 4744/1065/1335 4745/1063/1335
f 2368/1066/1336 2367/1064/1336 4632/1064/1336 4633/1066/1336
f 2432/1067/1337 2431/1058/1337 4696/1058/1337 4697/1067/1337
f 2360/1076/1338 2359/1075/1338 4624/1075/1338 4625/1076/1338
f 2488/1078/1339 2487/1079/1339 4752/1079/1339 4753/1078/1339
f 2400/1081/1340 2399/270/1340 4664/270/1340 4665/1081/1340
f 2440/1090/1341 2439/1089/1341 4704/1089/1341 4705/1090/1341
f 2448/276/1342 2447/1098/1342 4712/1098/1342 4713/276/1342
f 2392/246/1343 2391/1101/1343 4656/1101/1343 4657/246/1343
f 2456/1110/1344 2455/266/1344 4720/266/1344 4721/1110/1344
f 233/91/309 232/93/309 2497/93/309 2498/91/309
f 241/103/895 240/102/895 2505/102/895 2506/103/895
f 281/116/896 280/111/896 2545/111/896 2546/116/896
f 273/128/1345 272/127/1345 2537/127/1345 2538/128/1345
f 265/137/898 264/135/898 2529/135/898 2530/137/898
f 257/136/899 256/138/899 2521/138/899 2522/136/899
f 249/146/900 248/112/900 2513/112/900 2514/146/900
f 313/154/1346 312/152/1346 2577/152/1346 2578/154/1346
f 337/156/1347 336/157/1347 2601/157/1347 2602/156/1347
f 305/170/1348 304/164/1348 2569/164/1348 2570/170/1348
f 329/176/1349 328/177/1349 2593/177/1349 2594/176/1349
f 345/94/1350 344/181/1350 2609/181/1350 2610/94/1350
f 369/189/1351 368/188/1351 2633/188/1351 2634/189/1351
f 377/195/1352 376/197/1352 2641/197/1352 2642/195/1352
f 353/206/1353 352/198/1353 2617/198/1353 2618/206/1353
f 361/216/1354 360/218/1354 2625/218/1354 2626/216/1354
f 297/205/1355 296/226/1355 2561/226/1355 2562/205/1355
f 385/227/1356 384/228/1356 2649/228/1356 2650/227/1356
f 321/235/1357 320/233/1357 2585/233/1357 2586/235/1357
f 433/248/310 432/245/310 2697/245/310 2698/248/310
f 401/249/311 400/251/311 2665/251/311 2666/249/311
f 393/263/312 392/242/312 2657/242/312 2658/263/312
f 441/243/313 440/264/313 2705/264/313 2706/243/313
f 409/272/314 408/275/314 2673/275/314 2674/272/314
f 417/281/315 416/280/315 2681/280/315 2682/281/315
f 425/274/316 424/290/316 2689/290/316 2690/274/316
f 449/241/309 448/240/309 2713/240/309 2714/241/309
f 457/253/1119 456/255/1119 2721/255/1119 2722/253/1119
f 497/261/1120 496/259/1120 2761/259/1120 2762/261/1120
f 465/126/1121 464/270/1121 2729/270/1121 2730/126/1121
f 481/279/1122 480/285/1122 2745/285/1122 2746/279/1122
f 473/286/1123 472/284/1123 2737/284/1123 2738/286/1123
f 489/244/1124 488/266/1124 2753/266/1124 2754/244/1124
f 561/300/1051 560/299/1051 2825/299/1051 2826/300/1051
f 593/307/878 592/309/878 2857/309/878 2858/307/878
f 665/311/1052 664/308/1052 2929/308/1052 2930/311/1052
f 553/293/1053 552/321/1053 2817/321/1053 2818/293/1053
f 657/329/1054 656/327/1054 2921/327/1054 2922/329/1054
f 609/348/1055 608/339/1055 2873/339/1055 2874/348/1055
f 673/353/1056 672/356/1056 2937/356/1056 2938/353/1056
f 601/361/1057 600/363/1057 2865/363/1057 2866/361/1057
f 585/370/1058 584/372/1058 2849/372/1058 2850/370/1058
f 545/377/1059 544/336/1059 2809/336/1059 2810/377/1059
f 537/405/1060 536/403/1060 2801/403/1060 2802/405/1060
f 633/406/1061 632/408/1061 2897/408/1061 2898/406/1061
f 521/413/1062 520/409/1062 2785/409/1062 2786/413/1062
f 505/424/1063 504/88/1063 2769/88/1063 2770/424/1063
f 504/88/315 640/425/315 2905/425/315 2769/88/315
f 513/435/1064 512/436/1064 2777/436/1064 2778/435/1064
f 625/440/1065 624/441/1065 2889/441/1065 2890/440/1065
f 617/446/1358 616/391/1358 2881/391/1358 2882/446/1358
f 529/451/315 528/450/315 2793/450/315 2794/451/315
f 577/453/1067 576/455/1067 2841/455/1067 2842/453/1067
f 649/463/1068 648/378/1068 2913/378/1068 2914/463/1068
f 569/384/1069 568/345/1069 2833/345/1069 2834/384/1069
f 681/469/1359 680/470/1359 2945/470/1359 2946/469/1359
f 777/91/1360 776/480/1360 3041/480/1360 3042/91/1360
f 721/496/1361 720/494/1361 2985/494/1361 2986/496/1361
f 769/484/1362 768/487/1362 3033/487/1362 3034/484/1362
f 737/499/1363 736/498/1363 3001/498/1363 3002/499/1363
f 689/102/1364 688/474/1364 2953/474/1364 2954/102/1364
f 761/521/1365 760/524/1365 3025/524/1365 3026/521/1365
f 745/525/1366 744/145/1366 3009/145/1366 3010/525/1366
f 753/535/1367 752/537/1367 3017/537/1367 3018/535/1367
f 705/538/1368 704/536/1368 2969/536/1368 2970/538/1368
f 697/545/1369 696/523/1369 2961/523/1369 2962/545/1369
f 713/526/676 712/554/676 2977/554/676 2978/526/676
f 801/152/1251 800/151/1251 3065/151/1251 3066/152/1251
f 825/157/1252 824/159/1252 3089/159/1252 3090/157/1252
f 793/164/1253 792/89/1253 3057/89/1253 3058/164/1253
f 817/177/1254 816/171/1254 3081/171/1254 3082/177/1254
f 833/181/1255 832/182/1255 3097/182/1255 3098/181/1255
f 857/188/1256 856/186/1256 3121/186/1256 3122/188/1256
f 841/198/1257 840/193/1257 3105/193/1257 3106/198/1257
f 849/218/1258 848/92/1258 3113/92/1258 3114/218/1258
f 785/226/1259 784/211/1259 3049/211/1259 3050/226/1259
f 873/228/1260 872/230/1260 3137/230/1260 3138/228/1260
f 809/233/1261 808/231/1261 3073/231/1261 3074/233/1261
f 865/197/1262 864/166/1262 3129/166/1262 3130/197/1262
f 905/557/309 904/556/309 3169/556/309 3170/557/309
f 913/566/1370 912/564/1370 3177/564/1370 3178/566/1370
f 897/571/1371 896/572/1371 3161/572/1371 3162/571/1371
f 881/577/1372 880/581/1372 3145/581/1372 3146/577/1372
f 929/591/1373 928/592/1373 3193/592/1373 3194/591/1373
f 889/607/1374 888/608/1374 3153/608/1374 3154/607/1374
f 921/583/1375 920/609/1375 3185/609/1375 3186/583/1375
f 961/621/1376 960/623/1376 3225/623/1376 3226/621/1376
f 969/620/1377 968/616/1377 3233/616/1377 3234/620/1377
f 977/625/1378 976/624/1378 3241/624/1378 3242/625/1378
f 953/630/1379 952/629/1379 3217/629/1379 3218/630/1379
f 985/635/1380 984/634/1380 3249/634/1380 3250/635/1380
f 945/636/1381 944/642/1381 3209/642/1381 3210/636/1381
f 1225/671/1016 1224/669/1016 3489/669/1016 3490/671/1016
f 1065/674/1017 1064/675/1017 3329/675/1017 3330/674/1017
f 1185/698/1018 1184/697/1018 3449/697/1018 3450/698/1018
f 1217/699/1019 1216/688/1019 3481/688/1019 3482/699/1019
f 1233/635/1020 1232/684/1020 3497/684/1020 3498/635/1020
f 1113/621/1021 1112/704/1021 3377/704/1021 3378/621/1021
f 1033/636/1022 1032/692/1022 3297/692/1022 3298/636/1022
f 1025/716/1382 1024/717/1382 3289/717/1382 3290/716/1382
f 1073/630/1024 1072/665/1024 3337/665/1024 3338/630/1024
f 1057/725/1025 1056/685/1025 3321/685/1025 3322/725/1025
f 1049/728/1026 1048/655/1026 3313/655/1026 3314/728/1026
f 1041/731/1027 1040/732/1027 3305/732/1027 3306/731/1027
f 1017/740/1028 1016/742/1028 3281/742/1028 3282/740/1028
f 1009/750/1029 1008/647/1029 3273/647/1029 3274/750/1029
f 1177/751/1030 1176/748/1030 3441/748/1030 3442/751/1030
f 1001/760/1031 1000/762/1031 3265/762/1031 3266/760/1031
f 1121/781/1032 1120/765/1032 3385/765/1032 3386/781/1032
f 1081/788/1033 1080/787/1033 3345/787/1033 3346/788/1033
f 1105/793/1034 1104/791/1034 3369/791/1034 3370/793/1034
f 1241/792/1035 1240/776/1035 3505/776/1035 3506/792/1035
f 1193/625/1036 1192/798/1036 3457/798/1036 3458/625/1036
f 1089/810/1037 1088/659/1037 3353/659/1037 3354/810/1037
f 1097/820/1383 1096/819/1383 3361/819/1383 3362/820/1383
f 1145/831/1039 1144/830/1039 3409/830/1039 3410/831/1039
f 1209/833/1040 1208/650/1040 3473/650/1040 3474/833/1040
f 1161/796/1041 1160/837/1041 3425/837/1041 3426/796/1041
f 1129/841/1042 1128/617/1042 3393/617/1042 3394/841/1042
f 1137/823/1043 1136/850/1043 3401/850/1043 3402/823/1043
f 1169/696/1044 1168/654/1044 3433/654/1044 3434/696/1044
f 1305/91/282 1304/870/282 3569/870/282 3570/91/282
f 1257/89/477 1256/871/477 3521/871/477 3522/89/477
f 1297/93/478 1296/875/478 3561/875/478 3562/93/478
f 1281/94/1384 1280/892/1384 3545/892/1384 3546/94/1384
f 1273/95/480 1272/900/480 3537/900/480 3538/95/480
f 1289/92/1385 1288/905/1385 3553/905/1385 3554/92/1385
f 1265/90/482 1264/874/482 3529/874/482 3530/90/482
f 1337/616/1386 1336/615/1386 3601/615/1386 3602/616/1386
f 1345/624/1293 1344/626/1293 3609/626/1293 3610/624/1293
f 1329/623/1294 1328/628/1294 3593/628/1294 3594/623/1294
f 1321/629/1295 1320/631/1295 3585/631/1295 3586/629/1295
f 1313/642/1387 1312/639/1387 3577/639/1387 3578/642/1387
f 1353/634/1297 1352/644/1297 3617/644/1297 3618/634/1297
f 1409/661/608 1408/643/608 3673/643/608 3674/661/608
f 1433/629/1388 1432/670/1388 3697/670/1388 3698/629/1388
f 1593/634/610 1592/676/610 3857/676/610 3858/634/610
f 1441/680/611 1440/681/611 3705/681/611 3706/680/611
f 1601/702/612 1600/701/612 3865/701/612 3866/702/612
f 1401/709/613 1400/708/613 3665/708/613 3666/709/613
f 1481/690/614 1480/710/614 3745/710/614 3746/690/614
f 1393/642/615 1392/713/615 3657/713/615 3658/642/615
f 1585/720/616 1584/682/616 3849/682/616 3850/720/616
f 1425/679/617 1424/723/617 3689/723/617 3690/679/617
f 1417/707/618 1416/726/618 3681/726/618 3682/707/618
f 1537/735/619 1536/715/619 3801/715/619 3802/735/619
f 1385/738/620 1384/739/620 3649/739/620 3650/738/620
f 1377/746/621 1376/747/621 3641/747/621 3642/746/621
f 1545/757/1389 1544/755/1389 3809/755/1389 3810/757/1389
f 1369/756/623 1368/646/623 3633/646/623 3634/756/623
f 1553/624/624 1552/770/624 3817/770/624 3818/624/624
f 1473/623/625 1472/779/625 3737/779/625 3738/623/625
f 1361/769/626 1360/783/626 3625/783/626 3626/769/626
f 1489/795/1390 1488/618/1390 3753/618/1390 3754/795/1390
f 1577/775/628 1576/786/628 3841/786/628 3842/775/628
f 1529/782/629 1528/145/629 3793/145/629 3794/782/629
f 1449/800/630 1448/660/630 3713/660/630 3714/800/630
f 1569/808/631 1568/649/631 3833/649/631 3834/808/631
f 1457/815/632 1456/814/632 3721/814/632 3722/815/632
f 1465/802/633 1464/822/633 3729/822/633 3730/802/633
f 1505/826/634 1504/825/634 3769/825/634 3770/826/634
f 1609/834/635 1608/640/635 3873/640/635 3874/834/635
f 1497/845/636 1496/844/636 3761/844/636 3762/845/636
f 1521/846/637 1520/848/637 3785/848/637 3786/846/637
f 1513/616/638 1512/853/638 3777/853/638 3778/616/638
f 1561/858/639 1560/859/639 3825/859/639 3826/858/639
f 1617/98/315 1616/97/315 3881/97/315 3882/98/315
f 1625/107/1391 1624/106/1391 3889/106/1391 3890/107/1391
f 1665/118/757 1664/108/757 3929/108/757 3930/118/757
f 1633/124/758 1632/126/758 3897/126/758 3898/124/758
f 1641/129/759 1640/131/759 3905/131/759 3906/129/759
f 1649/144/760 1648/142/760 3913/142/760 3914/144/760
f 1657/148/761 1656/123/761 3921/123/761 3922/148/761
f 1721/296/561 1720/295/561 3985/295/561 3986/296/561
f 1761/303/562 1760/302/562 4025/302/562 4026/303/562
f 1753/315/563 1752/317/563 4017/317/563 4018/315/563
f 1817/350/564 1816/352/564 4081/352/564 4082/350/564
f 1769/328/1392 1768/358/1392 4033/358/1392 4034/328/1392
f 1825/364/566 1824/362/566 4089/362/566 4090/364/566
f 1833/369/567 1832/316/567 4097/316/567 4098/369/567
f 1713/301/568 1712/374/568 3977/374/568 3978/301/568
f 1729/334/569 1728/376/569 3993/376/569 3994/334/569
f 1809/393/570 1808/394/570 4073/394/570 4074/393/570
f 1737/399/571 1736/404/571 4001/404/571 4002/399/571
f 1793/414/572 1792/416/572 4057/416/572 4058/414/572
f 1801/421/573 1800/419/573 4065/419/573 4066/421/573
f 1681/422/1393 1680/423/1393 3945/423/1393 3946/422/1393
f 1673/431/575 1672/427/575 3937/427/575 3938/431/575
f 1785/390/576 1784/443/576 4049/443/576 4050/390/576
f 1689/445/577 1688/439/577 3953/439/577 3954/445/577
f 1697/458/578 1696/456/578 3961/456/578 3962/458/578
f 1777/461/579 1776/351/579 4041/351/579 4042/461/579
f 1841/398/580 1840/464/580 4105/464/580 4106/398/580
f 1745/355/581 1744/397/581 4009/397/581 4010/355/581
f 1705/346/582 1704/387/582 3969/387/582 3970/346/582
f 1849/869/1156 1848/868/1156 4113/868/1156 4114/869/1156
f 1857/873/1157 1856/880/1157 4121/880/1157 4122/873/1157
f 1897/872/1158 1896/883/1158 4161/883/1158 4162/872/1158
f 1873/891/309 1872/893/309 4137/893/309 4138/891/309
f 1881/903/1394 1880/902/1394 4145/902/1394 4146/903/1394
f 1865/901/1160 1864/904/1160 4129/904/1160 4130/901/1160
f 1889/876/1161 1888/906/1161 4153/906/1161 4154/876/1161
f 1977/921/1395 1976/920/1395 4241/920/1395 4242/921/1395
f 1921/919/1396 1920/922/1396 4185/922/1396 4186/919/1396
f 1985/928/1397 1984/930/1397 4249/930/1397 4250/928/1397
f 1913/933/842 1912/929/842 4177/929/842 4178/933/842
f 1969/948/1398 1968/946/1398 4233/946/1398 4234/948/1398
f 1929/947/1399 1928/949/1399 4193/949/1399 4194/947/1399
f 1961/964/1400 1960/960/1400 4225/960/1400 4226/964/1400
f 1945/988/1401 1944/978/1401 4209/978/1401 4210/988/1401
f 1953/989/1402 1952/985/1402 4217/985/1402 4218/989/1402
f 1993/994/1403 1992/998/1403 4257/998/1403 4258/994/1403
f 1905/1002/1404 1904/1001/1404 4169/1001/1404 4170/1002/1404
f 1937/965/1405 1936/924/1405 4201/924/1405 4202/965/1405
f 2001/91/309 2000/145/309 4265/145/309 4266/91/309
f 2025/152/1251 2024/151/1251 4289/151/1251 4290/152/1251
f 2049/157/1252 2048/159/1252 4313/159/1252 4314/157/1252
f 2017/164/1253 2016/89/1253 4281/89/1253 4282/164/1253
f 2041/177/1254 2040/171/1254 4305/171/1254 4306/177/1254
f 2057/181/1255 2056/182/1255 4321/182/1255 4322/181/1255
f 2081/188/1256 2080/186/1256 4345/186/1256 4346/188/1256
f 2065/198/1257 2064/193/1257 4329/193/1257 4330/198/1257
f 2073/218/1258 2072/92/1258 4337/92/1258 4338/218/1258
f 2009/226/1259 2008/211/1259 4273/211/1259 4274/226/1259
f 2097/228/1260 2096/230/1260 4361/230/1260 4362/228/1260
f 2033/233/1261 2032/231/1261 4297/231/1261 4298/233/1261
f 2089/197/1262 2088/166/1262 4353/166/1262 4354/197/1262
f 2129/621/1376 2128/623/1376 4393/623/1376 4394/621/1376
f 2137/620/1377 2136/616/1377 4401/616/1377 4402/620/1377
f 2145/625/1378 2144/624/1378 4409/624/1378 4410/625/1378
f 2121/630/1379 2120/629/1379 4385/629/1379 4386/630/1379
f 2153/635/1380 2152/634/1380 4417/634/1380 4418/635/1380
f 2113/636/1381 2112/642/1381 4377/642/1381 4378/636/1381
f 2161/242/284 2160/241/284 4425/241/284 4426/242/284
f 2201/245/1263 2200/244/1263 4465/244/1263 4466/245/1263
f 2169/251/1264 2168/253/1264 4433/253/1264 4434/251/1264
f 2209/264/1265 2208/261/1265 4473/261/1265 4474/264/1265
f 2177/275/1266 2176/126/1266 4441/126/1266 4442/275/1266
f 2185/280/1267 2184/286/1267 4449/286/1267 4450/280/1267
f 2193/290/1268 2192/279/1268 4457/279/1268 4458/290/1268
f 2281/1009/1234 2280/1011/1234 4545/1011/1234 4546/1009/1234
f 2273/1003/1235 2272/95/1235 4537/95/1235 4538/1003/1235
f 2265/1026/1236 2264/272/1236 4529/272/1236 4530/1026/1236
f 2321/1042/1237 2320/248/1237 4585/248/1237 4586/1042/1237
f 2241/1043/1238 2240/1045/1238 4505/1045/1238 4506/1043/1238
f 2329/93/1239 2328/1049/1239 4593/1049/1239 4594/93/1239
f 2233/1050/1240 2232/1051/1240 4497/1051/1240 4498/1050/1240
f 2289/1058/1241 2288/1057/1241 4553/1057/1241 4554/1058/1241
f 2225/1064/1242 2224/1062/1242 4489/1062/1242 4490/1064/1242
f 2313/266/1243 2312/1070/1243 4577/1070/1243 4578/266/1243
f 2345/1079/1244 2344/1074/1244 4609/1074/1244 4610/1079/1244
f 2217/1075/1245 2216/1080/1245 4481/1080/1245 4482/1075/1245
f 2257/270/1246 2256/1083/1246 4521/1083/1246 4522/270/1246
f 2297/1089/1247 2296/1088/1247 4561/1088/1247 4562/1089/1247
f 2305/1098/1248 2304/1097/1248 4569/1097/1248 4570/1098/1248
f 2249/1101/1249 2248/1103/1249 4513/1103/1249 4514/1101/1249
f 2337/1065/1250 2336/1020/1250 4601/1020/1250 4602/1065/1250
f 2353/94/282 2352/95/282 4617/95/282 4618/94/282
f 2417/1006/503 2416/1004/503 4681/1004/503 4682/1006/503
f 2409/1036/504 2408/1029/504 4673/1029/504 4674/1036/504
f 2425/1035/505 2424/1007/505 4689/1007/505 4690/1035/505
f 2385/251/506 2384/1041/506 4649/1041/506 4650/251/506
f 2465/1046/1406 2464/1044/1406 4729/1044/1406 4730/1046/1406
f 2377/1048/508 2376/89/508 4641/89/508 4642/1048/508
f 2473/1054/467 2472/1052/467 4737/1052/467 4738/1054/467
f 2481/1061/509 2480/1063/509 4745/1063/509 4746/1061/509
f 2489/1077/510 2488/1078/510 4753/1078/510 4754/1077/510
f 2433/94/511 2432/1067/511 4697/1067/511 4698/94/511
f 2401/1068/512 2400/1081/512 4665/1081/512 4666/1068/512
f 2441/290/513 2440/1090/513 4705/1090/513 4706/290/513
f 2393/1092/514 2392/246/514 4657/246/514 4658/1092/514
f 2449/1099/515 2448/276/515 4713/276/515 4714/1099/515
f 2361/1106/516 2360/1076/516 4625/1076/516 4626/1106/516
f 2457/1030/1407 2456/1110/1407 4721/1110/1407 4722/1030/1407
f 2369/1021/518 2368/1066/518 4633/1066/518 4634/1021/518
f 242/104/1045 241/103/1045 2506/103/1045 2507/104/1045
f 282/114/1046 281/116/1046 2546/116/1046 2547/114/1046
f 274/121/1047 273/128/1047 2538/128/1047 2539/121/1047
f 258/134/1048 257/136/1048 2522/136/1048 2523/134/1048
f 266/139/1049 265/137/1049 2530/137/1049 2531/139/1049
f 250/122/1050 249/146/1050 2514/146/1050 2515/122/1050
f 338/129/350 337/156/350 2602/156/350 2603/129/350
f 306/173/351 305/170/351 2570/170/351 2571/173/351
f 346/178/352 345/94/352 2610/94/352 2611/178/352
f 370/190/353 369/189/353 2634/189/353 2635/190/353
f 330/191/354 329/176/354 2594/176/354 2595/191/354
f 378/200/355 377/195/355 2642/195/355 2643/200/355
f 298/202/356 297/205/356 2562/205/356 2563/202/356
f 354/203/357 353/206/357 2618/206/357 2619/203/357
f 290/213/358 289/88/358 2554/88/358 2555/213/358
f 289/88/315 362/214/315 2627/214/315 2554/88/315
f 362/214/1408 361/216/1408 2626/216/1408 2627/214/1408
f 386/223/360 385/227/360 2650/227/360 2651/223/360
f 322/237/361 321/235/361 2586/235/361 2587/237/361
f 314/220/309 313/154/309 2578/154/309 2579/220/309
f 402/247/497 401/249/497 2666/249/497 2667/247/497
f 434/250/498 433/248/498 2698/248/498 2699/250/498
f 394/262/499 393/263/499 2658/263/499 2659/262/499
f 442/265/315 441/243/315 2706/243/315 2707/265/315
f 410/273/500 409/272/500 2674/272/500 2675/273/500
f 426/145/1409 425/274/1409 2690/274/1409 2691/145/1409
f 418/282/502 417/281/502 2682/281/502 2683/282/502
f 450/242/284 449/241/284 2714/241/284 2715/242/284
f 490/245/1263 489/244/1263 2754/244/1263 2755/245/1263
f 458/251/1264 457/253/1264 2722/253/1264 2723/251/1264
f 498/264/1265 497/261/1265 2762/261/1265 2763/264/1265
f 466/275/1266 465/126/1266 2730/126/1266 2731/275/1266
f 474/280/1410 473/286/1410 2738/286/1410 2739/280/1410
f 482/290/1268 481/279/1268 2746/279/1268 2747/290/1268
f 554/294/284 553/293/284 2818/293/284 2819/294/284
f 594/305/1411 593/307/1411 2858/307/1411 2859/305/1411
f 666/313/1196 665/311/1196 2930/311/1196 2931/313/1196
f 610/349/1197 609/348/1197 2874/348/1197 2875/349/1197
f 674/354/1198 673/353/1198 2938/353/1198 2939/354/1198
f 658/359/1199 657/329/1199 2922/329/1199 2923/359/1199
f 602/360/1200 601/361/1200 2866/361/1200 2867/360/1200
f 586/318/1201 585/370/1201 2850/370/1201 2851/318/1201
f 562/373/1202 561/300/1202 2826/300/1202 2827/373/1202
f 546/375/1203 545/377/1203 2810/377/1203 2811/375/1203
f 570/385/1204 569/384/1204 2834/384/1204 2835/385/1204
f 642/395/1412 641/396/1412 2906/396/1412 2907/395/1412
f 538/386/1206 537/405/1206 2802/405/1206 2803/386/1206
f 522/415/1207 521/413/1207 2786/413/1207 2787/415/1207
f 506/426/1208 505/424/1208 2770/424/1208 2771/426/1208
f 514/433/1209 513/435/1209 2778/435/1209 2779/433/1209
f 634/418/1210 633/406/1210 2898/406/1210 2899/418/1210
f 626/438/1211 625/440/1211 2890/440/1211 2891/438/1211
f 618/444/1413 617/446/1413 2882/446/1413 2883/444/1413
f 641/396/284 677/91/284 2942/91/284 2906/396/284
f 578/452/1213 577/453/1213 2842/453/1213 2843/452/1213
f 530/454/1214 529/451/1214 2794/451/1214 2795/454/1214
f 650/462/1215 649/463/1215 2914/463/1215 2915/462/1215
f 682/468/1414 681/469/1414 2946/469/1414 2947/468/1414
f 729/471/315 777/91/315 3042/91/315 2994/471/315
f 730/481/1415 729/471/1415 2994/471/1415 2995/481/1415
f 770/485/1416 769/484/1416 3034/484/1416 3035/485/1416
f 738/501/1417 737/499/1417 3002/499/1417 3003/501/1417
f 722/134/1418 721/496/1418 2986/496/1418 2987/134/1418
f 690/486/1419 689/102/1419 2954/102/1419 2955/486/1419
f 714/527/1420 713/526/1420 2978/526/1420 2979/527/1420
f 762/514/1421 761/521/1421 3026/521/1421 3027/514/1421
f 754/533/1422 753/535/1422 3018/535/1422 3019/533/1422
f 706/540/1423 705/538/1423 2970/538/1423 2971/540/1423
f 698/547/1424 697/545/1424 2962/545/1424 2963/547/1424
f 746/553/1425 745/525/1425 3010/525/1425 3011/553/1425
f 802/154/1346 801/152/1346 3066/152/1346 3067/154/1346
f 826/156/1347 825/157/1347 3090/157/1347 3091/156/1347
f 794/170/1348 793/164/1348 3058/164/1348 3059/170/1348
f 818/176/1349 817/177/1349 3082/177/1349 3083/176/1349
f 834/94/1350 833/181/1350 3098/181/1350 3099/94/1350
f 858/189/1351 857/188/1351 3122/188/1351 3123/189/1351
f 866/195/1352 865/197/1352 3130/197/1352 3131/195/1352
f 842/206/1353 841/198/1353 3106/198/1353 3107/206/1353
f 850/216/1354 849/218/1354 3114/218/1354 3115/216/1354
f 786/205/1355 785/226/1355 3050/226/1355 3051/205/1355
f 874/227/1356 873/228/1356 3138/228/1356 3139/227/1356
f 810/235/1357 809/233/1357 3074/233/1357 3075/235/1357
f 906/559/284 905/557/284 3170/557/284 3171/559/284
f 914/568/1426 913/566/1426 3178/566/1426 3179/568/1426
f 898/569/1427 897/571/1427 3162/571/1427 3163/569/1427
f 882/579/1428 881/577/1428 3146/577/1428 3147/579/1428
f 922/578/1429 921/583/1429 3186/583/1429 3187/578/1429
f 930/590/1430 929/591/1430 3194/591/1430 3195/590/1430
f 890/605/1431 889/607/1431 3154/607/1431 3155/605/1431
f 962/619/413 961/621/413 3226/621/413 3227/619/413
f 970/622/412 969/620/412 3234/620/412 3235/622/412
f 946/633/414 945/636/414 3210/636/414 3211/633/414
f 986/641/415 985/635/415 3250/635/415 3251/641/415
f 937/88/315 940/647/315 3205/647/315 3202/88/315
f 938/645/282 937/88/282 3202/88/282 3203/645/282
f 978/648/416 977/625/416 3242/625/416 3243/648/416
f 954/126/417 953/630/417 3218/630/417 3219/126/417
f 1226/673/1163 1225/671/1163 3490/671/1163 3491/673/1163
f 1066/672/1164 1065/674/1164 3330/674/1164 3331/672/1164
f 1218/653/1165 1217/699/1165 3482/699/1165 3483/653/1165
f 1234/700/1166 1233/635/1166 3498/635/1166 3499/700/1166
f 1114/706/1432 1113/621/1432 3378/621/1432 3379/706/1432
f 1034/711/1168 1033/636/1168 3298/636/1168 3299/711/1168
f 1170/712/1169 1169/696/1169 3434/696/1169 3435/712/1169
f 1026/714/1170 1025/716/1170 3290/716/1170 3291/714/1170
f 1074/719/1171 1073/630/1171 3338/630/1171 3339/719/1171
f 1058/632/911 1057/725/911 3322/725/911 3323/632/911
f 1050/727/1172 1049/728/1172 3314/728/1172 3315/727/1172
f 1042/730/1173 1041/731/1173 3306/731/1173 3307/730/1173
f 1018/638/1174 1017/740/1174 3282/740/1174 3283/638/1174
f 1010/749/1175 1009/750/1175 3274/750/1175 3275/749/1175
f 1178/627/1176 1177/751/1176 3442/751/1176 3443/627/1176
f 1002/759/1177 1001/760/1177 3266/760/1177 3267/759/1177
f 1242/790/1178 1241/792/1178 3506/792/1178 3507/790/1178
f 1162/794/1179 1161/796/1179 3426/796/1179 3427/794/1179
f 1106/777/1180 1105/793/1180 3370/793/1180 3371/777/1180
f 1122/797/1181 1121/781/1181 3386/781/1181 3387/797/1181
f 1090/812/1182 1089/810/1182 3354/810/1182 3355/812/1182
f 1202/811/1183 1201/813/1183 3466/813/1183 3467/811/1183
f 1201/813/1184 1248/91/1184 3513/91/1184 3466/813/1184
f 1098/656/1185 1097/820/1185 3362/820/1185 3363/656/1185
f 1138/614/1186 1137/823/1186 3402/823/1186 3403/614/1186
f 1154/824/1187 1153/620/1187 3418/620/1187 3419/824/1187
f 1153/620/1188 1200/829/1188 3465/829/1188 3418/620/1188
f 1082/832/1189 1081/788/1189 3346/788/1189 3347/832/1189
f 1210/789/1190 1209/833/1190 3474/833/1190 3475/789/1190
f 1130/842/1433 1129/841/1433 3394/841/1433 3395/842/1433
f 1146/852/1192 1145/831/1192 3410/831/1192 3411/852/1192
f 1194/860/1193 1193/625/1193 3458/625/1193 3459/860/1193
f 994/772/282 993/88/282 3258/88/282 3259/772/282
f 1186/862/1194 1185/698/1194 3450/698/1194 3451/862/1194
f 993/88/315 1152/864/315 3417/864/315 3258/88/315
f 1249/88/315 1305/91/315 3570/91/315 3514/88/315
f 1250/867/282 1249/88/282 3514/88/282 3515/867/282
f 1298/881/705 1297/93/705 3562/93/705 3563/881/705
f 1258/882/706 1257/89/706 3522/89/706 3523/882/706
f 1282/896/1434 1281/94/1434 3546/94/1434 3547/896/1434
f 1274/897/1435 1273/95/1435 3538/95/1435 3539/897/1435
f 1290/890/1436 1289/92/1436 3554/92/1436 3555/890/1436
f 1266/889/710 1265/90/710 3530/90/710 3531/889/710
f 1338/620/1377 1337/616/1377 3602/616/1377 3603/620/1377
f 1330/621/1376 1329/623/1376 3594/623/1376 3595/621/1376
f 1346/625/1378 1345/624/1378 3610/624/1378 3611/625/1378
f 1322/630/1379 1321/629/1379 3586/629/1379 3587/630/1379
f 1354/635/1380 1353/634/1380 3618/634/1380 3619/635/1380
f 1314/636/1381 1313/642/1381 3578/642/1381 3579/636/1381
f 1410/662/825 1409/661/825 3674/661/825 3675/662/825
f 1434/668/826 1433/629/826 3698/629/826 3699/668/826
f 1426/678/827 1425/679/827 3690/679/827 3691/678/827
f 1482/691/828 1481/690/828 3746/690/828 3747/691/828
f 1442/689/829 1441/680/829 3706/680/829 3707/689/829
f 1418/657/830 1417/707/830 3682/707/830 3683/657/830
f 1394/695/831 1393/642/831 3658/642/831 3659/695/831
f 1586/721/832 1585/720/832 3850/720/832 3851/721/832
f 1594/722/833 1593/634/833 3858/634/833 3859/722/833
f 1402/734/834 1401/709/834 3666/709/834 3667/734/834
f 1386/737/835 1385/738/835 3650/738/835 3651/737/835
f 1538/652/1437 1537/735/1437 3802/735/1437 3803/652/1437
f 1378/637/837 1377/746/837 3642/746/837 3643/637/837
f 1370/754/838 1369/756/838 3634/756/838 3635/754/838
f 1546/758/839 1545/757/839 3810/757/839 3811/758/839
f 1474/764/840 1473/623/840 3738/623/840 3739/764/840
f 1578/651/841 1577/775/841 3842/775/841 3843/651/841
f 1530/780/842 1529/782/842 3794/782/842 3795/780/842
f 1554/784/843 1553/624/843 3818/624/843 3819/784/843
f 1466/803/844 1465/802/844 3730/802/844 3731/803/844
f 1450/805/845 1449/800/845 3714/800/845 3715/805/845
f 1570/806/846 1569/808/846 3834/808/846 3835/806/846
f 1458/658/847 1457/815/847 3722/815/847 3723/658/847
f 1506/827/848 1505/826/848 3770/826/848 3771/827/848
f 1610/804/849 1609/834/849 3874/834/849 3875/804/849
f 1490/836/850 1489/795/850 3754/795/850 3755/836/850
f 1522/843/851 1521/846/851 3786/846/851 3787/843/851
f 1498/613/852 1497/845/852 3762/845/852 3763/613/852
f 1514/854/853 1513/616/853 3778/616/853 3779/854/853
f 1562/855/854 1561/858/854 3826/858/854 3827/855/854
f 1602/763/461 1601/702/461 3866/702/461 3867/763/461
f 1362/863/855 1361/769/855 3626/769/855 3627/863/855
f 1618/99/952 1617/98/952 3882/98/952 3883/99/952
f 1626/113/953 1625/107/953 3890/107/953 3891/113/953
f 1666/105/954 1665/118/954 3930/118/954 3931/105/954
f 1642/130/955 1641/129/955 3906/129/955 3907/130/955
f 1650/145/956 1649/144/956 3914/144/956 3915/145/956
f 1634/143/1438 1633/124/1438 3898/124/1438 3899/143/1438
f 1658/147/958 1657/148/958 3922/148/958 3923/147/958
f 1722/297/781 1721/296/781 3986/296/781 3987/297/781
f 1714/298/1439 1713/301/1439 3978/301/1439 3979/298/1439
f 1754/314/783 1753/315/783 4018/315/783 4019/314/783
f 1770/326/784 1769/328/784 4034/328/784 4035/326/784
f 1818/340/391 1817/350/391 4082/350/391 4083/340/391
f 1706/344/1440 1705/346/1440 3970/346/1440 3971/344/1440
f 1746/357/786 1745/355/786 4010/355/786 4011/357/786
f 1730/342/787 1729/334/787 3994/334/787 3995/342/787
f 1826/367/788 1825/364/788 4090/364/788 4091/367/788
f 1762/368/789 1761/303/789 4026/303/789 4027/368/789
f 1834/371/790 1833/369/790 4098/369/790 4099/371/790
f 1786/388/1441 1785/390/1441 4050/390/1441 4051/388/1441
f 1810/392/792 1809/393/792 4074/393/792 4075/392/792
f 1842/91/793 1841/398/793 4106/398/793 4107/91/793
f 1738/400/1442 1737/399/1442 4002/399/1442 4003/400/1442
f 1794/412/795 1793/414/795 4058/414/795 4059/412/795
f 1682/420/796 1681/422/796 3946/422/796 3947/420/796
f 1674/430/1443 1673/431/1443 3938/431/1443 3939/430/1443
f 1802/432/798 1801/421/798 4066/421/798 4067/432/798
f 1690/447/799 1689/445/799 3954/445/799 3955/447/799
f 1698/460/800 1697/458/800 3962/458/800 3963/460/800
f 1778/379/801 1777/461/801 4042/461/801 4043/379/801
f 1850/871/1304 1849/869/1304 4114/869/1304 4115/871/1304
f 1898/870/1305 1897/872/1305 4162/872/1305 4163/870/1305
f 1858/874/1306 1857/873/1306 4122/873/1306 4123/874/1306
f 1890/875/1307 1889/876/1307 4154/876/1307 4155/875/1307
f 1874/892/315 1873/891/315 4138/891/315 4139/892/315
f 1866/900/1308 1865/901/1308 4130/901/1308 4131/900/1308
f 1882/905/1444 1881/903/1444 4146/903/1444 4147/905/1444
f 1922/917/1445 1921/919/1445 4186/919/1445 4187/917/1445
f 1914/942/1446 1913/933/1446 4178/933/1446 4179/942/1446
f 1930/945/1447 1929/947/1447 4194/947/1447 4195/945/1447
f 1970/909/1448 1969/948/1448 4234/948/1448 4235/909/1448
f 1978/950/1449 1977/921/1449 4242/921/1449 4243/950/1449
f 1938/961/1450 1937/965/1450 4202/965/1450 4203/961/1450
f 1954/980/1451 1953/989/1451 4218/989/1451 4219/980/1451
f 1946/990/1452 1945/988/1452 4210/988/1452 4211/990/1452
f 1994/992/1453 1993/994/1453 4258/994/1453 4259/992/1453
f 1906/974/1454 1905/1002/1454 4170/1002/1454 4171/974/1454
f 1962/925/1455 1961/964/1455 4226/964/1455 4227/925/1455
f 1986/958/1456 1985/928/1456 4250/928/1456 4251/958/1456
f 2026/154/1346 2025/152/1346 4290/152/1346 4291/154/1346
f 2050/156/1347 2049/157/1347 4314/157/1347 4315/156/1347
f 2018/170/1348 2017/164/1348 4282/164/1348 4283/170/1348
f 2042/176/1349 2041/177/1349 4306/177/1349 4307/176/1349
f 2058/94/1350 2057/181/1350 4322/181/1350 4323/94/1350
f 2082/189/1351 2081/188/1351 4346/188/1351 4347/189/1351
f 2090/195/1352 2089/197/1352 4354/197/1352 4355/195/1352
f 2066/206/1353 2065/198/1353 4330/198/1353 4331/206/1353
f 2074/216/1354 2073/218/1354 4338/218/1354 4339/216/1354
f 2010/205/1355 2009/226/1355 4274/226/1355 4275/205/1355
f 2098/227/1356 2097/228/1356 4362/228/1356 4363/227/1356
f 2034/235/1357 2033/233/1357 4298/233/1357 4299/235/1357
f 2130/619/413 2129/621/413 4394/621/413 4395/619/413
f 2138/622/412 2137/620/412 4402/620/412 4403/622/412
f 2114/633/414 2113/636/414 4378/636/414 4379/633/414
f 2154/641/415 2153/635/415 4418/635/415 4419/641/415
f 2105/88/315 2108/647/315 4373/647/315 4370/88/315
f 2106/645/282 2105/88/282 4370/88/282 4371/645/282
f 2146/648/416 2145/625/416 4410/625/416 4411/648/416
f 2122/126/417 2121/630/417 4386/630/417 4387/126/417
f 2202/248/310 2201/245/310 4466/245/310 4467/248/310
f 2170/249/311 2169/251/311 4434/251/311 4435/249/311
f 2162/263/312 2161/242/312 4426/242/312 4427/263/312
f 2210/243/313 2209/264/313 4474/264/313 4475/243/313
f 2178/272/314 2177/275/314 4442/275/314 4443/272/314
f 2186/281/315 2185/280/315 4450/280/315 4451/281/315
f 2194/274/316 2193/290/316 4458/290/316 4459/274/316
f 2274/1004/1328 2273/1003/1328 4538/1003/1328 4539/1004/1328
f 2282/1007/1329 2281/1009/1329 4546/1009/1329 4547/1007/1329
f 2266/1029/1330 2265/1026/1330 4530/1026/1330 4531/1029/1330
f 2242/1041/1331 2241/1043/1331 4506/1043/1331 4507/1041/1331
f 2322/1044/1332 2321/1042/1332 4586/1042/1332 4587/1044/1332
f 2234/89/1333 2233/1050/1333 4498/1050/1333 4499/89/1333
f 2330/1052/1334 2329/93/1334 4594/93/1334 4595/1052/1334
f 2338/1063/1335 2337/1065/1335 4602/1065/1335 4603/1063/1335
f 2226/1066/1336 2225/1064/1336 4490/1064/1336 4491/1066/1336
f 2290/1067/1337 2289/1058/1337 4554/1058/1337 4555/1067/1337
f 2218/1076/1338 2217/1075/1338 4482/1075/1338 4483/1076/1338
f 2346/1078/1339 2345/1079/1339 4610/1079/1339 4611/1078/1339
f 2258/1081/1340 2257/270/1340 4522/270/1340 4523/1081/1340
f 2298/1090/1341 2297/1089/1341 4562/1089/1341 4563/1090/1341
f 2306/276/1342 2305/1098/1342 4570/1098/1342 4571/276/1342
f 2250/246/1343 2249/1101/1343 4514/1101/1343 4515/246/1343
f 2314/1110/1344 2313/266/1344 4578/266/1344 4579/1110/1344
f 2354/92/1104 2353/94/1104 4618/94/1104 4619/92/1104
f 2418/1005/284 2417/1006/284 4682/1006/284 4683/1005/284
f 2370/1027/724 2369/1021/724 4634/1021/724 4635/1027/724
f 2458/1031/725 2457/1030/725 4722/1030/725 4723/1031/725
f 2426/1028/726 2425/1035/726 4690/1035/726 4691/1028/726
f 2410/1008/727 2409/1036/727 4674/1036/727 4675/1008/727
f 2386/1037/728 2385/251/728 4650/251/728 4651/1037/728
f 2466/1017/729 2465/1046/729 4730/1046/729 4731/1017/729
f 2378/257/730 2377/1048/730 4642/1048/730 4643/257/730
f 2474/1033/731 2473/1054/731 4738/1054/731 4739/1033/731
f 2402/1060/732 2401/1068/732 4666/1068/732 4667/1060/732
f 2482/1071/408 2481/1061/408 4746/1061/408 4747/1071/408
f 2490/91/733 2489/1077/733 4754/1077/733 4755/91/733
f 2434/287/734 2433/94/734 4698/94/734 4699/287/734
f 2394/1091/735 2393/1092/735 4658/1092/735 4659/1091/735
f 2442/1093/736 2441/290/736 4706/290/736 4707/1093/736
f 2450/1100/737 2449/1099/737 4714/1099/737 4715/1100/737
f 2362/1107/738 2361/1106/738 4626/1106/738 4627/1107/738
o Sphere
v 0.124781 0.484288 0.000000
v 0.124781 0.402671 -0.269056
v 0.124781 0.269056 -0.402671
v 0.124781 0.094480 -0.474983
v 0.124781 0.000000 -0.484288
v 0.124781 -0.094480 -0.474983
v 0.124781 -0.269056 -0.402671
v 0.124781 -0.484288 0.000000
v 0.143213 0.474983 -0.092665
v 0.160937 0.447424 -0.181768
v 0.177271 0.402671 -0.263886
v 0.191588 0.342443 -0.335863
v 0.203338 0.269056 -0.394934
v 0.212069 0.185329 -0.438827
v 0.217446 0.094480 -0.465856
v 0.219261 0.000000 -0.474983
v 0.217446 -0.094480 -0.465856
v 0.212069 -0.185329 -0.438827
v 0.203338 -0.269056 -0.394934
v 0.191588 -0.342443 -0.335863
v 0.177271 -0.402671 -0.263886
v 0.160937 -0.447424 -0.181768
v 0.143213 -0.474983 -0.092665
v 0.160937 0.474983 -0.087288
v 0.195703 0.447424 -0.171222
v 0.227744 0.402671 -0.248575
v 0.255828 0.342443 -0.316376
v 0.278877 0.269056 -0.372019
v 0.296003 0.185329 -0.413366
v 0.306549 0.094480 -0.438827
v 0.310110 0.000000 -0.447424
v 0.306549 -0.094480 -0.438827
v 0.296003 -0.185329 -0.413366
v 0.278877 -0.269056 -0.372019
v 0.255828 -0.342443 -0.316376
v 0.227744 -0.402671 -0.248575
v 0.195703 -0.447424 -0.171222
v 0.160937 -0.474983 -0.087288
v 0.177271 0.474983 -0.078557
v 0.227744 0.447424 -0.154095
v 0.274261 0.402671 -0.223712
v 0.315032 0.342443 -0.284731
v 0.348493 0.269056 -0.334808
v 0.373356 0.185329 -0.372019
v 0.388667 0.094480 -0.394934
v 0.393837 0.000000 -0.402671
v 0.388667 -0.094480 -0.394934
v 0.373356 -0.185329 -0.372019
v 0.348493 -0.269056 -0.334808
v 0.315032 -0.342443 -0.284731
v 0.274261 -0.402671 -0.223712
v 0.227744 -0.447424 -0.154095
v 0.177271 -0.474983 -0.078557
v 0.191588 0.474983 -0.066807
v 0.255828 0.447424 -0.131047
v 0.315032 0.402671 -0.190251
v 0.366925 0.342443 -0.242144
v 0.409512 0.269056 -0.284731
v 0.441157 0.185329 -0.316376
v 0.460644 0.094480 -0.335863
v 0.467224 0.000000 -0.342443
v 0.460644 -0.094480 -0.335863
v 0.441157 -0.185329 -0.316376
v 0.409512 -0.269056 -0.284731
v 0.366925 -0.342443 -0.242144
v 0.315032 -0.402671 -0.190251
v 0.255828 -0.447424 -0.131047
v 0.191588 -0.474983 -0.066807
v 0.203338 0.474983 -0.052490
v 0.278877 0.447424 -0.102963
v 0.348493 0.402671 -0.149479
v 0.409512 0.342443 -0.190251
v 0.459590 0.269056 -0.223712
v 0.496800 0.185329 -0.248575
v 0.519715 0.094480 -0.263886
v 0.527452 0.000000 -0.269056
v 0.519715 -0.094480 -0.263886
v 0.496800 -0.185329 -0.248575
v 0.459590 -0.269056 -0.223712
v 0.409512 -0.342443 -0.190251
v 0.348493 -0.402671 -0.149479
v 0.278877 -0.447424 -0.102963
v 0.203338 -0.474983 -0.052490
v 0.212069 0.474983 -0.036156
v 0.296003 0.447424 -0.070922
v 0.373356 0.402671 -0.102963
v 0.441157 0.342443 -0.131047
v 0.496800 0.269056 -0.154095
v 0.538147 0.185329 -0.171222
v 0.563608 0.094480 -0.181768
v 0.572205 0.000000 -0.185329
v 0.563608 -0.094480 -0.181768
v 0.538147 -0.185329 -0.171222
v 0.496800 -0.269056 -0.154095
v 0.441157 -0.342443 -0.131047
v 0.373356 -0.402671 -0.102963
v 0.296003 -0.447424 -0.070922
v 0.212069 -0.474983 -0.036156
v 0.217446 0.474983 -0.018432
v 0.306549 0.447424 -0.036156
v 0.388667 0.402671 -0.052490
v 0.460644 0.342443 -0.066807
v 0.519715 0.269056 -0.078557
v 0.563608 0.185329 -0.087288
v 0.590637 0.094480 -0.092664
v 0.599764 0.000000 -0.094480
v 0.590637 -0.094480 -0.092664
v 0.563608 -0.185329 -0.087288
v 0.519715 -0.269056 -0.078557
v 0.460644 -0.342443 -0.066807
v 0.388667 -0.402671 -0.052490
v 0.306549 -0.447424 -0.036156
v 0.217446 -0.474983 -0.018432
v 0.219261 0.474983 0.000000
v 0.310110 0.447424 0.000000
v 0.393837 0.402671 0.000000
v 0.467224 0.342443 -0.000000
v 0.527452 0.269056 0.000000
v 0.572205 0.185329 -0.000000
v 0.599764 0.094480 0.000000
v 0.609069 0.000000 0.000000
v 0.599764 -0.094480 0.000000
v 0.572205 -0.185329 -0.000000
v 0.527452 -0.269056 0.000000
v 0.467224 -0.342443 -0.000000
v 0.393837 -0.402671 0.000000
v 0.310110 -0.447424 0.000000
v 0.219261 -0.474983 0.000000
v 0.217446 0.474983 0.018432
v 0.306549 0.447424 0.036156
v 0.388667 0.402671 0.052490
v 0.460644 0.342443 0.066807
v 0.519715 0.269056 0.078557
v 0.563608 0.185329 0.087288
v 0.590637 0.094480 0.092665
v 0.599763 0.000000 0.094480
v 0.590637 -0.094480 0.092665
v 0.563608 -0.185329 0.087288
v 0.519715 -0.269056 0.078557
v 0.460644 -0.342443 0.066807
v 0.388667 -0.402671 0.052490
v 0.306549 -0.447424 0.036156
v 0.217446 -0.474983 0.018432
v 0.212069 0.474983 0.036156
v 0.296003 0.447424 0.070922
v 0.373356 0.402671 0.102963
v 0.441157 0.342443 0.131047
v 0.496800 0.269056 0.154095
v 0.538147 0.185329 0.171222
v 0.563608 0.094480 0.181768
v 0.572205 0.000000 0.185329
v 0.563608 -0.094480 0.181768
v 0.538147 -0.185329 0.171222
v 0.496800 -0.269056 0.154095
v 0.441157 -0.342443 0.131047
v 0.373356 -0.402671 0.102963
v 0.296003 -0.447424 0.070922
v 0.212069 -0.474983 0.036156
v 0.203338 0.474983 0.052490
v 0.278877 0.447424 0.102963
v 0.348493 0.402671 0.149479
v 0.409512 0.342443 0.190251
v 0.459590 0.269056 0.223712
v 0.496800 0.185329 0.248575
v 0.519715 0.094480 0.263886
v 0.527452 0.000000 0.269056
v 0.519715 -0.094480 0.263886
v 0.496800 -0.185329 0.248575
v 0.459590 -0.269056 0.223712
v 0.409512 -0.342443 0.190251
v 0.348493 -0.402671 0.149479
v 0.278877 -0.447424 0.102963
v 0.203338 -0.474983 0.052490
v 0.191588 0.474983 0.066807
v 0.255828 0.447424 0.131047
v 0.315032 0.402671 0.190251
v 0.366925 0.342443 0.242144
v 0.409512 0.269056 0.284731
v 0.441157 0.185329 0.316376
v 0.460644 0.094480 0.335863
v 0.467224 0.000000 0.342443
v 0.460644 -0.094480 0.335863
v 0.441157 -0.185329 0.316376
v 0.409512 -0.269056 0.284731
v 0.366925 -0.342443 0.242144
v 0.315032 -0.402671 0.190251
v 0.255828 -0.447424 0.131047
v 0.191588 -0.474983 0.066807
v 0.177271 0.474983 0.078557
v 0.227744 0.447424 0.154095
v 0.274261 0.402671 0.223712
v 0.315032 0.342443 0.284731
v 0.348493 0.269056 0.334808
v 0.373356 0.185329 0.372019
v 0.388667 0.094480 0.394933
v 0.393837 0.000000 0.402671
v 0.388667 -0.094480 0.394933
v 0.373356 -0.185329 0.372019
v 0.348493 -0.269056 0.334808
v 0.315032 -0.342443 0.284731
v 0.274261 -0.402671 0.223712
v 0.227744 -0.447424 0.154095
v 0.177271 -0.474983 0.078557
v 0.160937 0.474983 0.087288
v 0.195703 0.447424 0.171222
v 0.227744 0.402671 0.248575
v 0.255828 0.342443 0.316376
v 0.278876 0.269056 0.372019
v 0.296003 0.185329 0.413366
v 0.306549 0.094480 0.438827
v 0.310110 0.000000 0.447424
v 0.306549 -0.094480 0.438827
v 0.296003 -0.185329 0.413366
v 0.278876 -0.269056 0.372019
v 0.255828 -0.342443 0.316376
v 0.227744 -0.402671 0.248575
v 0.195703 -0.447424 0.171222
v 0.160937 -0.474983 0.087288
v 0.143213 0.474983 0.092664
v 0.160937 0.447424 0.181768
v 0.177271 0.402671 0.263886
v 0.191588 0.342443 0.335863
v 0.203338 0.269056 0.394933
v 0.212069 0.185329 0.438827
v 0.217445 0.094480 0.465856
v 0.219261 0.000000 0.474982
v 0.217445 -0.094480 0.465856
v 0.212069 -0.185329 0.438827
v 0.203338 -0.269056 0.394933
v 0.191588 -0.342443 0.335863
v 0.177271 -0.402671 0.263886
v 0.160937 -0.447424 0.181768
v 0.143213 -0.474983 0.092664
v 0.124781 0.474983 0.094480
v 0.124781 0.447424 0.185329
v 0.124781 0.402671 0.269056
v 0.124781 0.342443 0.342443
v 0.124781 0.269056 0.402671
v 0.124781 0.185329 0.447424
v 0.124781 0.094480 0.474982
v 0.124781 0.000000 0.484288
v 0.124781 -0.094480 0.474982
v 0.124781 -0.185329 0.447424
v 0.124781 -0.269056 0.402671
v 0.124781 -0.342443 0.342443
v 0.124781 -0.402671 0.269056
v 0.124781 -0.447424 0.185329
v 0.124781 -0.474983 0.094480
v 0.106349 0.474983 0.092664
v 0.088625 0.447424 0.181768
v 0.072291 0.402671 0.263886
v 0.057974 0.342443 0.335863
v 0.046224 0.269056 0.394933
v 0.037493 0.185329 0.438827
v 0.032117 0.094480 0.465856
v 0.030301 0.000000 0.474982
v 0.032117 -0.094480 0.465856
v 0.037493 -0.185329 0.438827
v 0.046224 -0.269056 0.394933
v 0.057974 -0.342443 0.335863
v 0.072291 -0.402671 0.263886
v 0.088625 -0.447424 0.181768
v 0.106349 -0.474983 0.092664
v 0.088625 0.474983 0.087288
v 0.053859 0.447424 0.171222
v 0.021818 0.402671 0.248575
v -0.006266 0.342443 0.316376
v -0.029314 0.269056 0.372019
v -0.046441 0.185329 0.413366
v -0.056987 0.094480 0.438826
v -0.060548 0.000000 0.447423
v -0.056987 -0.094480 0.438826
v -0.046441 -0.185329 0.413366
v -0.029314 -0.269056 0.372019
v -0.006266 -0.342443 0.316376
v 0.021818 -0.402671 0.248575
v 0.053859 -0.447424 0.171222
v 0.088625 -0.474983 0.087288
v 0.072291 0.474983 0.078557
v 0.021818 0.447424 0.154095
v -0.024698 0.402671 0.223712
v -0.065470 0.342443 0.284731
v -0.098931 0.269056 0.334808
v -0.123794 0.185329 0.372019
v -0.139105 0.094480 0.394933
v -0.144275 0.000000 0.402670
v -0.139105 -0.094480 0.394933
v -0.123794 -0.185329 0.372019
v -0.098931 -0.269056 0.334808
v -0.065470 -0.342443 0.284731
v -0.024698 -0.402671 0.223712
v 0.021818 -0.447424 0.154095
v 0.072291 -0.474983 0.078557
v 0.057974 0.474983 0.066807
v -0.006266 0.447424 0.131047
v -0.065470 0.402671 0.190251
v -0.117363 0.342443 0.242144
v -0.159950 0.269056 0.284731
v -0.191595 0.185329 0.316376
v -0.211082 0.094480 0.335863
v -0.217662 0.000000 0.342443
v -0.211082 -0.094480 0.335863
v -0.191595 -0.185329 0.316376
v -0.159950 -0.269056 0.284731
v -0.117363 -0.342443 0.242144
v -0.065470 -0.402671 0.190251
v -0.006266 -0.447424 0.131047
v 0.057974 -0.474983 0.066807
v 0.046224 0.474983 0.052490
v -0.029314 0.447424 0.102963
v -0.098931 0.402671 0.149479
v -0.159950 0.342443 0.190251
v -0.210027 0.269056 0.223712
v -0.247238 0.185329 0.248575
v -0.270152 0.094480 0.263886
v -0.277889 0.000000 0.269056
v -0.270152 -0.094480 0.263886
v -0.247238 -0.185329 0.248575
v -0.210027 -0.269056 0.223712
v -0.159950 -0.342443 0.190251
v -0.098931 -0.402671 0.149479
v -0.029314 -0.447424 0.102963
v 0.046224 -0.474983 0.052490
v 0.037493 0.474983 0.036156
v -0.046441 0.447424 0.070922
v -0.123794 0.402671 0.102963
v -0.191595 0.342443 0.131047
v -0.247238 0.269056 0.154095
v -0.288584 0.185329 0.171222
v -0.314045 0.094480 0.181768
v -0.322642 0.000000 0.185329
v -0.314045 -0.094480 0.181768
v -0.288584 -0.185329 0.171222
v -0.247238 -0.269056 0.154095
v -0.191595 -0.342443 0.131047
v -0.123794 -0.402671 0.102963
v -0.046441 -0.447424 0.070922
v 0.037493 -0.474983 0.036156
v 0.032117 0.474983 0.018432
v -0.056987 0.447424 0.036156
v -0.139105 0.402671 0.052490
v -0.211082 0.342443 0.066807
v -0.270152 0.269056 0.078557
v -0.314045 0.185329 0.087288
v -0.341075 0.094480 0.092664
v -0.350201 0.000000 0.094480
v -0.341075 -0.094480 0.092664
v -0.314045 -0.185329 0.087288
v -0.270152 -0.269056 0.078557
v -0.211082 -0.342443 0.066807
v -0.139105 -0.402671 0.052490
v -0.056987 -0.447424 0.036156
v 0.032117 -0.474983 0.018432
v 0.030301 0.474983 -0.000000
v -0.060548 0.447424 -0.000000
v -0.144275 0.402671 -0.000000
v -0.217662 0.342443 -0.000000
v -0.277889 0.269056 -0.000000
v -0.322643 0.185329 -0.000000
v -0.350201 0.094480 -0.000000
v -0.359506 0.000000 -0.000000
v -0.350201 -0.094480 -0.000000
v -0.322643 -0.185329 -0.000000
v -0.277889 -0.269056 -0.000000
v -0.217662 -0.342443 -0.000000
v -0.144275 -0.402671 -0.000000
v -0.060548 -0.447424 -0.000000
v 0.030301 -0.474983 -0.000000
v 0.032117 0.474983 -0.018432
v -0.056987 0.447424 -0.036156
v -0.139105 0.402671 -0.052490
v -0.211082 0.342443 -0.066807
v -0.270152 0.269056 -0.078557
v -0.314045 0.185329 -0.087288
v -0.341075 0.094480 -0.092665
v -0.350201 0.000000 -0.094480
v -0.341075 -0.094480 -0.092665
v -0.314045 -0.185329 -0.087288
v -0.270152 -0.269056 -0.078557
v -0.211082 -0.342443 -0.066807
v -0.139105 -0.402671 -0.052490
v -0.056987 -0.447424 -0.036156
v 0.032117 -0.474983 -0.018432
v 0.037493 0.474983 -0.036156
v -0.046440 0.447424 -0.070922
v -0.123794 0.402671 -0.102963
v -0.191595 0.342443 -0.131047
v -0.247238 0.269056 -0.154095
v -0.288584 0.185329 -0.171222
v -0.314045 0.094480 -0.181768
v -0.322642 0.000000 -0.185329
v -0.314045 -0.094480 -0.181768
v -0.288584 -0.185329 -0.171222
v -0.247238 -0.269056 -0.154095
v -0.191595 -0.342443 -0.131047
v -0.123794 -0.402671 -0.102963
v -0.046440 -0.447424 -0.070922
v 0.037493 -0.474983 -0.036156
v 0.046224 0.474983 -0.052490
v -0.029314 0.447424 -0.102963
v -0.098931 0.402671 -0.149479
v -0.159950 0.342443 -0.190251
v -0.210027 0.269056 -0.223712
v -0.247238 0.185329 -0.248575
v -0.270152 0.094480 -0.263886
v -0.277889 0.000000 -0.269056
v -0.270152 -0.094480 -0.263886
v -0.247238 -0.185329 -0.248575
v -0.210027 -0.269056 -0.223712
v -0.159950 -0.342443 -0.190251
v -0.098931 -0.402671 -0.149479
v -0.029314 -0.447424 -0.102963
v 0.046224 -0.474983 -0.052490
v 0.057974 0.474983 -0.066807
v -0.006266 0.447424 -0.131047
v -0.065470 0.402671 -0.190251
v -0.117363 0.342443 -0.242144
v -0.159950 0.269056 -0.284731
v -0.191595 0.185329 -0.316376
v -0.211082 0.094480 -0.335863
v -0.217662 0.000000 -0.342443
v -0.211082 -0.094480 -0.335863
v -0.191595 -0.185329 -0.316376
v -0.159950 -0.269056 -0.284731
v -0.117363 -0.342443 -0.242144
v -0.065470 -0.402671 -0.190251
v -0.006266 -0.447424 -0.131047
v 0.057974 -0.474983 -0.066807
v 0.072291 0.474983 -0.078557
v 0.021818 0.447424 -0.154095
v -0.024698 0.402671 -0.223712
v -0.065470 0.342443 -0.284731
v -0.098931 0.269056 -0.334808
v -0.123794 0.185329 -0.372019
v -0.139105 0.094480 -0.394933
v -0.144274 0.000000 -0.402670
v -0.139105 -0.094480 -0.394933
v -0.123794 -0.185329 -0.372019
v -0.098931 -0.269056 -0.334808
v -0.065470 -0.342443 -0.284731
v -0.024698 -0.402671 -0.223712
v 0.021818 -0.447424 -0.154095
v 0.072291 -0.474983 -0.078557
v 0.088625 0.474983 -0.087288
v 0.053859 0.447424 -0.171222
v 0.021818 0.402671 -0.248575
v -0.006266 0.342443 -0.316376
v -0.029314 0.269056 -0.372019
v -0.046440 0.185329 -0.413366
v -0.056987 0.094480 -0.438826
v -0.060547 0.000000 -0.447423
v -0.056987 -0.094480 -0.438826
v -0.046440 -0.185329 -0.413366
v -0.029314 -0.269056 -0.372019
v -0.006266 -0.342443 -0.316376
v 0.021818 -0.402671 -0.248575
v 0.053859 -0.447424 -0.171222
v 0.088625 -0.474983 -0.087288
v 0.106349 0.474983 -0.092664
v 0.088625 0.447424 -0.181768
v 0.072291 0.402671 -0.263886
v 0.057974 0.342443 -0.335863
v 0.046224 0.269056 -0.394933
v 0.037493 0.185329 -0.438826
v 0.032117 0.094480 -0.465856
v 0.030302 0.000000 -0.474982
v 0.032117 -0.094480 -0.465856
v 0.037493 -0.185329 -0.438826
v 0.046224 -0.269056 -0.394933
v 0.057974 -0.342443 -0.335863
v 0.072291 -0.402671 -0.263886
v 0.088625 -0.447424 -0.181768
v 0.106349 -0.474983 -0.092664
v 0.124781 0.474983 -0.094480
v 0.124781 0.447424 -0.185329
v 0.124781 0.342443 -0.342443
v 0.124781 0.185329 -0.447424
v 0.124781 -0.185329 -0.447424
v 0.124781 -0.342443 -0.342443
v 0.124781 -0.402671 -0.269056
v 0.124781 -0.447424 -0.185329
v 0.124781 -0.474983 -0.094480
vn 0.0286 -0.9565 -0.2902
vn 0.0975 0.0975 -0.9904
vn 0.0097 0.9951 -0.0980
vn 0.0097 -0.9951 -0.0980
vn 0.0975 -0.0975 -0.9904
vn 0.0286 0.9565 -0.2902
vn 0.0938 -0.2890 -0.9527
vn 0.0464 0.8810 -0.4709
vn 0.0865 -0.4696 -0.8786
vn 0.0624 0.7715 -0.6332
vn 0.0759 -0.6326 -0.7708
vn 0.0759 0.6326 -0.7708
vn 0.0624 -0.7715 -0.6332
vn 0.0865 0.4696 -0.8786
vn 0.0464 -0.8810 -0.4709
vn 0.0938 0.2890 -0.9527
vn 0.1374 -0.8810 -0.4528
vn 0.2779 0.2890 -0.9161
vn 0.0846 -0.9565 -0.2790
vn 0.2889 0.0976 -0.9524
vn 0.0286 0.9951 -0.0942
vn 0.0286 -0.9951 -0.0942
vn 0.2889 -0.0976 -0.9524
vn 0.0846 0.9565 -0.2790
vn 0.2779 -0.2890 -0.9161
vn 0.1374 0.8810 -0.4528
vn 0.2563 -0.4696 -0.8448
vn 0.1847 0.7715 -0.6088
vn 0.2248 -0.6326 -0.7412
vn 0.2248 0.6326 -0.7412
vn 0.1847 -0.7715 -0.6088
vn 0.2563 0.4696 -0.8448
vn 0.2230 0.8810 -0.4173
vn 0.4162 -0.4696 -0.7786
vn 0.2999 0.7715 -0.5611
vn 0.3651 -0.6326 -0.6831
vn 0.3651 0.6326 -0.6831
vn 0.2999 -0.7715 -0.5611
vn 0.4162 0.4696 -0.7786
vn 0.2230 -0.8810 -0.4173
vn 0.4513 0.2890 -0.8443
vn 0.1374 -0.9565 -0.2571
vn 0.4691 0.0975 -0.8777
vn 0.0464 0.9951 -0.0869
vn 0.0464 -0.9951 -0.0869
vn 0.4691 -0.0975 -0.8777
vn 0.1374 0.9565 -0.2571
vn 0.4513 -0.2890 -0.8443
vn 0.6073 0.2890 -0.7400
vn 0.1850 -0.9565 -0.2254
vn 0.6314 0.0975 -0.7693
vn 0.0625 0.9951 -0.0761
vn 0.0625 -0.9951 -0.0761
vn 0.6314 -0.0975 -0.7693
vn 0.1850 0.9565 -0.2254
vn 0.6073 -0.2890 -0.7400
vn 0.3002 0.8810 -0.3658
vn 0.5601 -0.4696 -0.6825
vn 0.4036 0.7715 -0.4918
vn 0.4913 -0.6326 -0.5987
vn 0.4913 0.6326 -0.5987
vn 0.4036 -0.7715 -0.4918
vn 0.5601 0.4696 -0.6825
vn 0.3002 -0.8810 -0.3658
vn 0.6825 -0.4696 -0.5601
vn 0.4918 0.7715 -0.4036
vn 0.5987 -0.6326 -0.4913
vn 0.5987 0.6326 -0.4913
vn 0.4918 -0.7715 -0.4036
vn 0.6825 0.4696 -0.5601
vn 0.3658 -0.8810 -0.3002
vn 0.7400 0.2890 -0.6073
vn 0.2254 -0.9565 -0.1850
vn 0.7693 0.0975 -0.6314
vn 0.0761 0.9951 -0.0625
vn 0.0761 -0.9951 -0.0625
vn 0.7693 -0.0975 -0.6314
vn 0.2254 0.9565 -0.1850
vn 0.7400 -0.2890 -0.6073
vn 0.3658 0.8810 -0.3002
vn 0.2571 -0.9565 -0.1374
vn 0.8777 0.0975 -0.4691
vn 0.0869 0.9951 -0.0464
vn 0.0869 -0.9951 -0.0464
vn 0.8777 -0.0975 -0.4691
vn 0.2571 0.9565 -0.1374
vn 0.8443 -0.2890 -0.4513
vn 0.4173 0.8810 -0.2230
vn 0.7786 -0.4696 -0.4162
vn 0.5611 0.7715 -0.2999
vn 0.6831 -0.6326 -0.3651
vn 0.6831 0.6326 -0.3651
vn 0.5611 -0.7715 -0.2999
vn 0.7786 0.4696 -0.4162
vn 0.4173 -0.8810 -0.2230
vn 0.8443 0.2890 -0.4513
vn 0.6088 0.7715 -0.1847
vn 0.7412 -0.6326 -0.2248
vn 0.7412 0.6326 -0.2248
vn 0.6088 -0.7715 -0.1847
vn 0.8448 0.4696 -0.2563
vn 0.4528 -0.8810 -0.1374
vn 0.9161 0.2890 -0.2779
vn 0.2790 -0.9565 -0.0846
vn 0.9524 0.0975 -0.2889
vn 0.0942 0.9951 -0.0286
vn 0.0942 -0.9951 -0.0286
vn 0.9524 -0.0975 -0.2889
vn 0.2790 0.9565 -0.0846
vn 0.9161 -0.2890 -0.2779
vn 0.4528 0.8810 -0.1374
vn 0.8448 -0.4696 -0.2563
vn 0.9904 0.0975 -0.0975
vn 0.0980 0.9951 -0.0097
vn 0.0980 -0.9951 -0.0097
vn 0.9904 -0.0975 -0.0975
vn 0.2902 0.9565 -0.0286
vn 0.9527 -0.2890 -0.0938
vn 0.4709 0.8810 -0.0464
vn 0.8786 -0.4696 -0.0865
vn 0.6332 0.7715 -0.0624
vn 0.7708 -0.6326 -0.0759
vn 0.7708 0.6326 -0.0759
vn 0.6332 -0.7715 -0.0624
vn 0.8786 0.4696 -0.0865
vn 0.4709 -0.8810 -0.0464
vn 0.9527 0.2890 -0.0938
vn 0.2902 -0.9565 -0.0286
vn 0.7708 -0.6326 0.0759
vn 0.7708 0.6326 0.0759
vn 0.6332 -0.7715 0.0624
vn 0.8786 0.4696 0.0865
vn 0.4709 -0.8810 0.0464
vn 0.9527 0.2890 0.0938
vn 0.2902 -0.9565 0.0286
vn 0.9904 0.0975 0.0976
vn 0.0980 0.9951 0.0097
vn 0.0980 -0.9951 0.0097
vn 0.9904 -0.0975 0.0976
vn 0.2902 0.9565 0.0286
vn 0.9527 -0.2890 0.0938
vn 0.4709 0.8810 0.0464
vn 0.8786 -0.4696 0.0865
vn 0.6332 0.7715 0.0624
vn 0.0942 -0.9951 0.0286
vn 0.9524 -0.0975 0.2889
vn 0.2790 0.9565 0.0846
vn 0.9161 -0.2890 0.2779
vn 0.4528 0.8810 0.1374
vn 0.8448 -0.4696 0.2563
vn 0.6088 0.7715 0.1847
vn 0.7412 -0.6326 0.2248
vn 0.7412 0.6326 0.2248
vn 0.6088 -0.7715 0.1847
vn 0.8448 0.4696 0.2563
vn 0.4528 -0.8810 0.1374
vn 0.9161 0.2890 0.2779
vn 0.2790 -0.9565 0.0846
vn 0.9524 0.0975 0.2889
vn 0.0942 0.9951 0.0286
vn 0.5611 -0.7715 0.2999
vn 0.7786 0.4696 0.4162
vn 0.4173 -0.8810 0.2230
vn 0.8443 0.2890 0.4513
vn 0.2571 -0.9565 0.1374
vn 0.8777 0.0975 0.4691
vn 0.0869 0.9951 0.0464
vn 0.0869 -0.9951 0.0464
vn 0.8777 -0.0975 0.4691
vn 0.2571 0.9565 0.1374
vn 0.8443 -0.2890 0.4513
vn 0.4173 0.8810 0.2230
vn 0.7786 -0.4696 0.4162
vn 0.5611 0.7715 0.2999
vn 0.6831 -0.6326 0.3651
vn 0.6831 0.6326 0.3651
vn 0.2254 0.9565 0.1850
vn 0.7400 -0.2890 0.6073
vn 0.3658 0.8810 0.3002
vn 0.6825 -0.4696 0.5601
vn 0.4918 0.7715 0.4036
vn 0.5987 -0.6326 0.4913
vn 0.5987 0.6326 0.4913
vn 0.4918 -0.7715 0.4036
vn 0.6825 0.4696 0.5601
vn 0.3658 -0.8810 0.3002
vn 0.7400 0.2890 0.6073
vn 0.2254 -0.9565 0.1850
vn 0.7693 0.0975 0.6314
vn 0.0761 0.9951 0.0625
vn 0.0761 -0.9951 0.0625
vn 0.7693 -0.0975 0.6314
vn 0.5601 0.4696 0.6825
vn 0.3002 -0.8810 0.3658
vn 0.6073 0.2890 0.7400
vn 0.1850 -0.9565 0.2254
vn 0.6314 0.0975 0.7693
vn 0.0625 0.9951 0.0761
vn 0.0625 -0.9951 0.0761
vn 0.6314 -0.0975 0.7693
vn 0.1850 0.9565 0.2254
vn 0.6073 -0.2890 0.7400
vn 0.3002 0.8810 0.3658
vn 0.5601 -0.4696 0.6825
vn 0.4036 0.7715 0.4918
vn 0.4913 -0.6326 0.5987
vn 0.4913 0.6326 0.5987
vn 0.4036 -0.7715 0.4918
vn 0.4513 -0.2890 0.8443
vn 0.2230 0.8810 0.4173
vn 0.4162 -0.4696 0.7786
vn 0.2999 0.7715 0.5611
vn 0.3651 -0.6326 0.6831
vn 0.3651 0.6326 0.6831
vn 0.2999 -0.7715 0.5611
vn 0.4162 0.4696 0.7786
vn 0.2230 -0.8810 0.4173
vn 0.4513 0.2890 0.8443
vn 0.1374 -0.9565 0.2571
vn 0.4691 0.0975 0.8777
vn 0.0464 0.9951 0.0869
vn 0.0464 -0.9951 0.0869
vn 0.4691 -0.0975 0.8777
vn 0.1374 0.9565 0.2571
vn 0.1374 -0.8810 0.4528
vn 0.2779 0.2890 0.9161
vn 0.0846 -0.9565 0.2790
vn 0.2889 0.0975 0.9524
vn 0.0286 0.9951 0.0942
vn 0.0286 -0.9951 0.0942
vn 0.2889 -0.0975 0.9524
vn 0.0846 0.9565 0.2790
vn 0.2779 -0.2890 0.9161
vn 0.1374 0.8810 0.4528
vn 0.2563 -0.4696 0.8448
vn 0.1847 0.7715 0.6088
vn 0.2248 -0.6326 0.7412
vn 0.2248 0.6326 0.7412
vn 0.1847 -0.7715 0.6088
vn 0.2563 0.4696 0.8448
vn 0.0464 0.8810 0.4709
vn 0.0865 -0.4696 0.8786
vn 0.0624 0.7715 0.6332
vn 0.0759 -0.6326 0.7708
vn 0.0759 0.6326 0.7708
vn 0.0624 -0.7715 0.6332
vn 0.0865 0.4696 0.8786
vn 0.0464 -0.8810 0.4709
vn 0.0938 0.2890 0.9527
vn 0.0286 -0.9565 0.2902
vn 0.0975 0.0975 0.9904
vn 0.0097 0.9951 0.0980
vn 0.0097 -0.9951 0.0980
vn 0.0975 -0.0975 0.9904
vn 0.0286 0.9565 0.2902
vn 0.0938 -0.2890 0.9527
vn -0.0938 0.2890 0.9527
vn -0.0286 -0.9565 0.2902
vn -0.0976 0.0975 0.9904
vn -0.0097 0.9951 0.0980
vn -0.0097 -0.9951 0.0980
vn -0.0976 -0.0975 0.9904
vn -0.0286 0.9565 0.2902
vn -0.0938 -0.2890 0.9527
vn -0.0464 0.8810 0.4709
vn -0.0865 -0.4696 0.8786
vn -0.0624 0.7715 0.6332
vn -0.0759 -0.6326 0.7708
vn -0.0759 0.6326 0.7708
vn -0.0624 -0.7715 0.6332
vn -0.0865 0.4696 0.8786
vn -0.0464 -0.8810 0.4709
vn -0.2563 -0.4696 0.8448
vn -0.1847 0.7715 0.6088
vn -0.2248 -0.6326 0.7412
vn -0.2248 0.6326 0.7412
vn -0.1847 -0.7715 0.6088
vn -0.2563 0.4696 0.8448
vn -0.1374 -0.8810 0.4528
vn -0.2779 0.2890 0.9161
vn -0.0846 -0.9565 0.2790
vn -0.2889 0.0975 0.9524
vn -0.0286 0.9951 0.0942
vn -0.0286 -0.9951 0.0942
vn -0.2889 -0.0975 0.9524
vn -0.0846 0.9565 0.2790
vn -0.2779 -0.2890 0.9161
vn -0.1374 0.8810 0.4528
vn -0.1374 -0.9565 0.2571
vn -0.4691 0.0975 0.8777
vn -0.0464 0.9951 0.0869
vn -0.0464 -0.9951 0.0869
vn -0.4691 -0.0975 0.8777
vn -0.1374 0.9565 0.2571
vn -0.4513 -0.2890 0.8443
vn -0.2230 0.8810 0.4173
vn -0.4162 -0.4696 0.7786
vn -0.2999 0.7715 0.5611
vn -0.3651 -0.6326 0.6831
vn -0.3651 0.6326 0.6831
vn -0.2999 -0.7715 0.5611
vn -0.4162 0.4696 0.7786
vn -0.2230 -0.8810 0.4173
vn -0.4513 0.2890 0.8443
vn -0.4913 -0.6326 0.5987
vn -0.4913 0.6326 0.5987
vn -0.4036 -0.7715 0.4918
vn -0.5601 0.4696 0.6825
vn -0.3002 -0.8810 0.3658
vn -0.6073 0.2890 0.7400
vn -0.1850 -0.9565 0.2254
vn -0.6314 0.0975 0.7693
vn -0.0625 0.9951 0.0761
vn -0.0625 -0.9951 0.0761
vn -0.6314 -0.0975 0.7693
vn -0.1850 0.9565 0.2254
vn -0.6073 -0.2890 0.7400
vn -0.3002 0.8810 0.3658
vn -0.5601 -0.4696 0.6825
vn -0.4036 0.7715 0.4918
vn -0.0761 0.9951 0.0625
vn -0.0761 -0.9951 0.0625
vn -0.7693 -0.0975 0.6314
vn -0.2254 0.9565 0.1850
vn -0.7400 -0.2890 0.6073
vn -0.3658 0.8810 0.3002
vn -0.6825 -0.4696 0.5601
vn -0.4918 0.7715 0.4036
vn -0.5987 -0.6326 0.4913
vn -0.5987 0.6326 0.4913
vn -0.4918 -0.7715 0.4036
vn -0.6825 0.4696 0.5601
vn -0.3658 -0.8810 0.3002
vn -0.7400 0.2890 0.6073
vn -0.2254 -0.9565 0.1850
vn -0.7693 0.0975 0.6314
vn -0.6831 0.6326 0.3651
vn -0.5611 -0.7715 0.2999
vn -0.7786 0.4696 0.4162
vn -0.4173 -0.8810 0.2230
vn -0.8443 0.2890 0.4513
vn -0.2571 -0.9565 0.1374
vn -0.8777 0.0975 0.4691
vn -0.0869 0.9951 0.0464
vn -0.0869 -0.9951 0.0464
vn -0.8777 -0.0975 0.4691
vn -0.2571 0.9565 0.1374
vn -0.8443 -0.2890 0.4513
vn -0.4173 0.8810 0.2230
vn -0.7786 -0.4696 0.4162
vn -0.5611 0.7715 0.2999
vn -0.6831 -0.6326 0.3651
vn -0.9524 -0.0975 0.2889
vn -0.2790 0.9565 0.0846
vn -0.9161 -0.2890 0.2779
vn -0.4528 0.8810 0.1374
vn -0.8448 -0.4696 0.2563
vn -0.6088 0.7715 0.1847
vn -0.7412 -0.6326 0.2248
vn -0.7412 0.6326 0.2248
vn -0.6088 -0.7715 0.1847
vn -0.8448 0.4696 0.2563
vn -0.4528 -0.8810 0.1374
vn -0.9161 0.2890 0.2779
vn -0.2790 -0.9565 0.0846
vn -0.9524 0.0975 0.2889
vn -0.0942 0.9951 0.0286
vn -0.0942 -0.9951 0.0286
vn -0.6332 -0.7715 0.0624
vn -0.8786 0.4696 0.0865
vn -0.4709 -0.8810 0.0464
vn -0.9527 0.2890 0.0938
vn -0.2902 -0.9565 0.0286
vn -0.9904 0.0975 0.0975
vn -0.0980 0.9951 0.0097
vn -0.0980 -0.9951 0.0097
vn -0.9904 -0.0975 0.0975
vn -0.2902 0.9565 0.0286
vn -0.9527 -0.2890 0.0938
vn -0.4709 0.8810 0.0464
vn -0.8786 -0.4696 0.0865
vn -0.6332 0.7715 0.0624
vn -0.7708 -0.6326 0.0759
vn -0.7708 0.6326 0.0759
vn -0.2902 0.9565 -0.0286
vn -0.9527 -0.2890 -0.0938
vn -0.4709 0.8810 -0.0464
vn -0.8786 -0.4696 -0.0865
vn -0.6332 0.7715 -0.0624
vn -0.7708 -0.6326 -0.0759
vn -0.7708 0.6326 -0.0759
vn -0.6332 -0.7715 -0.0624
vn -0.8786 0.4696 -0.0865
vn -0.4709 -0.8810 -0.0464
vn -0.9527 0.2890 -0.0938
vn -0.2902 -0.9565 -0.0286
vn -0.9904 0.0975 -0.0976
vn -0.0980 0.9951 -0.0097
vn -0.0980 -0.9951 -0.0097
vn -0.9904 -0.0975 -0.0976
vn -0.8448 0.4696 -0.2563
vn -0.4528 -0.8810 -0.1374
vn -0.9161 0.2890 -0.2779
vn -0.2790 -0.9565 -0.0846
vn -0.9524 0.0975 -0.2889
vn -0.0942 0.9951 -0.0286
vn -0.0942 -0.9951 -0.0286
vn -0.9524 -0.0975 -0.2889
vn -0.2790 0.9565 -0.0846
vn -0.9161 -0.2890 -0.2779
vn -0.4528 0.8810 -0.1374
vn -0.8448 -0.4696 -0.2563
vn -0.6088 0.7715 -0.1847
vn -0.7412 -0.6326 -0.2248
vn -0.7412 0.6326 -0.2248
vn -0.6088 -0.7715 -0.1847
vn -0.8443 -0.2890 -0.4513
vn -0.4173 0.8810 -0.2231
vn -0.7786 -0.4696 -0.4162
vn -0.5611 0.7715 -0.2999
vn -0.6831 -0.6326 -0.3651
vn -0.6831 0.6326 -0.3651
vn -0.5611 -0.7715 -0.2999
vn -0.7786 0.4696 -0.4162
vn -0.4173 -0.8810 -0.2231
vn -0.8443 0.2890 -0.4513
vn -0.2571 -0.9565 -0.1374
vn -0.8777 0.0975 -0.4691
vn -0.0869 0.9951 -0.0464
vn -0.0869 -0.9951 -0.0464
vn -0.8777 -0.0975 -0.4691
vn -0.2571 0.9565 -0.1374
vn -0.3658 -0.8810 -0.3002
vn -0.7400 0.2890 -0.6073
vn -0.2254 -0.9565 -0.1850
vn -0.7693 0.0975 -0.6314
vn -0.0761 0.9951 -0.0625
vn -0.0761 -0.9951 -0.0625
vn -0.7693 -0.0975 -0.6314
vn -0.2254 0.9565 -0.1850
vn -0.7400 -0.2890 -0.6073
vn -0.3658 0.8810 -0.3002
vn -0.6825 -0.4696 -0.5601
vn -0.4918 0.7715 -0.4036
vn -0.5987 -0.6326 -0.4913
vn -0.5987 0.6326 -0.4913
vn -0.4918 -0.7715 -0.4036
vn -0.6825 0.4696 -0.5601
vn -0.5601 -0.4696 -0.6825
vn -0.4036 0.7715 -0.4918
vn -0.4913 -0.6326 -0.5987
vn -0.4913 0.6326 -0.5987
vn -0.4036 -0.7715 -0.4918
vn -0.5601 0.4696 -0.6825
vn -0.3002 -0.8810 -0.3658
vn -0.6073 0.2890 -0.7400
vn -0.1850 -0.9565 -0.2254
vn -0.6314 0.0975 -0.7693
vn -0.0625 0.9951 -0.0761
vn -0.0625 -0.9951 -0.0761
vn -0.6314 -0.0975 -0.7693
vn -0.1850 0.9565 -0.2254
vn -0.6073 -0.2890 -0.7400
vn -0.3002 0.8810 -0.3658
vn -0.1374 -0.9565 -0.2571
vn -0.4691 0.0975 -0.8777
vn -0.0464 0.9951 -0.0869
vn -0.0464 -0.9951 -0.0869
vn -0.4691 -0.0975 -0.8777
vn -0.1374 0.9565 -0.2571
vn -0.4513 -0.2890 -0.8443
vn -0.2230 0.8810 -0.4173
vn -0.4162 -0.4696 -0.7786
vn -0.2999 0.7715 -0.5611
vn -0.3651 -0.6326 -0.6831
vn -0.3651 0.6326 -0.6831
vn -0.2999 -0.7715 -0.5611
vn -0.4162 0.4696 -0.7786
vn -0.2230 -0.8810 -0.4173
vn -0.4513 0.2890 -0.8443
vn -0.1847 0.7715 -0.6088
vn -0.2248 -0.6326 -0.7412
vn -0.2248 0.6326 -0.7412
vn -0.1847 -0.7715 -0.6088
vn -0.2563 0.4696 -0.8448
vn -0.1374 -0.8810 -0.4528
vn -0.2779 0.2890 -0.9161
vn -0.0846 -0.9565 -0.2790
vn -0.2889 0.0975 -0.9524
vn -0.0286 0.9951 -0.0942
vn -0.0286 -0.9951 -0.0942
vn -0.2889 -0.0975 -0.9524
vn -0.0846 0.9565 -0.2790
vn -0.2779 -0.2890 -0.9161
vn -0.1374 0.8810 -0.4528
vn -0.2563 -0.4696 -0.8448
vn -0.0976 0.0975 -0.9904
vn -0.0097 0.9951 -0.0980
vn -0.0097 -0.9951 -0.0980
vn -0.0976 -0.0975 -0.9904
vn -0.0286 0.9565 -0.2902
vn -0.0938 -0.2890 -0.9527
vn -0.0464 0.8810 -0.4709
vn -0.0865 -0.4696 -0.8786
vn -0.0624 0.7715 -0.6332
vn -0.0759 -0.6326 -0.7708
vn -0.0759 0.6326 -0.7708
vn -0.0624 -0.7715 -0.6332
vn -0.0865 0.4696 -0.8786
vn -0.0464 -0.8810 -0.4709
vn -0.0938 0.2890 -0.9527
vn -0.0286 -0.9565 -0.2902
vt 0.750000 0.062500
vt 0.750000 0.125000
vt 0.718750 0.125000
vt 0.718750 0.062500
vt 0.750000 0.500000
vt 0.750000 0.562500
vt 0.718750 0.562500
vt 0.718750 0.500000
vt 0.750000 0.937500
vt 0.734375 1.000000
vt 0.718750 0.937500
vt 0.734375 0.000000
vt 0.750000 0.437500
vt 0.718750 0.437500
vt 0.750000 0.875000
vt 0.718750 0.875000
vt 0.750000 0.375000
vt 0.718750 0.375000
vt 0.750000 0.812500
vt 0.718750 0.812500
vt 0.750000 0.312500
vt 0.718750 0.312500
vt 0.750000 0.750000
vt 0.718750 0.750000
vt 0.750000 0.250000
vt 0.718750 0.250000
vt 0.750000 0.687500
vt 0.718750 0.687500
vt 0.750000 0.187500
vt 0.718750 0.187500
vt 0.750000 0.625000
vt 0.718750 0.625000
vt 0.687500 0.187500
vt 0.687500 0.125000
vt 0.687500 0.625000
vt 0.687500 0.562500
vt 0.687500 0.062500
vt 0.687500 0.500000
vt 0.703125 1.000000
vt 0.687500 0.937500
vt 0.703125 0.000000
vt 0.687500 0.437500
vt 0.687500 0.875000
vt 0.687500 0.375000
vt 0.687500 0.812500
vt 0.687500 0.312500
vt 0.687500 0.750000
vt 0.687500 0.250000
vt 0.687500 0.687500
vt 0.656250 0.875000
vt 0.656250 0.812500
vt 0.656250 0.375000
vt 0.656250 0.312500
vt 0.656250 0.750000
vt 0.656250 0.250000
vt 0.656250 0.687500
vt 0.656250 0.187500
vt 0.656250 0.625000
vt 0.656250 0.125000
vt 0.656250 0.562500
vt 0.656250 0.062500
vt 0.656250 0.500000
vt 0.671875 1.000000
vt 0.656250 0.937500
vt 0.671875 0.000000
vt 0.656250 0.437500
vt 0.625000 0.625000
vt 0.625000 0.562500
vt 0.625000 0.125000
vt 0.625000 0.062500
vt 0.625000 0.500000
vt 0.640625 1.000000
vt 0.625000 0.937500
vt 0.640625 0.000000
vt 0.625000 0.437500
vt 0.625000 0.875000
vt 0.625000 0.375000
vt 0.625000 0.812500
vt 0.625000 0.312500
vt 0.625000 0.750000
vt 0.625000 0.250000
vt 0.625000 0.687500
vt 0.625000 0.187500
vt 0.593750 0.375000
vt 0.593750 0.312500
vt 0.593750 0.812500
vt 0.593750 0.750000
vt 0.593750 0.250000
vt 0.593750 0.687500
vt 0.593750 0.187500
vt 0.593750 0.625000
vt 0.593750 0.125000
vt 0.593750 0.562500
vt 0.593750 0.062500
vt 0.593750 0.500000
vt 0.609375 1.000000
vt 0.593750 0.937500
vt 0.609375 0.000000
vt 0.593750 0.437500
vt 0.593750 0.875000
vt 0.562500 0.125000
vt 0.562500 0.062500
vt 0.562500 0.562500
vt 0.562500 0.500000
vt 0.578125 1.000000
vt 0.562500 0.937500
vt 0.578125 0.000000
vt 0.562500 0.437500
vt 0.562500 0.875000
vt 0.562500 0.375000
vt 0.562500 0.812500
vt 0.562500 0.312500
vt 0.562500 0.750000
vt 0.562500 0.250000
vt 0.562500 0.687500
vt 0.562500 0.187500
vt 0.562500 0.625000
vt 0.531250 0.812500
vt 0.531250 0.750000
vt 0.531250 0.312500
vt 0.531250 0.250000
vt 0.531250 0.687500
vt 0.531250 0.187500
vt 0.531250 0.625000
vt 0.531250 0.125000
vt 0.531250 0.562500
vt 0.531250 0.062500
vt 0.531250 0.500000
vt 0.546875 1.000000
vt 0.531250 0.937500
vt 0.546875 0.000000
vt 0.531250 0.437500
vt 0.531250 0.875000
vt 0.531250 0.375000
vt 0.500000 0.562500
vt 0.500000 0.500000
vt 0.515625 1.000000
vt 0.500000 0.937500
vt 0.515625 0.000000
vt 0.500000 0.062500
vt 0.500000 0.437500
vt 0.500000 0.875000
vt 0.500000 0.375000
vt 0.500000 0.812500
vt 0.500000 0.312500
vt 0.500000 0.750000
vt 0.500000 0.250000
vt 0.500000 0.687500
vt 0.500000 0.187500
vt 0.500000 0.625000
vt 0.500000 0.125000
vt 0.468750 0.312500
vt 0.468750 0.250000
vt 0.468750 0.750000
vt 0.468750 0.687500
vt 0.468750 0.187500
vt 0.468750 0.625000
vt 0.468750 0.125000
vt 0.468750 0.562500
vt 0.468750 0.062500
vt 0.468750 0.500000
vt 0.484375 1.000000
vt 0.468750 0.937500
vt 0.484375 0.000000
vt 0.468750 0.437500
vt 0.468750 0.875000
vt 0.468750 0.375000
vt 0.468750 0.812500
vt 0.453125 0.000000
vt 0.437500 0.062500
vt 0.437500 0.500000
vt 0.437500 0.437500
vt 0.437500 0.937500
vt 0.437500 0.875000
vt 0.437500 0.375000
vt 0.437500 0.812500
vt 0.437500 0.312500
vt 0.437500 0.750000
vt 0.437500 0.250000
vt 0.437500 0.687500
vt 0.437500 0.187500
vt 0.437500 0.625000
vt 0.437500 0.125000
vt 0.437500 0.562500
vt 0.453125 1.000000
vt 0.406250 0.250000
vt 0.406250 0.187500
vt 0.406250 0.687500
vt 0.406250 0.625000
vt 0.406250 0.125000
vt 0.406250 0.562500
vt 0.406250 0.062500
vt 0.406250 0.500000
vt 0.421875 1.000000
vt 0.406250 0.937500
vt 0.421875 0.000000
vt 0.406250 0.437500
vt 0.406250 0.875000
vt 0.406250 0.375000
vt 0.406250 0.812500
vt 0.406250 0.312500
vt 0.406250 0.750000
vt 0.375000 0.937500
vt 0.375000 0.875000
vt 0.375000 0.437500
vt 0.375000 0.375000
vt 0.375000 0.812500
vt 0.375000 0.312500
vt 0.375000 0.750000
vt 0.375000 0.250000
vt 0.375000 0.687500
vt 0.375000 0.187500
vt 0.375000 0.625000
vt 0.375000 0.125000
vt 0.375000 0.562500
vt 0.375000 0.062500
vt 0.375000 0.500000
vt 0.390625 1.000000
vt 0.390625 0.000000
vt 0.343750 0.687500
vt 0.343750 0.625000
vt 0.343750 0.187500
vt 0.343750 0.125000
vt 0.343750 0.562500
vt 0.343750 0.062500
vt 0.343750 0.500000
vt 0.359375 1.000000
vt 0.343750 0.937500
vt 0.359375 0.000000
vt 0.343750 0.437500
vt 0.343750 0.875000
vt 0.343750 0.375000
vt 0.343750 0.812500
vt 0.343750 0.312500
vt 0.343750 0.750000
vt 0.343750 0.250000
vt 0.312500 0.437500
vt 0.312500 0.375000
vt 0.312500 0.875000
vt 0.312500 0.812500
vt 0.312500 0.312500
vt 0.312500 0.750000
vt 0.312500 0.250000
vt 0.312500 0.687500
vt 0.312500 0.187500
vt 0.312500 0.625000
vt 0.312500 0.125000
vt 0.312500 0.562500
vt 0.312500 0.062500
vt 0.312500 0.500000
vt 0.328125 1.000000
vt 0.312500 0.937500
vt 0.328125 0.000000
vt 0.281250 0.187500
vt 0.281250 0.125000
vt 0.281250 0.625000
vt 0.281250 0.562500
vt 0.281250 0.062500
vt 0.281250 0.500000
vt 0.296875 1.000000
vt 0.281250 0.937500
vt 0.296875 0.000000
vt 0.281250 0.437500
vt 0.281250 0.875000
vt 0.281250 0.375000
vt 0.281250 0.812500
vt 0.281250 0.312500
vt 0.281250 0.750000
vt 0.281250 0.250000
vt 0.281250 0.687500
vt 0.250000 0.875000
vt 0.250000 0.812500
vt 0.250000 0.375000
vt 0.250000 0.312500
vt 0.250000 0.750000
vt 0.250000 0.250000
vt 0.250000 0.687500
vt 0.250000 0.187500
vt 0.250000 0.625000
vt 0.250000 0.125000
vt 0.250000 0.562500
vt 0.250000 0.062500
vt 0.250000 0.500000
vt 0.265625 1.000000
vt 0.250000 0.937500
vt 0.265625 0.000000
vt 0.250000 0.437500
vt 0.218750 0.625000
vt 0.218750 0.562500
vt 0.218750 0.125000
vt 0.218750 0.062500
vt 0.218750 0.500000
vt 0.234375 1.000000
vt 0.218750 0.937500
vt 0.234375 0.000000
vt 0.218750 0.437500
vt 0.218750 0.875000
vt 0.218750 0.375000
vt 0.218750 0.812500
vt 0.218750 0.312500
vt 0.218750 0.750000
vt 0.218750 0.250000
vt 0.218750 0.687500
vt 0.218750 0.187500
vt 0.187500 0.375000
vt 0.187500 0.312500
vt 0.187500 0.812500
vt 0.187500 0.750000
vt 0.187500 0.250000
vt 0.187500 0.687500
vt 0.187500 0.187500
vt 0.187500 0.625000
vt 0.187500 0.125000
vt 0.187500 0.562500
vt 0.187500 0.062500
vt 0.187500 0.500000
vt 0.203125 1.000000
vt 0.187500 0.937500
vt 0.203125 0.000000
vt 0.187500 0.437500
vt 0.187500 0.875000
vt 0.156250 0.125000
vt 0.156250 0.062500
vt 0.156250 0.562500
vt 0.156250 0.500000
vt 0.171875 1.000000
vt 0.156250 0.937500
vt 0.171875 0.000000
vt 0.156250 0.437500
vt 0.156250 0.875000
vt 0.156250 0.375000
vt 0.156250 0.812500
vt 0.156250 0.312500
vt 0.156250 0.750000
vt 0.156250 0.250000
vt 0.156250 0.687500
vt 0.156250 0.187500
vt 0.156250 0.625000
vt 0.125000 0.312500
vt 0.125000 0.250000
vt 0.125000 0.750000
vt 0.125000 0.687500
vt 0.125000 0.187500
vt 0.125000 0.625000
vt 0.125000 0.125000
vt 0.125000 0.562500
vt 0.125000 0.062500
vt 0.125000 0.500000
vt 0.140625 1.000000
vt 0.125000 0.937500
vt 0.140625 0.000000
vt 0.125000 0.437500
vt 0.125000 0.875000
vt 0.125000 0.375000
vt 0.125000 0.812500
vt 0.109375 1.000000
vt 0.093750 0.937500
vt 0.109375 0.000000
vt 0.093750 0.062500
vt 0.093750 0.500000
vt 0.093750 0.437500
vt 0.093750 0.875000
vt 0.093750 0.375000
vt 0.093750 0.812500
vt 0.093750 0.312500
vt 0.093750 0.750000
vt 0.093750 0.250000
vt 0.093750 0.687500
vt 0.093750 0.187500
vt 0.093750 0.625000
vt 0.093750 0.125000
vt 0.093750 0.562500
vt 0.062500 0.750000
vt 0.062500 0.687500
vt 0.062500 0.250000
vt 0.062500 0.187500
vt 0.062500 0.625000
vt 0.062500 0.125000
vt 0.062500 0.562500
vt 0.062500 0.062500
vt 0.062500 0.500000
vt 0.078125 1.000000
vt 0.062500 0.937500
vt 0.078125 0.000000
vt 0.062500 0.437500
vt 0.062500 0.875000
vt 0.062500 0.375000
vt 0.062500 0.812500
vt 0.062500 0.312500
vt 0.031250 0.500000
vt 0.031250 0.437500
vt 0.031250 0.937500
vt 0.031250 0.875000
vt 0.031250 0.375000
vt 0.031250 0.812500
vt 0.031250 0.312500
vt 0.031250 0.750000
vt 0.031250 0.250000
vt 0.031250 0.687500
vt 0.031250 0.187500
vt 0.031250 0.625000
vt 0.031250 0.125000
vt 0.031250 0.562500
vt 0.031250 0.062500
vt 0.046875 1.000000
vt 0.046875 0.000000
vt 0.000000 0.250000
vt 0.000000 0.187500
vt 0.000000 0.687500
vt 0.000000 0.625000
vt 0.000000 0.125000
vt 0.000000 0.562500
vt 0.000000 0.062500
vt 0.000000 0.500000
vt 0.015625 1.000000
vt 0.000000 0.937500
vt 0.015625 0.000000
vt 0.000000 0.437500
vt 0.000000 0.875000
vt 0.000000 0.375000
vt 0.000000 0.812500
vt 0.000000 0.312500
vt 0.000000 0.750000
vt 1.000000 0.875000
vt 1.000000 0.937500
vt 0.968750 0.937500
vt 0.968750 0.875000
vt 1.000000 0.375000
vt 1.000000 0.437500
vt 0.968750 0.437500
vt 0.968750 0.375000
vt 1.000000 0.812500
vt 0.968750 0.812500
vt 1.000000 0.312500
vt 0.968750 0.312500
vt 1.000000 0.750000
vt 0.968750 0.750000
vt 1.000000 0.250000
vt 0.968750 0.250000
vt 1.000000 0.687500
vt 0.968750 0.687500
vt 1.000000 0.187500
vt 0.968750 0.187500
vt 1.000000 0.625000
vt 0.968750 0.625000
vt 1.000000 0.125000
vt 0.968750 0.125000
vt 1.000000 0.562500
vt 0.968750 0.562500
vt 1.000000 0.062500
vt 0.968750 0.062500
vt 1.000000 0.500000
vt 0.968750 0.500000
vt 0.984375 1.000000
vt 0.984375 0.000000
vt 0.937500 0.687500
vt 0.937500 0.625000
vt 0.937500 0.187500
vt 0.937500 0.125000
vt 0.937500 0.562500
vt 0.937500 0.062500
vt 0.937500 0.500000
vt 0.953125 1.000000
vt 0.937500 0.937500
vt 0.953125 0.000000
vt 0.937500 0.437500
vt 0.937500 0.875000
vt 0.937500 0.375000
vt 0.937500 0.812500
vt 0.937500 0.312500
vt 0.937500 0.750000
vt 0.937500 0.250000
vt 0.906250 0.437500
vt 0.906250 0.375000
vt 0.906250 0.875000
vt 0.906250 0.812500
vt 0.906250 0.312500
vt 0.906250 0.750000
vt 0.906250 0.250000
vt 0.906250 0.687500
vt 0.906250 0.187500
vt 0.906250 0.625000
vt 0.906250 0.125000
vt 0.906250 0.562500
vt 0.906250 0.062500
vt 0.906250 0.500000
vt 0.921875 1.000000
vt 0.906250 0.937500
vt 0.921875 0.000000
vt 0.875000 0.187500
vt 0.875000 0.125000
vt 0.875000 0.625000
vt 0.875000 0.562500
vt 0.875000 0.062500
vt 0.875000 0.500000
vt 0.890625 1.000000
vt 0.875000 0.937500
vt 0.890625 0.000000
vt 0.875000 0.437500
vt 0.875000 0.875000
vt 0.875000 0.375000
vt 0.875000 0.812500
vt 0.875000 0.312500
vt 0.875000 0.750000
vt 0.875000 0.250000
vt 0.875000 0.687500
vt 0.843750 0.375000
vt 0.843750 0.312500
vt 0.843750 0.812500
vt 0.843750 0.750000
vt 0.843750 0.250000
vt 0.843750 0.687500
vt 0.843750 0.187500
vt 0.843750 0.625000
vt 0.843750 0.125000
vt 0.843750 0.562500
vt 0.843750 0.062500
vt 0.843750 0.500000
vt 0.859375 1.000000
vt 0.843750 0.937500
vt 0.859375 0.000000
vt 0.843750 0.437500
vt 0.843750 0.875000
vt 0.812500 0.125000
vt 0.812500 0.062500
vt 0.812500 0.562500
vt 0.812500 0.500000
vt 0.828125 1.000000
vt 0.812500 0.937500
vt 0.828125 0.000000
vt 0.812500 0.437500
vt 0.812500 0.875000
vt 0.812500 0.375000
vt 0.812500 0.812500
vt 0.812500 0.312500
vt 0.812500 0.750000
vt 0.812500 0.250000
vt 0.812500 0.687500
vt 0.812500 0.187500
vt 0.812500 0.625000
vt 0.781250 0.812500
vt 0.781250 0.750000
vt 0.781250 0.312500
vt 0.781250 0.250000
vt 0.781250 0.687500
vt 0.781250 0.187500
vt 0.781250 0.625000
vt 0.781250 0.125000
vt 0.781250 0.562500
vt 0.781250 0.062500
vt 0.781250 0.500000
vt 0.796875 1.000000
vt 0.781250 0.937500
vt 0.796875 0.000000
vt 0.781250 0.437500
vt 0.781250 0.875000
vt 0.781250 0.375000
vt 0.765625 1.000000
vt 0.765625 0.000000
s 0
f 5237/1111/1457 5236/1112/1457 4777/1113/1457 4778/1114/1457
f 4760/1115/1458 4759/1116/1458 4770/1117/1458 4771/1118/1458
f 5229/1119/1459 4756/1120/1459 4764/1121/1459
f 4763/1122/1460 5237/1111/1460 4778/1114/1460
f 4761/1123/1461 4760/1115/1461 4771/1118/1461 4772/1124/1461
f 5230/1125/1462 5229/1119/1462 4764/1121/1462 4765/1126/1462
f 5233/1127/1463 4761/1123/1463 4772/1124/1463 4773/1128/1463
f 4757/1129/1464 5230/1125/1464 4765/1126/1464 4766/1130/1464
f 4762/1131/1465 5233/1127/1465 4773/1128/1465 4774/1132/1465
f 5231/1133/1466 4757/1129/1466 4766/1130/1466 4767/1134/1466
f 5234/1135/1467 4762/1131/1467 4774/1132/1467 4775/1136/1467
f 4758/1137/1468 5231/1133/1468 4767/1134/1468 4768/1138/1468
f 5235/1139/1469 5234/1135/1469 4775/1136/1469 4776/1140/1469
f 5232/1141/1470 4758/1137/1470 4768/1138/1470 4769/1142/1470
f 5236/1112/1471 5235/1139/1471 4776/1140/1471 4777/1113/1471
f 4759/1116/1472 5232/1141/1472 4769/1142/1472 4770/1117/1472
f 4777/1113/1473 4776/1140/1473 4791/1143/1473 4792/1144/1473
f 4770/1117/1474 4769/1142/1474 4784/1145/1474 4785/1146/1474
f 4778/1114/1475 4777/1113/1475 4792/1144/1475 4793/1147/1475
f 4771/1118/1476 4770/1117/1476 4785/1146/1476 4786/1148/1476
f 4764/1121/1477 4756/1149/1477 4779/1150/1477
f 4763/1151/1478 4778/1114/1478 4793/1147/1478
f 4772/1124/1479 4771/1118/1479 4786/1148/1479 4787/1152/1479
f 4765/1126/1480 4764/1121/1480 4779/1150/1480 4780/1153/1480
f 4773/1128/1481 4772/1124/1481 4787/1152/1481 4788/1154/1481
f 4766/1130/1482 4765/1126/1482 4780/1153/1482 4781/1155/1482
f 4774/1132/1483 4773/1128/1483 4788/1154/1483 4789/1156/1483
f 4767/1134/1484 4766/1130/1484 4781/1155/1484 4782/1157/1484
f 4775/1136/1485 4774/1132/1485 4789/1156/1485 4790/1158/1485
f 4768/1138/1486 4767/1134/1486 4782/1157/1486 4783/1159/1486
f 4776/1140/1487 4775/1136/1487 4790/1158/1487 4791/1143/1487
f 4769/1142/1488 4768/1138/1488 4783/1159/1488 4784/1145/1488
f 4781/1155/1489 4780/1153/1489 4795/1160/1489 4796/1161/1489
f 4789/1156/1490 4788/1154/1490 4803/1162/1490 4804/1163/1490
f 4782/1157/1491 4781/1155/1491 4796/1161/1491 4797/1164/1491
f 4790/1158/1492 4789/1156/1492 4804/1163/1492 4805/1165/1492
f 4783/1159/1493 4782/1157/1493 4797/1164/1493 4798/1166/1493
f 4791/1143/1494 4790/1158/1494 4805/1165/1494 4806/1167/1494
f 4784/1145/1495 4783/1159/1495 4798/1166/1495 4799/1168/1495
f 4792/1144/1496 4791/1143/1496 4806/1167/1496 4807/1169/1496
f 4785/1146/1497 4784/1145/1497 4799/1168/1497 4800/1170/1497
f 4793/1147/1498 4792/1144/1498 4807/1169/1498 4808/1171/1498
f 4786/1148/1499 4785/1146/1499 4800/1170/1499 4801/1172/1499
f 4779/1150/1500 4756/1173/1500 4794/1174/1500
f 4763/1175/1501 4793/1147/1501 4808/1171/1501
f 4787/1152/1502 4786/1148/1502 4801/1172/1502 4802/1176/1502
f 4780/1153/1503 4779/1150/1503 4794/1174/1503 4795/1160/1503
f 4788/1154/1504 4787/1152/1504 4802/1176/1504 4803/1162/1504
f 4800/1170/1505 4799/1168/1505 4814/1177/1505 4815/1178/1505
f 4808/1171/1506 4807/1169/1506 4822/1179/1506 4823/1180/1506
f 4801/1172/1507 4800/1170/1507 4815/1178/1507 4816/1181/1507
f 4794/1174/1508 4756/1182/1508 4809/1183/1508
f 4763/1184/1509 4808/1171/1509 4823/1180/1509
f 4802/1176/1510 4801/1172/1510 4816/1181/1510 4817/1185/1510
f 4795/1160/1511 4794/1174/1511 4809/1183/1511 4810/1186/1511
f 4803/1162/1512 4802/1176/1512 4817/1185/1512 4818/1187/1512
f 4796/1161/1513 4795/1160/1513 4810/1186/1513 4811/1188/1513
f 4804/1163/1514 4803/1162/1514 4818/1187/1514 4819/1189/1514
f 4797/1164/1515 4796/1161/1515 4811/1188/1515 4812/1190/1515
f 4805/1165/1516 4804/1163/1516 4819/1189/1516 4820/1191/1516
f 4798/1166/1517 4797/1164/1517 4812/1190/1517 4813/1192/1517
f 4806/1167/1518 4805/1165/1518 4820/1191/1518 4821/1193/1518
f 4799/1168/1519 4798/1166/1519 4813/1192/1519 4814/1177/1519
f 4807/1169/1520 4806/1167/1520 4821/1193/1520 4822/1179/1520
f 4819/1189/1521 4818/1187/1521 4833/1194/1521 4834/1195/1521
f 4812/1190/1522 4811/1188/1522 4826/1196/1522 4827/1197/1522
f 4820/1191/1523 4819/1189/1523 4834/1195/1523 4835/1198/1523
f 4813/1192/1524 4812/1190/1524 4827/1197/1524 4828/1199/1524
f 4821/1193/1525 4820/1191/1525 4835/1198/1525 4836/1200/1525
f 4814/1177/1526 4813/1192/1526 4828/1199/1526 4829/1201/1526
f 4822/1179/1527 4821/1193/1527 4836/1200/1527 4837/1202/1527
f 4815/1178/1528 4814/1177/1528 4829/1201/1528 4830/1203/1528
f 4823/1180/1529 4822/1179/1529 4837/1202/1529 4838/1204/1529
f 4816/1181/1530 4815/1178/1530 4830/1203/1530 4831/1205/1530
f 4809/1183/1531 4756/1206/1531 4824/1207/1531
f 4763/1208/1532 4823/1180/1532 4838/1204/1532
f 4817/1185/1533 4816/1181/1533 4831/1205/1533 4832/1209/1533
f 4810/1186/1534 4809/1183/1534 4824/1207/1534 4825/1210/1534
f 4818/1187/1535 4817/1185/1535 4832/1209/1535 4833/1194/1535
f 4811/1188/1536 4810/1186/1536 4825/1210/1536 4826/1196/1536
f 4838/1204/1537 4837/1202/1537 4852/1211/1537 4853/1212/1537
f 4831/1205/1538 4830/1203/1538 4845/1213/1538 4846/1214/1538
f 4824/1207/1539 4756/1215/1539 4839/1216/1539
f 4763/1217/1540 4838/1204/1540 4853/1212/1540
f 4832/1209/1541 4831/1205/1541 4846/1214/1541 4847/1218/1541
f 4825/1210/1542 4824/1207/1542 4839/1216/1542 4840/1219/1542
f 4833/1194/1543 4832/1209/1543 4847/1218/1543 4848/1220/1543
f 4826/1196/1544 4825/1210/1544 4840/1219/1544 4841/1221/1544
f 4834/1195/1545 4833/1194/1545 4848/1220/1545 4849/1222/1545
f 4827/1197/1546 4826/1196/1546 4841/1221/1546 4842/1223/1546
f 4835/1198/1547 4834/1195/1547 4849/1222/1547 4850/1224/1547
f 4828/1199/1548 4827/1197/1548 4842/1223/1548 4843/1225/1548
f 4836/1200/1549 4835/1198/1549 4850/1224/1549 4851/1226/1549
f 4829/1201/1550 4828/1199/1550 4843/1225/1550 4844/1227/1550
f 4837/1202/1551 4836/1200/1551 4851/1226/1551 4852/1211/1551
f 4830/1203/1552 4829/1201/1552 4844/1227/1552 4845/1213/1552
f 4842/1223/1553 4841/1221/1553 4856/1228/1553 4857/1229/1553
f 4850/1224/1554 4849/1222/1554 4864/1230/1554 4865/1231/1554
f 4843/1225/1555 4842/1223/1555 4857/1229/1555 4858/1232/1555
f 4851/1226/1556 4850/1224/1556 4865/1231/1556 4866/1233/1556
f 4844/1227/1557 4843/1225/1557 4858/1232/1557 4859/1234/1557
f 4852/1211/1558 4851/1226/1558 4866/1233/1558 4867/1235/1558
f 4845/1213/1559 4844/1227/1559 4859/1234/1559 4860/1236/1559
f 4853/1212/1560 4852/1211/1560 4867/1235/1560 4868/1237/1560
f 4846/1214/1561 4845/1213/1561 4860/1236/1561 4861/1238/1561
f 4839/1216/1562 4756/1239/1562 4854/1240/1562
f 4763/1241/1563 4853/1212/1563 4868/1237/1563
f 4847/1218/1564 4846/1214/1564 4861/1238/1564 4862/1242/1564
f 4840/1219/1565 4839/1216/1565 4854/1240/1565 4855/1243/1565
f 4848/1220/1566 4847/1218/1566 4862/1242/1566 4863/1244/1566
f 4841/1221/1567 4840/1219/1567 4855/1243/1567 4856/1228/1567
f 4849/1222/1568 4848/1220/1568 4863/1244/1568 4864/1230/1568
f 4861/1238/1569 4860/1236/1569 4875/1245/1569 4876/1246/1569
f 4854/1240/1570 4756/1247/1570 4869/1248/1570
f 4763/1249/1571 4868/1237/1571 4883/1250/1571
f 4862/1242/1572 4861/1238/1572 4876/1246/1572 4877/1251/1572
f 4855/1243/1573 4854/1240/1573 4869/1248/1573 4870/1252/1573
f 4863/1244/1574 4862/1242/1574 4877/1251/1574 4878/1253/1574
f 4856/1228/1575 4855/1243/1575 4870/1252/1575 4871/1254/1575
f 4864/1230/1576 4863/1244/1576 4878/1253/1576 4879/1255/1576
f 4857/1229/1577 4856/1228/1577 4871/1254/1577 4872/1256/1577
f 4865/1231/1578 4864/1230/1578 4879/1255/1578 4880/1257/1578
f 4858/1232/1579 4857/1229/1579 4872/1256/1579 4873/1258/1579
f 4866/1233/1580 4865/1231/1580 4880/1257/1580 4881/1259/1580
f 4859/1234/1581 4858/1232/1581 4873/1258/1581 4874/1260/1581
f 4867/1235/1582 4866/1233/1582 4881/1259/1582 4882/1261/1582
f 4860/1236/1583 4859/1234/1583 4874/1260/1583 4875/1245/1583
f 4868/1237/1584 4867/1235/1584 4882/1261/1584 4883/1250/1584
f 4880/1257/1585 4879/1255/1585 4894/1262/1585 4895/1263/1585
f 4873/1258/1586 4872/1256/1586 4887/1264/1586 4888/1265/1586
f 4881/1259/1587 4880/1257/1587 4895/1263/1587 4896/1266/1587
f 4874/1260/1588 4873/1258/1588 4888/1265/1588 4889/1267/1588
f 4882/1261/1589 4881/1259/1589 4896/1266/1589 4897/1268/1589
f 4875/1245/1590 4874/1260/1590 4889/1267/1590 4890/1269/1590
f 4883/1250/1591 4882/1261/1591 4897/1268/1591 4898/1270/1591
f 4876/1246/1592 4875/1245/1592 4890/1269/1592 4891/1271/1592
f 4869/1248/1593 4756/1272/1593 4884/1273/1593
f 4763/1274/1594 4883/1250/1594 4898/1270/1594
f 4877/1251/1595 4876/1246/1595 4891/1271/1595 4892/1275/1595
f 4870/1252/1596 4869/1248/1596 4884/1273/1596 4885/1276/1596
f 4878/1253/1597 4877/1251/1597 4892/1275/1597 4893/1277/1597
f 4871/1254/1598 4870/1252/1598 4885/1276/1598 4886/1278/1598
f 4879/1255/1599 4878/1253/1599 4893/1277/1599 4894/1262/1599
f 4872/1256/1600 4871/1254/1600 4886/1278/1600 4887/1264/1600
f 4763/1279/1601 4898/1270/1601 4913/1280/1601
f 4892/1275/1602 4891/1271/1602 4906/1281/1602 4907/1282/1602
f 4885/1276/1603 4884/1273/1603 4899/1283/1603 4900/1284/1603
f 4893/1277/1604 4892/1275/1604 4907/1282/1604 4908/1285/1604
f 4886/1278/1605 4885/1276/1605 4900/1284/1605 4901/1286/1605
f 4894/1262/1606 4893/1277/1606 4908/1285/1606 4909/1287/1606
f 4887/1264/1607 4886/1278/1607 4901/1286/1607 4902/1288/1607
f 4895/1263/1608 4894/1262/1608 4909/1287/1608 4910/1289/1608
f 4888/1265/1609 4887/1264/1609 4902/1288/1609 4903/1290/1609
f 4896/1266/1610 4895/1263/1610 4910/1289/1610 4911/1291/1610
f 4889/1267/1611 4888/1265/1611 4903/1290/1611 4904/1292/1611
f 4897/1268/1612 4896/1266/1612 4911/1291/1612 4912/1293/1612
f 4890/1269/1613 4889/1267/1613 4904/1292/1613 4905/1294/1613
f 4898/1270/1614 4897/1268/1614 4912/1293/1614 4913/1280/1614
f 4891/1271/1615 4890/1269/1615 4905/1294/1615 4906/1281/1615
f 4884/1273/1616 4756/1295/1616 4899/1283/1616
f 4911/1291/1617 4910/1289/1617 4925/1296/1617 4926/1297/1617
f 4904/1292/1618 4903/1290/1618 4918/1298/1618 4919/1299/1618
f 4912/1293/1619 4911/1291/1619 4926/1297/1619 4927/1300/1619
f 4905/1294/1620 4904/1292/1620 4919/1299/1620 4920/1301/1620
f 4913/1280/1621 4912/1293/1621 4927/1300/1621 4928/1302/1621
f 4906/1281/1622 4905/1294/1622 4920/1301/1622 4921/1303/1622
f 4899/1283/1623 4756/1304/1623 4914/1305/1623
f 4763/1306/1624 4913/1280/1624 4928/1302/1624
f 4907/1282/1625 4906/1281/1625 4921/1303/1625 4922/1307/1625
f 4900/1284/1626 4899/1283/1626 4914/1305/1626 4915/1308/1626
f 4908/1285/1627 4907/1282/1627 4922/1307/1627 4923/1309/1627
f 4901/1286/1628 4900/1284/1628 4915/1308/1628 4916/1310/1628
f 4909/1287/1629 4908/1285/1629 4923/1309/1629 4924/1311/1629
f 4902/1288/1630 4901/1286/1630 4916/1310/1630 4917/1312/1630
f 4910/1289/1631 4909/1287/1631 4924/1311/1631 4925/1296/1631
f 4903/1290/1632 4902/1288/1632 4917/1312/1632 4918/1298/1632
f 4915/1308/1633 4914/1305/1633 4929/1313/1633 4930/1314/1633
f 4923/1309/1634 4922/1307/1634 4937/1315/1634 4938/1316/1634
f 4916/1310/1635 4915/1308/1635 4930/1314/1635 4931/1317/1635
f 4924/1311/1636 4923/1309/1636 4938/1316/1636 4939/1318/1636
f 4917/1312/1637 4916/1310/1637 4931/1317/1637 4932/1319/1637
f 4925/1296/1638 4924/1311/1638 4939/1318/1638 4940/1320/1638
f 4918/1298/1639 4917/1312/1639 4932/1319/1639 4933/1321/1639
f 4926/1297/1640 4925/1296/1640 4940/1320/1640 4941/1322/1640
f 4919/1299/1641 4918/1298/1641 4933/1321/1641 4934/1323/1641
f 4927/1300/1642 4926/1297/1642 4941/1322/1642 4942/1324/1642
f 4920/1301/1643 4919/1299/1643 4934/1323/1643 4935/1325/1643
f 4928/1302/1644 4927/1300/1644 4942/1324/1644 4943/1326/1644
f 4921/1303/1645 4920/1301/1645 4935/1325/1645 4936/1327/1645
f 4914/1305/1646 4756/1328/1646 4929/1313/1646
f 4763/1329/1647 4928/1302/1647 4943/1326/1647
f 4922/1307/1648 4921/1303/1648 4936/1327/1648 4937/1315/1648
f 4934/1323/1649 4933/1321/1649 4948/1330/1649 4949/1331/1649
f 4942/1324/1650 4941/1322/1650 4956/1332/1650 4957/1333/1650
f 4935/1325/1651 4934/1323/1651 4949/1331/1651 4950/1334/1651
f 4943/1326/1652 4942/1324/1652 4957/1333/1652 4958/1335/1652
f 4936/1327/1653 4935/1325/1653 4950/1334/1653 4951/1336/1653
f 4929/1313/1654 4756/1337/1654 4944/1338/1654
f 4763/1339/1655 4943/1326/1655 4958/1335/1655
f 4937/1315/1656 4936/1327/1656 4951/1336/1656 4952/1340/1656
f 4930/1314/1657 4929/1313/1657 4944/1338/1657 4945/1341/1657
f 4938/1316/1658 4937/1315/1658 4952/1340/1658 4953/1342/1658
f 4931/1317/1659 4930/1314/1659 4945/1341/1659 4946/1343/1659
f 4939/1318/1660 4938/1316/1660 4953/1342/1660 4954/1344/1660
f 4932/1319/1661 4931/1317/1661 4946/1343/1661 4947/1345/1661
f 4940/1320/1662 4939/1318/1662 4954/1344/1662 4955/1346/1662
f 4933/1321/1663 4932/1319/1663 4947/1345/1663 4948/1330/1663
f 4941/1322/1664 4940/1320/1664 4955/1346/1664 4956/1332/1664
f 4953/1342/1665 4952/1340/1665 4967/1347/1665 4968/1348/1665
f 4946/1343/1666 4945/1341/1666 4960/1349/1666 4961/1350/1666
f 4954/1344/1667 4953/1342/1667 4968/1348/1667 4969/1351/1667
f 4947/1345/1668 4946/1343/1668 4961/1350/1668 4962/1352/1668
f 4955/1346/1669 4954/1344/1669 4969/1351/1669 4970/1353/1669
f 4948/1330/1670 4947/1345/1670 4962/1352/1670 4963/1354/1670
f 4956/1332/1671 4955/1346/1671 4970/1353/1671 4971/1355/1671
f 4949/1331/1672 4948/1330/1672 4963/1354/1672 4964/1356/1672
f 4957/1333/1673 4956/1332/1673 4971/1355/1673 4972/1357/1673
f 4950/1334/1674 4949/1331/1674 4964/1356/1674 4965/1358/1674
f 4958/1335/1675 4957/1333/1675 4972/1357/1675 4973/1359/1675
f 4951/1336/1676 4950/1334/1676 4965/1358/1676 4966/1360/1676
f 4944/1338/1677 4756/1361/1677 4959/1362/1677
f 4763/1363/1678 4958/1335/1678 4973/1359/1678
f 4952/1340/1679 4951/1336/1679 4966/1360/1679 4967/1347/1679
f 4945/1341/1680 4944/1338/1680 4959/1362/1680 4960/1349/1680
f 4972/1357/1681 4971/1355/1681 4986/1364/1681 4987/1365/1681
f 4965/1358/1682 4964/1356/1682 4979/1366/1682 4980/1367/1682
f 4973/1359/1683 4972/1357/1683 4987/1365/1683 4988/1368/1683
f 4966/1360/1684 4965/1358/1684 4980/1367/1684 4981/1369/1684
f 4959/1362/1685 4756/1370/1685 4974/1371/1685
f 4763/1372/1686 4973/1359/1686 4988/1368/1686
f 4967/1347/1687 4966/1360/1687 4981/1369/1687 4982/1373/1687
f 4960/1349/1688 4959/1362/1688 4974/1371/1688 4975/1374/1688
f 4968/1348/1689 4967/1347/1689 4982/1373/1689 4983/1375/1689
f 4961/1350/1690 4960/1349/1690 4975/1374/1690 4976/1376/1690
f 4969/1351/1691 4968/1348/1691 4983/1375/1691 4984/1377/1691
f 4962/1352/1692 4961/1350/1692 4976/1376/1692 4977/1378/1692
f 4970/1353/1693 4969/1351/1693 4984/1377/1693 4985/1379/1693
f 4963/1354/1694 4962/1352/1694 4977/1378/1694 4978/1380/1694
f 4971/1355/1695 4970/1353/1695 4985/1379/1695 4986/1364/1695
f 4964/1356/1696 4963/1354/1696 4978/1380/1696 4979/1366/1696
f 4976/1376/1697 4975/1374/1697 4990/1381/1697 4991/1382/1697
f 4984/1377/1698 4983/1375/1698 4998/1383/1698 4999/1384/1698
f 4977/1378/1699 4976/1376/1699 4991/1382/1699 4992/1385/1699
f 4985/1379/1700 4984/1377/1700 4999/1384/1700 5000/1386/1700
f 4978/1380/1701 4977/1378/1701 4992/1385/1701 4993/1387/1701
f 4986/1364/1702 4985/1379/1702 5000/1386/1702 5001/1388/1702
f 4979/1366/1703 4978/1380/1703 4993/1387/1703 4994/1389/1703
f 4987/1365/1704 4986/1364/1704 5001/1388/1704 5002/1390/1704
f 4980/1367/1705 4979/1366/1705 4994/1389/1705 4995/1391/1705
f 4988/1368/1706 4987/1365/1706 5002/1390/1706 5003/1392/1706
f 4981/1369/1707 4980/1367/1707 4995/1391/1707 4996/1393/1707
f 4974/1371/1708 4756/1394/1708 4989/1395/1708
f 4763/1396/1709 4988/1368/1709 5003/1392/1709
f 4982/1373/1710 4981/1369/1710 4996/1393/1710 4997/1397/1710
f 4975/1374/1711 4974/1371/1711 4989/1395/1711 4990/1381/1711
f 4983/1375/1712 4982/1373/1712 4997/1397/1712 4998/1383/1712
f 4995/1391/1713 4994/1389/1713 5009/1398/1713 5010/1399/1713
f 5003/1392/1714 5002/1390/1714 5017/1400/1714 5018/1401/1714
f 4996/1393/1715 4995/1391/1715 5010/1399/1715 5011/1402/1715
f 4989/1395/1716 4756/1403/1716 5004/1404/1716
f 4763/1405/1717 5003/1392/1717 5018/1401/1717
f 4997/1397/1718 4996/1393/1718 5011/1402/1718 5012/1406/1718
f 4990/1381/1719 4989/1395/1719 5004/1404/1719 5005/1407/1719
f 4998/1383/1720 4997/1397/1720 5012/1406/1720 5013/1408/1720
f 4991/1382/1721 4990/1381/1721 5005/1407/1721 5006/1409/1721
f 4999/1384/1722 4998/1383/1722 5013/1408/1722 5014/1410/1722
f 4992/1385/1723 4991/1382/1723 5006/1409/1723 5007/1411/1723
f 5000/1386/1724 4999/1384/1724 5014/1410/1724 5015/1412/1724
f 4993/1387/1725 4992/1385/1725 5007/1411/1725 5008/1413/1725
f 5001/1388/1726 5000/1386/1726 5015/1412/1726 5016/1414/1726
f 4994/1389/1727 4993/1387/1727 5008/1413/1727 5009/1398/1727
f 5002/1390/1728 5001/1388/1728 5016/1414/1728 5017/1400/1728
f 5014/1410/1729 5013/1408/1729 5028/1415/1729 5029/1416/1729
f 5007/1411/1730 5006/1409/1730 5021/1417/1730 5022/1418/1730
f 5015/1412/1731 5014/1410/1731 5029/1416/1731 5030/1419/1731
f 5008/1413/1732 5007/1411/1732 5022/1418/1732 5023/1420/1732
f 5016/1414/1733 5015/1412/1733 5030/1419/1733 5031/1421/1733
f 5009/1398/1734 5008/1413/1734 5023/1420/1734 5024/1422/1734
f 5017/1400/1735 5016/1414/1735 5031/1421/1735 5032/1423/1735
f 5010/1399/1736 5009/1398/1736 5024/1422/1736 5025/1424/1736
f 5018/1401/1737 5017/1400/1737 5032/1423/1737 5033/1425/1737
f 5011/1402/1738 5010/1399/1738 5025/1424/1738 5026/1426/1738
f 5004/1404/1739 4756/1427/1739 5019/1428/1739
f 4763/1429/1740 5018/1401/1740 5033/1425/1740
f 5012/1406/1741 5011/1402/1741 5026/1426/1741 5027/1430/1741
f 5005/1407/1742 5004/1404/1742 5019/1428/1742 5020/1431/1742
f 5013/1408/1743 5012/1406/1743 5027/1430/1743 5028/1415/1743
f 5006/1409/1744 5005/1407/1744 5020/1431/1744 5021/1417/1744
f 5033/1425/1745 5032/1423/1745 5047/1432/1745 5048/1433/1745
f 5026/1426/1746 5025/1424/1746 5040/1434/1746 5041/1435/1746
f 5019/1428/1747 4756/1436/1747 5034/1437/1747
f 4763/1438/1748 5033/1425/1748 5048/1433/1748
f 5027/1430/1749 5026/1426/1749 5041/1435/1749 5042/1439/1749
f 5020/1431/1750 5019/1428/1750 5034/1437/1750 5035/1440/1750
f 5028/1415/1751 5027/1430/1751 5042/1439/1751 5043/1441/1751
f 5021/1417/1752 5020/1431/1752 5035/1440/1752 5036/1442/1752
f 5029/1416/1753 5028/1415/1753 5043/1441/1753 5044/1443/1753
f 5022/1418/1754 5021/1417/1754 5036/1442/1754 5037/1444/1754
f 5030/1419/1755 5029/1416/1755 5044/1443/1755 5045/1445/1755
f 5023/1420/1756 5022/1418/1756 5037/1444/1756 5038/1446/1756
f 5031/1421/1757 5030/1419/1757 5045/1445/1757 5046/1447/1757
f 5024/1422/1758 5023/1420/1758 5038/1446/1758 5039/1448/1758
f 5032/1423/1759 5031/1421/1759 5046/1447/1759 5047/1432/1759
f 5025/1424/1760 5024/1422/1760 5039/1448/1760 5040/1434/1760
f 5045/1445/1761 5044/1443/1761 5059/1449/1761 5060/1450/1761
f 5038/1446/1762 5037/1444/1762 5052/1451/1762 5053/1452/1762
f 5046/1447/1763 5045/1445/1763 5060/1450/1763 5061/1453/1763
f 5039/1448/1764 5038/1446/1764 5053/1452/1764 5054/1454/1764
f 5047/1432/1765 5046/1447/1765 5061/1453/1765 5062/1455/1765
f 5040/1434/1766 5039/1448/1766 5054/1454/1766 5055/1456/1766
f 5048/1433/1767 5047/1432/1767 5062/1455/1767 5063/1457/1767
f 5041/1435/1768 5040/1434/1768 5055/1456/1768 5056/1458/1768
f 5034/1437/1769 4756/1459/1769 5049/1460/1769
f 4763/1461/1770 5048/1433/1770 5063/1457/1770
f 5042/1439/1771 5041/1435/1771 5056/1458/1771 5057/1462/1771
f 5035/1440/1772 5034/1437/1772 5049/1460/1772 5050/1463/1772
f 5043/1441/1773 5042/1439/1773 5057/1462/1773 5058/1464/1773
f 5036/1442/1774 5035/1440/1774 5050/1463/1774 5051/1465/1774
f 5044/1443/1775 5043/1441/1775 5058/1464/1775 5059/1449/1775
f 5037/1444/1776 5036/1442/1776 5051/1465/1776 5052/1451/1776
f 5049/1460/1777 4756/1466/1777 5064/1467/1777
f 4763/1468/1778 5063/1457/1778 5078/1469/1778
f 5057/1462/1779 5056/1458/1779 5071/1470/1779 5072/1471/1779
f 5050/1463/1780 5049/1460/1780 5064/1467/1780 5065/1472/1780
f 5058/1464/1781 5057/1462/1781 5072/1471/1781 5073/1473/1781
f 5051/1465/1782 5050/1463/1782 5065/1472/1782 5066/1474/1782
f 5059/1449/1783 5058/1464/1783 5073/1473/1783 5074/1475/1783
f 5052/1451/1784 5051/1465/1784 5066/1474/1784 5067/1476/1784
f 5060/1450/1785 5059/1449/1785 5074/1475/1785 5075/1477/1785
f 5053/1452/1786 5052/1451/1786 5067/1476/1786 5068/1478/1786
f 5061/1453/1787 5060/1450/1787 5075/1477/1787 5076/1479/1787
f 5054/1454/1788 5053/1452/1788 5068/1478/1788 5069/1480/1788
f 5062/1455/1789 5061/1453/1789 5076/1479/1789 5077/1481/1789
f 5055/1456/1790 5054/1454/1790 5069/1480/1790 5070/1482/1790
f 5063/1457/1791 5062/1455/1791 5077/1481/1791 5078/1469/1791
f 5056/1458/1792 5055/1456/1792 5070/1482/1792 5071/1470/1792
f 5068/1478/1793 5067/1476/1793 5082/1483/1793 5083/1484/1793
f 5076/1479/1794 5075/1477/1794 5090/1485/1794 5091/1486/1794
f 5069/1480/1795 5068/1478/1795 5083/1484/1795 5084/1487/1795
f 5077/1481/1796 5076/1479/1796 5091/1486/1796 5092/1488/1796
f 5070/1482/1797 5069/1480/1797 5084/1487/1797 5085/1489/1797
f 5078/1469/1798 5077/1481/1798 5092/1488/1798 5093/1490/1798
f 5071/1470/1799 5070/1482/1799 5085/1489/1799 5086/1491/1799
f 5064/1467/1800 4756/1492/1800 5079/1493/1800
f 4763/1494/1801 5078/1469/1801 5093/1490/1801
f 5072/1471/1802 5071/1470/1802 5086/1491/1802 5087/1495/1802
f 5065/1472/1803 5064/1467/1803 5079/1493/1803 5080/1496/1803
f 5073/1473/1804 5072/1471/1804 5087/1495/1804 5088/1497/1804
f 5066/1474/1805 5065/1472/1805 5080/1496/1805 5081/1498/1805
f 5074/1475/1806 5073/1473/1806 5088/1497/1806 5089/1499/1806
f 5067/1476/1807 5066/1474/1807 5081/1498/1807 5082/1483/1807
f 5075/1477/1808 5074/1475/1808 5089/1499/1808 5090/1485/1808
f 5087/1495/1809 5086/1491/1809 5101/1500/1809 5102/1501/1809
f 5080/1496/1810 5079/1493/1810 5094/1502/1810 5095/1503/1810
f 5088/1497/1811 5087/1495/1811 5102/1501/1811 5103/1504/1811
f 5081/1498/1812 5080/1496/1812 5095/1503/1812 5096/1505/1812
f 5089/1499/1813 5088/1497/1813 5103/1504/1813 5104/1506/1813
f 5082/1483/1814 5081/1498/1814 5096/1505/1814 5097/1507/1814
f 5090/1485/1815 5089/1499/1815 5104/1506/1815 5105/1508/1815
f 5083/1484/1816 5082/1483/1816 5097/1507/1816 5098/1509/1816
f 5091/1486/1817 5090/1485/1817 5105/1508/1817 5106/1510/1817
f 5084/1487/1818 5083/1484/1818 5098/1509/1818 5099/1511/1818
f 5092/1488/1819 5091/1486/1819 5106/1510/1819 5107/1512/1819
f 5085/1489/1820 5084/1487/1820 5099/1511/1820 5100/1513/1820
f 5093/1490/1821 5092/1488/1821 5107/1512/1821 5108/1514/1821
f 5086/1491/1822 5085/1489/1822 5100/1513/1822 5101/1500/1822
f 5079/1493/1823 4756/1515/1823 5094/1502/1823
f 4763/1516/1824 5093/1490/1824 5108/1514/1824
f 5106/1510/1825 5105/1508/1825 5120/1517/1825 5121/1518/1825
f 5099/1511/1826 5098/1509/1826 5113/1519/1826 5114/1520/1826
f 5107/1512/1827 5106/1510/1827 5121/1518/1827 5122/1521/1827
f 5100/1513/1828 5099/1511/1828 5114/1520/1828 5115/1522/1828
f 5108/1514/1829 5107/1512/1829 5122/1521/1829 5123/1523/1829
f 5101/1500/1830 5100/1513/1830 5115/1522/1830 5116/1524/1830
f 5094/1502/1831 4756/1525/1831 5109/1526/1831
f 4763/1527/1832 5108/1514/1832 5123/1523/1832
f 5102/1501/1833 5101/1500/1833 5116/1524/1833 5117/1528/1833
f 5095/1503/1834 5094/1502/1834 5109/1526/1834 5110/1529/1834
f 5103/1504/1835 5102/1501/1835 5117/1528/1835 5118/1530/1835
f 5096/1505/1836 5095/1503/1836 5110/1529/1836 5111/1531/1836
f 5104/1506/1837 5103/1504/1837 5118/1530/1837 5119/1532/1837
f 5097/1507/1838 5096/1505/1838 5111/1531/1838 5112/1533/1838
f 5105/1508/1839 5104/1506/1839 5119/1532/1839 5120/1517/1839
f 5098/1509/1840 5097/1507/1840 5112/1533/1840 5113/1519/1840
f 5110/1534/1841 5109/1535/1841 5124/1536/1841 5125/1537/1841
f 5118/1538/1842 5117/1539/1842 5132/1540/1842 5133/1541/1842
f 5111/1542/1843 5110/1534/1843 5125/1537/1843 5126/1543/1843
f 5119/1544/1844 5118/1538/1844 5133/1541/1844 5134/1545/1844
f 5112/1546/1845 5111/1542/1845 5126/1543/1845 5127/1547/1845
f 5120/1548/1846 5119/1544/1846 5134/1545/1846 5135/1549/1846
f 5113/1550/1847 5112/1546/1847 5127/1547/1847 5128/1551/1847
f 5121/1552/1848 5120/1548/1848 5135/1549/1848 5136/1553/1848
f 5114/1554/1849 5113/1550/1849 5128/1551/1849 5129/1555/1849
f 5122/1556/1850 5121/1552/1850 5136/1553/1850 5137/1557/1850
f 5115/1558/1851 5114/1554/1851 5129/1555/1851 5130/1559/1851
f 5123/1560/1852 5122/1556/1852 5137/1557/1852 5138/1561/1852
f 5116/1562/1853 5115/1558/1853 5130/1559/1853 5131/1563/1853
f 5109/1535/1854 4756/1564/1854 5124/1536/1854
f 4763/1565/1855 5123/1560/1855 5138/1561/1855
f 5117/1539/1856 5116/1562/1856 5131/1563/1856 5132/1540/1856
f 5129/1555/1857 5128/1551/1857 5143/1566/1857 5144/1567/1857
f 5137/1557/1858 5136/1553/1858 5151/1568/1858 5152/1569/1858
f 5130/1559/1859 5129/1555/1859 5144/1567/1859 5145/1570/1859
f 5138/1561/1860 5137/1557/1860 5152/1569/1860 5153/1571/1860
f 5131/1563/1861 5130/1559/1861 5145/1570/1861 5146/1572/1861
f 5124/1536/1862 4756/1573/1862 5139/1574/1862
f 4763/1575/1863 5138/1561/1863 5153/1571/1863
f 5132/1540/1864 5131/1563/1864 5146/1572/1864 5147/1576/1864
f 5125/1537/1865 5124/1536/1865 5139/1574/1865 5140/1577/1865
f 5133/1541/1866 5132/1540/1866 5147/1576/1866 5148/1578/1866
f 5126/1543/1867 5125/1537/1867 5140/1577/1867 5141/1579/1867
f 5134/1545/1868 5133/1541/1868 5148/1578/1868 5149/1580/1868
f 5127/1547/1869 5126/1543/1869 5141/1579/1869 5142/1581/1869
f 5135/1549/1870 5134/1545/1870 5149/1580/1870 5150/1582/1870
f 5128/1551/1871 5127/1547/1871 5142/1581/1871 5143/1566/1871
f 5136/1553/1872 5135/1549/1872 5150/1582/1872 5151/1568/1872
f 5148/1578/1873 5147/1576/1873 5162/1583/1873 5163/1584/1873
f 5141/1579/1874 5140/1577/1874 5155/1585/1874 5156/1586/1874
f 5149/1580/1875 5148/1578/1875 5163/1584/1875 5164/1587/1875
f 5142/1581/1876 5141/1579/1876 5156/1586/1876 5157/1588/1876
f 5150/1582/1877 5149/1580/1877 5164/1587/1877 5165/1589/1877
f 5143/1566/1878 5142/1581/1878 5157/1588/1878 5158/1590/1878
f 5151/1568/1879 5150/1582/1879 5165/1589/1879 5166/1591/1879
f 5144/1567/1880 5143/1566/1880 5158/1590/1880 5159/1592/1880
f 5152/1569/1881 5151/1568/1881 5166/1591/1881 5167/1593/1881
f 5145/1570/1882 5144/1567/1882 5159/1592/1882 5160/1594/1882
f 5153/1571/1883 5152/1569/1883 5167/1593/1883 5168/1595/1883
f 5146/1572/1884 5145/1570/1884 5160/1594/1884 5161/1596/1884
f 5139/1574/1885 4756/1597/1885 5154/1598/1885
f 4763/1599/1886 5153/1571/1886 5168/1595/1886
f 5147/1576/1887 5146/1572/1887 5161/1596/1887 5162/1583/1887
f 5140/1577/1888 5139/1574/1888 5154/1598/1888 5155/1585/1888
f 5167/1593/1889 5166/1591/1889 5181/1600/1889 5182/1601/1889
f 5160/1594/1890 5159/1592/1890 5174/1602/1890 5175/1603/1890
f 5168/1595/1891 5167/1593/1891 5182/1601/1891 5183/1604/1891
f 5161/1596/1892 5160/1594/1892 5175/1603/1892 5176/1605/1892
f 5154/1598/1893 4756/1606/1893 5169/1607/1893
f 4763/1608/1894 5168/1595/1894 5183/1604/1894
f 5162/1583/1895 5161/1596/1895 5176/1605/1895 5177/1609/1895
f 5155/1585/1896 5154/1598/1896 5169/1607/1896 5170/1610/1896
f 5163/1584/1897 5162/1583/1897 5177/1609/1897 5178/1611/1897
f 5156/1586/1898 5155/1585/1898 5170/1610/1898 5171/1612/1898
f 5164/1587/1899 5163/1584/1899 5178/1611/1899 5179/1613/1899
f 5157/1588/1900 5156/1586/1900 5171/1612/1900 5172/1614/1900
f 5165/1589/1901 5164/1587/1901 5179/1613/1901 5180/1615/1901
f 5158/1590/1902 5157/1588/1902 5172/1614/1902 5173/1616/1902
f 5166/1591/1903 5165/1589/1903 5180/1615/1903 5181/1600/1903
f 5159/1592/1904 5158/1590/1904 5173/1616/1904 5174/1602/1904
f 5179/1613/1905 5178/1611/1905 5193/1617/1905 5194/1618/1905
f 5172/1614/1906 5171/1612/1906 5186/1619/1906 5187/1620/1906
f 5180/1615/1907 5179/1613/1907 5194/1618/1907 5195/1621/1907
f 5173/1616/1908 5172/1614/1908 5187/1620/1908 5188/1622/1908
f 5181/1600/1909 5180/1615/1909 5195/1621/1909 5196/1623/1909
f 5174/1602/1910 5173/1616/1910 5188/1622/1910 5189/1624/1910
f 5182/1601/1911 5181/1600/1911 5196/1623/1911 5197/1625/1911
f 5175/1603/1912 5174/1602/1912 5189/1624/1912 5190/1626/1912
f 5183/1604/1913 5182/1601/1913 5197/1625/1913 5198/1627/1913
f 5176/1605/1914 5175/1603/1914 5190/1626/1914 5191/1628/1914
f 5169/1607/1915 4756/1629/1915 5184/1630/1915
f 4763/1631/1916 5183/1604/1916 5198/1627/1916
f 5177/1609/1917 5176/1605/1917 5191/1628/1917 5192/1632/1917
f 5170/1610/1918 5169/1607/1918 5184/1630/1918 5185/1633/1918
f 5178/1611/1919 5177/1609/1919 5192/1632/1919 5193/1617/1919
f 5171/1612/1920 5170/1610/1920 5185/1633/1920 5186/1619/1920
f 5198/1627/1921 5197/1625/1921 5212/1634/1921 5213/1635/1921
f 5191/1628/1922 5190/1626/1922 5205/1636/1922 5206/1637/1922
f 5184/1630/1923 4756/1638/1923 5199/1639/1923
f 4763/1640/1924 5198/1627/1924 5213/1635/1924
f 5192/1632/1925 5191/1628/1925 5206/1637/1925 5207/1641/1925
f 5185/1633/1926 5184/1630/1926 5199/1639/1926 5200/1642/1926
f 5193/1617/1927 5192/1632/1927 5207/1641/1927 5208/1643/1927
f 5186/1619/1928 5185/1633/1928 5200/1642/1928 5201/1644/1928
f 5194/1618/1929 5193/1617/1929 5208/1643/1929 5209/1645/1929
f 5187/1620/1930 5186/1619/1930 5201/1644/1930 5202/1646/1930
f 5195/1621/1931 5194/1618/1931 5209/1645/1931 5210/1647/1931
f 5188/1622/1932 5187/1620/1932 5202/1646/1932 5203/1648/1932
f 5196/1623/1933 5195/1621/1933 5210/1647/1933 5211/1649/1933
f 5189/1624/1934 5188/1622/1934 5203/1648/1934 5204/1650/1934
f 5197/1625/1935 5196/1623/1935 5211/1649/1935 5212/1634/1935
f 5190/1626/1936 5189/1624/1936 5204/1650/1936 5205/1636/1936
f 5202/1646/1937 5201/1644/1937 5216/1651/1937 5217/1652/1937
f 5210/1647/1938 5209/1645/1938 5224/1653/1938 5225/1654/1938
f 5203/1648/1939 5202/1646/1939 5217/1652/1939 5218/1655/1939
f 5211/1649/1940 5210/1647/1940 5225/1654/1940 5226/1656/1940
f 5204/1650/1941 5203/1648/1941 5218/1655/1941 5219/1657/1941
f 5212/1634/1942 5211/1649/1942 5226/1656/1942 5227/1658/1942
f 5205/1636/1943 5204/1650/1943 5219/1657/1943 5220/1659/1943
f 5213/1635/1944 5212/1634/1944 5227/1658/1944 5228/1660/1944
f 5206/1637/1945 5205/1636/1945 5220/1659/1945 5221/1661/1945
f 5199/1639/1946 4756/1662/1946 5214/1663/1946
f 4763/1664/1947 5213/1635/1947 5228/1660/1947
f 5207/1641/1948 5206/1637/1948 5221/1661/1948 5222/1665/1948
f 5200/1642/1949 5199/1639/1949 5214/1663/1949 5215/1666/1949
f 5208/1643/1950 5207/1641/1950 5222/1665/1950 5223/1667/1950
f 5201/1644/1951 5200/1642/1951 5215/1666/1951 5216/1651/1951
f 5209/1645/1952 5208/1643/1952 5223/1667/1952 5224/1653/1952
f 5221/1661/1953 5220/1659/1953 4759/1116/1953 4760/1115/1953
f 5214/1663/1954 4756/1668/1954 5229/1119/1954
f 4763/1669/1955 5228/1660/1955 5237/1111/1955
f 5222/1665/1956 5221/1661/1956 4760/1115/1956 4761/1123/1956
f 5215/1666/1957 5214/1663/1957 5229/1119/1957 5230/1125/1957
f 5223/1667/1958 5222/1665/1958 4761/1123/1958 5233/1127/1958
f 5216/1651/1959 5215/1666/1959 5230/1125/1959 4757/1129/1959
f 5224/1653/1960 5223/1667/1960 5233/1127/1960 4762/1131/1960
f 5217/1652/1961 5216/1651/1961 4757/1129/1961 5231/1133/1961
f 5225/1654/1962 5224/1653/1962 4762/1131/1962 5234/1135/1962
f 5218/1655/1963 5217/1652/1963 5231/1133/1963 4758/1137/1963
f 5226/1656/1964 5225/1654/1964 5234/1135/1964 5235/1139/1964
f 5219/1657/1965 5218/1655/1965 4758/1137/1965 5232/1141/1965
f 5227/1658/1966 5226/1656/1966 5235/1139/1966 5236/1112/1966
f 5220/1659/1967 5219/1657/1967 5232/1141/1967 4759/1116/1967
f 5228/1660/1968 5227/1658/1968 5236/1112/1968 5237/1111/1968
