# Blender 5.1.0
# www.blender.org
mtllib center.mtl.mtl
o Cube
v 0.609374 2.896813 -0.502864
v 0.924235 4.133879 -0.654869
v 0.578588 5.792638 -0.378503
v 1.388764 7.002803 -0.626907
v -0.550317 7.054892 -0.623100
v -1.685435 7.296717 -0.824531
v -0.434323 5.058301 -0.564466
v 0.597925 8.779073 -1.104325
v -0.450659 5.040313 -0.554674
v 2.122160 5.210094 -0.643269
v 2.578551 6.004579 -0.650749
v 4.092964 6.720699 -0.926964
v -1.124526 4.919948 -0.708025
v -2.075811 5.367366 -1.140910
v 0.647409 1.276313 -0.736758
v -3.633259 7.876731 -1.517626
v 0.592237 3.006771 -1.255032
v 0.937690 4.421000 -1.690919
v 0.553376 5.739889 -1.981289
v 1.387698 6.946166 -1.834027
v -0.501950 7.080881 -1.818132
v -1.673723 7.470132 -1.946833
v 0.628382 8.768815 -1.441882
v -0.595500 5.009727 -1.649725
v 1.866179 5.254519 -1.824027
v 2.590282 5.644789 -1.658815
v 4.128117 6.608288 -1.030204
v -1.432810 5.043099 -1.426487
v 0.561945 1.590942 -0.916897
v -3.547903 7.892744 -1.615363
v -2.857042 7.753555 -1.158021
v -2.685391 6.586213 -1.199169
v -2.432773 7.616788 -0.976698
v -2.711182 7.785809 -1.704239
v -2.485038 6.339488 -1.563661
v -2.302378 7.641189 -1.754665
v -0.017579 3.232347 -1.258386
v -0.016483 3.069271 -0.838871
vn 0.3413 0.1910 0.9203
vn 0.4697 0.0532 0.8812
vn -0.5912 0.7270 0.3492
vn 0.3868 -0.0674 -0.9197
vn 0.1264 0.0892 0.9880
vn 0.0536 0.1750 -0.9831
vn -0.1160 0.1397 -0.9834
vn -0.0531 -0.2355 -0.9704
vn 0.1858 -0.0242 -0.9823
vn 0.0553 -0.2361 -0.9701
vn -0.1220 -0.1219 -0.9850
vn 0.1966 0.0498 -0.9792
vn 0.1981 0.1195 -0.9729
vn 0.1336 0.1165 0.9842
vn -0.2641 0.3191 0.9102
vn 0.2068 -0.0167 -0.9782
vn -0.3334 -0.1423 0.9320
vn 0.0421 -0.2031 -0.9783
vn 0.0683 0.1733 -0.9825
vn -0.2364 -0.0681 -0.9693
vn -0.0824 0.1767 -0.9808
vn 0.2949 0.1454 -0.9444
vn 0.1302 0.0310 -0.9910
vn 0.0390 -0.2058 -0.9778
vn 0.2561 0.1436 -0.9559
vn 0.0817 0.2353 0.9685
vn -0.2595 -0.0666 -0.9634
vn 0.1139 0.2567 0.9598
vn -0.1568 -0.2557 -0.9539
vn 0.2774 -0.6413 -0.7154
vn 0.4259 0.0943 -0.8998
vn 0.2873 0.0981 -0.9528
vn 0.3144 0.0945 0.9446
vn -0.1469 -0.2213 -0.9641
vn 0.6220 0.2761 -0.7327
vn 0.5409 0.4431 0.7149
vn -0.7440 -0.5663 0.3547
vn 0.2799 0.6954 -0.6619
vn -0.0985 -0.9940 0.0467
vn -0.2557 -0.9587 -0.1249
vn -0.3417 -0.9358 -0.0866
vn -0.0575 -0.9760 -0.2101
vn -0.1361 -0.9862 -0.0946
vn -0.2838 -0.9558 -0.0775
vn -0.3642 -0.9198 -0.1459
vn -0.2033 -0.9787 -0.0295
vn 0.2970 0.9432 0.1488
vn -0.1420 0.0723 -0.9872
vn -0.1213 -0.1210 -0.9852
vn -0.9044 -0.4211 -0.0688
vn 0.9215 0.3880 -0.0190
vn 0.8349 -0.5499 0.0218
vn -0.8179 0.5680 -0.0911
vn -0.4380 -0.8984 0.0339
vn -0.0758 -0.9877 -0.1368
vn -0.8632 -0.2963 0.4088
vn 0.6903 -0.0875 0.7182
vn -0.7404 0.1711 0.6501
vn 0.9280 -0.0795 -0.3641
vn 0.9656 -0.2537 -0.0578
vn 0.6390 -0.7434 -0.1977
vn 0.5051 -0.7892 -0.3495
vn -0.6683 0.7438 0.0103
vn -0.8530 0.4883 -0.1842
vn 0.4102 -0.8574 0.3108
vn -0.3948 0.5515 -0.7349
vn -0.9251 -0.3548 -0.1355
vn -0.9760 -0.2039 -0.0767
vn 0.1381 0.3878 -0.9113
vn 0.7964 0.3651 0.4822
vn -0.9198 -0.3506 -0.1760
vn 0.6329 0.4540 0.6271
vt 0.000000 0.000000
s 0
usemtl Material.002
f 9/1/1 1/1/1 7/1/1
f 5/1/2 9/1/2 7/1/2
f 9/1/3 3/1/3 7/1/3
f 2/1/5 7/1/5 1/1/5
f 3/1/8 5/1/8 8/1/8
f 3/1/9 9/1/9 5/1/9
f 25/1/12 20/1/12 26/1/12
f 5/1/13 14/1/13 6/1/13
f 34/1/14 30/1/14 35/1/14 36/1/14
f 13/1/15 9/1/15 14/1/15
f 13/1/16 5/1/16 7/1/16
f 23/1/21 20/1/21 19/1/21
f 21/1/24 28/1/24 22/1/24
f 17/1/29 19/1/29 18/1/29
f 13/1/30 7/1/30 9/1/30
f 32/1/35 14/1/35 16/1/35
f 14/1/36 28/1/36 16/1/36
f 28/1/37 16/1/37 35/1/37
f 27/1/38 20/1/38 12/1/38
f 12/1/39 4/1/39 20/1/39
f 34/1/41 36/1/41 33/1/41
f 31/1/42 16/1/42 30/1/42
f 34/1/43 31/1/43 30/1/43
f 36/1/44 22/1/44 33/1/44
f 33/1/45 22/1/45 6/1/45
f 21/1/46 5/1/46 6/1/46
f 10/1/48 3/1/48 11/1/48
f 23/1/50 4/1/50 8/1/50
f 20/1/51 23/1/51 4/1/51
f 23/1/53 21/1/53 8/1/53
f 28/1/54 13/1/54 14/1/54
f 28/1/55 24/1/55 13/1/55
f 9/1/56 38/1/56 29/1/56 15/1/56
f 1/1/57 15/1/57 2/1/57
f 29/1/58 15/1/58 17/1/58
f 17/1/60 18/1/60 2/1/60
f 26/1/62 2/1/62 25/1/62
f 2/1/63 10/1/63 26/1/63
f 11/1/64 26/1/64 10/1/64
f 26/1/65 27/1/65 11/1/65
f 11/1/66 12/1/66 27/1/66
f 37/1/67 29/1/67 38/1/67
f 9/1/68 37/1/68 38/1/68
f 15/1/71 38/1/71 29/1/71
f 30/1/72 16/1/72 35/1/72
usemtl Material.003
f 14/1/4 5/1/4 13/1/4
f 3/1/7 10/1/7 2/1/7
f 1/1/17 9/1/17 15/1/17
f 19/1/18 25/1/18 18/1/18
f 19/1/19 21/1/19 23/1/19
f 19/1/20 24/1/20 21/1/20
f 26/1/22 20/1/22 27/1/22
f 32/1/25 33/1/25 6/1/25
f 17/1/26 24/1/26 37/1/26 29/1/26
f 28/1/34 35/1/34 22/1/34
f 22/1/47 6/1/47 21/1/47
f 3/1/49 4/1/49 11/1/49
f 25/1/61 2/1/61 18/1/61
usemtl Material.004
f 11/1/11 4/1/11 12/1/11
f 20/1/23 25/1/23 19/1/23
f 24/1/27 28/1/27 21/1/27
f 16/1/31 31/1/31 33/1/31 32/1/31
f 31/1/40 34/1/40 33/1/40
f 9/1/69 37/1/69 13/1/69
f 24/1/70 13/1/70 37/1/70
usemtl Material.005
f 3/1/6 2/1/6 7/1/6
f 8/1/10 4/1/10 3/1/10
f 17/1/28 19/1/28 24/1/28
f 6/1/32 14/1/32 32/1/32
f 35/1/33 22/1/33 36/1/33
f 8/1/52 5/1/52 21/1/52
f 17/1/59 2/1/59 15/1/59
o Cone
v -0.167960 5.981017 -0.436266
v -0.167960 6.001051 -0.249894
v -0.425488 5.981017 -0.436266
v -0.167960 5.953461 -0.692604
v 0.089569 5.981017 -0.436266
v -0.167960 5.953461 -0.692604
v -0.164074 6.514063 -0.497478
v -0.390522 6.514063 -0.497478
v -0.164074 6.489833 -0.722878
v 0.062373 6.514063 -0.497478
v 0.062373 6.514063 -0.497478
v -0.164074 6.489833 -0.722878
v -0.167960 5.419982 -0.455470
v -0.115886 5.345195 -0.367917
v -0.167960 5.350767 -0.316085
v -0.220033 5.345195 -0.367917
v -0.167960 5.339623 -0.419750
v 0.089569 5.981017 -0.436266
v 0.010599 5.972567 -0.514870
v 0.080133 6.165957 -0.457504
v -0.116142 6.350346 -0.315758
v -0.302888 6.350346 -0.315758
v -0.165686 6.179437 -0.265646
v -0.162309 7.136146 -0.654654
v -0.304202 6.978830 -0.487489
v -0.035704 6.860468 -0.451819
v -0.141493 7.264255 -0.587225
v -0.171048 7.251635 -0.619175
v -0.204292 7.255112 -0.571895
vn 0.7069 0.0348 0.7065
vn -0.0000 0.9943 -0.1069
vn -0.7069 -0.0348 -0.7065
vn 0.3180 -0.9221 -0.2203
vn 0.7072 -0.0449 -0.7056
vn 0.6899 -0.2940 -0.6615
vn 0.6021 -0.0949 0.7928
vn -0.6021 -0.0949 0.7928
vn -0.0000 0.2720 0.9623
vn 0.6899 0.2940 0.6615
vn -0.3390 -0.1241 -0.9326
vn -0.0000 0.2814 0.9596
vn -0.0120 0.2635 0.9646
vn 0.6678 0.0917 0.7387
vn -0.8346 0.1436 0.5318
vn -0.7428 0.1054 -0.6612
vn 0.9377 0.2906 -0.1904
vn -0.6841 0.0249 0.7289
vn 0.6226 0.0931 0.7770
vn -0.0000 0.2577 0.9662
vn 0.6996 0.0731 -0.7107
vn -0.1896 0.9604 -0.2040
vn 0.0431 0.3076 0.9505
vn -0.8085 0.1161 -0.5770
vn 0.8778 0.1036 -0.4678
vt 0.000000 0.000000
vt 0.250000 0.010000
vt 0.010000 0.250000
vt 0.058072 0.016708
vt 0.002022 0.050551
vt 0.050551 0.099080
vt 0.045694 0.041679
vt 0.038293 0.011017
vt 0.062696 0.132304
vt 0.250000 0.490000
vt 0.490000 0.250000
vt 0.151039 0.391039
vt 0.326970 0.413030
vt 0.173030 0.271991
vt 0.348961 0.250000
vt 0.250000 0.190623
vt 0.242447 0.245632
vt 0.253675 0.220205
vt 0.248324 0.238570
vt 0.245887 0.245202
vt 0.279318 0.242066
vt 0.277497 0.240973
vt 0.254746 0.219073
s 0
usemtl Material.006
f 41/2/73 44/3/73 50/3/73 46/2/73
f 48/4/74 50/3/74 47/3/74 49/4/74
f 42/2/75 41/2/75 46/2/75 47/2/75
f 44/3/74 42/3/74 47/3/74 50/3/74
f 51/5/76 52/6/76 53/7/76 54/8/76 55/9/76
f 56/4/77 57/10/77 58/4/77
f 56/4/78 52/6/78 51/5/78 57/10/78
f 52/6/74 56/4/74 43/4/74
f 40/11/79 53/7/79 52/6/79 43/4/79
f 54/8/80 53/7/80 40/11/80 41/12/80
f 44/3/81 55/9/81 51/5/81 42/3/81
f 41/2/82 54/8/82 55/9/82 44/3/82
f 57/10/78 51/5/78 55/9/78 44/3/78
f 58/4/77 57/10/77 44/3/77 50/3/77 48/4/77
f 43/4/83 56/4/83 58/4/83 48/4/83 49/4/83
f 59/13/84 60/14/84 61/11/84
f 64/15/85 63/16/85 60/14/85
f 49/4/86 64/15/86 59/13/86
f 60/14/87 63/16/87 46/12/87
f 46/12/88 63/16/88 62/17/88 47/3/88
f 64/15/89 49/4/89 62/17/89
f 41/12/90 40/11/90 61/11/90 60/14/90 46/12/90
f 40/11/91 43/4/91 49/4/91 59/13/91 61/11/91
f 60/14/92 59/13/92 64/15/92
f 62/17/93 49/4/93 50/2/93
f 65/18/94 66/19/94 67/20/94
f 65/21/95 67/22/95 63/16/95 64/15/95
f 67/23/96 66/24/96 62/17/96 63/16/96
f 66/19/97 65/18/97 64/15/97 62/17/97
l 45 39
l 51 39
o Cone.001
v 0.897082 5.811795 -0.456287
v 0.900473 5.831176 -0.254177
v 0.633946 5.773185 -0.444242
v 0.892418 5.785137 -0.734270
v 1.173022 5.808242 -0.460576
v 0.892418 5.785137 -0.734270
v 0.906989 6.322141 -0.509627
v 0.664352 6.325265 -0.505856
v 0.902888 6.298701 -0.754060
v 1.149625 6.319017 -0.513398
v 1.149625 6.319017 -0.513398
v 0.902888 6.298701 -0.754060
v 0.853648 5.393839 -0.512623
v 0.907656 5.321699 -0.419773
v 0.855088 5.327553 -0.365074
v 0.800712 5.323076 -0.418111
v 0.853228 5.316923 -0.475932
v 1.173022 5.808242 -0.460576
v 1.086976 5.801157 -0.544503
v 1.164904 5.985456 -0.478903
v 1.014051 6.170051 -0.307942
v 0.813955 6.172627 -0.304832
v 0.904911 6.001957 -0.266924
v 0.890968 6.828819 -0.689476
v 0.759544 6.742249 -0.518946
v 1.011856 6.760379 -0.520674
v 0.907501 7.091098 -0.602402
v 0.891239 7.091249 -0.654035
v 0.851933 7.065409 -0.591001
vn 0.7348 0.0236 0.6779
vn 0.0113 0.9954 -0.0956
vn -0.7348 -0.0236 -0.6779
vn 0.2933 -0.9338 -0.2049
vn 0.6994 -0.0418 -0.7135
vn 0.6364 -0.4083 -0.6544
vn 0.5947 -0.2409 0.7670
vn -0.5794 -0.1450 0.8021
vn -0.6537 -0.3229 -0.6844
vn 0.7095 0.2966 0.6393
vn 0.6760 -0.4128 -0.6104
vn -0.3394 -0.1102 -0.9341
vn 0.0180 0.2259 0.9740
vn -0.0188 0.3502 0.9365
vn 0.7233 0.2365 0.6488
vn -0.7161 0.1846 0.6731
vn -0.7527 0.1015 -0.6505
vn 0.7442 0.1530 -0.6502
vn -0.6557 0.0518 0.7532
vn 0.6820 0.0173 0.7312
vn 0.0190 0.3390 0.9406
vn -0.3947 0.9100 0.1269
vn 0.0089 0.2291 0.9734
vn -0.8250 0.0957 -0.5570
vn 0.8590 0.1117 -0.4997
vt 0.000000 0.000000
vt 0.250000 0.010000
vt 0.010000 0.250000
vt 0.058072 0.016708
vt 0.002022 0.050551
vt 0.050551 0.099080
vt 0.045694 0.041679
vt 0.038293 0.011017
vt 0.062696 0.132304
vt 0.250000 0.490000
vt 0.490000 0.250000
vt 0.151039 0.391039
vt 0.326970 0.413030
vt 0.173030 0.271991
vt 0.348961 0.250000
vt 0.250000 0.190623
vt 0.234860 0.246610
vt 0.254976 0.218925
vt 0.244263 0.237965
vt 0.239476 0.246033
vt 0.290756 0.240522
vt 0.288292 0.239044
vt 0.256671 0.217133
s 0
usemtl Material.006
f 70/25/98 73/26/98 79/26/98 75/25/98
f 77/27/99 79/26/99 76/26/99 78/27/99
f 71/25/100 70/25/100 75/25/100 76/25/100
f 73/26/99 71/26/99 76/26/99 79/26/99
f 80/28/101 81/29/101 82/30/101 83/31/101 84/32/101
f 85/27/102 86/33/102 87/27/102
f 85/27/103 81/29/103 80/28/103 86/33/103
f 81/29/99 85/27/99 72/27/99
f 69/34/104 82/30/104 81/29/104 72/27/104
f 83/31/105 82/30/105 69/34/105 70/35/105
f 73/26/106 84/32/106 80/28/106 71/26/106
f 70/25/107 83/31/107 84/32/107 73/26/107
f 86/33/108 80/28/108 84/32/108 73/26/108
f 87/27/102 86/33/102 73/26/102 79/26/102 77/27/102
f 72/27/109 85/27/109 87/27/109 77/27/109 78/27/109
f 88/36/110 89/37/110 90/34/110
f 93/38/111 92/39/111 89/37/111
f 78/27/112 93/38/112 88/36/112
f 89/37/113 92/39/113 75/35/113
f 75/35/114 92/39/114 91/40/114 76/26/114
f 76/26/115 91/40/115 93/38/115 78/27/115
f 70/35/116 69/34/116 90/34/116 89/37/116 75/35/116
f 69/34/117 72/27/117 78/27/117 88/36/117 90/34/117
f 89/37/118 88/36/118 93/38/118
f 94/41/119 95/42/119 96/43/119
f 94/44/120 96/45/120 92/39/120 93/38/120
f 96/46/121 95/47/121 91/40/121 92/39/121
f 95/42/122 94/41/122 93/38/122 91/40/122
l 74 68
l 80 68
o Cube.002
v -0.655245 1.657916 0.480727
v -0.655245 1.657916 -1.876530
v 1.702013 1.657916 0.480727
v 1.702013 1.657916 -1.876530
v -1.372178 -0.625383 1.675471
v -1.653157 -0.249215 1.478640
v -1.849989 -0.625383 1.197661
v -1.849989 -0.625383 -2.593464
v -1.653157 -0.249215 -2.874443
v -1.372178 -0.625383 -3.071274
v 2.896757 -0.625383 1.197661
v 2.699925 -0.249215 1.478640
v 2.418946 -0.625383 1.675471
v 2.418946 -0.625383 -3.071274
v 2.699925 -0.249215 -2.874443
v 2.896757 -0.625383 -2.593464
vn -0.0000 1.0000 -0.0000
vn -0.6984 -0.1562 0.6984
vn -0.6984 -0.1562 -0.6984
vn 0.6984 -0.1562 0.6984
vn 0.6984 -0.1562 -0.6984
vn -0.0000 -1.0000 -0.0000
vn -0.8860 0.4636 -0.0000
vn -0.0000 0.4636 0.8860
vn -0.0000 0.4636 -0.8860
vn 0.8860 0.4636 -0.0000
vt 0.625000 0.500000
vt 0.875000 0.500000
vt 0.875000 0.750000
vt 0.625000 0.750000
vt 0.150165 0.750000
vt 0.135367 0.739633
vt 0.125000 0.724835
vt 0.125000 0.525165
vt 0.135367 0.510367
vt 0.150165 0.500000
vt 0.375000 0.724835
vt 0.399002 0.746545
vt 0.358223 0.758388
vt 0.358223 0.491612
vt 0.399002 0.503456
vt 0.375000 0.525165
vt 0.375000 0.025165
vt 0.416187 0.000000
vt 0.625000 0.000000
vt 0.625000 0.250000
vt 0.416187 0.250000
vt 0.375000 0.224835
vt 0.625000 1.000000
vt 0.416187 1.000000
vt 0.375000 0.974835
vt 0.375000 0.275165
s 0
f 100/48/123 98/49/123 97/50/123 99/51/123
f 101/52/124 102/53/124 103/54/124
f 104/55/125 105/56/125 106/57/125
f 107/58/126 108/59/126 109/60/126
f 110/61/127 111/62/127 112/63/127
f 104/55/128 106/57/128 110/61/128 112/63/128 107/58/128 109/60/128 101/52/128 103/54/128
f 103/64/129 102/65/129 97/66/129 98/67/129 105/68/129 104/69/129
f 109/60/130 108/59/130 99/51/130 97/70/130 102/71/130 101/72/130
f 106/73/131 105/68/131 98/67/131 100/48/131 111/62/131 110/61/131
f 112/63/132 111/62/132 100/48/132 99/51/132 108/59/132 107/58/132
o Text
v 1.811509 -0.233052 1.500674
v 1.811509 -0.203132 1.486181
v 1.878001 -0.203132 1.486181
v 1.878001 -0.233052 1.500674
v 1.811509 0.006310 1.384723
v 1.811509 0.066151 1.355736
v 1.844755 0.066151 1.355736
v 1.844755 0.006310 1.384723
v 1.878001 -0.173211 1.471687
v 1.911247 -0.173211 1.471687
v 1.911247 -0.203132 1.486181
v 1.878001 -0.113371 1.442699
v 1.878001 -0.053530 1.413711
v 1.911247 -0.053530 1.413711
v 1.911247 -0.113371 1.442699
v 1.844755 -0.053530 1.413711
v 1.878001 0.006310 1.384723
v 1.944493 -0.113371 1.442699
v 1.944493 -0.173211 1.471687
v 1.944493 -0.053530 1.413711
v 1.977739 -0.053530 1.413711
v 1.977739 -0.113371 1.442699
v 2.010985 -0.053530 1.413711
v 1.977739 0.006310 1.384723
v 2.010985 0.006310 1.384723
v 2.010985 0.066151 1.355736
v 2.044231 0.066151 1.355736
v 2.044231 0.006310 1.384723
v 1.612033 -0.173211 1.471687
v 1.612033 0.066151 1.355736
v 1.645279 0.066151 1.355736
v 1.645279 0.036231 1.370229
v 1.678525 0.036231 1.370229
v 1.678525 0.006310 1.384723
v 1.645279 0.006310 1.384723
v 1.645279 -0.173211 1.471687
v 1.678525 0.066151 1.355736
v 1.745017 0.066151 1.355736
v 1.745017 0.036231 1.370229
v 1.778263 0.036231 1.370229
v 1.778263 0.006310 1.384723
v 1.745017 0.006310 1.384723
v 1.346065 -0.113371 1.442699
v 1.346065 0.006310 1.384723
v 1.379311 0.006310 1.384723
v 1.379311 -0.023610 1.399217
v 1.545541 -0.023610 1.399217
v 1.545541 0.006310 1.384723
v 1.578787 0.006310 1.384723
v 1.578787 -0.053530 1.413711
v 1.379311 -0.053530 1.413711
v 1.379311 -0.113371 1.442699
v 1.412557 -0.113371 1.442699
v 1.412557 -0.143291 1.457193
v 1.379311 -0.143291 1.457193
v 1.512295 -0.143291 1.457193
v 1.512295 -0.173211 1.471687
v 1.412557 -0.173211 1.471687
v 1.412557 0.036231 1.370229
v 1.412557 0.006310 1.384723
v 1.379311 0.036231 1.370229
v 1.412557 0.066151 1.355736
v 1.512295 0.066151 1.355736
v 1.512295 0.036231 1.370229
v 1.545541 -0.113371 1.442699
v 1.545541 -0.143291 1.457193
v 1.512295 -0.113371 1.442699
v 1.545541 -0.083450 1.428205
v 1.578787 -0.083450 1.428205
v 1.578787 -0.113371 1.442699
v 1.545541 0.036231 1.370229
v 1.512295 0.006310 1.384723
v 1.146590 0.036231 1.370229
v 1.146590 0.066151 1.355736
v 1.179836 0.066151 1.355736
v 1.179836 0.125992 1.326748
v 1.213082 0.125992 1.326748
v 1.213082 0.066151 1.355736
v 1.312820 0.066151 1.355736
v 1.312820 0.036231 1.370229
v 1.213082 0.036231 1.370229
v 1.213082 -0.143291 1.457193
v 1.179836 -0.143291 1.457193
v 1.179836 0.036231 1.370229
v 1.279574 -0.143291 1.457193
v 1.279574 -0.173211 1.471687
v 1.213082 -0.173211 1.471687
v 1.279574 -0.113371 1.442699
v 1.312820 -0.113371 1.442699
v 1.312820 -0.143291 1.457193
v 0.947114 0.036231 1.370229
v 0.947114 0.066151 1.355736
v 0.980360 0.066151 1.355736
v 0.980360 0.125992 1.326748
v 1.013606 0.125992 1.326748
v 1.013606 0.066151 1.355736
v 1.113344 0.066151 1.355736
v 1.113344 0.036231 1.370229
v 1.013606 0.036231 1.370229
v 1.013606 -0.143291 1.457193
v 0.980360 -0.143291 1.457193
v 0.980360 0.036231 1.370229
v 1.080098 -0.143291 1.457193
v 1.080098 -0.173211 1.471687
v 1.013606 -0.173211 1.471687
v 1.080098 -0.113371 1.442699
v 1.113344 -0.113371 1.442699
v 1.113344 -0.143291 1.457193
v 0.714392 -0.143291 1.457193
v 0.714392 -0.083450 1.428205
v 0.747638 -0.083450 1.428205
v 0.747638 -0.143291 1.457193
v 0.714392 0.006310 1.384723
v 0.714392 0.036231 1.370229
v 0.747638 0.036231 1.370229
v 0.747638 0.006310 1.384723
v 0.780884 -0.053530 1.413711
v 0.780884 -0.023610 1.399217
v 0.880622 -0.023610 1.399217
v 0.880622 0.036231 1.370229
v 0.913868 0.036231 1.370229
v 0.913868 -0.173211 1.471687
v 0.880622 -0.173211 1.471687
v 0.880622 -0.143291 1.457193
v 0.847376 -0.143291 1.457193
v 0.847376 -0.113371 1.442699
v 0.880622 -0.113371 1.442699
v 0.880622 -0.053530 1.413711
v 0.780884 -0.083450 1.428205
v 0.747638 -0.053530 1.413711
v 0.847376 -0.173211 1.471687
v 0.747638 -0.173211 1.471687
v 0.747638 0.066151 1.355736
v 0.880622 0.066151 1.355736
v 0.448424 -0.173211 1.471687
v 0.448424 0.155912 1.312254
v 0.481670 0.155912 1.312254
v 0.481670 0.036231 1.370229
v 0.514916 0.036231 1.370229
v 0.514916 0.006310 1.384723
v 0.481670 0.006310 1.384723
v 0.481670 -0.113371 1.442699
v 0.514916 -0.113371 1.442699
v 0.514916 -0.143291 1.457193
v 0.481670 -0.143291 1.457193
v 0.481670 -0.173211 1.471687
v 0.614654 -0.143291 1.457193
v 0.614654 -0.173211 1.471687
v 0.514916 -0.173211 1.471687
v 0.514916 0.066151 1.355736
v 0.614654 0.066151 1.355736
v 0.614654 0.036231 1.370229
v 0.647900 -0.113371 1.442699
v 0.647900 -0.143291 1.457193
v 0.614654 -0.113371 1.442699
v 0.647900 0.036231 1.370229
v 0.647900 0.006310 1.384723
v 0.614654 0.006310 1.384723
v 0.681146 0.006310 1.384723
v 0.681146 -0.113371 1.442699
v 0.016226 -0.113371 1.442699
v 0.016226 0.006310 1.384723
v 0.049472 0.006310 1.384723
v 0.049472 -0.023610 1.399217
v 0.215702 -0.023610 1.399217
v 0.215702 0.006310 1.384723
v 0.248948 0.006310 1.384723
v 0.248948 -0.053530 1.413711
v 0.049472 -0.053530 1.413711
v 0.049472 -0.113371 1.442699
v 0.082718 -0.113371 1.442699
v 0.082718 -0.143291 1.457193
v 0.049472 -0.143291 1.457193
v 0.182456 -0.143291 1.457193
v 0.182456 -0.173211 1.471687
v 0.082718 -0.173211 1.471687
v 0.082718 0.036231 1.370229
v 0.082718 0.006310 1.384723
v 0.049472 0.036231 1.370229
v 0.082718 0.066151 1.355736
v 0.182456 0.066151 1.355736
v 0.182456 0.036231 1.370229
v 0.215702 -0.113371 1.442699
v 0.215702 -0.143291 1.457193
v 0.182456 -0.113371 1.442699
v 0.215702 -0.083450 1.428205
v 0.248948 -0.083450 1.428205
v 0.248948 -0.113371 1.442699
v 0.215702 0.036231 1.370229
v 0.182456 0.006310 1.384723
v -0.183249 0.036231 1.370229
v -0.183249 0.066151 1.355736
v -0.116758 0.066151 1.355736
v -0.116758 0.125992 1.326748
v -0.083512 0.125992 1.326748
v -0.083512 0.066151 1.355736
v -0.017020 0.066151 1.355736
v -0.017020 0.036231 1.370229
v -0.083512 0.036231 1.370229
v -0.083512 -0.173211 1.471687
v -0.116758 -0.173211 1.471687
v -0.116758 0.036231 1.370229
v -0.083512 0.155912 1.312254
v -0.017020 0.155912 1.312254
v -0.017020 0.125992 1.326748
v -0.282987 -0.173211 1.471687
v -0.282987 0.066151 1.355736
v -0.249741 0.066151 1.355736
v -0.249741 -0.173211 1.471687
v -0.282987 0.096071 1.341242
v -0.282987 0.125992 1.326748
v -0.249741 0.125992 1.326748
v -0.249741 0.096071 1.341242
v -0.415971 0.155912 1.312254
v -0.382725 0.155912 1.312254
v -0.382725 -0.173211 1.471687
v -0.415971 -0.173211 1.471687
v 1.445804 0.455115 1.167315
v 1.445804 0.485035 1.152821
v 1.479050 0.485035 1.152821
v 1.479050 0.455115 1.167315
v 1.445804 0.544875 1.123833
v 1.445804 0.634636 1.080352
v 1.479050 0.634636 1.080352
v 1.479050 0.544875 1.123833
v 1.512296 0.514955 1.138327
v 1.479050 0.514955 1.138327
v 1.512296 0.544875 1.123833
v 1.512296 0.485035 1.152821
v 1.612033 0.514955 1.138327
v 1.612033 0.485035 1.152821
v 1.512296 0.455115 1.167315
v 1.512296 0.425194 1.181809
v 1.479050 0.425194 1.181809
v 1.612033 0.425194 1.181809
v 1.612033 0.395274 1.196303
v 1.512296 0.395274 1.196303
v 1.512296 0.664557 1.065858
v 1.512296 0.634636 1.080352
v 1.479050 0.664557 1.065858
v 1.512296 0.694477 1.051364
v 1.612033 0.694477 1.051364
v 1.612033 0.664557 1.065858
v 1.645279 0.514955 1.138327
v 1.612033 0.544875 1.123833
v 1.645279 0.544875 1.123833
v 1.645279 0.634636 1.080352
v 1.612033 0.634636 1.080352
v 1.645279 0.664557 1.065858
v 1.645279 0.694477 1.051364
v 1.678525 0.694477 1.051364
v 1.678525 0.455115 1.167315
v 1.645279 0.455115 1.167315
v 1.645279 0.425194 1.181809
v 1.612033 0.455115 1.167315
v 1.213082 0.455115 1.167315
v 1.213082 0.694477 1.051364
v 1.246328 0.694477 1.051364
v 1.246328 0.664557 1.065858
v 1.279574 0.664557 1.065858
v 1.279574 0.634636 1.080352
v 1.246328 0.634636 1.080352
v 1.246328 0.455115 1.167315
v 1.279574 0.694477 1.051364
v 1.379312 0.694477 1.051364
v 1.379312 0.664557 1.065858
v 1.379312 0.455115 1.167315
v 1.412557 0.664557 1.065858
v 1.412557 0.455115 1.167315
v 1.113344 0.455115 1.167315
v 1.113344 0.694477 1.051364
v 1.146590 0.694477 1.051364
v 1.146590 0.455115 1.167315
v 1.113344 0.724397 1.036870
v 1.113344 0.754317 1.022376
v 1.146590 0.754317 1.022376
v 1.146590 0.724397 1.036870
v 0.814130 0.455115 1.167315
v 0.814130 0.485035 1.152821
v 0.847376 0.485035 1.152821
v 0.847376 0.455115 1.167315
v 0.814130 0.544875 1.123833
v 0.814130 0.634636 1.080352
v 0.847376 0.634636 1.080352
v 0.847376 0.544875 1.123833
v 0.880622 0.514955 1.138327
v 0.847376 0.514955 1.138327
v 0.880622 0.544875 1.123833
v 0.880622 0.485035 1.152821
v 0.980360 0.514955 1.138327
v 0.980360 0.485035 1.152821
v 0.880622 0.455115 1.167315
v 0.880622 0.425194 1.181809
v 0.847376 0.425194 1.181809
v 0.980360 0.425194 1.181809
v 0.980360 0.395274 1.196303
v 0.880622 0.395274 1.196303
v 0.880622 0.664557 1.065858
v 0.880622 0.634636 1.080352
v 0.847376 0.664557 1.065858
v 0.880622 0.694477 1.051364
v 0.980360 0.694477 1.051364
v 0.980360 0.664557 1.065858
v 1.013606 0.514955 1.138327
v 0.980360 0.544875 1.123833
v 1.013606 0.544875 1.123833
v 1.013606 0.634636 1.080352
v 0.980360 0.634636 1.080352
v 1.013606 0.664557 1.065858
v 1.013606 0.694477 1.051364
v 1.046852 0.694477 1.051364
v 1.046852 0.455115 1.167315
v 1.013606 0.455115 1.167315
v 1.013606 0.425194 1.181809
v 0.980360 0.455115 1.167315
v 0.614654 0.455115 1.167315
v 0.614654 0.694477 1.051364
v 0.647900 0.694477 1.051364
v 0.647900 0.664557 1.065858
v 0.681146 0.664557 1.065858
v 0.681146 0.634636 1.080352
v 0.647900 0.634636 1.080352
v 0.647900 0.455115 1.167315
v 0.681146 0.694477 1.051364
v 0.747638 0.694477 1.051364
v 0.747638 0.664557 1.065858
v 0.780884 0.664557 1.065858
v 0.780884 0.634636 1.080352
v 0.747638 0.634636 1.080352
v 0.381932 0.485035 1.152821
v 0.381932 0.544875 1.123833
v 0.415178 0.544875 1.123833
v 0.415178 0.485035 1.152821
v 0.381932 0.634636 1.080352
v 0.381932 0.664557 1.065858
v 0.415178 0.664557 1.065858
v 0.415178 0.634636 1.080352
v 0.448424 0.574796 1.109340
v 0.448424 0.604716 1.094846
v 0.548162 0.604716 1.094846
v 0.548162 0.664557 1.065858
v 0.581408 0.664557 1.065858
v 0.581408 0.455115 1.167315
v 0.548162 0.455115 1.167315
v 0.548162 0.485035 1.152821
v 0.514916 0.485035 1.152821
v 0.514916 0.514955 1.138327
v 0.548162 0.514955 1.138327
v 0.548162 0.574796 1.109340
v 0.448424 0.544875 1.123833
v 0.415178 0.574796 1.109340
v 0.514916 0.455115 1.167315
v 0.415178 0.455115 1.167315
v 0.415178 0.694477 1.051364
v 0.548162 0.694477 1.051364
v 0.149210 0.455115 1.167315
v 0.149210 0.784238 1.007882
v 0.182456 0.784238 1.007882
v 0.182456 0.664557 1.065858
v 0.215702 0.664557 1.065858
v 0.215702 0.634636 1.080352
v 0.182456 0.634636 1.080352
v 0.182456 0.455115 1.167315
v 0.215702 0.694477 1.051364
v 0.315440 0.694477 1.051364
v 0.315440 0.664557 1.065858
v 0.315440 0.455115 1.167315
v 0.348686 0.664557 1.065858
v 0.348686 0.455115 1.167315
v -0.083512 0.514955 1.138327
v -0.083512 0.634636 1.080352
v -0.050266 0.634636 1.080352
v -0.050266 0.514955 1.138327
v -0.017020 0.514955 1.138327
v -0.017020 0.485035 1.152821
v -0.050266 0.485035 1.152821
v -0.050266 0.664557 1.065858
v -0.017020 0.664557 1.065858
v -0.017020 0.634636 1.080352
v 0.082718 0.485035 1.152821
v 0.082718 0.455115 1.167315
v -0.017020 0.455115 1.167315
v -0.017020 0.694477 1.051364
v 0.082718 0.694477 1.051364
v 0.082718 0.664557 1.065858
v 0.082718 0.514955 1.138327
v 0.115964 0.514955 1.138327
v 0.115964 0.485035 1.152821
v 0.115964 0.664557 1.065858
v 0.115964 0.634636 1.080352
v 0.082718 0.634636 1.080352
v -0.449217 0.604716 1.094846
v -0.449217 0.634636 1.080352
v -0.282987 0.634636 1.080352
v -0.282987 0.604716 1.094846
v 0.747638 1.143281 0.833956
v 0.747638 1.262962 0.775980
v 0.780884 1.262962 0.775980
v 0.780884 1.233042 0.790474
v 0.947114 1.233042 0.790474
v 0.947114 1.262962 0.775980
v 0.980360 1.262962 0.775980
v 0.980360 1.203121 0.804968
v 0.780884 1.203121 0.804968
v 0.780884 1.143281 0.833956
v 0.814130 1.143281 0.833956
v 0.814130 1.113361 0.848450
v 0.780884 1.113361 0.848450
v 0.913868 1.113361 0.848450
v 0.913868 1.083440 0.862944
v 0.814130 1.083440 0.862944
v 0.814130 1.292882 0.761486
v 0.814130 1.262962 0.775980
v 0.780884 1.292882 0.761486
v 0.814130 1.322802 0.746993
v 0.913868 1.322802 0.746993
v 0.913868 1.292882 0.761486
v 0.947114 1.143281 0.833956
v 0.947114 1.113361 0.848450
v 0.913868 1.143281 0.833956
v 0.947114 1.173201 0.819462
v 0.980360 1.173201 0.819462
v 0.980360 1.143281 0.833956
v 0.947114 1.292882 0.761486
v 0.913868 1.262962 0.775980
v 0.647900 1.412563 0.703511
v 0.681146 1.412563 0.703511
v 0.681146 1.083440 0.862944
v 0.647900 1.083440 0.862944
v 0.514916 1.083440 0.862944
v 0.514916 1.322802 0.746993
v 0.548162 1.322802 0.746993
v 0.548162 1.083440 0.862944
v 0.514916 1.352723 0.732499
v 0.514916 1.382643 0.718005
v 0.548162 1.382643 0.718005
v 0.548162 1.352723 0.732499
v 0.282194 1.292882 0.761486
v 0.282194 1.322802 0.746993
v 0.315440 1.322802 0.746993
v 0.315440 1.382643 0.718005
v 0.348686 1.382643 0.718005
v 0.348686 1.322802 0.746993
v 0.448424 1.322802 0.746993
v 0.448424 1.292882 0.761486
v 0.348686 1.292882 0.761486
v 0.348686 1.113361 0.848450
v 0.315440 1.113361 0.848450
v 0.315440 1.292882 0.761486
v 0.415178 1.113361 0.848450
v 0.415178 1.083440 0.862944
v 0.348686 1.083440 0.862944
v 0.415178 1.143281 0.833956
v 0.448424 1.143281 0.833956
v 0.448424 1.113361 0.848450
v 0.049472 1.113361 0.848450
v 0.049472 1.143281 0.833956
v 0.082718 1.143281 0.833956
v 0.082718 1.113361 0.848450
v 0.049472 1.233042 0.790474
v 0.049472 1.292882 0.761486
v 0.082718 1.292882 0.761486
v 0.082718 1.233042 0.790474
v 0.248948 1.113361 0.848450
v 0.215702 1.113361 0.848450
v 0.215702 1.173201 0.819462
v 0.248948 1.173201 0.819462
v 0.248948 1.292882 0.761486
v 0.248948 1.262962 0.775980
v 0.215702 1.262962 0.775980
v 0.215702 1.292882 0.761486
v 0.215702 1.083440 0.862944
v 0.082718 1.083440 0.862944
v 0.149210 1.233042 0.790474
v 0.149210 1.203121 0.804968
v 0.082718 1.203121 0.804968
v 0.082718 1.322802 0.746993
v 0.215702 1.322802 0.746993
v 0.215702 1.203121 0.804968
v 0.149210 1.173201 0.819462
v -0.216495 1.023600 0.891931
v -0.216495 1.053520 0.877438
v -0.150003 1.053520 0.877438
v -0.150003 1.023600 0.891931
v -0.216495 1.262962 0.775980
v -0.216495 1.322802 0.746993
v -0.183249 1.322802 0.746993
v -0.183249 1.262962 0.775980
v -0.150003 1.083440 0.862944
v -0.116758 1.083440 0.862944
v -0.116758 1.053520 0.877438
v -0.150003 1.143281 0.833956
v -0.150003 1.203121 0.804968
v -0.116758 1.203121 0.804968
v -0.116758 1.143281 0.833956
v -0.183249 1.203121 0.804968
v -0.150003 1.262962 0.775980
v -0.083512 1.143281 0.833956
v -0.083512 1.083440 0.862944
v -0.083512 1.203121 0.804968
v -0.050266 1.203121 0.804968
v -0.050266 1.143281 0.833956
v -0.017020 1.203121 0.804968
v -0.050266 1.262962 0.775980
v -0.017020 1.262962 0.775980
v -0.017020 1.322802 0.746993
v 0.016226 1.322802 0.746993
v 0.016226 1.262962 0.775980
v -0.449217 1.113361 0.848450
v -0.449217 1.143281 0.833956
v -0.415971 1.143281 0.833956
v -0.415971 1.113361 0.848450
v -0.449217 1.233042 0.790474
v -0.449217 1.292882 0.761486
v -0.415971 1.292882 0.761486
v -0.415971 1.233042 0.790474
v -0.249741 1.113361 0.848450
v -0.282987 1.113361 0.848450
v -0.282987 1.173201 0.819462
v -0.249741 1.173201 0.819462
v -0.249741 1.292882 0.761486
v -0.249741 1.262962 0.775980
v -0.282987 1.262962 0.775980
v -0.282987 1.292882 0.761486
v -0.282987 1.083440 0.862944
v -0.415971 1.083440 0.862944
v -0.349479 1.233042 0.790474
v -0.349479 1.203121 0.804968
v -0.415971 1.203121 0.804968
v -0.415971 1.322802 0.746993
v -0.282987 1.322802 0.746993
v -0.282987 1.203121 0.804968
v -0.349479 1.173201 0.819462
v 1.811509 -0.412631 1.129962
v 1.811509 -0.382711 1.115468
v 1.878001 -0.382711 1.115468
v 1.878001 -0.412631 1.129962
v 1.811509 -0.173269 1.014011
v 1.811509 -0.113428 0.985023
v 1.844755 -0.113428 0.985023
v 1.844755 -0.173269 1.014011
v 1.878001 -0.352790 1.100974
v 1.911247 -0.352790 1.100974
v 1.911247 -0.382711 1.115468
v 1.878001 -0.292950 1.071987
v 1.878001 -0.233109 1.042999
v 1.911247 -0.233109 1.042999
v 1.911247 -0.292950 1.071987
v 1.844755 -0.233109 1.042999
v 1.878001 -0.173269 1.014011
v 1.944493 -0.292950 1.071987
v 1.944493 -0.352790 1.100974
v 1.944493 -0.233109 1.042999
v 1.977739 -0.233109 1.042999
v 1.977739 -0.292950 1.071987
v 2.010985 -0.233109 1.042999
v 1.977739 -0.173269 1.014011
v 2.010985 -0.173269 1.014011
v 2.010985 -0.113428 0.985023
v 2.044231 -0.113428 0.985023
v 2.044231 -0.173269 1.014011
v 1.612033 -0.352790 1.100974
v 1.612033 -0.113428 0.985023
v 1.645279 -0.113428 0.985023
v 1.645279 -0.143348 0.999517
v 1.678525 -0.143348 0.999517
v 1.678525 -0.173269 1.014011
v 1.645279 -0.173269 1.014011
v 1.645279 -0.352790 1.100974
v 1.678525 -0.113428 0.985023
v 1.745017 -0.113428 0.985023
v 1.745017 -0.143348 0.999517
v 1.778263 -0.143348 0.999517
v 1.778263 -0.173269 1.014011
v 1.745017 -0.173269 1.014011
v 1.346065 -0.292950 1.071987
v 1.346065 -0.173269 1.014011
v 1.379311 -0.173269 1.014011
v 1.379311 -0.203189 1.028505
v 1.545541 -0.203189 1.028505
v 1.545541 -0.173269 1.014011
v 1.578787 -0.173269 1.014011
v 1.578787 -0.233109 1.042999
v 1.379311 -0.233109 1.042999
v 1.379311 -0.292950 1.071987
v 1.412557 -0.292950 1.071987
v 1.412557 -0.322870 1.086480
v 1.379311 -0.322870 1.086480
v 1.512295 -0.322870 1.086480
v 1.512295 -0.352790 1.100974
v 1.412557 -0.352790 1.100974
v 1.412557 -0.143348 0.999517
v 1.412557 -0.173269 1.014011
v 1.379311 -0.143348 0.999517
v 1.412557 -0.113428 0.985023
v 1.512295 -0.113428 0.985023
v 1.512295 -0.143348 0.999517
v 1.545541 -0.292950 1.071987
v 1.545541 -0.322870 1.086480
v 1.512295 -0.292950 1.071987
v 1.545541 -0.263030 1.057493
v 1.578787 -0.263030 1.057493
v 1.578787 -0.292950 1.071987
v 1.545541 -0.143348 0.999517
v 1.512295 -0.173269 1.014011
v 1.146590 -0.143348 0.999517
v 1.146590 -0.113428 0.985023
v 1.179836 -0.113428 0.985023
v 1.179836 -0.053588 0.956036
v 1.213082 -0.053588 0.956036
v 1.213082 -0.113428 0.985023
v 1.312820 -0.113428 0.985023
v 1.312820 -0.143348 0.999517
v 1.213082 -0.143348 0.999517
v 1.213082 -0.322870 1.086480
v 1.179836 -0.322870 1.086480
v 1.179836 -0.143348 0.999517
v 1.279574 -0.322870 1.086480
v 1.279574 -0.352790 1.100974
v 1.213082 -0.352790 1.100974
v 1.279574 -0.292950 1.071987
v 1.312820 -0.292950 1.071987
v 1.312820 -0.322870 1.086480
v 0.947114 -0.143348 0.999517
v 0.947114 -0.113428 0.985023
v 0.980360 -0.113428 0.985023
v 0.980360 -0.053588 0.956036
v 1.013606 -0.053588 0.956036
v 1.013606 -0.113428 0.985023
v 1.113344 -0.113428 0.985023
v 1.113344 -0.143348 0.999517
v 1.013606 -0.143348 0.999517
v 1.013606 -0.322870 1.086480
v 0.980360 -0.322870 1.086480
v 0.980360 -0.143348 0.999517
v 1.080098 -0.322870 1.086480
v 1.080098 -0.352790 1.100974
v 1.013606 -0.352790 1.100974
v 1.080098 -0.292950 1.071987
v 1.113344 -0.292950 1.071987
v 1.113344 -0.322870 1.086480
v 0.714392 -0.322870 1.086480
v 0.714392 -0.263030 1.057493
v 0.747638 -0.263030 1.057493
v 0.747638 -0.322870 1.086480
v 0.714392 -0.173269 1.014011
v 0.714392 -0.143348 0.999517
v 0.747638 -0.143348 0.999517
v 0.747638 -0.173269 1.014011
v 0.780884 -0.233109 1.042999
v 0.780884 -0.203189 1.028505
v 0.880622 -0.203189 1.028505
v 0.880622 -0.143348 0.999517
v 0.913868 -0.143348 0.999517
v 0.913868 -0.352790 1.100974
v 0.880622 -0.352790 1.100974
v 0.880622 -0.322870 1.086480
v 0.847376 -0.322870 1.086480
v 0.847376 -0.292950 1.071987
v 0.880622 -0.292950 1.071987
v 0.880622 -0.233109 1.042999
v 0.780884 -0.263030 1.057493
v 0.747638 -0.233109 1.042999
v 0.847376 -0.352790 1.100974
v 0.747638 -0.352790 1.100974
v 0.747638 -0.113428 0.985023
v 0.880622 -0.113428 0.985023
v 0.448424 -0.352790 1.100974
v 0.448424 -0.023667 0.941542
v 0.481670 -0.023667 0.941542
v 0.481670 -0.143348 0.999517
v 0.514916 -0.143348 0.999517
v 0.514916 -0.173269 1.014011
v 0.481670 -0.173269 1.014011
v 0.481670 -0.292950 1.071987
v 0.514916 -0.292950 1.071987
v 0.514916 -0.322870 1.086480
v 0.481670 -0.322870 1.086480
v 0.481670 -0.352790 1.100974
v 0.614654 -0.322870 1.086480
v 0.614654 -0.352790 1.100974
v 0.514916 -0.352790 1.100974
v 0.514916 -0.113428 0.985023
v 0.614654 -0.113428 0.985023
v 0.614654 -0.143348 0.999517
v 0.647900 -0.292950 1.071987
v 0.647900 -0.322870 1.086480
v 0.614654 -0.292950 1.071987
v 0.647900 -0.143348 0.999517
v 0.647900 -0.173269 1.014011
v 0.614654 -0.173269 1.014011
v 0.681146 -0.173269 1.014011
v 0.681146 -0.292950 1.071987
v 0.016226 -0.292950 1.071987
v 0.016226 -0.173269 1.014011
v 0.049472 -0.173269 1.014011
v 0.049472 -0.203189 1.028505
v 0.215702 -0.203189 1.028505
v 0.215702 -0.173269 1.014011
v 0.248948 -0.173269 1.014011
v 0.248948 -0.233109 1.042999
v 0.049472 -0.233109 1.042999
v 0.049472 -0.292950 1.071987
v 0.082718 -0.292950 1.071987
v 0.082718 -0.322870 1.086480
v 0.049472 -0.322870 1.086480
v 0.182456 -0.322870 1.086480
v 0.182456 -0.352790 1.100974
v 0.082718 -0.352790 1.100974
v 0.082718 -0.143348 0.999517
v 0.082718 -0.173269 1.014011
v 0.049472 -0.143348 0.999517
v 0.082718 -0.113428 0.985023
v 0.182456 -0.113428 0.985023
v 0.182456 -0.143348 0.999517
v 0.215702 -0.292950 1.071987
v 0.215702 -0.322870 1.086480
v 0.182456 -0.292950 1.071987
v 0.215702 -0.263030 1.057493
v 0.248948 -0.263030 1.057493
v 0.248948 -0.292950 1.071987
v 0.215702 -0.143348 0.999517
v 0.182456 -0.173269 1.014011
v -0.183249 -0.143348 0.999517
v -0.183249 -0.113428 0.985023
v -0.116758 -0.113428 0.985023
v -0.116758 -0.053588 0.956036
v -0.083512 -0.053588 0.956036
v -0.083512 -0.113428 0.985023
v -0.017020 -0.113428 0.985023
v -0.017020 -0.143348 0.999517
v -0.083512 -0.143348 0.999517
v -0.083512 -0.352790 1.100974
v -0.116758 -0.352790 1.100974
v -0.116758 -0.143348 0.999517
v -0.083512 -0.023667 0.941542
v -0.017020 -0.023667 0.941542
v -0.017020 -0.053588 0.956036
v -0.282987 -0.352790 1.100974
v -0.282987 -0.113428 0.985023
v -0.249741 -0.113428 0.985023
v -0.249741 -0.352790 1.100974
v -0.282987 -0.083508 0.970529
v -0.282987 -0.053588 0.956036
v -0.249741 -0.053588 0.956036
v -0.249741 -0.083508 0.970529
v -0.415971 -0.023667 0.941542
v -0.382725 -0.023667 0.941542
v -0.382725 -0.352790 1.100974
v -0.415971 -0.352790 1.100974
v 1.445804 0.275535 0.796603
v 1.445804 0.305456 0.782109
v 1.479050 0.305456 0.782109
v 1.479050 0.275535 0.796603
v 1.445804 0.365296 0.753121
v 1.445804 0.455057 0.709640
v 1.479050 0.455057 0.709640
v 1.479050 0.365296 0.753121
v 1.512296 0.335376 0.767615
v 1.479050 0.335376 0.767615
v 1.512296 0.365296 0.753121
v 1.512296 0.305456 0.782109
v 1.612033 0.335376 0.767615
v 1.612033 0.305456 0.782109
v 1.512296 0.275535 0.796603
v 1.512296 0.245615 0.811097
v 1.479050 0.245615 0.811097
v 1.612033 0.245615 0.811097
v 1.612033 0.215695 0.825591
v 1.512296 0.215695 0.825591
v 1.512296 0.484977 0.695146
v 1.512296 0.455057 0.709640
v 1.479050 0.484977 0.695146
v 1.512296 0.514898 0.680652
v 1.612033 0.514898 0.680652
v 1.612033 0.484977 0.695146
v 1.645279 0.335376 0.767615
v 1.612033 0.365296 0.753121
v 1.645279 0.365296 0.753121
v 1.645279 0.455057 0.709640
v 1.612033 0.455057 0.709640
v 1.645279 0.484977 0.695146
v 1.645279 0.514898 0.680652
v 1.678525 0.514898 0.680652
v 1.678525 0.275535 0.796603
v 1.645279 0.275535 0.796603
v 1.645279 0.245615 0.811097
v 1.612033 0.275535 0.796603
v 1.213082 0.275535 0.796603
v 1.213082 0.514898 0.680652
v 1.246328 0.514898 0.680652
v 1.246328 0.484977 0.695146
v 1.279574 0.484977 0.695146
v 1.279574 0.455057 0.709640
v 1.246328 0.455057 0.709640
v 1.246328 0.275535 0.796603
v 1.279574 0.514898 0.680652
v 1.379312 0.514898 0.680652
v 1.379312 0.484977 0.695146
v 1.379312 0.275535 0.796603
v 1.412557 0.484977 0.695146
v 1.412557 0.275535 0.796603
v 1.113344 0.275535 0.796603
v 1.113344 0.514898 0.680652
v 1.146590 0.514898 0.680652
v 1.146590 0.275535 0.796603
v 1.113344 0.544818 0.666158
v 1.113344 0.574738 0.651664
v 1.146590 0.574738 0.651664
v 1.146590 0.544818 0.666158
v 0.814130 0.275535 0.796603
v 0.814130 0.305456 0.782109
v 0.847376 0.305456 0.782109
v 0.847376 0.275535 0.796603
v 0.814130 0.365296 0.753121
v 0.814130 0.455057 0.709640
v 0.847376 0.455057 0.709640
v 0.847376 0.365296 0.753121
v 0.880622 0.335376 0.767615
v 0.847376 0.335376 0.767615
v 0.880622 0.365296 0.753121
v 0.880622 0.305456 0.782109
v 0.980360 0.335376 0.767615
v 0.980360 0.305456 0.782109
v 0.880622 0.275535 0.796603
v 0.880622 0.245615 0.811097
v 0.847376 0.245615 0.811097
v 0.980360 0.245615 0.811097
v 0.980360 0.215695 0.825591
v 0.880622 0.215695 0.825591
v 0.880622 0.484977 0.695146
v 0.880622 0.455057 0.709640
v 0.847376 0.484977 0.695146
v 0.880622 0.514898 0.680652
v 0.980360 0.514898 0.680652
v 0.980360 0.484977 0.695146
v 1.013606 0.335376 0.767615
v 0.980360 0.365296 0.753121
v 1.013606 0.365296 0.753121
v 1.013606 0.455057 0.709640
v 0.980360 0.455057 0.709640
v 1.013606 0.484977 0.695146
v 1.013606 0.514898 0.680652
v 1.046852 0.514898 0.680652
v 1.046852 0.275535 0.796603
v 1.013606 0.275535 0.796603
v 1.013606 0.245615 0.811097
v 0.980360 0.275535 0.796603
v 0.614654 0.275535 0.796603
v 0.614654 0.514898 0.680652
v 0.647900 0.514898 0.680652
v 0.647900 0.484977 0.695146
v 0.681146 0.484977 0.695146
v 0.681146 0.455057 0.709640
v 0.647900 0.455057 0.709640
v 0.647900 0.275535 0.796603
v 0.681146 0.514898 0.680652
v 0.747638 0.514898 0.680652
v 0.747638 0.484977 0.695146
v 0.780884 0.484977 0.695146
v 0.780884 0.455057 0.709640
v 0.747638 0.455057 0.709640
v 0.381932 0.305456 0.782109
v 0.381932 0.365296 0.753121
v 0.415178 0.365296 0.753121
v 0.415178 0.305456 0.782109
v 0.381932 0.455057 0.709640
v 0.381932 0.484977 0.695146
v 0.415178 0.484977 0.695146
v 0.415178 0.455057 0.709640
v 0.448424 0.395216 0.738627
v 0.448424 0.425137 0.724133
v 0.548162 0.425137 0.724133
v 0.548162 0.484977 0.695146
v 0.581408 0.484977 0.695146
v 0.581408 0.275535 0.796603
v 0.548162 0.275535 0.796603
v 0.548162 0.305456 0.782109
v 0.514916 0.305456 0.782109
v 0.514916 0.335376 0.767615
v 0.548162 0.335376 0.767615
v 0.548162 0.395216 0.738627
v 0.448424 0.365296 0.753121
v 0.415178 0.395216 0.738627
v 0.514916 0.275535 0.796603
v 0.415178 0.275535 0.796603
v 0.415178 0.514898 0.680652
v 0.548162 0.514898 0.680652
v 0.149210 0.275535 0.796603
v 0.149210 0.604658 0.637170
v 0.182456 0.604658 0.637170
v 0.182456 0.484977 0.695146
v 0.215702 0.484977 0.695146
v 0.215702 0.455057 0.709640
v 0.182456 0.455057 0.709640
v 0.182456 0.275535 0.796603
v 0.215702 0.514898 0.680652
v 0.315440 0.514898 0.680652
v 0.315440 0.484977 0.695146
v 0.315440 0.275535 0.796603
v 0.348686 0.484977 0.695146
v 0.348686 0.275535 0.796603
v -0.083512 0.335376 0.767615
v -0.083512 0.455057 0.709640
v -0.050266 0.455057 0.709640
v -0.050266 0.335376 0.767615
v -0.017020 0.335376 0.767615
v -0.017020 0.305456 0.782109
v -0.050266 0.305456 0.782109
v -0.050266 0.484977 0.695146
v -0.017020 0.484977 0.695146
v -0.017020 0.455057 0.709640
v 0.082718 0.305456 0.782109
v 0.082718 0.275535 0.796603
v -0.017020 0.275535 0.796603
v -0.017020 0.514898 0.680652
v 0.082718 0.514898 0.680652
v 0.082718 0.484977 0.695146
v 0.082718 0.335376 0.767615
v 0.115964 0.335376 0.767615
v 0.115964 0.305456 0.782109
v 0.115964 0.484977 0.695146
v 0.115964 0.455057 0.709640
v 0.082718 0.455057 0.709640
v -0.449217 0.425137 0.724133
v -0.449217 0.455057 0.709640
v -0.282987 0.455057 0.709640
v -0.282987 0.425137 0.724133
v 0.747638 0.963702 0.463244
v 0.747638 1.083383 0.405268
v 0.780884 1.083383 0.405268
v 0.780884 1.053463 0.419762
v 0.947114 1.053463 0.419762
v 0.947114 1.083383 0.405268
v 0.980360 1.083383 0.405268
v 0.980360 1.023542 0.434256
v 0.780884 1.023542 0.434256
v 0.780884 0.963702 0.463244
v 0.814130 0.963702 0.463244
v 0.814130 0.933781 0.477738
v 0.780884 0.933781 0.477738
v 0.913868 0.933781 0.477738
v 0.913868 0.903861 0.492231
v 0.814130 0.903861 0.492231
v 0.814130 1.113303 0.390774
v 0.814130 1.083383 0.405268
v 0.780884 1.113303 0.390774
v 0.814130 1.143223 0.376280
v 0.913868 1.143223 0.376280
v 0.913868 1.113303 0.390774
v 0.947114 0.963702 0.463244
v 0.947114 0.933781 0.477738
v 0.913868 0.963702 0.463244
v 0.947114 0.993622 0.448750
v 0.980360 0.993622 0.448750
v 0.980360 0.963702 0.463244
v 0.947114 1.113303 0.390774
v 0.913868 1.083383 0.405268
v 0.647900 1.232984 0.332799
v 0.681146 1.232984 0.332799
v 0.681146 0.903861 0.492231
v 0.647900 0.903861 0.492231
v 0.514916 0.903861 0.492231
v 0.514916 1.143223 0.376280
v 0.548162 1.143223 0.376280
v 0.548162 0.903861 0.492231
v 0.514916 1.173144 0.361787
v 0.514916 1.203064 0.347293
v 0.548162 1.203064 0.347293
v 0.548162 1.173144 0.361787
v 0.282194 1.113303 0.390774
v 0.282194 1.143223 0.376280
v 0.315440 1.143223 0.376280
v 0.315440 1.203064 0.347293
v 0.348686 1.203064 0.347293
v 0.348686 1.143223 0.376280
v 0.448424 1.143223 0.376280
v 0.448424 1.113303 0.390774
v 0.348686 1.113303 0.390774
v 0.348686 0.933781 0.477738
v 0.315440 0.933781 0.477738
v 0.315440 1.113303 0.390774
v 0.415178 0.933781 0.477738
v 0.415178 0.903861 0.492231
v 0.348686 0.903861 0.492231
v 0.415178 0.963702 0.463244
v 0.448424 0.963702 0.463244
v 0.448424 0.933781 0.477738
v 0.049472 0.933781 0.477738
v 0.049472 0.963702 0.463244
v 0.082718 0.963702 0.463244
v 0.082718 0.933781 0.477738
v 0.049472 1.053463 0.419762
v 0.049472 1.113303 0.390774
v 0.082718 1.113303 0.390774
v 0.082718 1.053463 0.419762
v 0.248948 0.933781 0.477738
v 0.215702 0.933781 0.477738
v 0.215702 0.993622 0.448750
v 0.248948 0.993622 0.448750
v 0.248948 1.113303 0.390774
v 0.248948 1.083383 0.405268
v 0.215702 1.083383 0.405268
v 0.215702 1.113303 0.390774
v 0.215702 0.903861 0.492231
v 0.082718 0.903861 0.492231
v 0.149210 1.053463 0.419762
v 0.149210 1.023542 0.434256
v 0.082718 1.023542 0.434256
v 0.082718 1.143223 0.376280
v 0.215702 1.143223 0.376280
v 0.215702 1.023542 0.434256
v 0.149210 0.993622 0.448750
v -0.216495 0.844021 0.521219
v -0.216495 0.873941 0.506725
v -0.150003 0.873941 0.506725
v -0.150003 0.844021 0.521219
v -0.216495 1.083383 0.405268
v -0.216495 1.143223 0.376280
v -0.183249 1.143223 0.376280
v -0.183249 1.083383 0.405268
v -0.150003 0.903861 0.492231
v -0.116758 0.903861 0.492231
v -0.116758 0.873941 0.506725
v -0.150003 0.963702 0.463244
v -0.150003 1.023542 0.434256
v -0.116758 1.023542 0.434256
v -0.116758 0.963702 0.463244
v -0.183249 1.023542 0.434256
v -0.150003 1.083383 0.405268
v -0.083512 0.963702 0.463244
v -0.083512 0.903861 0.492231
v -0.083512 1.023542 0.434256
v -0.050266 1.023542 0.434256
v -0.050266 0.963702 0.463244
v -0.017020 1.023542 0.434256
v -0.050266 1.083383 0.405268
v -0.017020 1.083383 0.405268
v -0.017020 1.143223 0.376280
v 0.016226 1.143223 0.376280
v 0.016226 1.083383 0.405268
v -0.449217 0.933781 0.477738
v -0.449217 0.963702 0.463244
v -0.415971 0.963702 0.463244
v -0.415971 0.933781 0.477738
v -0.449217 1.053463 0.419762
v -0.449217 1.113303 0.390774
v -0.415971 1.113303 0.390774
v -0.415971 1.053463 0.419762
v -0.249741 0.933781 0.477738
v -0.282987 0.933781 0.477738
v -0.282987 0.993622 0.448750
v -0.249741 0.993622 0.448750
v -0.249741 1.113303 0.390774
v -0.249741 1.083383 0.405268
v -0.282987 1.083383 0.405268
v -0.282987 1.113303 0.390774
v -0.282987 0.903861 0.492231
v -0.415971 0.903861 0.492231
v -0.349479 1.053463 0.419762
v -0.349479 1.023542 0.434256
v -0.415971 1.023542 0.434256
v -0.415971 1.143223 0.376280
v -0.282987 1.143223 0.376280
v -0.282987 1.023542 0.434256
v -0.349479 0.993622 0.448750
vn -0.0000 0.4360 0.9000
vn -0.0000 -0.4360 -0.9000
vn 1.0000 -0.0000 -0.0000
vn -0.0000 0.9000 -0.4360
vn -0.0000 -0.9000 0.4360
vn -1.0000 -0.0000 -0.0000
vt 0.259259 0.000000
vt 0.222222 0.000000
vt 0.185185 0.000000
vt 0.148148 0.000000
vt 0.296296 0.000000
vt 0.074074 0.000000
vt 0.370370 0.000000
vt 0.037037 0.000000
vt 0.000000 0.000000
vt 0.111111 0.000000
vt 0.555556 0.000000
vt 0.444444 0.000000
vt 0.592593 0.000000
vt 0.777778 0.000000
vt 0.703704 0.000000
vt 0.629630 0.000000
vt 0.518519 0.000000
vt 0.333333 0.000000
vt 0.666667 0.000000
vt 0.851852 0.000000
vt 0.740741 0.000000
vt 0.814815 0.000000
vt 0.925926 0.000000
vt 0.888889 0.000000
vt 1.000000 0.000000
vt 0.962963 0.000000
vt 0.407407 0.000000
vt 0.481481 0.000000
vt 0.230769 0.000000
vt 0.461538 0.000000
vt 0.384615 0.000000
vt 0.538462 0.000000
vt 0.076923 0.000000
vt 0.153846 0.000000
vt 0.923077 0.000000
vt 0.846154 0.000000
vt 0.769231 0.000000
vt 0.615385 0.000000
vt 0.307692 0.000000
vt 0.692308 0.000000
vt 0.310345 0.000000
vt 0.275862 0.000000
vt 0.034483 0.000000
vt 0.103448 0.000000
vt 0.068966 0.000000
vt 0.379310 0.000000
vt 0.517241 0.000000
vt 0.482759 0.000000
vt 0.586207 0.000000
vt 0.551724 0.000000
vt 0.620690 0.000000
vt 0.413793 0.000000
vt 0.344828 0.000000
vt 0.827586 0.000000
vt 0.448276 0.000000
vt 0.793103 0.000000
vt 0.758621 0.000000
vt 0.931035 0.000000
vt 0.896552 0.000000
vt 0.862069 0.000000
vt 0.241379 0.000000
vt 0.137931 0.000000
vt 0.206897 0.000000
vt 0.172414 0.000000
vt 0.724138 0.000000
vt 0.965517 0.000000
vt 0.655172 0.000000
vt 0.689655 0.000000
vt 0.058824 0.000000
vt 0.647059 0.000000
vt 0.588235 0.000000
vt 0.529412 0.000000
vt 0.470588 0.000000
vt 0.117647 0.000000
vt 0.882353 0.000000
vt 0.941176 0.000000
vt 0.705882 0.000000
vt 0.411765 0.000000
vt 0.352941 0.000000
vt 0.294118 0.000000
vt 0.823529 0.000000
vt 0.764706 0.000000
vt 0.176471 0.000000
vt 0.235294 0.000000
vt 0.040000 0.000000
vt 0.120000 0.000000
vt 0.840000 0.000000
vt 0.080000 0.000000
vt 0.800000 0.000000
vt 0.320000 0.000000
vt 0.200000 0.000000
vt 0.160000 0.000000
vt 0.280000 0.000000
vt 0.240000 0.000000
vt 0.600000 0.000000
vt 0.680000 0.000000
vt 0.640000 0.000000
vt 0.760000 0.000000
vt 0.720000 0.000000
vt 0.520000 0.000000
vt 0.480000 0.000000
vt 0.400000 0.000000
vt 0.440000 0.000000
vt 0.560000 0.000000
vt 0.360000 0.000000
vt 0.920000 0.000000
vt 0.880000 0.000000
vt 0.960000 0.000000
vt 0.642857 0.000000
vt 0.785714 0.000000
vt 0.714286 0.000000
vt 0.071429 0.000000
vt 0.142857 0.000000
vt 0.357143 0.000000
vt 0.571429 0.000000
vt 0.500000 0.000000
vt 0.428571 0.000000
vt 0.857143 0.000000
vt 0.285714 0.000000
vt 0.928571 0.000000
vt 0.214286 0.000000
vt 0.027027 0.000000
vt 0.081081 0.000000
vt 0.054054 0.000000
vt 0.135135 0.000000
vt 0.108108 0.000000
vt 0.189189 0.000000
vt 0.594595 0.000000
vt 0.162162 0.000000
vt 0.567568 0.000000
vt 0.540541 0.000000
vt 0.432432 0.000000
vt 0.405405 0.000000
vt 0.378378 0.000000
vt 0.243243 0.000000
vt 0.216216 0.000000
vt 0.270270 0.000000
vt 0.837838 0.000000
vt 0.783784 0.000000
vt 0.891892 0.000000
vt 0.864865 0.000000
vt 0.702703 0.000000
vt 0.945946 0.000000
vt 0.918919 0.000000
vt 0.756757 0.000000
vt 0.459459 0.000000
vt 0.972973 0.000000
vt 0.729730 0.000000
vt 0.324324 0.000000
vt 0.675676 0.000000
vt 0.810811 0.000000
vt 0.621622 0.000000
vt 0.648649 0.000000
vt 0.513514 0.000000
vt 0.486486 0.000000
vt 0.297297 0.000000
vt 0.351351 0.000000
vt 0.047619 0.000000
vt 0.095238 0.000000
vt 0.380952 0.000000
vt 0.238095 0.000000
vt 0.190476 0.000000
vt 0.952381 0.000000
vt 0.904762 0.000000
vt 0.761905 0.000000
vt 0.476190 0.000000
vt 0.809524 0.000000
vt 0.619048 0.000000
vt 0.523810 0.000000
vt 0.041667 0.000000
vt 0.125000 0.000000
vt 0.083333 0.000000
vt 0.208333 0.000000
vt 0.166667 0.000000
vt 0.291667 0.000000
vt 0.250000 0.000000
vt 0.416667 0.000000
vt 0.958333 0.000000
vt 0.791667 0.000000
vt 0.625000 0.000000
vt 0.583333 0.000000
vt 0.541667 0.000000
vt 0.375000 0.000000
vt 0.458333 0.000000
vt 0.708333 0.000000
vt 0.833333 0.000000
vt 0.750000 0.000000
vt 0.875000 0.000000
vt 0.916667 0.000000
s 0
usemtl Material
f 120/74/133 119/75/133 118/76/133
f 120/74/133 118/76/133 117/77/133
f 121/78/133 115/79/133 123/80/133
f 114/81/133 113/82/133 116/83/133
f 116/83/133 115/79/133 114/81/133
f 120/74/133 128/84/133 125/85/133
f 125/85/133 129/86/133 120/74/133
f 134/87/133 132/88/133 130/89/133
f 127/90/133 122/91/133 131/92/133
f 131/92/133 130/89/133 127/90/133
f 136/93/133 133/94/133 135/95/133
f 138/96/133 137/97/133 140/98/133
f 140/98/133 139/99/133 138/96/133
f 136/93/133 135/95/133 137/97/133
f 132/88/133 134/87/133 133/94/133
f 121/78/133 123/80/133 122/91/133
f 125/85/133 124/100/133 127/90/133
f 127/90/133 126/101/133 125/85/133
f 144/102/133 147/103/133 146/104/133
f 141/82/133 148/105/133 147/103/133
f 142/106/133 141/82/133 147/103/133
f 147/103/133 144/102/133 142/106/133
f 144/102/133 143/107/133 142/106/133
f 153/108/133 152/109/133 151/110/133
f 153/108/133 151/110/133 154/98/133
f 149/111/133 145/112/133 151/110/133
f 151/110/133 150/113/133 149/111/133
f 144/102/133 146/104/133 145/112/133
f 164/114/133 163/115/133 155/82/133
f 156/116/133 155/82/133 163/115/133
f 163/115/133 158/117/133 156/116/133
f 158/117/133 157/118/133 156/116/133
f 166/119/133 170/120/133 169/121/133
f 172/122/133 171/123/133 173/124/133
f 164/114/133 167/125/133 166/119/133
f 166/119/133 165/126/133 164/114/133
f 172/122/133 173/124/133 157/118/133
f 179/127/133 168/128/133 178/129/133
f 178/129/133 177/130/133 179/127/133
f 182/131/133 181/132/133 180/133/133
f 162/134/133 159/135/133 163/115/133
f 162/134/133 161/136/133 159/135/133
f 160/137/133 159/135/133 161/136/133
f 182/131/133 180/133/133 177/130/133
f 176/138/133 184/98/133 160/137/133
f 160/137/133 183/139/133 176/138/133
f 166/119/133 169/121/133 168/128/133
f 174/140/133 171/123/133 176/138/133
f 176/138/133 175/141/133 174/140/133
f 158/117/133 163/115/133 159/135/133
f 186/142/133 185/82/133 196/143/133
f 196/143/133 195/144/133 194/145/133
f 194/145/133 193/146/133 196/143/133
f 193/146/133 187/147/133 196/143/133
f 186/142/133 196/143/133 187/147/133
f 200/148/133 202/98/133 201/149/133
f 202/98/133 200/148/133 197/150/133
f 192/151/133 191/152/133 190/153/133
f 194/145/133 199/154/133 198/155/133
f 198/155/133 197/150/133 194/145/133
f 192/151/133 190/153/133 193/146/133
f 187/147/133 193/146/133 190/153/133
f 188/156/133 187/147/133 190/153/133
f 190/153/133 189/157/133 188/156/133
f 204/142/133 203/82/133 214/143/133
f 214/143/133 213/144/133 212/145/133
f 212/145/133 211/146/133 214/143/133
f 211/146/133 205/147/133 214/143/133
f 204/142/133 214/143/133 205/147/133
f 218/148/133 220/98/133 219/149/133
f 220/98/133 218/148/133 215/150/133
f 210/151/133 209/152/133 208/153/133
f 212/145/133 217/154/133 216/155/133
f 216/155/133 215/150/133 212/145/133
f 210/151/133 208/153/133 211/146/133
f 205/147/133 211/146/133 208/153/133
f 206/156/133 205/147/133 208/153/133
f 208/153/133 207/157/133 206/156/133
f 222/158/133 221/82/133 224/159/133
f 242/160/133 223/161/133 241/162/133
f 241/162/133 229/163/133 242/160/133
f 222/158/133 224/159/133 223/161/133
f 226/164/133 225/165/133 228/166/133
f 228/166/133 227/167/133 226/164/133
f 236/168/133 238/169/133 237/170/133
f 240/171/133 239/172/133 234/173/133
f 234/173/133 233/174/133 240/171/133
f 231/175/133 240/171/133 233/174/133
f 233/174/133 232/176/133 231/175/133
f 236/168/133 235/177/133 234/173/133
f 234/173/133 239/172/133 236/168/133
f 238/169/133 236/168/133 239/172/133
f 240/171/133 231/175/133 230/178/133
f 224/159/133 244/179/133 243/180/133
f 243/180/133 237/170/133 224/159/133
f 240/171/133 230/178/133 229/163/133
f 245/181/133 227/167/133 232/176/133
f 232/176/133 246/98/133 245/181/133
f 247/82/133 258/176/133 257/175/133
f 257/175/133 254/166/133 247/82/133
f 254/166/133 253/167/133 247/82/133
f 248/158/133 247/82/133 253/167/133
f 252/164/133 251/165/133 250/159/133
f 254/166/133 257/175/133 256/178/133
f 256/178/133 255/163/133 254/166/133
f 252/164/133 250/159/133 253/167/133
f 248/158/133 253/167/133 250/159/133
f 272/98/133 271/181/133 269/180/133
f 272/98/133 269/180/133 265/172/133
f 267/162/133 259/174/133 266/171/133
f 266/171/133 265/172/133 267/162/133
f 264/169/133 270/179/133 269/180/133
f 269/180/133 268/160/133 264/169/133
f 262/168/133 264/169/133 263/170/133
f 256/178/133 261/177/133 260/173/133
f 260/173/133 259/174/133 256/178/133
f 264/169/133 262/168/133 251/165/133
f 248/158/133 250/159/133 249/161/133
f 282/114/133 281/115/133 273/82/133
f 274/116/133 273/82/133 281/115/133
f 281/115/133 276/117/133 274/116/133
f 276/117/133 275/118/133 274/116/133
f 284/119/133 288/120/133 287/121/133
f 290/122/133 289/123/133 291/124/133
f 282/114/133 285/125/133 284/119/133
f 284/119/133 283/126/133 282/114/133
f 290/122/133 291/124/133 275/118/133
f 297/127/133 286/128/133 296/129/133
f 296/129/133 295/130/133 297/127/133
f 300/131/133 299/132/133 298/133/133
f 280/134/133 277/135/133 281/115/133
f 280/134/133 279/136/133 277/135/133
f 278/137/133 277/135/133 279/136/133
f 300/131/133 298/133/133 295/130/133
f 294/138/133 302/98/133 278/137/133
f 278/137/133 301/139/133 294/138/133
f 284/119/133 287/121/133 286/128/133
f 292/140/133 289/123/133 294/138/133
f 294/138/133 293/141/133 292/140/133
f 276/117/133 281/115/133 277/135/133
f 312/182/133 314/183/133 313/184/133
f 304/185/133 303/82/133 314/183/133
f 314/183/133 305/186/133 304/185/133
f 308/187/133 311/188/133 310/189/133
f 310/189/133 309/190/133 308/187/133
f 315/191/133 307/192/133 317/98/133
f 317/98/133 316/193/133 315/191/133
f 314/183/133 312/182/133 311/188/133
f 305/186/133 314/183/133 311/188/133
f 311/188/133 308/187/133 305/186/133
f 306/194/133 305/186/133 308/187/133
f 308/187/133 307/192/133 306/194/133
f 319/186/133 318/82/133 321/190/133
f 321/190/133 320/192/133 319/186/133
f 323/184/133 322/188/133 325/98/133
f 325/98/133 324/191/133 323/184/133
f 326/82/133 329/98/133 328/92/133
f 328/92/133 327/91/133 326/82/133
f 331/195/133 330/82/133 333/196/133
f 333/196/133 332/197/133 331/195/133
f 335/198/133 334/199/133 337/200/133
f 352/201/133 336/202/133 351/203/133
f 351/203/133 350/204/133 352/201/133
f 333/196/133 346/205/133 345/206/133
f 345/206/133 344/207/133 333/196/133
f 337/200/133 339/208/133 338/209/133
f 338/209/133 340/210/133 337/200/133
f 335/198/133 337/200/133 336/202/133
f 361/211/133 359/212/133 363/213/133
f 363/213/133 362/214/133 361/211/133
f 356/215/133 365/216/133 364/217/133
f 358/218/133 356/215/133 364/217/133
f 364/217/133 363/213/133 358/218/133
f 363/213/133 359/212/133 358/218/133
f 367/98/133 347/219/133 366/220/133
f 366/220/133 365/216/133 367/98/133
f 357/221/133 342/222/133 356/215/133
f 356/215/133 358/218/133 357/221/133
f 355/223/133 360/224/133 359/212/133
f 359/212/133 361/211/133 355/223/133
f 353/225/133 355/223/133 354/226/133
f 345/206/133 349/227/133 348/228/133
f 348/228/133 347/219/133 345/206/133
f 338/209/133 341/229/133 343/230/133
f 343/230/133 342/222/133 338/209/133
f 355/223/133 353/225/133 350/204/133
f 371/102/133 374/103/133 373/104/133
f 368/82/133 375/105/133 374/103/133
f 369/106/133 368/82/133 374/103/133
f 374/103/133 371/102/133 369/106/133
f 371/102/133 370/107/133 369/106/133
f 381/98/133 380/108/133 378/110/133
f 381/98/133 378/110/133 379/109/133
f 376/111/133 372/112/133 378/110/133
f 378/110/133 377/113/133 376/111/133
f 371/102/133 373/104/133 372/112/133
f 383/186/133 382/82/133 385/190/133
f 385/190/133 384/192/133 383/186/133
f 387/184/133 386/188/133 389/98/133
f 389/98/133 388/191/133 387/184/133
f 391/195/133 390/82/133 393/196/133
f 393/196/133 392/197/133 391/195/133
f 395/198/133 394/199/133 397/200/133
f 412/201/133 396/202/133 411/203/133
f 411/203/133 410/204/133 412/201/133
f 393/196/133 406/205/133 405/206/133
f 405/206/133 404/207/133 393/196/133
f 397/200/133 399/208/133 398/209/133
f 398/209/133 400/210/133 397/200/133
f 395/198/133 397/200/133 396/202/133
f 421/211/133 419/212/133 423/213/133
f 423/213/133 422/214/133 421/211/133
f 416/215/133 425/216/133 424/217/133
f 418/218/133 416/215/133 424/217/133
f 424/217/133 423/213/133 418/218/133
f 423/213/133 419/212/133 418/218/133
f 427/98/133 407/219/133 426/220/133
f 426/220/133 425/216/133 427/98/133
f 417/221/133 402/222/133 416/215/133
f 416/215/133 418/218/133 417/221/133
f 415/223/133 420/224/133 419/212/133
f 419/212/133 421/211/133 415/223/133
f 413/225/133 415/223/133 414/226/133
f 405/206/133 409/227/133 408/228/133
f 408/228/133 407/219/133 405/206/133
f 398/209/133 401/229/133 403/230/133
f 403/230/133 402/222/133 398/209/133
f 415/223/133 413/225/133 410/204/133
f 431/102/133 434/103/133 433/104/133
f 428/82/133 435/105/133 434/103/133
f 429/106/133 428/82/133 434/103/133
f 434/103/133 431/102/133 429/106/133
f 431/102/133 430/107/133 429/106/133
f 440/108/133 439/109/133 438/110/133
f 440/108/133 438/110/133 441/98/133
f 436/111/133 432/112/133 438/110/133
f 438/110/133 437/113/133 436/111/133
f 431/102/133 433/104/133 432/112/133
f 443/158/133 442/82/133 445/159/133
f 463/160/133 444/161/133 462/162/133
f 462/162/133 450/163/133 463/160/133
f 443/158/133 445/159/133 444/161/133
f 447/164/133 446/165/133 449/166/133
f 449/166/133 448/167/133 447/164/133
f 457/168/133 459/169/133 458/170/133
f 461/171/133 460/172/133 455/173/133
f 455/173/133 454/174/133 461/171/133
f 452/175/133 461/171/133 454/174/133
f 454/174/133 453/176/133 452/175/133
f 457/168/133 456/177/133 455/173/133
f 455/173/133 460/172/133 457/168/133
f 459/169/133 457/168/133 460/172/133
f 461/171/133 452/175/133 451/178/133
f 445/159/133 465/179/133 464/180/133
f 464/180/133 458/170/133 445/159/133
f 461/171/133 451/178/133 450/163/133
f 466/181/133 448/167/133 453/176/133
f 453/176/133 467/98/133 466/181/133
f 471/102/133 474/103/133 473/104/133
f 468/82/133 475/105/133 474/103/133
f 469/106/133 468/82/133 474/103/133
f 474/103/133 471/102/133 469/106/133
f 481/98/133 480/108/133 478/110/133
f 481/98/133 478/110/133 479/109/133
f 476/111/133 472/112/133 478/110/133
f 478/110/133 477/113/133 476/111/133
f 471/102/133 473/104/133 472/112/133
f 469/106/133 471/102/133 470/107/133
f 483/231/133 482/82/133 485/186/133
f 485/186/133 484/232/133 483/231/133
f 491/190/133 490/233/133 489/91/133
f 485/186/133 488/192/133 487/234/133
f 487/234/133 486/235/133 485/186/133
f 491/190/133 489/91/133 484/232/133
f 502/236/133 501/237/133 497/184/133
f 498/238/133 492/239/133 500/191/133
f 500/191/133 499/240/133 498/238/133
f 502/236/133 497/184/133 503/98/133
f 497/184/133 496/92/133 495/241/133
f 487/234/133 494/188/133 493/242/133
f 493/242/133 492/239/133 487/234/133
f 497/184/133 495/241/133 490/233/133
f 505/91/133 504/82/133 507/98/133
f 507/98/133 506/92/133 505/91/133
f 517/114/133 516/115/133 508/82/133
f 509/116/133 508/82/133 516/115/133
f 516/115/133 511/117/133 509/116/133
f 511/117/133 510/118/133 509/116/133
f 519/119/133 523/120/133 522/121/133
f 525/122/133 524/123/133 526/124/133
f 517/114/133 520/125/133 519/119/133
f 519/119/133 518/126/133 517/114/133
f 525/122/133 526/124/133 510/118/133
f 532/127/133 521/128/133 531/129/133
f 531/129/133 530/130/133 532/127/133
f 535/131/133 534/132/133 533/133/133
f 515/134/133 512/135/133 516/115/133
f 515/134/133 514/136/133 512/135/133
f 513/137/133 512/135/133 514/136/133
f 535/131/133 533/133/133 530/130/133
f 529/138/133 537/98/133 513/137/133
f 513/137/133 536/139/133 529/138/133
f 519/119/133 522/121/133 521/128/133
f 527/140/133 524/123/133 529/138/133
f 529/138/133 528/141/133 527/140/133
f 511/117/133 516/115/133 512/135/133
f 538/82/133 541/98/133 540/92/133
f 540/92/133 539/91/133 538/82/133
f 543/186/133 542/82/133 545/190/133
f 545/190/133 544/192/133 543/186/133
f 547/184/133 546/188/133 549/98/133
f 549/98/133 548/191/133 547/184/133
f 551/142/133 550/82/133 561/143/133
f 561/143/133 560/144/133 559/145/133
f 559/145/133 558/146/133 561/143/133
f 558/146/133 552/147/133 561/143/133
f 551/142/133 561/143/133 552/147/133
f 565/148/133 567/98/133 566/149/133
f 567/98/133 565/148/133 562/150/133
f 557/151/133 556/152/133 555/153/133
f 559/145/133 564/154/133 563/155/133
f 563/155/133 562/150/133 559/145/133
f 557/151/133 555/153/133 558/146/133
f 552/147/133 558/146/133 555/153/133
f 553/156/133 552/147/133 555/153/133
f 555/153/133 554/157/133 553/156/133
f 569/243/133 568/82/133 571/244/133
f 569/243/133 571/244/133 570/245/133
f 573/246/133 572/247/133 575/248/133
f 575/248/133 574/249/133 573/246/133
f 578/250/133 591/251/133 587/252/133
f 583/253/133 582/254/133 581/255/133
f 581/255/133 580/189/133 583/253/133
f 578/250/133 577/256/133 576/91/133
f 576/91/133 579/257/133 578/250/133
f 571/244/133 585/258/133 584/92/133
f 584/92/133 577/256/133 571/244/133
f 578/250/133 587/252/133 592/98/133
f 575/248/133 588/259/133 587/252/133
f 587/252/133 586/260/133 575/248/133
f 589/261/133 574/249/133 583/253/133
f 583/253/133 590/262/133 589/261/133
f 600/74/133 599/75/133 598/76/133
f 600/74/133 598/76/133 597/77/133
f 601/78/133 595/79/133 603/80/133
f 594/81/133 593/82/133 596/83/133
f 596/83/133 595/79/133 594/81/133
f 600/74/133 608/84/133 605/85/133
f 605/85/133 609/86/133 600/74/133
f 614/87/133 612/88/133 610/89/133
f 607/90/133 602/91/133 611/92/133
f 611/92/133 610/89/133 607/90/133
f 616/93/133 613/94/133 615/95/133
f 618/96/133 617/97/133 620/98/133
f 620/98/133 619/99/133 618/96/133
f 616/93/133 615/95/133 617/97/133
f 612/88/133 614/87/133 613/94/133
f 601/78/133 603/80/133 602/91/133
f 605/85/133 604/100/133 607/90/133
f 607/90/133 606/101/133 605/85/133
f 622/243/133 621/82/133 624/244/133
f 622/243/133 624/244/133 623/245/133
f 626/246/133 625/247/133 628/248/133
f 628/248/133 627/249/133 626/246/133
f 631/250/133 644/251/133 640/252/133
f 636/253/133 635/254/133 634/255/133
f 634/255/133 633/189/133 636/253/133
f 631/250/133 630/256/133 629/91/133
f 629/91/133 632/257/133 631/250/133
f 624/244/133 638/258/133 637/92/133
f 637/92/133 630/256/133 624/244/133
f 631/250/133 640/252/133 645/98/133
f 628/248/133 641/259/133 640/252/133
f 640/252/133 639/260/133 628/248/133
f 642/261/133 627/249/133 636/253/133
f 636/253/133 643/262/133 642/261/133
f 653/74/134 651/76/134 652/75/134
f 653/74/134 650/77/134 651/76/134
f 654/78/134 656/80/134 648/79/134
f 647/81/134 649/83/134 646/82/134
f 649/83/134 647/81/134 648/79/134
f 653/74/134 658/85/134 661/84/134
f 658/85/134 653/74/134 662/86/134
f 667/87/134 663/89/134 665/88/134
f 660/90/134 664/92/134 655/91/134
f 664/92/134 660/90/134 663/89/134
f 669/93/134 668/95/134 666/94/134
f 671/96/134 673/98/134 670/97/134
f 673/98/134 671/96/134 672/99/134
f 669/93/134 670/97/134 668/95/134
f 665/88/134 666/94/134 667/87/134
f 654/78/134 655/91/134 656/80/134
f 658/85/134 660/90/134 657/100/134
f 660/90/134 658/85/134 659/101/134
f 677/102/134 679/104/134 680/103/134
f 674/82/134 680/103/134 681/105/134
f 675/106/134 680/103/134 674/82/134
f 680/103/134 675/106/134 677/102/134
f 677/102/134 675/106/134 676/107/134
f 686/108/134 684/110/134 685/109/134
f 686/108/134 687/98/134 684/110/134
f 682/111/134 684/110/134 678/112/134
f 684/110/134 682/111/134 683/113/134
f 677/102/134 678/112/134 679/104/134
f 697/114/134 688/82/134 696/115/134
f 689/116/134 696/115/134 688/82/134
f 696/115/134 689/116/134 691/117/134
f 691/117/134 689/116/134 690/118/134
f 699/119/134 702/121/134 703/120/134
f 705/122/134 706/124/134 704/123/134
f 697/114/134 699/119/134 700/125/134
f 699/119/134 697/114/134 698/126/134
f 705/122/134 690/118/134 706/124/134
f 712/127/134 711/129/134 701/128/134
f 711/129/134 712/127/134 710/130/134
f 715/131/134 713/133/134 714/132/134
f 695/134/134 696/115/134 692/135/134
f 695/134/134 692/135/134 694/136/134
f 693/137/134 694/136/134 692/135/134
f 715/131/134 710/130/134 713/133/134
f 709/138/134 693/137/134 717/98/134
f 693/137/134 709/138/134 716/139/134
f 699/119/134 701/128/134 702/121/134
f 707/140/134 709/138/134 704/123/134
f 709/138/134 707/140/134 708/141/134
f 691/117/134 692/135/134 696/115/134
f 719/142/134 729/143/134 718/82/134
f 729/143/134 727/145/134 728/144/134
f 727/145/134 729/143/134 726/146/134
f 726/146/134 729/143/134 720/147/134
f 719/142/134 720/147/134 729/143/134
f 733/148/134 734/149/134 735/98/134
f 735/98/134 730/150/134 733/148/134
f 725/151/134 723/153/134 724/152/134
f 727/145/134 731/155/134 732/154/134
f 731/155/134 727/145/134 730/150/134
f 725/151/134 726/146/134 723/153/134
f 720/147/134 723/153/134 726/146/134
f 721/156/134 723/153/134 720/147/134
f 723/153/134 721/156/134 722/157/134
f 737/142/134 747/143/134 736/82/134
f 747/143/134 745/145/134 746/144/134
f 745/145/134 747/143/134 744/146/134
f 744/146/134 747/143/134 738/147/134
f 737/142/134 738/147/134 747/143/134
f 751/148/134 752/149/134 753/98/134
f 753/98/134 748/150/134 751/148/134
f 743/151/134 741/153/134 742/152/134
f 745/145/134 749/155/134 750/154/134
f 749/155/134 745/145/134 748/150/134
f 743/151/134 744/146/134 741/153/134
f 738/147/134 741/153/134 744/146/134
f 739/156/134 741/153/134 738/147/134
f 741/153/134 739/156/134 740/157/134
f 755/158/134 757/159/134 754/82/134
f 775/160/134 774/162/134 756/161/134
f 774/162/134 775/160/134 762/163/134
f 755/158/134 756/161/134 757/159/134
f 759/164/134 761/166/134 758/165/134
f 761/166/134 759/164/134 760/167/134
f 769/168/134 770/170/134 771/169/134
f 773/171/134 767/173/134 772/172/134
f 767/173/134 773/171/134 766/174/134
f 764/175/134 766/174/134 773/171/134
f 766/174/134 764/175/134 765/176/134
f 769/168/134 767/173/134 768/177/134
f 767/173/134 769/168/134 772/172/134
f 771/169/134 772/172/134 769/168/134
f 773/171/134 763/178/134 764/175/134
f 757/159/134 776/180/134 777/179/134
f 776/180/134 757/159/134 770/170/134
f 773/171/134 762/163/134 763/178/134
f 778/181/134 765/176/134 760/167/134
f 765/176/134 778/181/134 779/98/134
f 780/82/134 790/175/134 791/176/134
f 790/175/134 780/82/134 787/166/134
f 787/166/134 780/82/134 786/167/134
f 781/158/134 786/167/134 780/82/134
f 785/164/134 783/159/134 784/165/134
f 787/166/134 789/178/134 790/175/134
f 789/178/134 787/166/134 788/163/134
f 785/164/134 786/167/134 783/159/134
f 781/158/134 783/159/134 786/167/134
f 805/98/134 802/180/134 804/181/134
f 805/98/134 798/172/134 802/180/134
f 800/162/134 799/171/134 792/174/134
f 799/171/134 800/162/134 798/172/134
f 797/169/134 802/180/134 803/179/134
f 802/180/134 797/169/134 801/160/134
f 795/168/134 796/170/134 797/169/134
f 789/178/134 793/173/134 794/177/134
f 793/173/134 789/178/134 792/174/134
f 797/169/134 784/165/134 795/168/134
f 781/158/134 782/161/134 783/159/134
f 815/114/134 806/82/134 814/115/134
f 807/116/134 814/115/134 806/82/134
f 814/115/134 807/116/134 809/117/134
f 809/117/134 807/116/134 808/118/134
f 817/119/134 820/121/134 821/120/134
f 823/122/134 824/124/134 822/123/134
f 815/114/134 817/119/134 818/125/134
f 817/119/134 815/114/134 816/126/134
f 823/122/134 808/118/134 824/124/134
f 830/127/134 829/129/134 819/128/134
f 829/129/134 830/127/134 828/130/134
f 833/131/134 831/133/134 832/132/134
f 813/134/134 814/115/134 810/135/134
f 813/134/134 810/135/134 812/136/134
f 811/137/134 812/136/134 810/135/134
f 833/131/134 828/130/134 831/133/134
f 827/138/134 811/137/134 835/98/134
f 811/137/134 827/138/134 834/139/134
f 817/119/134 819/128/134 820/121/134
f 825/140/134 827/138/134 822/123/134
f 827/138/134 825/140/134 826/141/134
f 809/117/134 810/135/134 814/115/134
f 845/182/134 846/184/134 847/183/134
f 837/185/134 847/183/134 836/82/134
f 847/183/134 837/185/134 838/186/134
f 841/187/134 843/189/134 844/188/134
f 843/189/134 841/187/134 842/190/134
f 848/191/134 850/98/134 840/192/134
f 850/98/134 848/191/134 849/193/134
f 847/183/134 844/188/134 845/182/134
f 838/186/134 844/188/134 847/183/134
f 844/188/134 838/186/134 841/187/134
f 839/194/134 841/187/134 838/186/134
f 841/187/134 839/194/134 840/192/134
f 852/186/134 854/190/134 851/82/134
f 854/190/134 852/186/134 853/192/134
f 856/184/134 858/98/134 855/188/134
f 858/98/134 856/184/134 857/191/134
f 859/82/134 861/92/134 862/98/134
f 861/92/134 859/82/134 860/91/134
f 864/195/134 866/196/134 863/82/134
f 866/196/134 864/195/134 865/197/134
f 868/198/134 870/200/134 867/199/134
f 885/201/134 884/203/134 869/202/134
f 884/203/134 885/201/134 883/204/134
f 866/196/134 878/206/134 879/205/134
f 878/206/134 866/196/134 877/207/134
f 870/200/134 871/209/134 872/208/134
f 871/209/134 870/200/134 873/210/134
f 868/198/134 869/202/134 870/200/134
f 894/211/134 896/213/134 892/212/134
f 896/213/134 894/211/134 895/214/134
f 889/215/134 897/217/134 898/216/134
f 891/218/134 897/217/134 889/215/134
f 897/217/134 891/218/134 896/213/134
f 896/213/134 891/218/134 892/212/134
f 900/98/134 899/220/134 880/219/134
f 899/220/134 900/98/134 898/216/134
f 890/221/134 889/215/134 875/222/134
f 889/215/134 890/221/134 891/218/134
f 888/223/134 892/212/134 893/224/134
f 892/212/134 888/223/134 894/211/134
f 886/225/134 887/226/134 888/223/134
f 878/206/134 881/228/134 882/227/134
f 881/228/134 878/206/134 880/219/134
f 871/209/134 876/230/134 874/229/134
f 876/230/134 871/209/134 875/222/134
f 888/223/134 883/204/134 886/225/134
f 904/102/134 906/104/134 907/103/134
f 901/82/134 907/103/134 908/105/134
f 902/106/134 907/103/134 901/82/134
f 907/103/134 902/106/134 904/102/134
f 904/102/134 902/106/134 903/107/134
f 914/98/134 911/110/134 913/108/134
f 914/98/134 912/109/134 911/110/134
f 909/111/134 911/110/134 905/112/134
f 911/110/134 909/111/134 910/113/134
f 904/102/134 905/112/134 906/104/134
f 916/186/134 918/190/134 915/82/134
f 918/190/134 916/186/134 917/192/134
f 920/184/134 922/98/134 919/188/134
f 922/98/134 920/184/134 921/191/134
f 924/195/134 926/196/134 923/82/134
f 926/196/134 924/195/134 925/197/134
f 928/198/134 930/200/134 927/199/134
f 945/201/134 944/203/134 929/202/134
f 944/203/134 945/201/134 943/204/134
f 926/196/134 938/206/134 939/205/134
f 938/206/134 926/196/134 937/207/134
f 930/200/134 931/209/134 932/208/134
f 931/209/134 930/200/134 933/210/134
f 928/198/134 929/202/134 930/200/134
f 954/211/134 956/213/134 952/212/134
f 956/213/134 954/211/134 955/214/134
f 949/215/134 957/217/134 958/216/134
f 951/218/134 957/217/134 949/215/134
f 957/217/134 951/218/134 956/213/134
f 956/213/134 951/218/134 952/212/134
f 960/98/134 959/220/134 940/219/134
f 959/220/134 960/98/134 958/216/134
f 950/221/134 949/215/134 935/222/134
f 949/215/134 950/221/134 951/218/134
f 948/223/134 952/212/134 953/224/134
f 952/212/134 948/223/134 954/211/134
f 946/225/134 947/226/134 948/223/134
f 938/206/134 941/228/134 942/227/134
f 941/228/134 938/206/134 940/219/134
f 931/209/134 936/230/134 934/229/134
f 936/230/134 931/209/134 935/222/134
f 948/223/134 943/204/134 946/225/134
f 964/102/134 966/104/134 967/103/134
f 961/82/134 967/103/134 968/105/134
f 962/106/134 967/103/134 961/82/134
f 967/103/134 962/106/134 964/102/134
f 964/102/134 962/106/134 963/107/134
f 973/108/134 971/110/134 972/109/134
f 973/108/134 974/98/134 971/110/134
f 969/111/134 971/110/134 965/112/134
f 971/110/134 969/111/134 970/113/134
f 964/102/134 965/112/134 966/104/134
f 976/158/134 978/159/134 975/82/134
f 996/160/134 995/162/134 977/161/134
f 995/162/134 996/160/134 983/163/134
f 976/158/134 977/161/134 978/159/134
f 980/164/134 982/166/134 979/165/134
f 982/166/134 980/164/134 981/167/134
f 990/168/134 991/170/134 992/169/134
f 994/171/134 988/173/134 993/172/134
f 988/173/134 994/171/134 987/174/134
f 985/175/134 987/174/134 994/171/134
f 987/174/134 985/175/134 986/176/134
f 990/168/134 988/173/134 989/177/134
f 988/173/134 990/168/134 993/172/134
f 992/169/134 993/172/134 990/168/134
f 994/171/134 984/178/134 985/175/134
f 978/159/134 997/180/134 998/179/134
f 997/180/134 978/159/134 991/170/134
f 994/171/134 983/163/134 984/178/134
f 999/181/134 986/176/134 981/167/134
f 986/176/134 999/181/134 1000/98/134
f 1004/102/134 1006/104/134 1007/103/134
f 1001/82/134 1007/103/134 1008/105/134
f 1002/106/134 1007/103/134 1001/82/134
f 1007/103/134 1002/106/134 1004/102/134
f 1014/98/134 1011/110/134 1013/108/134
f 1014/98/134 1012/109/134 1011/110/134
f 1009/111/134 1011/110/134 1005/112/134
f 1011/110/134 1009/111/134 1010/113/134
f 1004/102/134 1005/112/134 1006/104/134
f 1002/106/134 1003/107/134 1004/102/134
f 1016/231/134 1018/186/134 1015/82/134
f 1018/186/134 1016/231/134 1017/232/134
f 1024/190/134 1022/91/134 1023/233/134
f 1018/186/134 1020/234/134 1021/192/134
f 1020/234/134 1018/186/134 1019/235/134
f 1024/190/134 1017/232/134 1022/91/134
f 1035/236/134 1030/184/134 1034/237/134
f 1031/238/134 1033/191/134 1025/239/134
f 1033/191/134 1031/238/134 1032/240/134
f 1035/236/134 1036/98/134 1030/184/134
f 1030/184/134 1028/241/134 1029/92/134
f 1020/234/134 1026/242/134 1027/188/134
f 1026/242/134 1020/234/134 1025/239/134
f 1030/184/134 1023/233/134 1028/241/134
f 1038/91/134 1040/98/134 1037/82/134
f 1040/98/134 1038/91/134 1039/92/134
f 1050/114/134 1041/82/134 1049/115/134
f 1042/116/134 1049/115/134 1041/82/134
f 1049/115/134 1042/116/134 1044/117/134
f 1044/117/134 1042/116/134 1043/118/134
f 1052/119/134 1055/121/134 1056/120/134
f 1058/122/134 1059/124/134 1057/123/134
f 1050/114/134 1052/119/134 1053/125/134
f 1052/119/134 1050/114/134 1051/126/134
f 1058/122/134 1043/118/134 1059/124/134
f 1065/127/134 1064/129/134 1054/128/134
f 1064/129/134 1065/127/134 1063/130/134
f 1068/131/134 1066/133/134 1067/132/134
f 1048/134/134 1049/115/134 1045/135/134
f 1048/134/134 1045/135/134 1047/136/134
f 1046/137/134 1047/136/134 1045/135/134
f 1068/131/134 1063/130/134 1066/133/134
f 1062/138/134 1046/137/134 1070/98/134
f 1046/137/134 1062/138/134 1069/139/134
f 1052/119/134 1054/128/134 1055/121/134
f 1060/140/134 1062/138/134 1057/123/134
f 1062/138/134 1060/140/134 1061/141/134
f 1044/117/134 1045/135/134 1049/115/134
f 1071/82/134 1073/92/134 1074/98/134
f 1073/92/134 1071/82/134 1072/91/134
f 1076/186/134 1078/190/134 1075/82/134
f 1078/190/134 1076/186/134 1077/192/134
f 1080/184/134 1082/98/134 1079/188/134
f 1082/98/134 1080/184/134 1081/191/134
f 1084/142/134 1094/143/134 1083/82/134
f 1094/143/134 1092/145/134 1093/144/134
f 1092/145/134 1094/143/134 1091/146/134
f 1091/146/134 1094/143/134 1085/147/134
f 1084/142/134 1085/147/134 1094/143/134
f 1098/148/134 1099/149/134 1100/98/134
f 1100/98/134 1095/150/134 1098/148/134
f 1090/151/134 1088/153/134 1089/152/134
f 1092/145/134 1096/155/134 1097/154/134
f 1096/155/134 1092/145/134 1095/150/134
f 1090/151/134 1091/146/134 1088/153/134
f 1085/147/134 1088/153/134 1091/146/134
f 1086/156/134 1088/153/134 1085/147/134
f 1088/153/134 1086/156/134 1087/157/134
f 1102/243/134 1104/244/134 1101/82/134
f 1102/243/134 1103/245/134 1104/244/134
f 1106/246/134 1108/248/134 1105/247/134
f 1108/248/134 1106/246/134 1107/249/134
f 1111/250/134 1120/252/134 1124/251/134
f 1116/253/134 1114/255/134 1115/254/134
f 1114/255/134 1116/253/134 1113/189/134
f 1111/250/134 1109/91/134 1110/256/134
f 1109/91/134 1111/250/134 1112/257/134
f 1104/244/134 1117/92/134 1118/258/134
f 1117/92/134 1104/244/134 1110/256/134
f 1111/250/134 1125/98/134 1120/252/134
f 1108/248/134 1120/252/134 1121/259/134
f 1120/252/134 1108/248/134 1119/260/134
f 1122/261/134 1116/253/134 1107/249/134
f 1116/253/134 1122/261/134 1123/262/134
f 1133/74/134 1131/76/134 1132/75/134
f 1133/74/134 1130/77/134 1131/76/134
f 1134/78/134 1136/80/134 1128/79/134
f 1127/81/134 1129/83/134 1126/82/134
f 1129/83/134 1127/81/134 1128/79/134
f 1133/74/134 1138/85/134 1141/84/134
f 1138/85/134 1133/74/134 1142/86/134
f 1147/87/134 1143/89/134 1145/88/134
f 1140/90/134 1144/92/134 1135/91/134
f 1144/92/134 1140/90/134 1143/89/134
f 1149/93/134 1148/95/134 1146/94/134
f 1151/96/134 1153/98/134 1150/97/134
f 1153/98/134 1151/96/134 1152/99/134
f 1149/93/134 1150/97/134 1148/95/134
f 1145/88/134 1146/94/134 1147/87/134
f 1134/78/134 1135/91/134 1136/80/134
f 1138/85/134 1140/90/134 1137/100/134
f 1140/90/134 1138/85/134 1139/101/134
f 1155/243/134 1157/244/134 1154/82/134
f 1155/243/134 1156/245/134 1157/244/134
f 1159/246/134 1161/248/134 1158/247/134
f 1161/248/134 1159/246/134 1160/249/134
f 1164/250/134 1173/252/134 1177/251/134
f 1169/253/134 1167/255/134 1168/254/134
f 1167/255/134 1169/253/134 1166/189/134
f 1164/250/134 1162/91/134 1163/256/134
f 1162/91/134 1164/250/134 1165/257/134
f 1157/244/134 1170/92/134 1171/258/134
f 1170/92/134 1157/244/134 1163/256/134
f 1164/250/134 1178/98/134 1173/252/134
f 1161/248/134 1173/252/134 1174/259/134
f 1173/252/134 1161/248/134 1172/260/134
f 1175/261/134 1169/253/134 1160/249/134
f 1169/253/134 1175/261/134 1176/262/134
f 119/75/135 120/74/135 653/74/135 652/75/135
f 118/76/136 119/75/136 652/75/136 651/76/136
f 120/74/137 117/77/137 650/77/137 653/74/137
f 117/77/138 118/76/138 651/76/138 650/77/138
f 115/79/138 121/78/138 654/78/138 648/79/138
f 123/80/137 115/79/137 648/79/137 656/80/137
f 113/82/138 114/81/138 647/81/138 646/82/138
f 116/83/137 113/82/137 646/82/137 649/83/137
f 115/79/135 116/83/135 649/83/135 648/79/135
f 114/81/136 115/79/136 648/79/136 647/81/136
f 128/84/138 120/74/138 653/74/138 661/84/138
f 125/85/137 128/84/137 661/84/137 658/85/137
f 129/86/135 125/85/135 658/85/135 662/86/135
f 120/74/136 129/86/136 662/86/136 653/74/136
f 134/87/137 130/89/137 663/89/137 667/87/137
f 130/89/138 132/88/138 665/88/138 663/89/138
f 122/91/138 127/90/138 660/90/138 655/91/138
f 131/92/137 122/91/137 655/91/137 664/92/137
f 130/89/135 131/92/135 664/92/135 663/89/135
f 127/90/136 130/89/136 663/89/136 660/90/136
f 133/94/138 136/93/138 669/93/138 666/94/138
f 135/95/137 133/94/137 666/94/137 668/95/137
f 137/97/138 138/96/138 671/96/138 670/97/138
f 140/98/137 137/97/137 670/97/137 673/98/137
f 139/99/135 140/98/135 673/98/135 672/99/135
f 138/96/136 139/99/136 672/99/136 671/96/136
f 136/93/136 137/97/136 670/97/136 669/93/136
f 137/97/135 135/95/135 668/95/135 670/97/135
f 132/88/136 133/94/136 666/94/136 665/88/136
f 133/94/135 134/87/135 667/87/135 666/94/135
f 121/78/136 122/91/136 655/91/136 654/78/136
f 122/91/135 123/80/135 656/80/135 655/91/135
f 124/100/138 125/85/138 658/85/138 657/100/138
f 127/90/137 124/100/137 657/100/137 660/90/137
f 126/101/135 127/90/135 660/90/135 659/101/135
f 125/85/136 126/101/136 659/101/136 658/85/136
f 146/104/137 147/103/137 680/103/137 679/104/137
f 148/105/137 141/82/137 674/82/137 681/105/137
f 147/103/135 148/105/135 681/105/135 680/103/135
f 141/82/138 142/106/138 675/106/138 674/82/138
f 143/107/135 144/102/135 677/102/135 676/107/135
f 142/106/136 143/107/136 676/107/136 675/106/136
f 152/109/135 153/108/135 686/108/135 685/109/135
f 151/110/136 152/109/136 685/109/136 684/110/136
f 153/108/137 154/98/137 687/98/137 686/108/137
f 154/98/138 151/110/138 684/110/138 687/98/138
f 145/112/138 149/111/138 682/111/138 678/112/138
f 151/110/137 145/112/137 678/112/137 684/110/137
f 150/113/135 151/110/135 684/110/135 683/113/135
f 149/111/136 150/113/136 683/113/136 682/111/136
f 144/102/136 145/112/136 678/112/136 677/102/136
f 145/112/135 146/104/135 679/104/135 678/112/135
f 164/114/137 155/82/137 688/82/137 697/114/137
f 163/115/135 164/114/135 697/114/135 696/115/135
f 155/82/138 156/116/138 689/116/138 688/82/138
f 157/118/135 158/117/135 691/117/135 690/118/135
f 156/116/136 157/118/136 690/118/136 689/116/136
f 170/120/138 166/119/138 699/119/138 703/120/138
f 169/121/137 170/120/137 703/120/137 702/121/137
f 171/123/135 172/122/135 705/122/135 704/123/135
f 173/124/136 171/123/136 704/123/136 706/124/136
f 167/125/138 164/114/138 697/114/138 700/125/138
f 166/119/137 167/125/137 700/125/137 699/119/137
f 165/126/135 166/119/135 699/119/135 698/126/135
f 164/114/136 165/126/136 698/126/136 697/114/136
f 172/122/137 157/118/137 690/118/137 705/122/137
f 157/118/138 173/124/138 706/124/138 690/118/138
f 168/128/138 179/127/138 712/127/138 701/128/138
f 178/129/137 168/128/137 701/128/137 711/129/137
f 177/130/135 178/129/135 711/129/135 710/130/135
f 179/127/136 177/130/136 710/130/136 712/127/136
f 181/132/135 182/131/135 715/131/135 714/132/135
f 180/133/136 181/132/136 714/132/136 713/133/136
f 162/134/137 163/115/137 696/115/137 695/134/137
f 161/136/135 162/134/135 695/134/135 694/136/135
f 160/137/136 161/136/136 694/136/136 693/137/136
f 159/135/138 160/137/138 693/137/138 692/135/138
f 182/131/137 177/130/137 710/130/137 715/131/137
f 177/130/138 180/133/138 713/133/138 710/130/138
f 184/98/138 176/138/138 709/138/138 717/98/138
f 160/137/137 184/98/137 717/98/137 693/137/137
f 183/139/135 160/137/135 693/137/135 716/139/135
f 176/138/136 183/139/136 716/139/136 709/138/136
f 166/119/136 168/128/136 701/128/136 699/119/136
f 168/128/135 169/121/135 702/121/135 701/128/135
f 171/123/138 174/140/138 707/140/138 704/123/138
f 176/138/137 171/123/137 704/123/137 709/138/137
f 175/141/135 176/138/135 709/138/135 708/141/135
f 174/140/136 175/141/136 708/141/136 707/140/136
f 158/117/136 159/135/136 692/135/136 691/117/136
f 185/82/138 186/142/138 719/142/138 718/82/138
f 196/143/137 185/82/137 718/82/137 729/143/137
f 195/144/138 196/143/138 729/143/138 728/144/138
f 194/145/137 195/144/137 728/144/137 727/145/137
f 193/146/135 194/145/135 727/145/135 726/146/135
f 186/142/136 187/147/136 720/147/136 719/142/136
f 200/148/136 201/149/136 734/149/136 733/148/136
f 201/149/135 202/98/135 735/98/135 734/149/135
f 202/98/137 197/150/137 730/150/137 735/98/137
f 197/150/138 200/148/138 733/148/138 730/150/138
f 191/152/135 192/151/135 725/151/135 724/152/135
f 190/153/136 191/152/136 724/152/136 723/153/136
f 199/154/138 194/145/138 727/145/138 732/154/138
f 198/155/137 199/154/137 732/154/137 731/155/137
f 197/150/135 198/155/135 731/155/135 730/150/135
f 194/145/136 197/150/136 730/150/136 727/145/136
f 192/151/137 193/146/137 726/146/137 725/151/137
f 187/147/138 188/156/138 721/156/138 720/147/138
f 189/157/135 190/153/135 723/153/135 722/157/135
f 188/156/136 189/157/136 722/157/136 721/156/136
f 203/82/138 204/142/138 737/142/138 736/82/138
f 214/143/137 203/82/137 736/82/137 747/143/137
f 213/144/138 214/143/138 747/143/138 746/144/138
f 212/145/137 213/144/137 746/144/137 745/145/137
f 211/146/135 212/145/135 745/145/135 744/146/135
f 204/142/136 205/147/136 738/147/136 737/142/136
f 218/148/136 219/149/136 752/149/136 751/148/136
f 219/149/135 220/98/135 753/98/135 752/149/135
f 220/98/137 215/150/137 748/150/137 753/98/137
f 215/150/138 218/148/138 751/148/138 748/150/138
f 209/152/135 210/151/135 743/151/135 742/152/135
f 208/153/136 209/152/136 742/152/136 741/153/136
f 217/154/138 212/145/138 745/145/138 750/154/138
f 216/155/137 217/154/137 750/154/137 749/155/137
f 215/150/135 216/155/135 749/155/135 748/150/135
f 212/145/136 215/150/136 748/150/136 745/145/136
f 210/151/137 211/146/137 744/146/137 743/151/137
f 205/147/138 206/156/138 739/156/138 738/147/138
f 207/157/135 208/153/135 741/153/135 740/157/135
f 206/156/136 207/157/136 740/157/136 739/156/136
f 221/82/138 222/158/138 755/158/138 754/82/138
f 224/159/137 221/82/137 754/82/137 757/159/137
f 223/161/138 242/160/138 775/160/138 756/161/138
f 241/162/137 223/161/137 756/161/137 774/162/137
f 229/163/135 241/162/135 774/162/135 762/163/135
f 242/160/136 229/163/136 762/163/136 775/160/136
f 222/158/136 223/161/136 756/161/136 755/158/136
f 223/161/135 224/159/135 757/159/135 756/161/135
f 225/165/138 226/164/138 759/164/138 758/165/138
f 228/166/137 225/165/137 758/165/137 761/166/137
f 227/167/135 228/166/135 761/166/135 760/167/135
f 226/164/136 227/167/136 760/167/136 759/164/136
f 236/168/137 237/170/137 770/170/137 769/168/137
f 237/170/138 238/169/138 771/169/138 770/170/138
f 239/172/138 240/171/138 773/171/138 772/172/138
f 233/174/135 234/173/135 767/173/135 766/174/135
f 232/176/136 233/174/136 766/174/136 765/176/136
f 231/175/138 232/176/138 765/176/138 764/175/138
f 235/177/138 236/168/138 769/168/138 768/177/138
f 234/173/137 235/177/137 768/177/137 767/173/137
f 238/169/136 239/172/136 772/172/136 771/169/136
f 230/178/136 231/175/136 764/175/136 763/178/136
f 244/179/138 224/159/138 757/159/138 777/179/138
f 243/180/137 244/179/137 777/179/137 776/180/137
f 237/170/135 243/180/135 776/180/135 770/170/135
f 224/159/136 237/170/136 770/170/136 757/159/136
f 240/171/137 229/163/137 762/163/137 773/171/137
f 229/163/138 230/178/138 763/178/138 762/163/138
f 227/167/138 245/181/138 778/181/138 760/167/138
f 232/176/137 227/167/137 760/167/137 765/176/137
f 246/98/135 232/176/135 765/176/135 779/98/135
f 245/181/136 246/98/136 779/98/136 778/181/136
f 258/176/137 247/82/137 780/82/137 791/176/137
f 257/175/135 258/176/135 791/176/135 790/175/135
f 253/167/135 254/166/135 787/166/135 786/167/135
f 247/82/138 248/158/138 781/158/138 780/82/138
f 251/165/135 252/164/135 785/164/135 784/165/135
f 250/159/136 251/165/136 784/165/136 783/159/136
f 256/178/137 257/175/137 790/175/137 789/178/137
f 255/163/135 256/178/135 789/178/135 788/163/135
f 254/166/136 255/163/136 788/163/136 787/166/136
f 252/164/137 253/167/137 786/167/137 785/164/137
f 271/181/135 272/98/135 805/98/135 804/181/135
f 269/180/136 271/181/136 804/181/136 802/180/136
f 272/98/137 265/172/137 798/172/137 805/98/137
f 265/172/138 269/180/138 802/180/138 798/172/138
f 259/174/138 267/162/138 800/162/138 792/174/138
f 266/171/137 259/174/137 792/174/137 799/171/137
f 265/172/135 266/171/135 799/171/135 798/172/135
f 267/162/136 265/172/136 798/172/136 800/162/136
f 270/179/138 264/169/138 797/169/138 803/179/138
f 269/180/137 270/179/137 803/179/137 802/180/137
f 268/160/135 269/180/135 802/180/135 801/160/135
f 264/169/136 268/160/136 801/160/136 797/169/136
f 262/168/136 263/170/136 796/170/136 795/168/136
f 263/170/135 264/169/135 797/169/135 796/170/135
f 261/177/138 256/178/138 789/178/138 794/177/138
f 260/173/137 261/177/137 794/177/137 793/173/137
f 259/174/135 260/173/135 793/173/135 792/174/135
f 256/178/136 259/174/136 792/174/136 789/178/136
f 264/169/137 251/165/137 784/165/137 797/169/137
f 251/165/138 262/168/138 795/168/138 784/165/138
f 248/158/136 249/161/136 782/161/136 781/158/136
f 249/161/135 250/159/135 783/159/135 782/161/135
f 282/114/137 273/82/137 806/82/137 815/114/137
f 281/115/135 282/114/135 815/114/135 814/115/135
f 273/82/138 274/116/138 807/116/138 806/82/138
f 275/118/135 276/117/135 809/117/135 808/118/135
f 274/116/136 275/118/136 808/118/136 807/116/136
f 288/120/138 284/119/138 817/119/138 821/120/138
f 287/121/137 288/120/137 821/120/137 820/121/137
f 289/123/135 290/122/135 823/122/135 822/123/135
f 291/124/136 289/123/136 822/123/136 824/124/136
f 285/125/138 282/114/138 815/114/138 818/125/138
f 284/119/137 285/125/137 818/125/137 817/119/137
f 283/126/135 284/119/135 817/119/135 816/126/135
f 282/114/136 283/126/136 816/126/136 815/114/136
f 290/122/137 275/118/137 808/118/137 823/122/137
f 275/118/138 291/124/138 824/124/138 808/118/138
f 286/128/138 297/127/138 830/127/138 819/128/138
f 296/129/137 286/128/137 819/128/137 829/129/137
f 295/130/135 296/129/135 829/129/135 828/130/135
f 297/127/136 295/130/136 828/130/136 830/127/136
f 299/132/135 300/131/135 833/131/135 832/132/135
f 298/133/136 299/132/136 832/132/136 831/133/136
f 280/134/137 281/115/137 814/115/137 813/134/137
f 279/136/135 280/134/135 813/134/135 812/136/135
f 278/137/136 279/136/136 812/136/136 811/137/136
f 277/135/138 278/137/138 811/137/138 810/135/138
f 300/131/137 295/130/137 828/130/137 833/131/137
f 295/130/138 298/133/138 831/133/138 828/130/138
f 302/98/138 294/138/138 827/138/138 835/98/138
f 278/137/137 302/98/137 835/98/137 811/137/137
f 301/139/135 278/137/135 811/137/135 834/139/135
f 294/138/136 301/139/136 834/139/136 827/138/136
f 284/119/136 286/128/136 819/128/136 817/119/136
f 286/128/135 287/121/135 820/121/135 819/128/135
f 289/123/138 292/140/138 825/140/138 822/123/138
f 294/138/137 289/123/137 822/123/137 827/138/137
f 293/141/135 294/138/135 827/138/135 826/141/135
f 292/140/136 293/141/136 826/141/136 825/140/136
f 276/117/136 277/135/136 810/135/136 809/117/136
f 312/182/137 313/184/137 846/184/137 845/182/137
f 313/184/138 314/183/138 847/183/138 846/184/138
f 303/82/138 304/185/138 837/185/138 836/82/138
f 314/183/137 303/82/137 836/82/137 847/183/137
f 304/185/136 305/186/136 838/186/136 837/185/136
f 310/189/137 311/188/137 844/188/137 843/189/137
f 309/190/135 310/189/135 843/189/135 842/190/135
f 308/187/136 309/190/136 842/190/136 841/187/136
f 307/192/138 315/191/138 848/191/138 840/192/138
f 317/98/137 307/192/137 840/192/137 850/98/137
f 316/193/135 317/98/135 850/98/135 849/193/135
f 315/191/136 316/193/136 849/193/136 848/191/136
f 311/188/135 312/182/135 845/182/135 844/188/135
f 305/186/138 306/194/138 839/194/138 838/186/138
f 307/192/135 308/187/135 841/187/135 840/192/135
f 306/194/136 307/192/136 840/192/136 839/194/136
f 318/82/138 319/186/138 852/186/138 851/82/138
f 321/190/137 318/82/137 851/82/137 854/190/137
f 320/192/135 321/190/135 854/190/135 853/192/135
f 319/186/136 320/192/136 853/192/136 852/186/136
f 322/188/138 323/184/138 856/184/138 855/188/138
f 325/98/137 322/188/137 855/188/137 858/98/137
f 324/191/135 325/98/135 858/98/135 857/191/135
f 323/184/136 324/191/136 857/191/136 856/184/136
f 329/98/138 326/82/138 859/82/138 862/98/138
f 328/92/137 329/98/137 862/98/137 861/92/137
f 327/91/135 328/92/135 861/92/135 860/91/135
f 326/82/136 327/91/136 860/91/136 859/82/136
f 330/82/138 331/195/138 864/195/138 863/82/138
f 333/196/137 330/82/137 863/82/137 866/196/137
f 332/197/135 333/196/135 866/196/135 865/197/135
f 331/195/136 332/197/136 865/197/136 864/195/136
f 334/199/138 335/198/138 868/198/138 867/199/138
f 337/200/137 334/199/137 867/199/137 870/200/137
f 336/202/138 352/201/138 885/201/138 869/202/138
f 351/203/137 336/202/137 869/202/137 884/203/137
f 350/204/135 351/203/135 884/203/135 883/204/135
f 352/201/136 350/204/136 883/204/136 885/201/136
f 346/205/138 333/196/138 866/196/138 879/205/138
f 345/206/137 346/205/137 879/205/137 878/206/137
f 344/207/135 345/206/135 878/206/135 877/207/135
f 333/196/136 344/207/136 877/207/136 866/196/136
f 339/208/138 337/200/138 870/200/138 872/208/138
f 338/209/137 339/208/137 872/208/137 871/209/137
f 340/210/135 338/209/135 871/209/135 873/210/135
f 337/200/136 340/210/136 873/210/136 870/200/136
f 335/198/136 336/202/136 869/202/136 868/198/136
f 336/202/135 337/200/135 870/200/135 869/202/135
f 362/214/136 363/213/136 896/213/136 895/214/136
f 361/211/138 362/214/138 895/214/138 894/211/138
f 365/216/138 356/215/138 889/215/138 898/216/138
f 364/217/137 365/216/137 898/216/137 897/217/137
f 363/213/135 364/217/135 897/217/135 896/213/135
f 358/218/138 359/212/138 892/212/138 891/218/138
f 347/219/138 367/98/138 900/98/138 880/219/138
f 366/220/137 347/219/137 880/219/137 899/220/137
f 365/216/135 366/220/135 899/220/135 898/216/135
f 367/98/136 365/216/136 898/216/136 900/98/136
f 342/222/138 357/221/138 890/221/138 875/222/138
f 356/215/137 342/222/137 875/222/137 889/215/137
f 357/221/136 358/218/136 891/218/136 890/221/136
f 360/224/138 355/223/138 888/223/138 893/224/138
f 359/212/137 360/224/137 893/224/137 892/212/137
f 355/223/136 361/211/136 894/211/136 888/223/136
f 353/225/136 354/226/136 887/226/136 886/225/136
f 354/226/135 355/223/135 888/223/135 887/226/135
f 349/227/138 345/206/138 878/206/138 882/227/138
f 348/228/137 349/227/137 882/227/137 881/228/137
f 347/219/135 348/228/135 881/228/135 880/219/135
f 345/206/136 347/219/136 880/219/136 878/206/136
f 341/229/138 338/209/138 871/209/138 874/229/138
f 343/230/137 341/229/137 874/229/137 876/230/137
f 342/222/135 343/230/135 876/230/135 875/222/135
f 338/209/136 342/222/136 875/222/136 871/209/136
f 355/223/137 350/204/137 883/204/137 888/223/137
f 350/204/138 353/225/138 886/225/138 883/204/138
f 373/104/137 374/103/137 907/103/137 906/104/137
f 375/105/137 368/82/137 901/82/137 908/105/137
f 374/103/135 375/105/135 908/105/135 907/103/135
f 368/82/138 369/106/138 902/106/138 901/82/138
f 370/107/135 371/102/135 904/102/135 903/107/135
f 369/106/136 370/107/136 903/107/136 902/106/136
f 380/108/135 381/98/135 914/98/135 913/108/135
f 378/110/136 380/108/136 913/108/136 911/110/136
f 381/98/137 379/109/137 912/109/137 914/98/137
f 379/109/138 378/110/138 911/110/138 912/109/138
f 372/112/138 376/111/138 909/111/138 905/112/138
f 378/110/137 372/112/137 905/112/137 911/110/137
f 377/113/135 378/110/135 911/110/135 910/113/135
f 376/111/136 377/113/136 910/113/136 909/111/136
f 371/102/136 372/112/136 905/112/136 904/102/136
f 372/112/135 373/104/135 906/104/135 905/112/135
f 382/82/138 383/186/138 916/186/138 915/82/138
f 385/190/137 382/82/137 915/82/137 918/190/137
f 384/192/135 385/190/135 918/190/135 917/192/135
f 383/186/136 384/192/136 917/192/136 916/186/136
f 386/188/138 387/184/138 920/184/138 919/188/138
f 389/98/137 386/188/137 919/188/137 922/98/137
f 388/191/135 389/98/135 922/98/135 921/191/135
f 387/184/136 388/191/136 921/191/136 920/184/136
f 390/82/138 391/195/138 924/195/138 923/82/138
f 393/196/137 390/82/137 923/82/137 926/196/137
f 392/197/135 393/196/135 926/196/135 925/197/135
f 391/195/136 392/197/136 925/197/136 924/195/136
f 394/199/138 395/198/138 928/198/138 927/199/138
f 397/200/137 394/199/137 927/199/137 930/200/137
f 396/202/138 412/201/138 945/201/138 929/202/138
f 411/203/137 396/202/137 929/202/137 944/203/137
f 410/204/135 411/203/135 944/203/135 943/204/135
f 412/201/136 410/204/136 943/204/136 945/201/136
f 406/205/138 393/196/138 926/196/138 939/205/138
f 405/206/137 406/205/137 939/205/137 938/206/137
f 404/207/135 405/206/135 938/206/135 937/207/135
f 393/196/136 404/207/136 937/207/136 926/196/136
f 399/208/138 397/200/138 930/200/138 932/208/138
f 398/209/137 399/208/137 932/208/137 931/209/137
f 400/210/135 398/209/135 931/209/135 933/210/135
f 397/200/136 400/210/136 933/210/136 930/200/136
f 395/198/136 396/202/136 929/202/136 928/198/136
f 396/202/135 397/200/135 930/200/135 929/202/135
f 422/214/136 423/213/136 956/213/136 955/214/136
f 421/211/138 422/214/138 955/214/138 954/211/138
f 425/216/138 416/215/138 949/215/138 958/216/138
f 424/217/137 425/216/137 958/216/137 957/217/137
f 423/213/135 424/217/135 957/217/135 956/213/135
f 418/218/138 419/212/138 952/212/138 951/218/138
f 407/219/138 427/98/138 960/98/138 940/219/138
f 426/220/137 407/219/137 940/219/137 959/220/137
f 425/216/135 426/220/135 959/220/135 958/216/135
f 427/98/136 425/216/136 958/216/136 960/98/136
f 402/222/138 417/221/138 950/221/138 935/222/138
f 416/215/137 402/222/137 935/222/137 949/215/137
f 417/221/136 418/218/136 951/218/136 950/221/136
f 420/224/138 415/223/138 948/223/138 953/224/138
f 419/212/137 420/224/137 953/224/137 952/212/137
f 415/223/136 421/211/136 954/211/136 948/223/136
f 413/225/136 414/226/136 947/226/136 946/225/136
f 414/226/135 415/223/135 948/223/135 947/226/135
f 409/227/138 405/206/138 938/206/138 942/227/138
f 408/228/137 409/227/137 942/227/137 941/228/137
f 407/219/135 408/228/135 941/228/135 940/219/135
f 405/206/136 407/219/136 940/219/136 938/206/136
f 401/229/138 398/209/138 931/209/138 934/229/138
f 403/230/137 401/229/137 934/229/137 936/230/137
f 402/222/135 403/230/135 936/230/135 935/222/135
f 398/209/136 402/222/136 935/222/136 931/209/136
f 415/223/137 410/204/137 943/204/137 948/223/137
f 410/204/138 413/225/138 946/225/138 943/204/138
f 433/104/137 434/103/137 967/103/137 966/104/137
f 435/105/137 428/82/137 961/82/137 968/105/137
f 434/103/135 435/105/135 968/105/135 967/103/135
f 428/82/138 429/106/138 962/106/138 961/82/138
f 430/107/135 431/102/135 964/102/135 963/107/135
f 429/106/136 430/107/136 963/107/136 962/106/136
f 439/109/135 440/108/135 973/108/135 972/109/135
f 438/110/136 439/109/136 972/109/136 971/110/136
f 440/108/137 441/98/137 974/98/137 973/108/137
f 441/98/138 438/110/138 971/110/138 974/98/138
f 432/112/138 436/111/138 969/111/138 965/112/138
f 438/110/137 432/112/137 965/112/137 971/110/137
f 437/113/135 438/110/135 971/110/135 970/113/135
f 436/111/136 437/113/136 970/113/136 969/111/136
f 431/102/136 432/112/136 965/112/136 964/102/136
f 432/112/135 433/104/135 966/104/135 965/112/135
f 442/82/138 443/158/138 976/158/138 975/82/138
f 445/159/137 442/82/137 975/82/137 978/159/137
f 444/161/138 463/160/138 996/160/138 977/161/138
f 462/162/137 444/161/137 977/161/137 995/162/137
f 450/163/135 462/162/135 995/162/135 983/163/135
f 463/160/136 450/163/136 983/163/136 996/160/136
f 443/158/136 444/161/136 977/161/136 976/158/136
f 444/161/135 445/159/135 978/159/135 977/161/135
f 446/165/138 447/164/138 980/164/138 979/165/138
f 449/166/137 446/165/137 979/165/137 982/166/137
f 448/167/135 449/166/135 982/166/135 981/167/135
f 447/164/136 448/167/136 981/167/136 980/164/136
f 457/168/137 458/170/137 991/170/137 990/168/137
f 458/170/138 459/169/138 992/169/138 991/170/138
f 460/172/138 461/171/138 994/171/138 993/172/138
f 454/174/135 455/173/135 988/173/135 987/174/135
f 453/176/136 454/174/136 987/174/136 986/176/136
f 452/175/138 453/176/138 986/176/138 985/175/138
f 456/177/138 457/168/138 990/168/138 989/177/138
f 455/173/137 456/177/137 989/177/137 988/173/137
f 459/169/136 460/172/136 993/172/136 992/169/136
f 451/178/136 452/175/136 985/175/136 984/178/136
f 465/179/138 445/159/138 978/159/138 998/179/138
f 464/180/137 465/179/137 998/179/137 997/180/137
f 458/170/135 464/180/135 997/180/135 991/170/135
f 445/159/136 458/170/136 991/170/136 978/159/136
f 461/171/137 450/163/137 983/163/137 994/171/137
f 450/163/138 451/178/138 984/178/138 983/163/138
f 448/167/138 466/181/138 999/181/138 981/167/138
f 453/176/137 448/167/137 981/167/137 986/176/137
f 467/98/135 453/176/135 986/176/135 1000/98/135
f 466/181/136 467/98/136 1000/98/136 999/181/136
f 473/104/137 474/103/137 1007/103/137 1006/104/137
f 475/105/137 468/82/137 1001/82/137 1008/105/137
f 474/103/135 475/105/135 1008/105/135 1007/103/135
f 468/82/138 469/106/138 1002/106/138 1001/82/138
f 480/108/135 481/98/135 1014/98/135 1013/108/135
f 478/110/136 480/108/136 1013/108/136 1011/110/136
f 481/98/137 479/109/137 1012/109/137 1014/98/137
f 479/109/138 478/110/138 1011/110/138 1012/109/138
f 472/112/138 476/111/138 1009/111/138 1005/112/138
f 478/110/137 472/112/137 1005/112/137 1011/110/137
f 477/113/135 478/110/135 1011/110/135 1010/113/135
f 476/111/136 477/113/136 1010/113/136 1009/111/136
f 471/102/136 472/112/136 1005/112/136 1004/102/136
f 472/112/135 473/104/135 1006/104/135 1005/112/135
f 469/106/136 470/107/136 1003/107/136 1002/106/136
f 470/107/135 471/102/135 1004/102/135 1003/107/135
f 482/82/138 483/231/138 1016/231/138 1015/82/138
f 485/186/137 482/82/137 1015/82/137 1018/186/137
f 484/232/135 485/186/135 1018/186/135 1017/232/135
f 483/231/136 484/232/136 1017/232/136 1016/231/136
f 490/233/135 491/190/135 1024/190/135 1023/233/135
f 489/91/136 490/233/136 1023/233/136 1022/91/136
f 488/192/138 485/186/138 1018/186/138 1021/192/138
f 487/234/137 488/192/137 1021/192/137 1020/234/137
f 486/235/135 487/234/135 1020/234/135 1019/235/135
f 485/186/136 486/235/136 1019/235/136 1018/186/136
f 491/190/137 484/232/137 1017/232/137 1024/190/137
f 484/232/138 489/91/138 1022/91/138 1017/232/138
f 501/237/135 502/236/135 1035/236/135 1034/237/135
f 497/184/136 501/237/136 1034/237/136 1030/184/136
f 492/239/138 498/238/138 1031/238/138 1025/239/138
f 500/191/137 492/239/137 1025/239/137 1033/191/137
f 499/240/135 500/191/135 1033/191/135 1032/240/135
f 498/238/136 499/240/136 1032/240/136 1031/238/136
f 502/236/137 503/98/137 1036/98/137 1035/236/137
f 503/98/138 497/184/138 1030/184/138 1036/98/138
f 496/92/135 497/184/135 1030/184/135 1029/92/135
f 495/241/136 496/92/136 1029/92/136 1028/241/136
f 494/188/138 487/234/138 1020/234/138 1027/188/138
f 493/242/137 494/188/137 1027/188/137 1026/242/137
f 492/239/135 493/242/135 1026/242/135 1025/239/135
f 487/234/136 492/239/136 1025/239/136 1020/234/136
f 497/184/137 490/233/137 1023/233/137 1030/184/137
f 490/233/138 495/241/138 1028/241/138 1023/233/138
f 504/82/138 505/91/138 1038/91/138 1037/82/138
f 507/98/137 504/82/137 1037/82/137 1040/98/137
f 506/92/135 507/98/135 1040/98/135 1039/92/135
f 505/91/136 506/92/136 1039/92/136 1038/91/136
f 517/114/137 508/82/137 1041/82/137 1050/114/137
f 516/115/135 517/114/135 1050/114/135 1049/115/135
f 508/82/138 509/116/138 1042/116/138 1041/82/138
f 510/118/135 511/117/135 1044/117/135 1043/118/135
f 509/116/136 510/118/136 1043/118/136 1042/116/136
f 523/120/138 519/119/138 1052/119/138 1056/120/138
f 522/121/137 523/120/137 1056/120/137 1055/121/137
f 524/123/135 525/122/135 1058/122/135 1057/123/135
f 526/124/136 524/123/136 1057/123/136 1059/124/136
f 520/125/138 517/114/138 1050/114/138 1053/125/138
f 519/119/137 520/125/137 1053/125/137 1052/119/137
f 518/126/135 519/119/135 1052/119/135 1051/126/135
f 517/114/136 518/126/136 1051/126/136 1050/114/136
f 525/122/137 510/118/137 1043/118/137 1058/122/137
f 510/118/138 526/124/138 1059/124/138 1043/118/138
f 521/128/138 532/127/138 1065/127/138 1054/128/138
f 531/129/137 521/128/137 1054/128/137 1064/129/137
f 530/130/135 531/129/135 1064/129/135 1063/130/135
f 532/127/136 530/130/136 1063/130/136 1065/127/136
f 534/132/135 535/131/135 1068/131/135 1067/132/135
f 533/133/136 534/132/136 1067/132/136 1066/133/136
f 515/134/137 516/115/137 1049/115/137 1048/134/137
f 514/136/135 515/134/135 1048/134/135 1047/136/135
f 513/137/136 514/136/136 1047/136/136 1046/137/136
f 512/135/138 513/137/138 1046/137/138 1045/135/138
f 535/131/137 530/130/137 1063/130/137 1068/131/137
f 530/130/138 533/133/138 1066/133/138 1063/130/138
f 537/98/138 529/138/138 1062/138/138 1070/98/138
f 513/137/137 537/98/137 1070/98/137 1046/137/137
f 536/139/135 513/137/135 1046/137/135 1069/139/135
f 529/138/136 536/139/136 1069/139/136 1062/138/136
f 519/119/136 521/128/136 1054/128/136 1052/119/136
f 521/128/135 522/121/135 1055/121/135 1054/128/135
f 524/123/138 527/140/138 1060/140/138 1057/123/138
f 529/138/137 524/123/137 1057/123/137 1062/138/137
f 528/141/135 529/138/135 1062/138/135 1061/141/135
f 527/140/136 528/141/136 1061/141/136 1060/140/136
f 511/117/136 512/135/136 1045/135/136 1044/117/136
f 541/98/138 538/82/138 1071/82/138 1074/98/138
f 540/92/137 541/98/137 1074/98/137 1073/92/137
f 539/91/135 540/92/135 1073/92/135 1072/91/135
f 538/82/136 539/91/136 1072/91/136 1071/82/136
f 542/82/138 543/186/138 1076/186/138 1075/82/138
f 545/190/137 542/82/137 1075/82/137 1078/190/137
f 544/192/135 545/190/135 1078/190/135 1077/192/135
f 543/186/136 544/192/136 1077/192/136 1076/186/136
f 546/188/138 547/184/138 1080/184/138 1079/188/138
f 549/98/137 546/188/137 1079/188/137 1082/98/137
f 548/191/135 549/98/135 1082/98/135 1081/191/135
f 547/184/136 548/191/136 1081/191/136 1080/184/136
f 550/82/138 551/142/138 1084/142/138 1083/82/138
f 561/143/137 550/82/137 1083/82/137 1094/143/137
f 560/144/138 561/143/138 1094/143/138 1093/144/138
f 559/145/137 560/144/137 1093/144/137 1092/145/137
f 558/146/135 559/145/135 1092/145/135 1091/146/135
f 551/142/136 552/147/136 1085/147/136 1084/142/136
f 565/148/136 566/149/136 1099/149/136 1098/148/136
f 566/149/135 567/98/135 1100/98/135 1099/149/135
f 567/98/137 562/150/137 1095/150/137 1100/98/137
f 562/150/138 565/148/138 1098/148/138 1095/150/138
f 556/152/135 557/151/135 1090/151/135 1089/152/135
f 555/153/136 556/152/136 1089/152/136 1088/153/136
f 564/154/138 559/145/138 1092/145/138 1097/154/138
f 563/155/137 564/154/137 1097/154/137 1096/155/137
f 562/150/135 563/155/135 1096/155/135 1095/150/135
f 559/145/136 562/150/136 1095/150/136 1092/145/136
f 557/151/137 558/146/137 1091/146/137 1090/151/137
f 552/147/138 553/156/138 1086/156/138 1085/147/138
f 554/157/135 555/153/135 1088/153/135 1087/157/135
f 553/156/136 554/157/136 1087/157/136 1086/156/136
f 568/82/138 569/243/138 1102/243/138 1101/82/138
f 571/244/137 568/82/137 1101/82/137 1104/244/137
f 569/243/136 570/245/136 1103/245/136 1102/243/136
f 570/245/135 571/244/135 1104/244/135 1103/245/135
f 572/247/138 573/246/138 1106/246/138 1105/247/138
f 575/248/137 572/247/137 1105/247/137 1108/248/137
f 574/249/135 575/248/135 1108/248/135 1107/249/135
f 573/246/136 574/249/136 1107/249/136 1106/246/136
f 591/251/135 578/250/135 1111/250/135 1124/251/135
f 587/252/136 591/251/136 1124/251/136 1120/252/136
f 582/254/138 583/253/138 1116/253/138 1115/254/138
f 581/255/137 582/254/137 1115/254/137 1114/255/137
f 580/189/135 581/255/135 1114/255/135 1113/189/135
f 583/253/136 580/189/136 1113/189/136 1116/253/136
f 577/256/138 578/250/138 1111/250/138 1110/256/138
f 576/91/137 577/256/137 1110/256/137 1109/91/137
f 579/257/135 576/91/135 1109/91/135 1112/257/135
f 578/250/136 579/257/136 1112/257/136 1111/250/136
f 585/258/138 571/244/138 1104/244/138 1118/258/138
f 584/92/137 585/258/137 1118/258/137 1117/92/137
f 577/256/135 584/92/135 1117/92/135 1110/256/135
f 571/244/136 577/256/136 1110/256/136 1104/244/136
f 578/250/137 592/98/137 1125/98/137 1111/250/137
f 592/98/138 587/252/138 1120/252/138 1125/98/138
f 588/259/138 575/248/138 1108/248/138 1121/259/138
f 587/252/137 588/259/137 1121/259/137 1120/252/137
f 586/260/135 587/252/135 1120/252/135 1119/260/135
f 575/248/136 586/260/136 1119/260/136 1108/248/136
f 574/249/138 589/261/138 1122/261/138 1107/249/138
f 583/253/137 574/249/137 1107/249/137 1116/253/137
f 590/262/135 583/253/135 1116/253/135 1123/262/135
f 589/261/136 590/262/136 1123/262/136 1122/261/136
f 599/75/135 600/74/135 1133/74/135 1132/75/135
f 598/76/136 599/75/136 1132/75/136 1131/76/136
f 600/74/137 597/77/137 1130/77/137 1133/74/137
f 597/77/138 598/76/138 1131/76/138 1130/77/138
f 595/79/138 601/78/138 1134/78/138 1128/79/138
f 603/80/137 595/79/137 1128/79/137 1136/80/137
f 593/82/138 594/81/138 1127/81/138 1126/82/138
f 596/83/137 593/82/137 1126/82/137 1129/83/137
f 595/79/135 596/83/135 1129/83/135 1128/79/135
f 594/81/136 595/79/136 1128/79/136 1127/81/136
f 608/84/138 600/74/138 1133/74/138 1141/84/138
f 605/85/137 608/84/137 1141/84/137 1138/85/137
f 609/86/135 605/85/135 1138/85/135 1142/86/135
f 600/74/136 609/86/136 1142/86/136 1133/74/136
f 614/87/137 610/89/137 1143/89/137 1147/87/137
f 610/89/138 612/88/138 1145/88/138 1143/89/138
f 602/91/138 607/90/138 1140/90/138 1135/91/138
f 611/92/137 602/91/137 1135/91/137 1144/92/137
f 610/89/135 611/92/135 1144/92/135 1143/89/135
f 607/90/136 610/89/136 1143/89/136 1140/90/136
f 613/94/138 616/93/138 1149/93/138 1146/94/138
f 615/95/137 613/94/137 1146/94/137 1148/95/137
f 617/97/138 618/96/138 1151/96/138 1150/97/138
f 620/98/137 617/97/137 1150/97/137 1153/98/137
f 619/99/135 620/98/135 1153/98/135 1152/99/135
f 618/96/136 619/99/136 1152/99/136 1151/96/136
f 616/93/136 617/97/136 1150/97/136 1149/93/136
f 617/97/135 615/95/135 1148/95/135 1150/97/135
f 612/88/136 613/94/136 1146/94/136 1145/88/136
f 613/94/135 614/87/135 1147/87/135 1146/94/135
f 601/78/136 602/91/136 1135/91/136 1134/78/136
f 602/91/135 603/80/135 1136/80/135 1135/91/135
f 604/100/138 605/85/138 1138/85/138 1137/100/138
f 607/90/137 604/100/137 1137/100/137 1140/90/137
f 606/101/135 607/90/135 1140/90/135 1139/101/135
f 605/85/136 606/101/136 1139/101/136 1138/85/136
f 621/82/138 622/243/138 1155/243/138 1154/82/138
f 624/244/137 621/82/137 1154/82/137 1157/244/137
f 622/243/136 623/245/136 1156/245/136 1155/243/136
f 623/245/135 624/244/135 1157/244/135 1156/245/135
f 625/247/138 626/246/138 1159/246/138 1158/247/138
f 628/248/137 625/247/137 1158/247/137 1161/248/137
f 627/249/135 628/248/135 1161/248/135 1160/249/135
f 626/246/136 627/249/136 1160/249/136 1159/246/136
f 644/251/135 631/250/135 1164/250/135 1177/251/135
f 640/252/136 644/251/136 1177/251/136 1173/252/136
f 635/254/138 636/253/138 1169/253/138 1168/254/138
f 634/255/137 635/254/137 1168/254/137 1167/255/137
f 633/189/135 634/255/135 1167/255/135 1166/189/135
f 636/253/136 633/189/136 1166/189/136 1169/253/136
f 630/256/138 631/250/138 1164/250/138 1163/256/138
f 629/91/137 630/256/137 1163/256/137 1162/91/137
f 632/257/135 629/91/135 1162/91/135 1165/257/135
f 631/250/136 632/257/136 1165/257/136 1164/250/136
f 638/258/138 624/244/138 1157/244/138 1171/258/138
f 637/92/137 638/258/137 1171/258/137 1170/92/137
f 630/256/135 637/92/135 1170/92/135 1163/256/135
f 624/244/136 630/256/136 1163/256/136 1157/244/136
f 631/250/137 645/98/137 1178/98/137 1164/250/137
f 645/98/138 640/252/138 1173/252/138 1178/98/138
f 641/259/138 628/248/138 1161/248/138 1174/259/138
f 640/252/137 641/259/137 1174/259/137 1173/252/137
f 639/260/135 640/252/135 1173/252/135 1172/260/135
f 628/248/136 639/260/136 1172/260/136 1161/248/136
f 627/249/138 642/261/138 1175/261/138 1160/249/138
f 636/253/137 627/249/137 1160/249/137 1169/253/137
f 643/262/135 636/253/135 1169/253/135 1176/262/135
f 642/261/136 643/262/136 1176/262/136 1175/261/136
o Sphere
v 0.000000 0.484288 0.000000
v 0.000000 0.402671 -0.269056
v 0.000000 0.269056 -0.402671
v 0.000000 0.094480 -0.474983
v 0.000000 0.000000 -0.484288
v 0.000000 -0.094480 -0.474983
v 0.000000 -0.269056 -0.402671
v 0.000000 -0.484288 0.000000
v 0.018432 0.474983 -0.092665
v 0.036156 0.447424 -0.181768
v 0.052490 0.402671 -0.263886
v 0.066807 0.342443 -0.335863
v 0.078557 0.269056 -0.394934
v 0.087288 0.185329 -0.438827
v 0.092665 0.094480 -0.465856
v 0.094480 0.000000 -0.474983
v 0.092665 -0.094480 -0.465856
v 0.087288 -0.185329 -0.438827
v 0.078557 -0.269056 -0.394934
v 0.066807 -0.342443 -0.335863
v 0.052490 -0.402671 -0.263886
v 0.036156 -0.447424 -0.181768
v 0.018432 -0.474983 -0.092665
v 0.036156 0.474983 -0.087288
v 0.070922 0.447424 -0.171222
v 0.102963 0.402671 -0.248575
v 0.131047 0.342443 -0.316376
v 0.154095 0.269056 -0.372019
v 0.171222 0.185329 -0.413366
v 0.181768 0.094480 -0.438827
v 0.185329 0.000000 -0.447424
v 0.181768 -0.094480 -0.438827
v 0.171222 -0.185329 -0.413366
v 0.154095 -0.269056 -0.372019
v 0.131047 -0.342443 -0.316376
v 0.102963 -0.402671 -0.248575
v 0.070922 -0.447424 -0.171222
v 0.036156 -0.474983 -0.087288
v 0.052490 0.474983 -0.078557
v 0.102963 0.447424 -0.154095
v 0.149480 0.402671 -0.223712
v 0.190251 0.342443 -0.284731
v 0.223712 0.269056 -0.334808
v 0.248575 0.185329 -0.372019
v 0.263886 0.094480 -0.394934
v 0.269056 0.000000 -0.402671
v 0.263886 -0.094480 -0.394934
v 0.248575 -0.185329 -0.372019
v 0.223712 -0.269056 -0.334808
v 0.190251 -0.342443 -0.284731
v 0.149480 -0.402671 -0.223712
v 0.102963 -0.447424 -0.154095
v 0.052490 -0.474983 -0.078557
v 0.066807 0.474983 -0.066807
v 0.131047 0.447424 -0.131047
v 0.190251 0.402671 -0.190251
v 0.242144 0.342443 -0.242144
v 0.284731 0.269056 -0.284731
v 0.316376 0.185329 -0.316376
v 0.335863 0.094480 -0.335863
v 0.342443 0.000000 -0.342443
v 0.335863 -0.094480 -0.335863
v 0.316376 -0.185329 -0.316376
v 0.284731 -0.269056 -0.284731
v 0.242144 -0.342443 -0.242144
v 0.190251 -0.402671 -0.190251
v 0.131047 -0.447424 -0.131047
v 0.066807 -0.474983 -0.066807
v 0.078557 0.474983 -0.052490
v 0.154095 0.447424 -0.102963
v 0.223712 0.402671 -0.149479
v 0.284731 0.342443 -0.190251
v 0.334808 0.269056 -0.223712
v 0.372019 0.185329 -0.248575
v 0.394934 0.094480 -0.263886
v 0.402671 0.000000 -0.269056
v 0.394934 -0.094480 -0.263886
v 0.372019 -0.185329 -0.248575
v 0.334808 -0.269056 -0.223712
v 0.284731 -0.342443 -0.190251
v 0.223712 -0.402671 -0.149479
v 0.154095 -0.447424 -0.102963
v 0.078557 -0.474983 -0.052490
v 0.087288 0.474983 -0.036156
v 0.171222 0.447424 -0.070922
v 0.248575 0.402671 -0.102963
v 0.316376 0.342443 -0.131047
v 0.372019 0.269056 -0.154095
v 0.413366 0.185329 -0.171222
v 0.438827 0.094480 -0.181768
v 0.447424 0.000000 -0.185329
v 0.438827 -0.094480 -0.181768
v 0.413366 -0.185329 -0.171222
v 0.372019 -0.269056 -0.154095
v 0.316376 -0.342443 -0.131047
v 0.248575 -0.402671 -0.102963
v 0.171222 -0.447424 -0.070922
v 0.087288 -0.474983 -0.036156
v 0.092664 0.474983 -0.018432
v 0.181768 0.447424 -0.036156
v 0.263886 0.402671 -0.052490
v 0.335863 0.342443 -0.066807
v 0.394933 0.269056 -0.078557
v 0.438827 0.185329 -0.087288
v 0.465856 0.094480 -0.092664
v 0.474982 0.000000 -0.094480
v 0.465856 -0.094480 -0.092664
v 0.438827 -0.185329 -0.087288
v 0.394933 -0.269056 -0.078557
v 0.335863 -0.342443 -0.066807
v 0.263886 -0.402671 -0.052490
v 0.181768 -0.447424 -0.036156
v 0.092664 -0.474983 -0.018432
v 0.094480 0.474983 0.000000
v 0.185329 0.447424 0.000000
v 0.269056 0.402671 0.000000
v 0.342443 0.342443 -0.000000
v 0.402671 0.269056 0.000000
v 0.447424 0.185329 -0.000000
v 0.474983 0.094480 0.000000
v 0.484288 0.000000 0.000000
v 0.474983 -0.094480 0.000000
v 0.447424 -0.185329 -0.000000
v 0.402671 -0.269056 0.000000
v 0.342443 -0.342443 -0.000000
v 0.269056 -0.402671 0.000000
v 0.185329 -0.447424 0.000000
v 0.094480 -0.474983 0.000000
v 0.092664 0.474983 0.018432
v 0.181768 0.447424 0.036156
v 0.263886 0.402671 0.052490
v 0.335863 0.342443 0.066807
v 0.394933 0.269056 0.078557
v 0.438827 0.185329 0.087288
v 0.465856 0.094480 0.092665
v 0.474982 0.000000 0.094480
v 0.465856 -0.094480 0.092665
v 0.438827 -0.185329 0.087288
v 0.394933 -0.269056 0.078557
v 0.335863 -0.342443 0.066807
v 0.263886 -0.402671 0.052490
v 0.181768 -0.447424 0.036156
v 0.092664 -0.474983 0.018432
v 0.087288 0.474983 0.036156
v 0.171222 0.447424 0.070922
v 0.248575 0.402671 0.102963
v 0.316376 0.342443 0.131047
v 0.372019 0.269056 0.154095
v 0.413366 0.185329 0.171222
v 0.438827 0.094480 0.181768
v 0.447424 0.000000 0.185329
v 0.438827 -0.094480 0.181768
v 0.413366 -0.185329 0.171222
v 0.372019 -0.269056 0.154095
v 0.316376 -0.342443 0.131047
v 0.248575 -0.402671 0.102963
v 0.171222 -0.447424 0.070922
v 0.087288 -0.474983 0.036156
v 0.078557 0.474983 0.052490
v 0.154095 0.447424 0.102963
v 0.223712 0.402671 0.149479
v 0.284731 0.342443 0.190251
v 0.334808 0.269056 0.223712
v 0.372019 0.185329 0.248575
v 0.394933 0.094480 0.263886
v 0.402671 0.000000 0.269056
v 0.394933 -0.094480 0.263886
v 0.372019 -0.185329 0.248575
v 0.334808 -0.269056 0.223712
v 0.284731 -0.342443 0.190251
v 0.223712 -0.402671 0.149479
v 0.154095 -0.447424 0.102963
v 0.078557 -0.474983 0.052490
v 0.066807 0.474983 0.066807
v 0.131047 0.447424 0.131047
v 0.190251 0.402671 0.190251
v 0.242144 0.342443 0.242144
v 0.284731 0.269056 0.284731
v 0.316376 0.185329 0.316376
v 0.335863 0.094480 0.335863
v 0.342443 0.000000 0.342443
v 0.335863 -0.094480 0.335863
v 0.316376 -0.185329 0.316376
v 0.284731 -0.269056 0.284731
v 0.242144 -0.342443 0.242144
v 0.190251 -0.402671 0.190251
v 0.131047 -0.447424 0.131047
v 0.066807 -0.474983 0.066807
v 0.052490 0.474983 0.078557
v 0.102963 0.447424 0.154095
v 0.149479 0.402671 0.223712
v 0.190251 0.342443 0.284731
v 0.223712 0.269056 0.334808
v 0.248575 0.185329 0.372019
v 0.263886 0.094480 0.394933
v 0.269056 0.000000 0.402671
v 0.263886 -0.094480 0.394933
v 0.248575 -0.185329 0.372019
v 0.223712 -0.269056 0.334808
v 0.190251 -0.342443 0.284731
v 0.149479 -0.402671 0.223712
v 0.102963 -0.447424 0.154095
v 0.052490 -0.474983 0.078557
v 0.036156 0.474983 0.087288
v 0.070922 0.447424 0.171222
v 0.102963 0.402671 0.248575
v 0.131047 0.342443 0.316376
v 0.154095 0.269056 0.372019
v 0.171222 0.185329 0.413366
v 0.181768 0.094480 0.438827
v 0.185329 0.000000 0.447424
v 0.181768 -0.094480 0.438827
v 0.171222 -0.185329 0.413366
v 0.154095 -0.269056 0.372019
v 0.131047 -0.342443 0.316376
v 0.102963 -0.402671 0.248575
v 0.070922 -0.447424 0.171222
v 0.036156 -0.474983 0.087288
v 0.018432 0.474983 0.092664
v 0.036156 0.447424 0.181768
v 0.052490 0.402671 0.263886
v 0.066807 0.342443 0.335863
v 0.078557 0.269056 0.394933
v 0.087288 0.185329 0.438827
v 0.092664 0.094480 0.465856
v 0.094480 0.000000 0.474982
v 0.092664 -0.094480 0.465856
v 0.087288 -0.185329 0.438827
v 0.078557 -0.269056 0.394933
v 0.066807 -0.342443 0.335863
v 0.052490 -0.402671 0.263886
v 0.036156 -0.447424 0.181768
v 0.018432 -0.474983 0.092664
v -0.000000 0.474983 0.094480
v -0.000000 0.447424 0.185329
v -0.000000 0.402671 0.269056
v -0.000000 0.342443 0.342443
v -0.000000 0.269056 0.402671
v 0.000000 0.185329 0.447424
v -0.000000 0.094480 0.474982
v -0.000000 0.000000 0.484288
v -0.000000 -0.094480 0.474982
v 0.000000 -0.185329 0.447424
v -0.000000 -0.269056 0.402671
v -0.000000 -0.342443 0.342443
v -0.000000 -0.402671 0.269056
v -0.000000 -0.447424 0.185329
v -0.000000 -0.474983 0.094480
v -0.018432 0.474983 0.092664
v -0.036156 0.447424 0.181768
v -0.052490 0.402671 0.263886
v -0.066807 0.342443 0.335863
v -0.078557 0.269056 0.394933
v -0.087288 0.185329 0.438827
v -0.092665 0.094480 0.465856
v -0.094480 0.000000 0.474982
v -0.092665 -0.094480 0.465856
v -0.087288 -0.185329 0.438827
v -0.078557 -0.269056 0.394933
v -0.066807 -0.342443 0.335863
v -0.052490 -0.402671 0.263886
v -0.036156 -0.447424 0.181768
v -0.018432 -0.474983 0.092664
v -0.036156 0.474983 0.087288
v -0.070922 0.447424 0.171222
v -0.102963 0.402671 0.248575
v -0.131047 0.342443 0.316376
v -0.154095 0.269056 0.372019
v -0.171222 0.185329 0.413366
v -0.181768 0.094480 0.438826
v -0.185329 0.000000 0.447423
v -0.181768 -0.094480 0.438826
v -0.171222 -0.185329 0.413366
v -0.154095 -0.269056 0.372019
v -0.131047 -0.342443 0.316376
v -0.102963 -0.402671 0.248575
v -0.070922 -0.447424 0.171222
v -0.036156 -0.474983 0.087288
v -0.052490 0.474983 0.078557
v -0.102963 0.447424 0.154095
v -0.149479 0.402671 0.223712
v -0.190251 0.342443 0.284731
v -0.223712 0.269056 0.334808
v -0.248575 0.185329 0.372019
v -0.263886 0.094480 0.394933
v -0.269056 0.000000 0.402670
v -0.263886 -0.094480 0.394933
v -0.248575 -0.185329 0.372019
v -0.223712 -0.269056 0.334808
v -0.190251 -0.342443 0.284731
v -0.149479 -0.402671 0.223712
v -0.102963 -0.447424 0.154095
v -0.052490 -0.474983 0.078557
v -0.066807 0.474983 0.066807
v -0.131047 0.447424 0.131047
v -0.190251 0.402671 0.190251
v -0.242144 0.342443 0.242144
v -0.284731 0.269056 0.284731
v -0.316376 0.185329 0.316376
v -0.335863 0.094480 0.335863
v -0.342443 0.000000 0.342443
v -0.335863 -0.094480 0.335863
v -0.316376 -0.185329 0.316376
v -0.284731 -0.269056 0.284731
v -0.242144 -0.342443 0.242144
v -0.190251 -0.402671 0.190251
v -0.131047 -0.447424 0.131047
v -0.066807 -0.474983 0.066807
v -0.078557 0.474983 0.052490
v -0.154095 0.447424 0.102963
v -0.223712 0.402671 0.149479
v -0.284731 0.342443 0.190251
v -0.334808 0.269056 0.223712
v -0.372019 0.185329 0.248575
v -0.394933 0.094480 0.263886
v -0.402671 0.000000 0.269056
v -0.394933 -0.094480 0.263886
v -0.372019 -0.185329 0.248575
v -0.334808 -0.269056 0.223712
v -0.284731 -0.342443 0.190251
v -0.223712 -0.402671 0.149479
v -0.154095 -0.447424 0.102963
v -0.078557 -0.474983 0.052490
v -0.087288 0.474983 0.036156
v -0.171222 0.447424 0.070922
v -0.248575 0.402671 0.102963
v -0.316376 0.342443 0.131047
v -0.372019 0.269056 0.154095
v -0.413366 0.185329 0.171222
v -0.438827 0.094480 0.181768
v -0.447423 0.000000 0.185329
v -0.438827 -0.094480 0.181768
v -0.413366 -0.185329 0.171222
v -0.372019 -0.269056 0.154095
v -0.316376 -0.342443 0.131047
v -0.248575 -0.402671 0.102963
v -0.171222 -0.447424 0.070922
v -0.087288 -0.474983 0.036156
v -0.092664 0.474983 0.018432
v -0.181768 0.447424 0.036156
v -0.263886 0.402671 0.052490
v -0.335863 0.342443 0.066807
v -0.394933 0.269056 0.078557
v -0.438827 0.185329 0.087288
v -0.465856 0.094480 0.092664
v -0.474982 0.000000 0.094480
v -0.465856 -0.094480 0.092664
v -0.438827 -0.185329 0.087288
v -0.394933 -0.269056 0.078557
v -0.335863 -0.342443 0.066807
v -0.263886 -0.402671 0.052490
v -0.181768 -0.447424 0.036156
v -0.092664 -0.474983 0.018432
v -0.094480 0.474983 -0.000000
v -0.185329 0.447424 -0.000000
v -0.269056 0.402671 -0.000000
v -0.342443 0.342443 -0.000000
v -0.402671 0.269056 -0.000000
v -0.447424 0.185329 -0.000000
v -0.474982 0.094480 -0.000000
v -0.484288 0.000000 -0.000000
v -0.474982 -0.094480 -0.000000
v -0.447424 -0.185329 -0.000000
v -0.402671 -0.269056 -0.000000
v -0.342443 -0.342443 -0.000000
v -0.269056 -0.402671 -0.000000
v -0.185329 -0.447424 -0.000000
v -0.094480 -0.474983 -0.000000
v -0.092664 0.474983 -0.018432
v -0.181768 0.447424 -0.036156
v -0.263886 0.402671 -0.052490
v -0.335863 0.342443 -0.066807
v -0.394933 0.269056 -0.078557
v -0.438826 0.185329 -0.087288
v -0.465856 0.094480 -0.092665
v -0.474982 0.000000 -0.094480
v -0.465856 -0.094480 -0.092665
v -0.438826 -0.185329 -0.087288
v -0.394933 -0.269056 -0.078557
v -0.335863 -0.342443 -0.066807
v -0.263886 -0.402671 -0.052490
v -0.181768 -0.447424 -0.036156
v -0.092664 -0.474983 -0.018432
v -0.087288 0.474983 -0.036156
v -0.171222 0.447424 -0.070922
v -0.248575 0.402671 -0.102963
v -0.316376 0.342443 -0.131047
v -0.372019 0.269056 -0.154095
v -0.413366 0.185329 -0.171222
v -0.438826 0.094480 -0.181768
v -0.447423 0.000000 -0.185329
v -0.438826 -0.094480 -0.181768
v -0.413366 -0.185329 -0.171222
v -0.372019 -0.269056 -0.154095
v -0.316376 -0.342443 -0.131047
v -0.248575 -0.402671 -0.102963
v -0.171222 -0.447424 -0.070922
v -0.087288 -0.474983 -0.036156
v -0.078557 0.474983 -0.052490
v -0.154095 0.447424 -0.102963
v -0.223712 0.402671 -0.149479
v -0.284731 0.342443 -0.190251
v -0.334808 0.269056 -0.223712
v -0.372019 0.185329 -0.248575
v -0.394933 0.094480 -0.263886
v -0.402670 0.000000 -0.269056
v -0.394933 -0.094480 -0.263886
v -0.372019 -0.185329 -0.248575
v -0.334808 -0.269056 -0.223712
v -0.284731 -0.342443 -0.190251
v -0.223712 -0.402671 -0.149479
v -0.154095 -0.447424 -0.102963
v -0.078557 -0.474983 -0.052490
v -0.066807 0.474983 -0.066807
v -0.131047 0.447424 -0.131047
v -0.190251 0.402671 -0.190251
v -0.242144 0.342443 -0.242144
v -0.284731 0.269056 -0.284731
v -0.316376 0.185329 -0.316376
v -0.335863 0.094480 -0.335863
v -0.342443 0.000000 -0.342443
v -0.335863 -0.094480 -0.335863
v -0.316376 -0.185329 -0.316376
v -0.284731 -0.269056 -0.284731
v -0.242144 -0.342443 -0.242144
v -0.190251 -0.402671 -0.190251
v -0.131047 -0.447424 -0.131047
v -0.066807 -0.474983 -0.066807
v -0.052490 0.474983 -0.078557
v -0.102963 0.447424 -0.154095
v -0.149479 0.402671 -0.223712
v -0.190251 0.342443 -0.284731
v -0.223712 0.269056 -0.334808
v -0.248575 0.185329 -0.372019
v -0.263886 0.094480 -0.394933
v -0.269056 0.000000 -0.402670
v -0.263886 -0.094480 -0.394933
v -0.248575 -0.185329 -0.372019
v -0.223712 -0.269056 -0.334808
v -0.190251 -0.342443 -0.284731
v -0.149479 -0.402671 -0.223712
v -0.102963 -0.447424 -0.154095
v -0.052490 -0.474983 -0.078557
v -0.036156 0.474983 -0.087288
v -0.070922 0.447424 -0.171222
v -0.102963 0.402671 -0.248575
v -0.131047 0.342443 -0.316376
v -0.154095 0.269056 -0.372019
v -0.171222 0.185329 -0.413366
v -0.181768 0.094480 -0.438826
v -0.185329 0.000000 -0.447423
v -0.181768 -0.094480 -0.438826
v -0.171222 -0.185329 -0.413366
v -0.154095 -0.269056 -0.372019
v -0.131047 -0.342443 -0.316376
v -0.102963 -0.402671 -0.248575
v -0.070922 -0.447424 -0.171222
v -0.036156 -0.474983 -0.087288
v -0.018432 0.474983 -0.092664
v -0.036156 0.447424 -0.181768
v -0.052490 0.402671 -0.263886
v -0.066807 0.342443 -0.335863
v -0.078557 0.269056 -0.394933
v -0.087288 0.185329 -0.438826
v -0.092664 0.094480 -0.465856
v -0.094480 0.000000 -0.474982
v -0.092664 -0.094480 -0.465856
v -0.087288 -0.185329 -0.438826
v -0.078557 -0.269056 -0.394933
v -0.066807 -0.342443 -0.335863
v -0.052490 -0.402671 -0.263886
v -0.036156 -0.447424 -0.181768
v -0.018432 -0.474983 -0.092664
v 0.000000 0.474983 -0.094480
v 0.000000 0.447424 -0.185329
v 0.000000 0.342443 -0.342443
v 0.000000 0.185329 -0.447424
v 0.000000 -0.185329 -0.447424
v 0.000000 -0.342443 -0.342443
v 0.000000 -0.402671 -0.269056
v 0.000000 -0.447424 -0.185329
v 0.000000 -0.474983 -0.094480
vn 0.0286 -0.9565 -0.2902
vn 0.0975 0.0975 -0.9904
vn 0.0097 0.9951 -0.0980
vn 0.0097 -0.9951 -0.0980
vn 0.0975 -0.0975 -0.9904
vn 0.0286 0.9565 -0.2902
vn 0.0938 -0.2890 -0.9527
vn 0.0464 0.8810 -0.4709
vn 0.0865 -0.4696 -0.8786
vn 0.0624 0.7715 -0.6332
vn 0.0759 -0.6326 -0.7708
vn 0.0759 0.6326 -0.7708
vn 0.0624 -0.7715 -0.6332
vn 0.0865 0.4696 -0.8786
vn 0.0464 -0.8810 -0.4709
vn 0.0938 0.2890 -0.9527
vn 0.1374 -0.8810 -0.4528
vn 0.2779 0.2890 -0.9161
vn 0.0846 -0.9565 -0.2790
vn 0.2889 0.0976 -0.9524
vn 0.0286 0.9951 -0.0942
vn 0.0286 -0.9951 -0.0942
vn 0.2889 -0.0976 -0.9524
vn 0.0846 0.9565 -0.2790
vn 0.2779 -0.2890 -0.9161
vn 0.1374 0.8810 -0.4528
vn 0.2563 -0.4696 -0.8448
vn 0.1847 0.7715 -0.6088
vn 0.2248 -0.6326 -0.7412
vn 0.2248 0.6326 -0.7412
vn 0.1847 -0.7715 -0.6088
vn 0.2563 0.4696 -0.8448
vn 0.2230 0.8810 -0.4173
vn 0.4162 -0.4696 -0.7786
vn 0.2999 0.7715 -0.5611
vn 0.3651 -0.6326 -0.6831
vn 0.3651 0.6326 -0.6831
vn 0.2999 -0.7715 -0.5611
vn 0.4162 0.4696 -0.7786
vn 0.2230 -0.8810 -0.4173
vn 0.4513 0.2890 -0.8443
vn 0.1374 -0.9565 -0.2571
vn 0.4691 0.0975 -0.8777
vn 0.0464 0.9951 -0.0869
vn 0.0464 -0.9951 -0.0869
vn 0.4691 -0.0975 -0.8777
vn 0.1374 0.9565 -0.2571
vn 0.4513 -0.2890 -0.8443
vn 0.6073 0.2890 -0.7400
vn 0.1850 -0.9565 -0.2254
vn 0.6314 0.0975 -0.7693
vn 0.0625 0.9951 -0.0761
vn 0.0625 -0.9951 -0.0761
vn 0.6314 -0.0975 -0.7693
vn 0.1850 0.9565 -0.2254
vn 0.6073 -0.2890 -0.7400
vn 0.3002 0.8810 -0.3658
vn 0.5601 -0.4696 -0.6825
vn 0.4036 0.7715 -0.4918
vn 0.4913 -0.6326 -0.5987
vn 0.4913 0.6326 -0.5987
vn 0.4036 -0.7715 -0.4918
vn 0.5601 0.4696 -0.6825
vn 0.3002 -0.8810 -0.3658
vn 0.6825 -0.4696 -0.5601
vn 0.4918 0.7715 -0.4036
vn 0.5987 -0.6326 -0.4913
vn 0.5987 0.6326 -0.4913
vn 0.4918 -0.7715 -0.4036
vn 0.6825 0.4696 -0.5601
vn 0.3658 -0.8810 -0.3002
vn 0.7400 0.2890 -0.6073
vn 0.2254 -0.9565 -0.1850
vn 0.7693 0.0975 -0.6314
vn 0.0761 0.9951 -0.0625
vn 0.0761 -0.9951 -0.0625
vn 0.7693 -0.0975 -0.6314
vn 0.2254 0.9565 -0.1850
vn 0.7400 -0.2890 -0.6073
vn 0.3658 0.8810 -0.3002
vn 0.2571 -0.9565 -0.1374
vn 0.8777 0.0975 -0.4691
vn 0.0869 0.9951 -0.0464
vn 0.0869 -0.9951 -0.0464
vn 0.8777 -0.0975 -0.4691
vn 0.2571 0.9565 -0.1374
vn 0.8443 -0.2890 -0.4513
vn 0.4173 0.8810 -0.2230
vn 0.7786 -0.4696 -0.4162
vn 0.5611 0.7715 -0.2999
vn 0.6831 -0.6326 -0.3651
vn 0.6831 0.6326 -0.3651
vn 0.5611 -0.7715 -0.2999
vn 0.7786 0.4696 -0.4162
vn 0.4173 -0.8810 -0.2230
vn 0.8443 0.2890 -0.4513
vn 0.6088 0.7715 -0.1847
vn 0.7412 -0.6326 -0.2248
vn 0.7412 0.6326 -0.2248
vn 0.6088 -0.7715 -0.1847
vn 0.8448 0.4696 -0.2563
vn 0.4528 -0.8810 -0.1374
vn 0.9161 0.2890 -0.2779
vn 0.2790 -0.9565 -0.0846
vn 0.9524 0.0975 -0.2889
vn 0.0942 0.9951 -0.0286
vn 0.0942 -0.9951 -0.0286
vn 0.9524 -0.0975 -0.2889
vn 0.2790 0.9565 -0.0846
vn 0.9161 -0.2890 -0.2779
vn 0.4528 0.8810 -0.1374
vn 0.8448 -0.4696 -0.2563
vn 0.9904 0.0975 -0.0975
vn 0.0980 0.9951 -0.0097
vn 0.0980 -0.9951 -0.0097
vn 0.9904 -0.0975 -0.0975
vn 0.2902 0.9565 -0.0286
vn 0.9527 -0.2890 -0.0938
vn 0.4709 0.8810 -0.0464
vn 0.8786 -0.4696 -0.0865
vn 0.6332 0.7715 -0.0624
vn 0.7708 -0.6326 -0.0759
vn 0.7708 0.6326 -0.0759
vn 0.6332 -0.7715 -0.0624
vn 0.8786 0.4696 -0.0865
vn 0.4709 -0.8810 -0.0464
vn 0.9527 0.2890 -0.0938
vn 0.2902 -0.9565 -0.0286
vn 0.7708 -0.6326 0.0759
vn 0.7708 0.6326 0.0759
vn 0.6332 -0.7715 0.0624
vn 0.8786 0.4696 0.0865
vn 0.4709 -0.8810 0.0464
vn 0.9527 0.2890 0.0938
vn 0.2902 -0.9565 0.0286
vn 0.9904 0.0975 0.0976
vn 0.0980 0.9951 0.0097
vn 0.0980 -0.9951 0.0097
vn 0.9904 -0.0975 0.0976
vn 0.2902 0.9565 0.0286
vn 0.9527 -0.2890 0.0938
vn 0.4709 0.8810 0.0464
vn 0.8786 -0.4696 0.0865
vn 0.6332 0.7715 0.0624
vn 0.0942 -0.9951 0.0286
vn 0.9524 -0.0975 0.2889
vn 0.2790 0.9565 0.0846
vn 0.9161 -0.2890 0.2779
vn 0.4528 0.8810 0.1374
vn 0.8448 -0.4696 0.2563
vn 0.6088 0.7715 0.1847
vn 0.7412 -0.6326 0.2248
vn 0.7412 0.6326 0.2248
vn 0.6088 -0.7715 0.1847
vn 0.8448 0.4696 0.2563
vn 0.4528 -0.8810 0.1374
vn 0.9161 0.2890 0.2779
vn 0.2790 -0.9565 0.0846
vn 0.9524 0.0975 0.2889
vn 0.0942 0.9951 0.0286
vn 0.5611 -0.7715 0.2999
vn 0.7786 0.4696 0.4162
vn 0.4173 -0.8810 0.2230
vn 0.8443 0.2890 0.4513
vn 0.2571 -0.9565 0.1374
vn 0.8777 0.0975 0.4691
vn 0.0869 0.9951 0.0464
vn 0.0869 -0.9951 0.0464
vn 0.8777 -0.0975 0.4691
vn 0.2571 0.9565 0.1374
vn 0.8443 -0.2890 0.4513
vn 0.4173 0.8810 0.2230
vn 0.7786 -0.4696 0.4162
vn 0.5611 0.7715 0.2999
vn 0.6831 -0.6326 0.3651
vn 0.6831 0.6326 0.3651
vn 0.2254 0.9565 0.1850
vn 0.7400 -0.2890 0.6073
vn 0.3658 0.8810 0.3002
vn 0.6825 -0.4696 0.5601
vn 0.4918 0.7715 0.4036
vn 0.5987 -0.6326 0.4913
vn 0.5987 0.6326 0.4913
vn 0.4918 -0.7715 0.4036
vn 0.6825 0.4696 0.5601
vn 0.3658 -0.8810 0.3002
vn 0.7400 0.2890 0.6073
vn 0.2254 -0.9565 0.1850
vn 0.7693 0.0975 0.6314
vn 0.0761 0.9951 0.0625
vn 0.0761 -0.9951 0.0625
vn 0.7693 -0.0975 0.6314
vn 0.5601 0.4696 0.6825
vn 0.3002 -0.8810 0.3658
vn 0.6073 0.2890 0.7400
vn 0.1850 -0.9565 0.2254
vn 0.6314 0.0975 0.7693
vn 0.0625 0.9951 0.0761
vn 0.0625 -0.9951 0.0761
vn 0.6314 -0.0975 0.7693
vn 0.1850 0.9565 0.2254
vn 0.6073 -0.2890 0.7400
vn 0.3002 0.8810 0.3658
vn 0.5601 -0.4696 0.6825
vn 0.4036 0.7715 0.4918
vn 0.4913 -0.6326 0.5987
vn 0.4913 0.6326 0.5987
vn 0.4036 -0.7715 0.4918
vn 0.4513 -0.2890 0.8443
vn 0.2230 0.8810 0.4173
vn 0.4162 -0.4696 0.7786
vn 0.2999 0.7715 0.5611
vn 0.3651 -0.6326 0.6831
vn 0.3651 0.6326 0.6831
vn 0.2999 -0.7715 0.5611
vn 0.4162 0.4696 0.7786
vn 0.2230 -0.8810 0.4173
vn 0.4513 0.2890 0.8443
vn 0.1374 -0.9565 0.2571
vn 0.4691 0.0975 0.8777
vn 0.0464 0.9951 0.0869
vn 0.0464 -0.9951 0.0869
vn 0.4691 -0.0975 0.8777
vn 0.1374 0.9565 0.2571
vn 0.1374 -0.8810 0.4528
vn 0.2779 0.2890 0.9161
vn 0.0846 -0.9565 0.2790
vn 0.2889 0.0975 0.9524
vn 0.0286 0.9951 0.0942
vn 0.0286 -0.9951 0.0942
vn 0.2889 -0.0975 0.9524
vn 0.0846 0.9565 0.2790
vn 0.2779 -0.2890 0.9161
vn 0.1374 0.8810 0.4528
vn 0.2563 -0.4696 0.8448
vn 0.1847 0.7715 0.6088
vn 0.2248 -0.6326 0.7412
vn 0.2248 0.6326 0.7412
vn 0.1847 -0.7715 0.6088
vn 0.2563 0.4696 0.8448
vn 0.0464 0.8810 0.4709
vn 0.0865 -0.4696 0.8786
vn 0.0624 0.7715 0.6332
vn 0.0759 -0.6326 0.7708
vn 0.0759 0.6326 0.7708
vn 0.0624 -0.7715 0.6332
vn 0.0865 0.4696 0.8786
vn 0.0464 -0.8810 0.4709
vn 0.0938 0.2890 0.9527
vn 0.0286 -0.9565 0.2902
vn 0.0975 0.0975 0.9904
vn 0.0097 0.9951 0.0980
vn 0.0097 -0.9951 0.0980
vn 0.0975 -0.0975 0.9904
vn 0.0286 0.9565 0.2902
vn 0.0938 -0.2890 0.9527
vn -0.0938 0.2890 0.9527
vn -0.0286 -0.9565 0.2902
vn -0.0976 0.0975 0.9904
vn -0.0097 0.9951 0.0980
vn -0.0097 -0.9951 0.0980
vn -0.0976 -0.0975 0.9904
vn -0.0286 0.9565 0.2902
vn -0.0938 -0.2890 0.9527
vn -0.0464 0.8810 0.4709
vn -0.0865 -0.4696 0.8786
vn -0.0624 0.7715 0.6332
vn -0.0759 -0.6326 0.7708
vn -0.0759 0.6326 0.7708
vn -0.0624 -0.7715 0.6332
vn -0.0865 0.4696 0.8786
vn -0.0464 -0.8810 0.4709
vn -0.2563 -0.4696 0.8448
vn -0.1847 0.7715 0.6088
vn -0.2248 -0.6326 0.7412
vn -0.2248 0.6326 0.7412
vn -0.1847 -0.7715 0.6088
vn -0.2563 0.4696 0.8448
vn -0.1374 -0.8810 0.4528
vn -0.2779 0.2890 0.9161
vn -0.0846 -0.9565 0.2790
vn -0.2889 0.0975 0.9524
vn -0.0286 0.9951 0.0942
vn -0.0286 -0.9951 0.0942
vn -0.2889 -0.0975 0.9524
vn -0.0846 0.9565 0.2790
vn -0.2779 -0.2890 0.9161
vn -0.1374 0.8810 0.4528
vn -0.1374 -0.9565 0.2571
vn -0.4691 0.0975 0.8777
vn -0.0464 0.9951 0.0869
vn -0.0464 -0.9951 0.0869
vn -0.4691 -0.0975 0.8777
vn -0.1374 0.9565 0.2571
vn -0.4513 -0.2890 0.8443
vn -0.2230 0.8810 0.4173
vn -0.4162 -0.4696 0.7786
vn -0.2999 0.7715 0.5611
vn -0.3651 -0.6326 0.6831
vn -0.3651 0.6326 0.6831
vn -0.2999 -0.7715 0.5611
vn -0.4162 0.4696 0.7786
vn -0.2230 -0.8810 0.4173
vn -0.4513 0.2890 0.8443
vn -0.4913 -0.6326 0.5987
vn -0.4913 0.6326 0.5987
vn -0.4036 -0.7715 0.4918
vn -0.5601 0.4696 0.6825
vn -0.3002 -0.8810 0.3658
vn -0.6073 0.2890 0.7400
vn -0.1850 -0.9565 0.2254
vn -0.6314 0.0975 0.7693
vn -0.0625 0.9951 0.0761
vn -0.0625 -0.9951 0.0761
vn -0.6314 -0.0975 0.7693
vn -0.1850 0.9565 0.2254
vn -0.6073 -0.2890 0.7400
vn -0.3002 0.8810 0.3658
vn -0.5601 -0.4696 0.6825
vn -0.4036 0.7715 0.4918
vn -0.0761 0.9951 0.0625
vn -0.0761 -0.9951 0.0625
vn -0.7693 -0.0975 0.6314
vn -0.2254 0.9565 0.1850
vn -0.7400 -0.2890 0.6073
vn -0.3658 0.8810 0.3002
vn -0.6825 -0.4696 0.5601
vn -0.4918 0.7715 0.4036
vn -0.5987 -0.6326 0.4913
vn -0.5987 0.6326 0.4913
vn -0.4918 -0.7715 0.4036
vn -0.6825 0.4696 0.5601
vn -0.3658 -0.8810 0.3002
vn -0.7400 0.2890 0.6073
vn -0.2254 -0.9565 0.1850
vn -0.7693 0.0975 0.6314
vn -0.6831 0.6326 0.3651
vn -0.5611 -0.7715 0.2999
vn -0.7786 0.4696 0.4162
vn -0.4173 -0.8810 0.2230
vn -0.8443 0.2890 0.4513
vn -0.2571 -0.9565 0.1374
vn -0.8777 0.0975 0.4691
vn -0.0869 0.9951 0.0464
vn -0.0869 -0.9951 0.0464
vn -0.8777 -0.0975 0.4691
vn -0.2571 0.9565 0.1374
vn -0.8443 -0.2890 0.4513
vn -0.4173 0.8810 0.2230
vn -0.7786 -0.4696 0.4162
vn -0.5611 0.7715 0.2999
vn -0.6831 -0.6326 0.3651
vn -0.9524 -0.0975 0.2889
vn -0.2790 0.9565 0.0846
vn -0.9161 -0.2890 0.2779
vn -0.4528 0.8810 0.1374
vn -0.8448 -0.4696 0.2563
vn -0.6088 0.7715 0.1847
vn -0.7412 -0.6326 0.2248
vn -0.7412 0.6326 0.2248
vn -0.6088 -0.7715 0.1847
vn -0.8448 0.4696 0.2563
vn -0.4528 -0.8810 0.1374
vn -0.9161 0.2890 0.2779
vn -0.2790 -0.9565 0.0846
vn -0.9524 0.0975 0.2889
vn -0.0942 0.9951 0.0286
vn -0.0942 -0.9951 0.0286
vn -0.6332 -0.7715 0.0624
vn -0.8786 0.4696 0.0865
vn -0.4709 -0.8810 0.0464
vn -0.9527 0.2890 0.0938
vn -0.2902 -0.9565 0.0286
vn -0.9904 0.0975 0.0975
vn -0.0980 0.9951 0.0097
vn -0.0980 -0.9951 0.0097
vn -0.9904 -0.0975 0.0975
vn -0.2902 0.9565 0.0286
vn -0.9527 -0.2890 0.0938
vn -0.4709 0.8810 0.0464
vn -0.8786 -0.4696 0.0865
vn -0.6332 0.7715 0.0624
vn -0.7708 -0.6326 0.0759
vn -0.7708 0.6326 0.0759
vn -0.2902 0.9565 -0.0286
vn -0.9527 -0.2890 -0.0938
vn -0.4709 0.8810 -0.0464
vn -0.8786 -0.4696 -0.0865
vn -0.6332 0.7715 -0.0624
vn -0.7708 -0.6326 -0.0759
vn -0.7708 0.6326 -0.0759
vn -0.6332 -0.7715 -0.0624
vn -0.8786 0.4696 -0.0865
vn -0.4709 -0.8810 -0.0464
vn -0.9527 0.2890 -0.0938
vn -0.2902 -0.9565 -0.0286
vn -0.9904 0.0975 -0.0976
vn -0.0980 0.9951 -0.0097
vn -0.0980 -0.9951 -0.0097
vn -0.9904 -0.0975 -0.0976
vn -0.8448 0.4696 -0.2563
vn -0.4528 -0.8810 -0.1374
vn -0.9161 0.2890 -0.2779
vn -0.2790 -0.9565 -0.0846
vn -0.9524 0.0975 -0.2889
vn -0.0942 0.9951 -0.0286
vn -0.0942 -0.9951 -0.0286
vn -0.9524 -0.0975 -0.2889
vn -0.2790 0.9565 -0.0846
vn -0.9161 -0.2890 -0.2779
vn -0.4528 0.8810 -0.1374
vn -0.8448 -0.4696 -0.2563
vn -0.6088 0.7715 -0.1847
vn -0.7412 -0.6326 -0.2248
vn -0.7412 0.6326 -0.2248
vn -0.6088 -0.7715 -0.1847
vn -0.8443 -0.2890 -0.4513
vn -0.4173 0.8810 -0.2231
vn -0.7786 -0.4696 -0.4162
vn -0.5611 0.7715 -0.2999
vn -0.6831 -0.6326 -0.3651
vn -0.6831 0.6326 -0.3651
vn -0.5611 -0.7715 -0.2999
vn -0.7786 0.4696 -0.4162
vn -0.4173 -0.8810 -0.2231
vn -0.8443 0.2890 -0.4513
vn -0.2571 -0.9565 -0.1374
vn -0.8777 0.0975 -0.4691
vn -0.0869 0.9951 -0.0464
vn -0.0869 -0.9951 -0.0464
vn -0.8777 -0.0975 -0.4691
vn -0.2571 0.9565 -0.1374
vn -0.3658 -0.8810 -0.3002
vn -0.7400 0.2890 -0.6073
vn -0.2254 -0.9565 -0.1850
vn -0.7693 0.0975 -0.6314
vn -0.0761 0.9951 -0.0625
vn -0.0761 -0.9951 -0.0625
vn -0.7693 -0.0975 -0.6314
vn -0.2254 0.9565 -0.1850
vn -0.7400 -0.2890 -0.6073
vn -0.3658 0.8810 -0.3002
vn -0.6825 -0.4696 -0.5601
vn -0.4918 0.7715 -0.4036
vn -0.5987 -0.6326 -0.4913
vn -0.5987 0.6326 -0.4913
vn -0.4918 -0.7715 -0.4036
vn -0.6825 0.4696 -0.5601
vn -0.5601 -0.4696 -0.6825
vn -0.4036 0.7715 -0.4918
vn -0.4913 -0.6326 -0.5987
vn -0.4913 0.6326 -0.5987
vn -0.4036 -0.7715 -0.4918
vn -0.5601 0.4696 -0.6825
vn -0.3002 -0.8810 -0.3658
vn -0.6073 0.2890 -0.7400
vn -0.1850 -0.9565 -0.2254
vn -0.6314 0.0975 -0.7693
vn -0.0625 0.9951 -0.0761
vn -0.0625 -0.9951 -0.0761
vn -0.6314 -0.0975 -0.7693
vn -0.1850 0.9565 -0.2254
vn -0.6073 -0.2890 -0.7400
vn -0.3002 0.8810 -0.3658
vn -0.1374 -0.9565 -0.2571
vn -0.4691 0.0975 -0.8777
vn -0.0464 0.9951 -0.0869
vn -0.0464 -0.9951 -0.0869
vn -0.4691 -0.0975 -0.8777
vn -0.1374 0.9565 -0.2571
vn -0.4513 -0.2890 -0.8443
vn -0.2230 0.8810 -0.4173
vn -0.4162 -0.4696 -0.7786
vn -0.2999 0.7715 -0.5611
vn -0.3651 -0.6326 -0.6831
vn -0.3651 0.6326 -0.6831
vn -0.2999 -0.7715 -0.5611
vn -0.4162 0.4696 -0.7786
vn -0.2230 -0.8810 -0.4173
vn -0.4513 0.2890 -0.8443
vn -0.1847 0.7715 -0.6088
vn -0.2248 -0.6326 -0.7412
vn -0.2248 0.6326 -0.7412
vn -0.1847 -0.7715 -0.6088
vn -0.2563 0.4696 -0.8448
vn -0.1374 -0.8810 -0.4528
vn -0.2779 0.2890 -0.9161
vn -0.0846 -0.9565 -0.2790
vn -0.2889 0.0975 -0.9524
vn -0.0286 0.9951 -0.0942
vn -0.0286 -0.9951 -0.0942
vn -0.2889 -0.0975 -0.9524
vn -0.0846 0.9565 -0.2790
vn -0.2779 -0.2890 -0.9161
vn -0.1374 0.8810 -0.4528
vn -0.2563 -0.4696 -0.8448
vn -0.0976 0.0975 -0.9904
vn -0.0097 0.9951 -0.0980
vn -0.0097 -0.9951 -0.0980
vn -0.0976 -0.0975 -0.9904
vn -0.0286 0.9565 -0.2902
vn -0.0938 -0.2890 -0.9527
vn -0.0464 0.8810 -0.4709
vn -0.0865 -0.4696 -0.8786
vn -0.0624 0.7715 -0.6332
vn -0.0759 -0.6326 -0.7708
vn -0.0759 0.6326 -0.7708
vn -0.0624 -0.7715 -0.6332
vn -0.0865 0.4696 -0.8786
vn -0.0464 -0.8810 -0.4709
vn -0.0938 0.2890 -0.9527
vn -0.0286 -0.9565 -0.2902
vt 0.750000 0.062500
vt 0.750000 0.125000
vt 0.718750 0.125000
vt 0.718750 0.062500
vt 0.750000 0.500000
vt 0.750000 0.562500
vt 0.718750 0.562500
vt 0.718750 0.500000
vt 0.750000 0.937500
vt 0.734375 1.000000
vt 0.718750 0.937500
vt 0.734375 0.000000
vt 0.750000 0.437500
vt 0.718750 0.437500
vt 0.750000 0.875000
vt 0.718750 0.875000
vt 0.750000 0.375000
vt 0.718750 0.375000
vt 0.750000 0.812500
vt 0.718750 0.812500
vt 0.750000 0.312500
vt 0.718750 0.312500
vt 0.750000 0.750000
vt 0.718750 0.750000
vt 0.750000 0.250000
vt 0.718750 0.250000
vt 0.750000 0.687500
vt 0.718750 0.687500
vt 0.750000 0.187500
vt 0.718750 0.187500
vt 0.750000 0.625000
vt 0.718750 0.625000
vt 0.687500 0.187500
vt 0.687500 0.125000
vt 0.687500 0.625000
vt 0.687500 0.562500
vt 0.687500 0.062500
vt 0.687500 0.500000
vt 0.703125 1.000000
vt 0.687500 0.937500
vt 0.703125 0.000000
vt 0.687500 0.437500
vt 0.687500 0.875000
vt 0.687500 0.375000
vt 0.687500 0.812500
vt 0.687500 0.312500
vt 0.687500 0.750000
vt 0.687500 0.250000
vt 0.687500 0.687500
vt 0.656250 0.875000
vt 0.656250 0.812500
vt 0.656250 0.375000
vt 0.656250 0.312500
vt 0.656250 0.750000
vt 0.656250 0.250000
vt 0.656250 0.687500
vt 0.656250 0.187500
vt 0.656250 0.625000
vt 0.656250 0.125000
vt 0.656250 0.562500
vt 0.656250 0.062500
vt 0.656250 0.500000
vt 0.671875 1.000000
vt 0.656250 0.937500
vt 0.671875 0.000000
vt 0.656250 0.437500
vt 0.625000 0.625000
vt 0.625000 0.562500
vt 0.625000 0.125000
vt 0.625000 0.062500
vt 0.625000 0.500000
vt 0.640625 1.000000
vt 0.625000 0.937500
vt 0.640625 0.000000
vt 0.625000 0.437500
vt 0.625000 0.875000
vt 0.625000 0.375000
vt 0.625000 0.812500
vt 0.625000 0.312500
vt 0.625000 0.750000
vt 0.625000 0.250000
vt 0.625000 0.687500
vt 0.625000 0.187500
vt 0.593750 0.375000
vt 0.593750 0.312500
vt 0.593750 0.812500
vt 0.593750 0.750000
vt 0.593750 0.250000
vt 0.593750 0.687500
vt 0.593750 0.187500
vt 0.593750 0.625000
vt 0.593750 0.125000
vt 0.593750 0.562500
vt 0.593750 0.062500
vt 0.593750 0.500000
vt 0.609375 1.000000
vt 0.593750 0.937500
vt 0.609375 0.000000
vt 0.593750 0.437500
vt 0.593750 0.875000
vt 0.562500 0.125000
vt 0.562500 0.062500
vt 0.562500 0.562500
vt 0.562500 0.500000
vt 0.578125 1.000000
vt 0.562500 0.937500
vt 0.578125 0.000000
vt 0.562500 0.437500
vt 0.562500 0.875000
vt 0.562500 0.375000
vt 0.562500 0.812500
vt 0.562500 0.312500
vt 0.562500 0.750000
vt 0.562500 0.250000
vt 0.562500 0.687500
vt 0.562500 0.187500
vt 0.562500 0.625000
vt 0.531250 0.812500
vt 0.531250 0.750000
vt 0.531250 0.312500
vt 0.531250 0.250000
vt 0.531250 0.687500
vt 0.531250 0.187500
vt 0.531250 0.625000
vt 0.531250 0.125000
vt 0.531250 0.562500
vt 0.531250 0.062500
vt 0.531250 0.500000
vt 0.546875 1.000000
vt 0.531250 0.937500
vt 0.546875 0.000000
vt 0.531250 0.437500
vt 0.531250 0.875000
vt 0.531250 0.375000
vt 0.500000 0.562500
vt 0.500000 0.500000
vt 0.515625 1.000000
vt 0.500000 0.937500
vt 0.515625 0.000000
vt 0.500000 0.062500
vt 0.500000 0.437500
vt 0.500000 0.875000
vt 0.500000 0.375000
vt 0.500000 0.812500
vt 0.500000 0.312500
vt 0.500000 0.750000
vt 0.500000 0.250000
vt 0.500000 0.687500
vt 0.500000 0.187500
vt 0.500000 0.625000
vt 0.500000 0.125000
vt 0.468750 0.312500
vt 0.468750 0.250000
vt 0.468750 0.750000
vt 0.468750 0.687500
vt 0.468750 0.187500
vt 0.468750 0.625000
vt 0.468750 0.125000
vt 0.468750 0.562500
vt 0.468750 0.062500
vt 0.468750 0.500000
vt 0.484375 1.000000
vt 0.468750 0.937500
vt 0.484375 0.000000
vt 0.468750 0.437500
vt 0.468750 0.875000
vt 0.468750 0.375000
vt 0.468750 0.812500
vt 0.453125 0.000000
vt 0.437500 0.062500
vt 0.437500 0.500000
vt 0.437500 0.437500
vt 0.437500 0.937500
vt 0.437500 0.875000
vt 0.437500 0.375000
vt 0.437500 0.812500
vt 0.437500 0.312500
vt 0.437500 0.750000
vt 0.437500 0.250000
vt 0.437500 0.687500
vt 0.437500 0.187500
vt 0.437500 0.625000
vt 0.437500 0.125000
vt 0.437500 0.562500
vt 0.453125 1.000000
vt 0.406250 0.250000
vt 0.406250 0.187500
vt 0.406250 0.687500
vt 0.406250 0.625000
vt 0.406250 0.125000
vt 0.406250 0.562500
vt 0.406250 0.062500
vt 0.406250 0.500000
vt 0.421875 1.000000
vt 0.406250 0.937500
vt 0.421875 0.000000
vt 0.406250 0.437500
vt 0.406250 0.875000
vt 0.406250 0.375000
vt 0.406250 0.812500
vt 0.406250 0.312500
vt 0.406250 0.750000
vt 0.375000 0.937500
vt 0.375000 0.875000
vt 0.375000 0.437500
vt 0.375000 0.375000
vt 0.375000 0.812500
vt 0.375000 0.312500
vt 0.375000 0.750000
vt 0.375000 0.250000
vt 0.375000 0.687500
vt 0.375000 0.187500
vt 0.375000 0.625000
vt 0.375000 0.125000
vt 0.375000 0.562500
vt 0.375000 0.062500
vt 0.375000 0.500000
vt 0.390625 1.000000
vt 0.390625 0.000000
vt 0.343750 0.687500
vt 0.343750 0.625000
vt 0.343750 0.187500
vt 0.343750 0.125000
vt 0.343750 0.562500
vt 0.343750 0.062500
vt 0.343750 0.500000
vt 0.359375 1.000000
vt 0.343750 0.937500
vt 0.359375 0.000000
vt 0.343750 0.437500
vt 0.343750 0.875000
vt 0.343750 0.375000
vt 0.343750 0.812500
vt 0.343750 0.312500
vt 0.343750 0.750000
vt 0.343750 0.250000
vt 0.312500 0.437500
vt 0.312500 0.375000
vt 0.312500 0.875000
vt 0.312500 0.812500
vt 0.312500 0.312500
vt 0.312500 0.750000
vt 0.312500 0.250000
vt 0.312500 0.687500
vt 0.312500 0.187500
vt 0.312500 0.625000
vt 0.312500 0.125000
vt 0.312500 0.562500
vt 0.312500 0.062500
vt 0.312500 0.500000
vt 0.328125 1.000000
vt 0.312500 0.937500
vt 0.328125 0.000000
vt 0.281250 0.187500
vt 0.281250 0.125000
vt 0.281250 0.625000
vt 0.281250 0.562500
vt 0.281250 0.062500
vt 0.281250 0.500000
vt 0.296875 1.000000
vt 0.281250 0.937500
vt 0.296875 0.000000
vt 0.281250 0.437500
vt 0.281250 0.875000
vt 0.281250 0.375000
vt 0.281250 0.812500
vt 0.281250 0.312500
vt 0.281250 0.750000
vt 0.281250 0.250000
vt 0.281250 0.687500
vt 0.250000 0.875000
vt 0.250000 0.812500
vt 0.250000 0.375000
vt 0.250000 0.312500
vt 0.250000 0.750000
vt 0.250000 0.250000
vt 0.250000 0.687500
vt 0.250000 0.187500
vt 0.250000 0.625000
vt 0.250000 0.125000
vt 0.250000 0.562500
vt 0.250000 0.062500
vt 0.250000 0.500000
vt 0.265625 1.000000
vt 0.250000 0.937500
vt 0.265625 0.000000
vt 0.250000 0.437500
vt 0.218750 0.625000
vt 0.218750 0.562500
vt 0.218750 0.125000
vt 0.218750 0.062500
vt 0.218750 0.500000
vt 0.234375 1.000000
vt 0.218750 0.937500
vt 0.234375 0.000000
vt 0.218750 0.437500
vt 0.218750 0.875000
vt 0.218750 0.375000
vt 0.218750 0.812500
vt 0.218750 0.312500
vt 0.218750 0.750000
vt 0.218750 0.250000
vt 0.218750 0.687500
vt 0.218750 0.187500
vt 0.187500 0.375000
vt 0.187500 0.312500
vt 0.187500 0.812500
vt 0.187500 0.750000
vt 0.187500 0.250000
vt 0.187500 0.687500
vt 0.187500 0.187500
vt 0.187500 0.625000
vt 0.187500 0.125000
vt 0.187500 0.562500
vt 0.187500 0.062500
vt 0.187500 0.500000
vt 0.203125 1.000000
vt 0.187500 0.937500
vt 0.203125 0.000000
vt 0.187500 0.437500
vt 0.187500 0.875000
vt 0.156250 0.125000
vt 0.156250 0.062500
vt 0.156250 0.562500
vt 0.156250 0.500000
vt 0.171875 1.000000
vt 0.156250 0.937500
vt 0.171875 0.000000
vt 0.156250 0.437500
vt 0.156250 0.875000
vt 0.156250 0.375000
vt 0.156250 0.812500
vt 0.156250 0.312500
vt 0.156250 0.750000
vt 0.156250 0.250000
vt 0.156250 0.687500
vt 0.156250 0.187500
vt 0.156250 0.625000
vt 0.125000 0.312500
vt 0.125000 0.250000
vt 0.125000 0.750000
vt 0.125000 0.687500
vt 0.125000 0.187500
vt 0.125000 0.625000
vt 0.125000 0.125000
vt 0.125000 0.562500
vt 0.125000 0.062500
vt 0.125000 0.500000
vt 0.140625 1.000000
vt 0.125000 0.937500
vt 0.140625 0.000000
vt 0.125000 0.437500
vt 0.125000 0.875000
vt 0.125000 0.375000
vt 0.125000 0.812500
vt 0.109375 1.000000
vt 0.093750 0.937500
vt 0.109375 0.000000
vt 0.093750 0.062500
vt 0.093750 0.500000
vt 0.093750 0.437500
vt 0.093750 0.875000
vt 0.093750 0.375000
vt 0.093750 0.812500
vt 0.093750 0.312500
vt 0.093750 0.750000
vt 0.093750 0.250000
vt 0.093750 0.687500
vt 0.093750 0.187500
vt 0.093750 0.625000
vt 0.093750 0.125000
vt 0.093750 0.562500
vt 0.062500 0.750000
vt 0.062500 0.687500
vt 0.062500 0.250000
vt 0.062500 0.187500
vt 0.062500 0.625000
vt 0.062500 0.125000
vt 0.062500 0.562500
vt 0.062500 0.062500
vt 0.062500 0.500000
vt 0.078125 1.000000
vt 0.062500 0.937500
vt 0.078125 0.000000
vt 0.062500 0.437500
vt 0.062500 0.875000
vt 0.062500 0.375000
vt 0.062500 0.812500
vt 0.062500 0.312500
vt 0.031250 0.500000
vt 0.031250 0.437500
vt 0.031250 0.937500
vt 0.031250 0.875000
vt 0.031250 0.375000
vt 0.031250 0.812500
vt 0.031250 0.312500
vt 0.031250 0.750000
vt 0.031250 0.250000
vt 0.031250 0.687500
vt 0.031250 0.187500
vt 0.031250 0.625000
vt 0.031250 0.125000
vt 0.031250 0.562500
vt 0.031250 0.062500
vt 0.046875 1.000000
vt 0.046875 0.000000
vt 0.000000 0.250000
vt 0.000000 0.187500
vt 0.000000 0.687500
vt 0.000000 0.625000
vt 0.000000 0.125000
vt 0.000000 0.562500
vt 0.000000 0.062500
vt 0.000000 0.500000
vt 0.015625 1.000000
vt 0.000000 0.937500
vt 0.015625 0.000000
vt 0.000000 0.437500
vt 0.000000 0.875000
vt 0.000000 0.375000
vt 0.000000 0.812500
vt 0.000000 0.312500
vt 0.000000 0.750000
vt 1.000000 0.875000
vt 1.000000 0.937500
vt 0.968750 0.937500
vt 0.968750 0.875000
vt 1.000000 0.375000
vt 1.000000 0.437500
vt 0.968750 0.437500
vt 0.968750 0.375000
vt 1.000000 0.812500
vt 0.968750 0.812500
vt 1.000000 0.312500
vt 0.968750 0.312500
vt 1.000000 0.750000
vt 0.968750 0.750000
vt 1.000000 0.250000
vt 0.968750 0.250000
vt 1.000000 0.687500
vt 0.968750 0.687500
vt 1.000000 0.187500
vt 0.968750 0.187500
vt 1.000000 0.625000
vt 0.968750 0.625000
vt 1.000000 0.125000
vt 0.968750 0.125000
vt 1.000000 0.562500
vt 0.968750 0.562500
vt 1.000000 0.062500
vt 0.968750 0.062500
vt 1.000000 0.500000
vt 0.968750 0.500000
vt 0.984375 1.000000
vt 0.984375 0.000000
vt 0.937500 0.687500
vt 0.937500 0.625000
vt 0.937500 0.187500
vt 0.937500 0.125000
vt 0.937500 0.562500
vt 0.937500 0.062500
vt 0.937500 0.500000
vt 0.953125 1.000000
vt 0.937500 0.937500
vt 0.953125 0.000000
vt 0.937500 0.437500
vt 0.937500 0.875000
vt 0.937500 0.375000
vt 0.937500 0.812500
vt 0.937500 0.312500
vt 0.937500 0.750000
vt 0.937500 0.250000
vt 0.906250 0.437500
vt 0.906250 0.375000
vt 0.906250 0.875000
vt 0.906250 0.812500
vt 0.906250 0.312500
vt 0.906250 0.750000
vt 0.906250 0.250000
vt 0.906250 0.687500
vt 0.906250 0.187500
vt 0.906250 0.625000
vt 0.906250 0.125000
vt 0.906250 0.562500
vt 0.906250 0.062500
vt 0.906250 0.500000
vt 0.921875 1.000000
vt 0.906250 0.937500
vt 0.921875 0.000000
vt 0.875000 0.187500
vt 0.875000 0.125000
vt 0.875000 0.625000
vt 0.875000 0.562500
vt 0.875000 0.062500
vt 0.875000 0.500000
vt 0.890625 1.000000
vt 0.875000 0.937500
vt 0.890625 0.000000
vt 0.875000 0.437500
vt 0.875000 0.875000
vt 0.875000 0.375000
vt 0.875000 0.812500
vt 0.875000 0.312500
vt 0.875000 0.750000
vt 0.875000 0.250000
vt 0.875000 0.687500
vt 0.843750 0.375000
vt 0.843750 0.312500
vt 0.843750 0.812500
vt 0.843750 0.750000
vt 0.843750 0.250000
vt 0.843750 0.687500
vt 0.843750 0.187500
vt 0.843750 0.625000
vt 0.843750 0.125000
vt 0.843750 0.562500
vt 0.843750 0.062500
vt 0.843750 0.500000
vt 0.859375 1.000000
vt 0.843750 0.937500
vt 0.859375 0.000000
vt 0.843750 0.437500
vt 0.843750 0.875000
vt 0.812500 0.125000
vt 0.812500 0.062500
vt 0.812500 0.562500
vt 0.812500 0.500000
vt 0.828125 1.000000
vt 0.812500 0.937500
vt 0.828125 0.000000
vt 0.812500 0.437500
vt 0.812500 0.875000
vt 0.812500 0.375000
vt 0.812500 0.812500
vt 0.812500 0.312500
vt 0.812500 0.750000
vt 0.812500 0.250000
vt 0.812500 0.687500
vt 0.812500 0.187500
vt 0.812500 0.625000
vt 0.781250 0.812500
vt 0.781250 0.750000
vt 0.781250 0.312500
vt 0.781250 0.250000
vt 0.781250 0.687500
vt 0.781250 0.187500
vt 0.781250 0.625000
vt 0.781250 0.125000
vt 0.781250 0.562500
vt 0.781250 0.062500
vt 0.781250 0.500000
vt 0.796875 1.000000
vt 0.781250 0.937500
vt 0.796875 0.000000
vt 0.781250 0.437500
vt 0.781250 0.875000
vt 0.781250 0.375000
vt 0.765625 1.000000
vt 0.765625 0.000000
s 0
f 1660/263/139 1659/264/139 1200/265/139 1201/266/139
f 1183/267/140 1182/268/140 1193/269/140 1194/270/140
f 1652/271/141 1179/272/141 1187/273/141
f 1186/274/142 1660/263/142 1201/266/142
f 1184/275/143 1183/267/143 1194/270/143 1195/276/143
f 1653/277/144 1652/271/144 1187/273/144 1188/278/144
f 1656/279/145 1184/275/145 1195/276/145 1196/280/145
f 1180/281/146 1653/277/146 1188/278/146 1189/282/146
f 1185/283/147 1656/279/147 1196/280/147 1197/284/147
f 1654/285/148 1180/281/148 1189/282/148 1190/286/148
f 1657/287/149 1185/283/149 1197/284/149 1198/288/149
f 1181/289/150 1654/285/150 1190/286/150 1191/290/150
f 1658/291/151 1657/287/151 1198/288/151 1199/292/151
f 1655/293/152 1181/289/152 1191/290/152 1192/294/152
f 1659/264/153 1658/291/153 1199/292/153 1200/265/153
f 1182/268/154 1655/293/154 1192/294/154 1193/269/154
f 1200/265/155 1199/292/155 1214/295/155 1215/296/155
f 1193/269/156 1192/294/156 1207/297/156 1208/298/156
f 1201/266/157 1200/265/157 1215/296/157 1216/299/157
f 1194/270/158 1193/269/158 1208/298/158 1209/300/158
f 1187/273/159 1179/301/159 1202/302/159
f 1186/303/160 1201/266/160 1216/299/160
f 1195/276/161 1194/270/161 1209/300/161 1210/304/161
f 1188/278/162 1187/273/162 1202/302/162 1203/305/162
f 1196/280/163 1195/276/163 1210/304/163 1211/306/163
f 1189/282/164 1188/278/164 1203/305/164 1204/307/164
f 1197/284/165 1196/280/165 1211/306/165 1212/308/165
f 1190/286/166 1189/282/166 1204/307/166 1205/309/166
f 1198/288/167 1197/284/167 1212/308/167 1213/310/167
f 1191/290/168 1190/286/168 1205/309/168 1206/311/168
f 1199/292/169 1198/288/169 1213/310/169 1214/295/169
f 1192/294/170 1191/290/170 1206/311/170 1207/297/170
f 1204/307/171 1203/305/171 1218/312/171 1219/313/171
f 1212/308/172 1211/306/172 1226/314/172 1227/315/172
f 1205/309/173 1204/307/173 1219/313/173 1220/316/173
f 1213/310/174 1212/308/174 1227/315/174 1228/317/174
f 1206/311/175 1205/309/175 1220/316/175 1221/318/175
f 1214/295/176 1213/310/176 1228/317/176 1229/319/176
f 1207/297/177 1206/311/177 1221/318/177 1222/320/177
f 1215/296/178 1214/295/178 1229/319/178 1230/321/178
f 1208/298/179 1207/297/179 1222/320/179 1223/322/179
f 1216/299/180 1215/296/180 1230/321/180 1231/323/180
f 1209/300/181 1208/298/181 1223/322/181 1224/324/181
f 1202/302/182 1179/325/182 1217/326/182
f 1186/327/183 1216/299/183 1231/323/183
f 1210/304/184 1209/300/184 1224/324/184 1225/328/184
f 1203/305/185 1202/302/185 1217/326/185 1218/312/185
f 1211/306/186 1210/304/186 1225/328/186 1226/314/186
f 1223/322/187 1222/320/187 1237/329/187 1238/330/187
f 1231/323/188 1230/321/188 1245/331/188 1246/332/188
f 1224/324/189 1223/322/189 1238/330/189 1239/333/189
f 1217/326/190 1179/334/190 1232/335/190
f 1186/336/191 1231/323/191 1246/332/191
f 1225/328/192 1224/324/192 1239/333/192 1240/337/192
f 1218/312/193 1217/326/193 1232/335/193 1233/338/193
f 1226/314/194 1225/328/194 1240/337/194 1241/339/194
f 1219/313/195 1218/312/195 1233/338/195 1234/340/195
f 1227/315/196 1226/314/196 1241/339/196 1242/341/196
f 1220/316/197 1219/313/197 1234/340/197 1235/342/197
f 1228/317/198 1227/315/198 1242/341/198 1243/343/198
f 1221/318/199 1220/316/199 1235/342/199 1236/344/199
f 1229/319/200 1228/317/200 1243/343/200 1244/345/200
f 1222/320/201 1221/318/201 1236/344/201 1237/329/201
f 1230/321/202 1229/319/202 1244/345/202 1245/331/202
f 1242/341/203 1241/339/203 1256/346/203 1257/347/203
f 1235/342/204 1234/340/204 1249/348/204 1250/349/204
f 1243/343/205 1242/341/205 1257/347/205 1258/350/205
f 1236/344/206 1235/342/206 1250/349/206 1251/351/206
f 1244/345/207 1243/343/207 1258/350/207 1259/352/207
f 1237/329/208 1236/344/208 1251/351/208 1252/353/208
f 1245/331/209 1244/345/209 1259/352/209 1260/354/209
f 1238/330/210 1237/329/210 1252/353/210 1253/355/210
f 1246/332/211 1245/331/211 1260/354/211 1261/356/211
f 1239/333/212 1238/330/212 1253/355/212 1254/357/212
f 1232/335/213 1179/358/213 1247/359/213
f 1186/360/214 1246/332/214 1261/356/214
f 1240/337/215 1239/333/215 1254/357/215 1255/361/215
f 1233/338/216 1232/335/216 1247/359/216 1248/362/216
f 1241/339/217 1240/337/217 1255/361/217 1256/346/217
f 1234/340/218 1233/338/218 1248/362/218 1249/348/218
f 1261/356/219 1260/354/219 1275/363/219 1276/364/219
f 1254/357/220 1253/355/220 1268/365/220 1269/366/220
f 1247/359/221 1179/367/221 1262/368/221
f 1186/369/222 1261/356/222 1276/364/222
f 1255/361/223 1254/357/223 1269/366/223 1270/370/223
f 1248/362/224 1247/359/224 1262/368/224 1263/371/224
f 1256/346/225 1255/361/225 1270/370/225 1271/372/225
f 1249/348/226 1248/362/226 1263/371/226 1264/373/226
f 1257/347/227 1256/346/227 1271/372/227 1272/374/227
f 1250/349/228 1249/348/228 1264/373/228 1265/375/228
f 1258/350/229 1257/347/229 1272/374/229 1273/376/229
f 1251/351/230 1250/349/230 1265/375/230 1266/377/230
f 1259/352/231 1258/350/231 1273/376/231 1274/378/231
f 1252/353/232 1251/351/232 1266/377/232 1267/379/232
f 1260/354/233 1259/352/233 1274/378/233 1275/363/233
f 1253/355/234 1252/353/234 1267/379/234 1268/365/234
f 1265/375/235 1264/373/235 1279/380/235 1280/381/235
f 1273/376/236 1272/374/236 1287/382/236 1288/383/236
f 1266/377/237 1265/375/237 1280/381/237 1281/384/237
f 1274/378/238 1273/376/238 1288/383/238 1289/385/238
f 1267/379/239 1266/377/239 1281/384/239 1282/386/239
f 1275/363/240 1274/378/240 1289/385/240 1290/387/240
f 1268/365/241 1267/379/241 1282/386/241 1283/388/241
f 1276/364/242 1275/363/242 1290/387/242 1291/389/242
f 1269/366/243 1268/365/243 1283/388/243 1284/390/243
f 1262/368/244 1179/391/244 1277/392/244
f 1186/393/245 1276/364/245 1291/389/245
f 1270/370/246 1269/366/246 1284/390/246 1285/394/246
f 1263/371/247 1262/368/247 1277/392/247 1278/395/247
f 1271/372/248 1270/370/248 1285/394/248 1286/396/248
f 1264/373/249 1263/371/249 1278/395/249 1279/380/249
f 1272/374/250 1271/372/250 1286/396/250 1287/382/250
f 1284/390/251 1283/388/251 1298/397/251 1299/398/251
f 1277/392/252 1179/399/252 1292/400/252
f 1186/401/253 1291/389/253 1306/402/253
f 1285/394/254 1284/390/254 1299/398/254 1300/403/254
f 1278/395/255 1277/392/255 1292/400/255 1293/404/255
f 1286/396/256 1285/394/256 1300/403/256 1301/405/256
f 1279/380/257 1278/395/257 1293/404/257 1294/406/257
f 1287/382/258 1286/396/258 1301/405/258 1302/407/258
f 1280/381/259 1279/380/259 1294/406/259 1295/408/259
f 1288/383/260 1287/382/260 1302/407/260 1303/409/260
f 1281/384/261 1280/381/261 1295/408/261 1296/410/261
f 1289/385/262 1288/383/262 1303/409/262 1304/411/262
f 1282/386/263 1281/384/263 1296/410/263 1297/412/263
f 1290/387/264 1289/385/264 1304/411/264 1305/413/264
f 1283/388/265 1282/386/265 1297/412/265 1298/397/265
f 1291/389/266 1290/387/266 1305/413/266 1306/402/266
f 1303/409/267 1302/407/267 1317/414/267 1318/415/267
f 1296/410/268 1295/408/268 1310/416/268 1311/417/268
f 1304/411/269 1303/409/269 1318/415/269 1319/418/269
f 1297/412/270 1296/410/270 1311/417/270 1312/419/270
f 1305/413/271 1304/411/271 1319/418/271 1320/420/271
f 1298/397/272 1297/412/272 1312/419/272 1313/421/272
f 1306/402/273 1305/413/273 1320/420/273 1321/422/273
f 1299/398/274 1298/397/274 1313/421/274 1314/423/274
f 1292/400/275 1179/424/275 1307/425/275
f 1186/426/276 1306/402/276 1321/422/276
f 1300/403/277 1299/398/277 1314/423/277 1315/427/277
f 1293/404/278 1292/400/278 1307/425/278 1308/428/278
f 1301/405/279 1300/403/279 1315/427/279 1316/429/279
f 1294/406/280 1293/404/280 1308/428/280 1309/430/280
f 1302/407/281 1301/405/281 1316/429/281 1317/414/281
f 1295/408/282 1294/406/282 1309/430/282 1310/416/282
f 1186/431/283 1321/422/283 1336/432/283
f 1315/427/284 1314/423/284 1329/433/284 1330/434/284
f 1308/428/285 1307/425/285 1322/435/285 1323/436/285
f 1316/429/286 1315/427/286 1330/434/286 1331/437/286
f 1309/430/287 1308/428/287 1323/436/287 1324/438/287
f 1317/414/288 1316/429/288 1331/437/288 1332/439/288
f 1310/416/289 1309/430/289 1324/438/289 1325/440/289
f 1318/415/290 1317/414/290 1332/439/290 1333/441/290
f 1311/417/291 1310/416/291 1325/440/291 1326/442/291
f 1319/418/292 1318/415/292 1333/441/292 1334/443/292
f 1312/419/293 1311/417/293 1326/442/293 1327/444/293
f 1320/420/294 1319/418/294 1334/443/294 1335/445/294
f 1313/421/295 1312/419/295 1327/444/295 1328/446/295
f 1321/422/296 1320/420/296 1335/445/296 1336/432/296
f 1314/423/297 1313/421/297 1328/446/297 1329/433/297
f 1307/425/298 1179/447/298 1322/435/298
f 1334/443/299 1333/441/299 1348/448/299 1349/449/299
f 1327/444/300 1326/442/300 1341/450/300 1342/451/300
f 1335/445/301 1334/443/301 1349/449/301 1350/452/301
f 1328/446/302 1327/444/302 1342/451/302 1343/453/302
f 1336/432/303 1335/445/303 1350/452/303 1351/454/303
f 1329/433/304 1328/446/304 1343/453/304 1344/455/304
f 1322/435/305 1179/456/305 1337/457/305
f 1186/458/306 1336/432/306 1351/454/306
f 1330/434/307 1329/433/307 1344/455/307 1345/459/307
f 1323/436/308 1322/435/308 1337/457/308 1338/460/308
f 1331/437/309 1330/434/309 1345/459/309 1346/461/309
f 1324/438/310 1323/436/310 1338/460/310 1339/462/310
f 1332/439/311 1331/437/311 1346/461/311 1347/463/311
f 1325/440/312 1324/438/312 1339/462/312 1340/464/312
f 1333/441/313 1332/439/313 1347/463/313 1348/448/313
f 1326/442/314 1325/440/314 1340/464/314 1341/450/314
f 1338/460/315 1337/457/315 1352/465/315 1353/466/315
f 1346/461/316 1345/459/316 1360/467/316 1361/468/316
f 1339/462/317 1338/460/317 1353/466/317 1354/469/317
f 1347/463/318 1346/461/318 1361/468/318 1362/470/318
f 1340/464/319 1339/462/319 1354/469/319 1355/471/319
f 1348/448/320 1347/463/320 1362/470/320 1363/472/320
f 1341/450/321 1340/464/321 1355/471/321 1356/473/321
f 1349/449/322 1348/448/322 1363/472/322 1364/474/322
f 1342/451/323 1341/450/323 1356/473/323 1357/475/323
f 1350/452/324 1349/449/324 1364/474/324 1365/476/324
f 1343/453/325 1342/451/325 1357/475/325 1358/477/325
f 1351/454/326 1350/452/326 1365/476/326 1366/478/326
f 1344/455/327 1343/453/327 1358/477/327 1359/479/327
f 1337/457/328 1179/480/328 1352/465/328
f 1186/481/329 1351/454/329 1366/478/329
f 1345/459/330 1344/455/330 1359/479/330 1360/467/330
f 1357/475/331 1356/473/331 1371/482/331 1372/483/331
f 1365/476/332 1364/474/332 1379/484/332 1380/485/332
f 1358/477/333 1357/475/333 1372/483/333 1373/486/333
f 1366/478/334 1365/476/334 1380/485/334 1381/487/334
f 1359/479/335 1358/477/335 1373/486/335 1374/488/335
f 1352/465/336 1179/489/336 1367/490/336
f 1186/491/337 1366/478/337 1381/487/337
f 1360/467/338 1359/479/338 1374/488/338 1375/492/338
f 1353/466/339 1352/465/339 1367/490/339 1368/493/339
f 1361/468/340 1360/467/340 1375/492/340 1376/494/340
f 1354/469/341 1353/466/341 1368/493/341 1369/495/341
f 1362/470/342 1361/468/342 1376/494/342 1377/496/342
f 1355/471/343 1354/469/343 1369/495/343 1370/497/343
f 1363/472/344 1362/470/344 1377/496/344 1378/498/344
f 1356/473/345 1355/471/345 1370/497/345 1371/482/345
f 1364/474/346 1363/472/346 1378/498/346 1379/484/346
f 1376/494/347 1375/492/347 1390/499/347 1391/500/347
f 1369/495/348 1368/493/348 1383/501/348 1384/502/348
f 1377/496/349 1376/494/349 1391/500/349 1392/503/349
f 1370/497/350 1369/495/350 1384/502/350 1385/504/350
f 1378/498/351 1377/496/351 1392/503/351 1393/505/351
f 1371/482/352 1370/497/352 1385/504/352 1386/506/352
f 1379/484/353 1378/498/353 1393/505/353 1394/507/353
f 1372/483/354 1371/482/354 1386/506/354 1387/508/354
f 1380/485/355 1379/484/355 1394/507/355 1395/509/355
f 1373/486/356 1372/483/356 1387/508/356 1388/510/356
f 1381/487/357 1380/485/357 1395/509/357 1396/511/357
f 1374/488/358 1373/486/358 1388/510/358 1389/512/358
f 1367/490/359 1179/513/359 1382/514/359
f 1186/515/360 1381/487/360 1396/511/360
f 1375/492/361 1374/488/361 1389/512/361 1390/499/361
f 1368/493/362 1367/490/362 1382/514/362 1383/501/362
f 1395/509/363 1394/507/363 1409/516/363 1410/517/363
f 1388/510/364 1387/508/364 1402/518/364 1403/519/364
f 1396/511/365 1395/509/365 1410/517/365 1411/520/365
f 1389/512/366 1388/510/366 1403/519/366 1404/521/366
f 1382/514/367 1179/522/367 1397/523/367
f 1186/524/368 1396/511/368 1411/520/368
f 1390/499/369 1389/512/369 1404/521/369 1405/525/369
f 1383/501/370 1382/514/370 1397/523/370 1398/526/370
f 1391/500/371 1390/499/371 1405/525/371 1406/527/371
f 1384/502/372 1383/501/372 1398/526/372 1399/528/372
f 1392/503/373 1391/500/373 1406/527/373 1407/529/373
f 1385/504/374 1384/502/374 1399/528/374 1400/530/374
f 1393/505/375 1392/503/375 1407/529/375 1408/531/375
f 1386/506/376 1385/504/376 1400/530/376 1401/532/376
f 1394/507/377 1393/505/377 1408/531/377 1409/516/377
f 1387/508/378 1386/506/378 1401/532/378 1402/518/378
f 1399/528/379 1398/526/379 1413/533/379 1414/534/379
f 1407/529/380 1406/527/380 1421/535/380 1422/536/380
f 1400/530/381 1399/528/381 1414/534/381 1415/537/381
f 1408/531/382 1407/529/382 1422/536/382 1423/538/382
f 1401/532/383 1400/530/383 1415/537/383 1416/539/383
f 1409/516/384 1408/531/384 1423/538/384 1424/540/384
f 1402/518/385 1401/532/385 1416/539/385 1417/541/385
f 1410/517/386 1409/516/386 1424/540/386 1425/542/386
f 1403/519/387 1402/518/387 1417/541/387 1418/543/387
f 1411/520/388 1410/517/388 1425/542/388 1426/544/388
f 1404/521/389 1403/519/389 1418/543/389 1419/545/389
f 1397/523/390 1179/546/390 1412/547/390
f 1186/548/391 1411/520/391 1426/544/391
f 1405/525/392 1404/521/392 1419/545/392 1420/549/392
f 1398/526/393 1397/523/393 1412/547/393 1413/533/393
f 1406/527/394 1405/525/394 1420/549/394 1421/535/394
f 1418/543/395 1417/541/395 1432/550/395 1433/551/395
f 1426/544/396 1425/542/396 1440/552/396 1441/553/396
f 1419/545/397 1418/543/397 1433/551/397 1434/554/397
f 1412/547/398 1179/555/398 1427/556/398
f 1186/557/399 1426/544/399 1441/553/399
f 1420/549/400 1419/545/400 1434/554/400 1435/558/400
f 1413/533/401 1412/547/401 1427/556/401 1428/559/401
f 1421/535/402 1420/549/402 1435/558/402 1436/560/402
f 1414/534/403 1413/533/403 1428/559/403 1429/561/403
f 1422/536/404 1421/535/404 1436/560/404 1437/562/404
f 1415/537/405 1414/534/405 1429/561/405 1430/563/405
f 1423/538/406 1422/536/406 1437/562/406 1438/564/406
f 1416/539/407 1415/537/407 1430/563/407 1431/565/407
f 1424/540/408 1423/538/408 1438/564/408 1439/566/408
f 1417/541/409 1416/539/409 1431/565/409 1432/550/409
f 1425/542/410 1424/540/410 1439/566/410 1440/552/410
f 1437/562/411 1436/560/411 1451/567/411 1452/568/411
f 1430/563/412 1429/561/412 1444/569/412 1445/570/412
f 1438/564/413 1437/562/413 1452/568/413 1453/571/413
f 1431/565/414 1430/563/414 1445/570/414 1446/572/414
f 1439/566/415 1438/564/415 1453/571/415 1454/573/415
f 1432/550/416 1431/565/416 1446/572/416 1447/574/416
f 1440/552/417 1439/566/417 1454/573/417 1455/575/417
f 1433/551/418 1432/550/418 1447/574/418 1448/576/418
f 1441/553/419 1440/552/419 1455/575/419 1456/577/419
f 1434/554/420 1433/551/420 1448/576/420 1449/578/420
f 1427/556/421 1179/579/421 1442/580/421
f 1186/581/422 1441/553/422 1456/577/422
f 1435/558/423 1434/554/423 1449/578/423 1450/582/423
f 1428/559/424 1427/556/424 1442/580/424 1443/583/424
f 1436/560/425 1435/558/425 1450/582/425 1451/567/425
f 1429/561/426 1428/559/426 1443/583/426 1444/569/426
f 1456/577/427 1455/575/427 1470/584/427 1471/585/427
f 1449/578/428 1448/576/428 1463/586/428 1464/587/428
f 1442/580/429 1179/588/429 1457/589/429
f 1186/590/430 1456/577/430 1471/585/430
f 1450/582/431 1449/578/431 1464/587/431 1465/591/431
f 1443/583/432 1442/580/432 1457/589/432 1458/592/432
f 1451/567/433 1450/582/433 1465/591/433 1466/593/433
f 1444/569/434 1443/583/434 1458/592/434 1459/594/434
f 1452/568/435 1451/567/435 1466/593/435 1467/595/435
f 1445/570/436 1444/569/436 1459/594/436 1460/596/436
f 1453/571/437 1452/568/437 1467/595/437 1468/597/437
f 1446/572/438 1445/570/438 1460/596/438 1461/598/438
f 1454/573/439 1453/571/439 1468/597/439 1469/599/439
f 1447/574/440 1446/572/440 1461/598/440 1462/600/440
f 1455/575/441 1454/573/441 1469/599/441 1470/584/441
f 1448/576/442 1447/574/442 1462/600/442 1463/586/442
f 1468/597/443 1467/595/443 1482/601/443 1483/602/443
f 1461/598/444 1460/596/444 1475/603/444 1476/604/444
f 1469/599/445 1468/597/445 1483/602/445 1484/605/445
f 1462/600/446 1461/598/446 1476/604/446 1477/606/446
f 1470/584/447 1469/599/447 1484/605/447 1485/607/447
f 1463/586/448 1462/600/448 1477/606/448 1478/608/448
f 1471/585/449 1470/584/449 1485/607/449 1486/609/449
f 1464/587/450 1463/586/450 1478/608/450 1479/610/450
f 1457/589/451 1179/611/451 1472/612/451
f 1186/613/452 1471/585/452 1486/609/452
f 1465/591/453 1464/587/453 1479/610/453 1480/614/453
f 1458/592/454 1457/589/454 1472/612/454 1473/615/454
f 1466/593/455 1465/591/455 1480/614/455 1481/616/455
f 1459/594/456 1458/592/456 1473/615/456 1474/617/456
f 1467/595/457 1466/593/457 1481/616/457 1482/601/457
f 1460/596/458 1459/594/458 1474/617/458 1475/603/458
f 1472/612/459 1179/618/459 1487/619/459
f 1186/620/460 1486/609/460 1501/621/460
f 1480/614/461 1479/610/461 1494/622/461 1495/623/461
f 1473/615/462 1472/612/462 1487/619/462 1488/624/462
f 1481/616/463 1480/614/463 1495/623/463 1496/625/463
f 1474/617/464 1473/615/464 1488/624/464 1489/626/464
f 1482/601/465 1481/616/465 1496/625/465 1497/627/465
f 1475/603/466 1474/617/466 1489/626/466 1490/628/466
f 1483/602/467 1482/601/467 1497/627/467 1498/629/467
f 1476/604/468 1475/603/468 1490/628/468 1491/630/468
f 1484/605/469 1483/602/469 1498/629/469 1499/631/469
f 1477/606/470 1476/604/470 1491/630/470 1492/632/470
f 1485/607/471 1484/605/471 1499/631/471 1500/633/471
f 1478/608/472 1477/606/472 1492/632/472 1493/634/472
f 1486/609/473 1485/607/473 1500/633/473 1501/621/473
f 1479/610/474 1478/608/474 1493/634/474 1494/622/474
f 1491/630/475 1490/628/475 1505/635/475 1506/636/475
f 1499/631/476 1498/629/476 1513/637/476 1514/638/476
f 1492/632/477 1491/630/477 1506/636/477 1507/639/477
f 1500/633/478 1499/631/478 1514/638/478 1515/640/478
f 1493/634/479 1492/632/479 1507/639/479 1508/641/479
f 1501/621/480 1500/633/480 1515/640/480 1516/642/480
f 1494/622/481 1493/634/481 1508/641/481 1509/643/481
f 1487/619/482 1179/644/482 1502/645/482
f 1186/646/483 1501/621/483 1516/642/483
f 1495/623/484 1494/622/484 1509/643/484 1510/647/484
f 1488/624/485 1487/619/485 1502/645/485 1503/648/485
f 1496/625/486 1495/623/486 1510/647/486 1511/649/486
f 1489/626/487 1488/624/487 1503/648/487 1504/650/487
f 1497/627/488 1496/625/488 1511/649/488 1512/651/488
f 1490/628/489 1489/626/489 1504/650/489 1505/635/489
f 1498/629/490 1497/627/490 1512/651/490 1513/637/490
f 1510/647/491 1509/643/491 1524/652/491 1525/653/491
f 1503/648/492 1502/645/492 1517/654/492 1518/655/492
f 1511/649/493 1510/647/493 1525/653/493 1526/656/493
f 1504/650/494 1503/648/494 1518/655/494 1519/657/494
f 1512/651/495 1511/649/495 1526/656/495 1527/658/495
f 1505/635/496 1504/650/496 1519/657/496 1520/659/496
f 1513/637/497 1512/651/497 1527/658/497 1528/660/497
f 1506/636/498 1505/635/498 1520/659/498 1521/661/498
f 1514/638/499 1513/637/499 1528/660/499 1529/662/499
f 1507/639/500 1506/636/500 1521/661/500 1522/663/500
f 1515/640/501 1514/638/501 1529/662/501 1530/664/501
f 1508/641/502 1507/639/502 1522/663/502 1523/665/502
f 1516/642/503 1515/640/503 1530/664/503 1531/666/503
f 1509/643/504 1508/641/504 1523/665/504 1524/652/504
f 1502/645/505 1179/667/505 1517/654/505
f 1186/668/506 1516/642/506 1531/666/506
f 1529/662/507 1528/660/507 1543/669/507 1544/670/507
f 1522/663/508 1521/661/508 1536/671/508 1537/672/508
f 1530/664/509 1529/662/509 1544/670/509 1545/673/509
f 1523/665/510 1522/663/510 1537/672/510 1538/674/510
f 1531/666/511 1530/664/511 1545/673/511 1546/675/511
f 1524/652/512 1523/665/512 1538/674/512 1539/676/512
f 1517/654/513 1179/677/513 1532/678/513
f 1186/679/514 1531/666/514 1546/675/514
f 1525/653/515 1524/652/515 1539/676/515 1540/680/515
f 1518/655/516 1517/654/516 1532/678/516 1533/681/516
f 1526/656/517 1525/653/517 1540/680/517 1541/682/517
f 1519/657/518 1518/655/518 1533/681/518 1534/683/518
f 1527/658/519 1526/656/519 1541/682/519 1542/684/519
f 1520/659/520 1519/657/520 1534/683/520 1535/685/520
f 1528/660/521 1527/658/521 1542/684/521 1543/669/521
f 1521/661/522 1520/659/522 1535/685/522 1536/671/522
f 1533/686/523 1532/687/523 1547/688/523 1548/689/523
f 1541/690/524 1540/691/524 1555/692/524 1556/693/524
f 1534/694/525 1533/686/525 1548/689/525 1549/695/525
f 1542/696/526 1541/690/526 1556/693/526 1557/697/526
f 1535/698/527 1534/694/527 1549/695/527 1550/699/527
f 1543/700/528 1542/696/528 1557/697/528 1558/701/528
f 1536/702/529 1535/698/529 1550/699/529 1551/703/529
f 1544/704/530 1543/700/530 1558/701/530 1559/705/530
f 1537/706/531 1536/702/531 1551/703/531 1552/707/531
f 1545/708/532 1544/704/532 1559/705/532 1560/709/532
f 1538/710/533 1537/706/533 1552/707/533 1553/711/533
f 1546/712/534 1545/708/534 1560/709/534 1561/713/534
f 1539/714/535 1538/710/535 1553/711/535 1554/715/535
f 1532/687/536 1179/716/536 1547/688/536
f 1186/717/537 1546/712/537 1561/713/537
f 1540/691/538 1539/714/538 1554/715/538 1555/692/538
f 1552/707/539 1551/703/539 1566/718/539 1567/719/539
f 1560/709/540 1559/705/540 1574/720/540 1575/721/540
f 1553/711/541 1552/707/541 1567/719/541 1568/722/541
f 1561/713/542 1560/709/542 1575/721/542 1576/723/542
f 1554/715/543 1553/711/543 1568/722/543 1569/724/543
f 1547/688/544 1179/725/544 1562/726/544
f 1186/727/545 1561/713/545 1576/723/545
f 1555/692/546 1554/715/546 1569/724/546 1570/728/546
f 1548/689/547 1547/688/547 1562/726/547 1563/729/547
f 1556/693/548 1555/692/548 1570/728/548 1571/730/548
f 1549/695/549 1548/689/549 1563/729/549 1564/731/549
f 1557/697/550 1556/693/550 1571/730/550 1572/732/550
f 1550/699/551 1549/695/551 1564/731/551 1565/733/551
f 1558/701/552 1557/697/552 1572/732/552 1573/734/552
f 1551/703/553 1550/699/553 1565/733/553 1566/718/553
f 1559/705/554 1558/701/554 1573/734/554 1574/720/554
f 1571/730/555 1570/728/555 1585/735/555 1586/736/555
f 1564/731/556 1563/729/556 1578/737/556 1579/738/556
f 1572/732/557 1571/730/557 1586/736/557 1587/739/557
f 1565/733/558 1564/731/558 1579/738/558 1580/740/558
f 1573/734/559 1572/732/559 1587/739/559 1588/741/559
f 1566/718/560 1565/733/560 1580/740/560 1581/742/560
f 1574/720/561 1573/734/561 1588/741/561 1589/743/561
f 1567/719/562 1566/718/562 1581/742/562 1582/744/562
f 1575/721/563 1574/720/563 1589/743/563 1590/745/563
f 1568/722/564 1567/719/564 1582/744/564 1583/746/564
f 1576/723/565 1575/721/565 1590/745/565 1591/747/565
f 1569/724/566 1568/722/566 1583/746/566 1584/748/566
f 1562/726/567 1179/749/567 1577/750/567
f 1186/751/568 1576/723/568 1591/747/568
f 1570/728/569 1569/724/569 1584/748/569 1585/735/569
f 1563/729/570 1562/726/570 1577/750/570 1578/737/570
f 1590/745/571 1589/743/571 1604/752/571 1605/753/571
f 1583/746/572 1582/744/572 1597/754/572 1598/755/572
f 1591/747/573 1590/745/573 1605/753/573 1606/756/573
f 1584/748/574 1583/746/574 1598/755/574 1599/757/574
f 1577/750/575 1179/758/575 1592/759/575
f 1186/760/576 1591/747/576 1606/756/576
f 1585/735/577 1584/748/577 1599/757/577 1600/761/577
f 1578/737/578 1577/750/578 1592/759/578 1593/762/578
f 1586/736/579 1585/735/579 1600/761/579 1601/763/579
f 1579/738/580 1578/737/580 1593/762/580 1594/764/580
f 1587/739/581 1586/736/581 1601/763/581 1602/765/581
f 1580/740/582 1579/738/582 1594/764/582 1595/766/582
f 1588/741/583 1587/739/583 1602/765/583 1603/767/583
f 1581/742/584 1580/740/584 1595/766/584 1596/768/584
f 1589/743/585 1588/741/585 1603/767/585 1604/752/585
f 1582/744/586 1581/742/586 1596/768/586 1597/754/586
f 1602/765/587 1601/763/587 1616/769/587 1617/770/587
f 1595/766/588 1594/764/588 1609/771/588 1610/772/588
f 1603/767/589 1602/765/589 1617/770/589 1618/773/589
f 1596/768/590 1595/766/590 1610/772/590 1611/774/590
f 1604/752/591 1603/767/591 1618/773/591 1619/775/591
f 1597/754/592 1596/768/592 1611/774/592 1612/776/592
f 1605/753/593 1604/752/593 1619/775/593 1620/777/593
f 1598/755/594 1597/754/594 1612/776/594 1613/778/594
f 1606/756/595 1605/753/595 1620/777/595 1621/779/595
f 1599/757/596 1598/755/596 1613/778/596 1614/780/596
f 1592/759/597 1179/781/597 1607/782/597
f 1186/783/598 1606/756/598 1621/779/598
f 1600/761/599 1599/757/599 1614/780/599 1615/784/599
f 1593/762/600 1592/759/600 1607/782/600 1608/785/600
f 1601/763/601 1600/761/601 1615/784/601 1616/769/601
f 1594/764/602 1593/762/602 1608/785/602 1609/771/602
f 1621/779/603 1620/777/603 1635/786/603 1636/787/603
f 1614/780/604 1613/778/604 1628/788/604 1629/789/604
f 1607/782/605 1179/790/605 1622/791/605
f 1186/792/606 1621/779/606 1636/787/606
f 1615/784/607 1614/780/607 1629/789/607 1630/793/607
f 1608/785/608 1607/782/608 1622/791/608 1623/794/608
f 1616/769/609 1615/784/609 1630/793/609 1631/795/609
f 1609/771/610 1608/785/610 1623/794/610 1624/796/610
f 1617/770/611 1616/769/611 1631/795/611 1632/797/611
f 1610/772/612 1609/771/612 1624/796/612 1625/798/612
f 1618/773/613 1617/770/613 1632/797/613 1633/799/613
f 1611/774/614 1610/772/614 1625/798/614 1626/800/614
f 1619/775/615 1618/773/615 1633/799/615 1634/801/615
f 1612/776/616 1611/774/616 1626/800/616 1627/802/616
f 1620/777/617 1619/775/617 1634/801/617 1635/786/617
f 1613/778/618 1612/776/618 1627/802/618 1628/788/618
f 1625/798/619 1624/796/619 1639/803/619 1640/804/619
f 1633/799/620 1632/797/620 1647/805/620 1648/806/620
f 1626/800/621 1625/798/621 1640/804/621 1641/807/621
f 1634/801/622 1633/799/622 1648/806/622 1649/808/622
f 1627/802/623 1626/800/623 1641/807/623 1642/809/623
f 1635/786/624 1634/801/624 1649/808/624 1650/810/624
f 1628/788/625 1627/802/625 1642/809/625 1643/811/625
f 1636/787/626 1635/786/626 1650/810/626 1651/812/626
f 1629/789/627 1628/788/627 1643/811/627 1644/813/627
f 1622/791/628 1179/814/628 1637/815/628
f 1186/816/629 1636/787/629 1651/812/629
f 1630/793/630 1629/789/630 1644/813/630 1645/817/630
f 1623/794/631 1622/791/631 1637/815/631 1638/818/631
f 1631/795/632 1630/793/632 1645/817/632 1646/819/632
f 1624/796/633 1623/794/633 1638/818/633 1639/803/633
f 1632/797/634 1631/795/634 1646/819/634 1647/805/634
f 1644/813/635 1643/811/635 1182/268/635 1183/267/635
f 1637/815/636 1179/820/636 1652/271/636
f 1186/821/637 1651/812/637 1660/263/637
f 1645/817/638 1644/813/638 1183/267/638 1184/275/638
f 1638/818/639 1637/815/639 1652/271/639 1653/277/639
f 1646/819/640 1645/817/640 1184/275/640 1656/279/640
f 1639/803/641 1638/818/641 1653/277/641 1180/281/641
f 1647/805/642 1646/819/642 1656/279/642 1185/283/642
f 1640/804/643 1639/803/643 1180/281/643 1654/285/643
f 1648/806/644 1647/805/644 1185/283/644 1657/287/644
f 1641/807/645 1640/804/645 1654/285/645 1181/289/645
f 1649/808/646 1648/806/646 1657/287/646 1658/291/646
f 1642/809/647 1641/807/647 1181/289/647 1655/293/647
f 1650/810/648 1649/808/648 1658/291/648 1659/264/648
f 1643/811/649 1642/809/649 1655/293/649 1182/268/649
f 1651/812/650 1650/810/650 1659/264/650 1660/263/650
