# Blender 5.1.0
# www.blender.org
mtllib star.mtl
o Cube
v 1.145203 0.053251 -0.437563
v 0.502339 0.053278 -0.437574
v 0.303876 0.220886 -0.164628
v 0.663576 0.053278 0.059018
v 1.183848 0.053259 -0.318673
v 0.342759 0.220924 -0.045437
v 0.674058 0.075787 0.776958
v 0.571305 0.053331 0.342576
v 0.250327 0.220969 0.238389
v 0.148927 0.053278 0.649336
v 0.668905 0.053259 1.027431
v 0.110335 0.245912 0.233390
v -0.530390 0.075533 0.881373
v -0.149201 0.053278 0.649273
v -0.149223 0.220881 0.311915
v -0.571534 0.053278 0.342294
v -0.770441 0.053259 0.953660
v -0.250591 0.220924 0.238228
v -1.183706 0.053251 -0.319136
v -0.663601 0.053278 0.058737
v -0.342712 0.220886 -0.045418
v -0.502154 0.053278 -0.437787
v -1.145064 0.053259 -0.438036
v -0.226446 0.245909 -0.123904
v -0.062234 0.053259 -1.224408
v -0.260926 0.053278 -0.612971
v -0.047739 0.245909 -0.253701
v 0.261186 0.053278 -0.612861
v 0.062773 0.053251 -1.224350
v 0.062790 0.220886 -0.339887
v 0.261186 -0.047535 -0.612861
v 0.062773 -0.047508 -1.224350
v 0.062790 -0.215143 -0.339887
v -0.062254 -0.047508 -1.224376
v -0.260926 -0.047535 -0.612971
v -0.062646 -0.215143 -0.339913
v -0.502154 -0.047535 -0.437787
v -1.145064 -0.047516 -0.438036
v -0.226446 -0.240166 -0.123904
v -1.183713 -0.047516 -0.319174
v -0.663601 -0.047535 0.058737
v -0.342740 -0.215180 -0.045582
v -0.571487 -0.047577 0.342322
v -0.674386 -0.070044 0.776673
v -0.250591 -0.215180 0.238228
v -0.669340 -0.047516 1.027148
v -0.149221 -0.047545 0.649250
v -0.149349 -0.215226 0.311782
v 0.148927 -0.047535 0.649336
v 0.530017 -0.069790 0.881597
v 0.149091 -0.215138 0.311978
v 0.770038 -0.047516 0.953986
v 0.571389 -0.047535 0.342535
v 0.187763 -0.240169 0.177138
v 0.663576 -0.047535 0.059018
v 1.183848 -0.047516 -0.318673
v 0.342759 -0.215180 -0.045437
v 1.145203 -0.047508 -0.437563
v 0.502339 -0.047535 -0.437574
v 0.303876 -0.215143 -0.164628
v 1.359489 0.002738 -0.512977
v 0.580135 0.002750 -0.513007
v 0.316806 0.058722 -0.431105
v 0.312291 0.058722 -0.434388
v 0.055387 0.275713 -0.081480
v 0.060390 0.275713 -0.077795
v 1.301058 0.058372 -0.425079
v 1.302626 0.058389 -0.420540
v 0.208974 0.276380 -0.065287
v 0.770846 0.002750 0.074363
v 1.401519 0.002717 -0.383471
v 0.509631 0.058722 0.162773
v 0.507904 0.058722 0.168082
v 0.092670 0.275713 0.033395
v 0.094627 0.275713 0.027492
v 0.907974 0.002783 1.134411
v 0.667170 0.002750 0.393213
v 0.806318 0.058289 1.106307
v 0.802545 0.058244 1.109070
v 0.126589 0.276407 0.178740
v 0.130781 0.276407 0.175646
v 0.167481 0.002750 0.756097
v 0.797764 0.002750 1.214445
v 0.002678 0.058983 0.534826
v -0.002904 0.058983 0.534825
v -0.003135 0.275713 0.098479
v 0.003093 0.275713 0.098481
v -0.842950 0.002741 1.246469
v -0.167801 0.002750 0.756026
v -0.802928 0.058366 1.108600
v -0.806869 0.058275 1.105696
v -0.130988 0.276376 0.175512
v -0.126665 0.276407 0.178686
v -0.667336 0.002750 0.392931
v -0.908370 0.002705 1.134242
v -0.507822 0.058983 0.167817
v -0.075548 0.284579 0.028196
v -0.094639 0.275713 0.027452
v -0.509546 0.058983 0.162508
v -1.401367 0.002750 -0.384027
v -0.770877 0.002750 0.074037
v -0.209100 0.276402 -0.065244
v -1.302610 0.058244 -0.421096
v -1.301147 0.058289 -0.425537
v -0.207448 0.276402 -0.070185
v -0.579918 0.002750 -0.513252
v -1.359251 0.002783 -0.513558
v -0.316624 0.058722 -0.431240
v -0.312107 0.058722 -0.434520
v -0.055353 0.275713 -0.081504
v -0.060357 0.275713 -0.077821
v -0.067814 0.002750 -1.451450
v -0.308627 0.002750 -0.710269
v -0.002042 0.058244 -1.368981
v 0.002623 0.058244 -1.368980
v 0.002657 0.276402 -0.219010
v -0.002564 0.276402 -0.219011
v 0.308928 0.002750 -0.710138
v 0.068284 0.002750 -1.451526
v 0.002634 -0.052697 -1.368838
v -0.002091 -0.052664 -1.368836
v -0.002564 -0.270659 -0.219011
v 0.002657 -0.270659 -0.219010
v 0.312197 -0.053240 -0.434258
v 0.316712 -0.053240 -0.430976
v 0.060390 -0.269970 -0.077795
v 0.055387 -0.269970 -0.081480
v -0.312013 -0.053240 -0.434390
v -0.316529 -0.053240 -0.431110
v -0.060357 -0.269970 -0.077821
v -0.055353 -0.269970 -0.081504
v -1.301028 -0.052697 -0.425499
v -1.302487 -0.052664 -0.421004
v -0.209100 -0.270659 -0.065244
v -0.207448 -0.270659 -0.070185
v -0.509507 -0.053243 0.162544
v -0.507664 -0.053255 0.167962
v -0.094524 -0.269981 0.027556
v -0.806786 -0.052546 1.105966
v -0.802995 -0.052546 1.108722
v -0.126665 -0.270664 0.178686
v -0.130855 -0.270664 0.175591
v -0.002939 -0.053257 0.534783
v 0.002678 -0.053240 0.534826
v 0.003093 -0.269970 0.098481
v -0.003245 -0.270024 0.098348
v 0.802420 -0.052664 1.108981
v 0.806245 -0.052697 1.106206
v 0.130781 -0.270664 0.175646
v 0.126589 -0.270664 0.178740
v 0.507752 -0.053240 0.168032
v 0.509478 -0.053240 0.162724
v 0.094627 -0.269970 0.027492
v 0.092670 -0.269970 0.033395
v 1.302613 -0.052691 -0.420524
v 1.301038 -0.052673 -0.425085
v 0.209006 -0.270642 -0.065253
v 1.561430 0.002901 -0.504562
v 1.559834 0.002889 -0.509073
v 0.378301 0.002750 -0.515718
v 0.373795 0.002750 -0.518993
v 0.008873 0.313733 -0.015363
v 0.011854 0.313733 -0.013171
v 0.007813 0.313805 -0.010489
v 0.016234 0.313764 -0.006757
v 0.017540 0.313759 -0.004135
v 0.013130 0.313805 -0.004308
v 0.017394 0.313733 0.003647
v 0.016198 0.313733 0.007175
v 0.011929 0.313804 0.003805
v 0.011783 0.313760 0.013595
v 0.009323 0.313761 0.015428
v 0.007806 0.313804 0.010728
v 0.001826 0.313731 0.017650
v -0.001698 0.313746 0.017235
v -0.000002 0.313804 0.012515
v -0.009329 0.313761 0.015424
v -0.011788 0.313760 0.013590
v -0.008120 0.313805 0.011127
v -0.017385 0.313733 0.003668
v -0.015998 0.313760 0.006783
v -0.012394 0.313805 0.004166
v -0.017565 0.313763 -0.004126
v -0.016585 0.313763 -0.006981
v -0.013128 0.313805 -0.004313
v -0.011848 0.313733 -0.013176
v -0.009107 0.313710 -0.015106
v -0.007358 0.313796 -0.010207
v -0.001493 0.313763 -0.017979
v -0.000187 0.313805 -0.013902
v 0.001206 0.313786 -0.017671
v 0.609100 0.002750 0.195122
v 0.607378 0.002750 0.200420
v 0.966087 0.002555 1.326373
v 0.961975 0.002656 1.329385
v 0.002650 0.002489 0.639424
v -0.002920 0.002489 0.639423
v -0.962991 0.002705 1.328776
v -0.966722 0.002705 1.326065
v -0.607310 0.002489 0.200113
v -0.609030 0.002489 0.194815
v -1.559777 0.002555 -0.509592
v -1.561161 0.002599 -0.505052
v -0.373575 0.002750 -0.519151
v -0.378082 0.002750 -0.515878
v 0.002643 0.002750 -1.641052
v -0.001947 0.002750 -1.641052
v 0.001206 -0.308043 -0.017671
v -0.001493 -0.308019 -0.017979
v -0.000187 -0.308061 -0.013902
v 0.008873 -0.307990 -0.015363
v 0.011854 -0.307990 -0.013171
v 0.007813 -0.308061 -0.010489
v -0.008924 -0.308017 -0.014924
v -0.011848 -0.307990 -0.013176
v -0.007327 -0.308061 -0.010177
v -0.016585 -0.308019 -0.006981
v -0.017565 -0.308019 -0.004126
v -0.013128 -0.308061 -0.004313
v -0.017385 -0.307990 0.003668
v -0.015998 -0.308017 0.006783
v -0.012394 -0.308061 0.004166
v -0.011788 -0.308017 0.013590
v -0.009329 -0.308018 0.015424
v -0.008120 -0.308061 0.011127
v -0.001698 -0.308002 0.017235
v 0.001826 -0.307988 0.017650
v -0.000002 -0.308061 0.012515
v 0.009323 -0.308018 0.015428
v 0.011783 -0.308017 0.013595
v 0.007806 -0.308061 0.010728
v 0.016198 -0.307990 0.007175
v 0.017394 -0.307990 0.003647
v 0.011929 -0.308061 0.003805
v 0.017540 -0.308016 -0.004135
v 0.016234 -0.308021 -0.006757
v 0.013130 -0.308061 -0.004308
v 0.577993 0.007212 -0.511504
v 1.352410 0.007119 -0.511476
v 1.356919 0.005236 -0.512401
v 0.579340 0.005312 -0.512532
v 0.066829 0.274633 -0.077338
v 0.322357 0.058848 -0.428793
v 0.319799 0.058719 -0.429565
v 0.080310 0.261097 -0.100234
v 1.292749 0.058698 -0.427911
v 1.297593 0.058464 -0.426983
v 0.278440 0.261582 -0.096581
v 1.394918 0.007131 -0.380491
v 0.768229 0.007212 0.074405
v 0.769923 0.005312 0.074446
v 1.399100 0.005284 -0.382233
v 0.212854 0.274990 -0.060744
v 1.297674 0.058732 -0.413266
v 1.300971 0.058479 -0.416808
v 0.210875 0.275899 -0.062700
v 0.082792 0.283479 0.017619
v 0.512764 0.058848 0.157641
v 0.511147 0.058719 0.159768
v 0.096949 0.275233 0.025011
v 0.664893 0.007381 0.391752
v 0.906442 0.005584 1.132194
v 0.666427 0.005354 0.392632
v 0.507270 0.058889 0.174125
v 0.507326 0.058729 0.171417
v 0.092948 0.275265 0.036774
v 0.136188 0.275052 0.174301
v 0.845189 0.035683 1.094992
v 0.807057 0.058627 1.102174
v 0.133527 0.275932 0.174635
v 0.792922 0.007131 1.209068
v 0.166633 0.007212 0.753621
v 0.167117 0.005312 0.755245
v 0.795871 0.005284 1.212507
v 0.123581 0.275032 0.183548
v 0.794043 0.058732 1.106455
v 0.798444 0.058448 1.108516
v 0.124763 0.275911 0.181119
v 0.008583 0.274603 0.102068
v 0.008527 0.058892 0.536354
v 0.006004 0.058941 0.535367
v 0.006150 0.275233 0.099910
v -0.166951 0.007212 0.753551
v -0.779381 0.034818 1.142913
v -0.796384 0.005294 1.212170
v -0.167437 0.005312 0.755175
v -0.008992 0.274656 0.101994
v -0.008754 0.058892 0.536351
v -0.006230 0.058941 0.535364
v -0.006301 0.290053 0.069884
v -0.123475 0.274875 0.183674
v -0.798530 0.058357 1.108353
v -0.124810 0.275881 0.181091
v -0.904837 0.007119 1.127781
v -0.665244 0.007212 0.391359
v -0.666639 0.005312 0.392322
v -0.907098 0.005236 1.131825
v -0.136538 0.274982 0.174025
v -0.806927 0.058777 1.097072
v -0.807548 0.058616 1.101770
v -0.177840 0.261683 0.235161
v -0.094359 0.274628 0.039872
v -0.507468 0.058892 0.173852
v -0.507309 0.058941 0.171147
v -0.120297 0.261056 0.045666
v -0.768260 0.007212 0.074080
v -1.394757 0.007131 -0.381081
v -1.398938 0.005284 -0.382825
v -0.769954 0.005312 0.074120
v -0.512805 0.058892 0.157416
v -0.099800 0.274599 0.023278
v -0.096959 0.275233 0.024970
v -0.511087 0.058941 0.159512
v -0.210828 0.275872 -0.062671
v -1.300812 0.058440 -0.417328
v -1.297473 0.058698 -0.413663
v -0.577776 0.007212 -0.511748
v -0.579123 0.005312 -0.512777
v -1.356620 0.005415 -0.512996
v -1.352173 0.007164 -0.512053
v -1.292732 0.058777 -0.428420
v -1.297443 0.058627 -0.427516
v -0.207394 0.275899 -0.073165
v -0.207892 0.275022 -0.075778
v -0.322175 0.058848 -0.428929
v -0.319617 0.058719 -0.429700
v -0.063631 0.275242 -0.077126
v -0.066899 0.274608 -0.077417
v -0.068573 0.007131 -1.444253
v -0.068207 0.005284 -1.448769
v -0.308421 0.005312 -0.709366
v -0.307859 0.007212 -0.707767
v -0.308193 0.058848 -0.439084
v -0.309717 0.058719 -0.436890
v -0.053682 0.275250 -0.084389
v -0.052903 0.274617 -0.087587
v -0.007387 0.058732 -1.361871
v -0.005036 0.058448 -1.366125
v -0.005418 0.275899 -0.219903
v -0.007720 0.275022 -0.221187
v 0.308159 0.007212 -0.707637
v 0.308721 0.005312 -0.709236
v 0.068785 0.005284 -1.448766
v 0.069186 0.007131 -1.444224
v 0.008043 0.058698 -1.361741
v 0.005635 0.058440 -1.366091
v 0.005573 0.275872 -0.219801
v 0.308378 0.058848 -0.438954
v 0.309902 0.058719 -0.436759
v 0.053704 0.275249 -0.084371
v 0.052926 0.274616 -0.087570
v 0.308159 -0.001469 -0.707637
v 0.308721 0.000370 -0.709235
v 0.068785 0.000398 -1.448766
v 0.069186 -0.001388 -1.444224
v 0.008054 -0.052999 -1.361723
v 0.005680 -0.052906 -1.365995
v 0.005573 -0.270129 -0.219801
v 0.052926 -0.268872 -0.087570
v 0.308363 -0.053149 -0.438932
v 0.309824 -0.053198 -0.436650
v 0.053704 -0.269506 -0.084371
v -0.307859 -0.001469 -0.707767
v -0.068573 -0.001388 -1.444253
v -0.068207 0.000398 -1.448769
v -0.308421 0.000370 -0.709366
v -0.052903 -0.268873 -0.087587
v -0.308177 -0.053149 -0.439062
v -0.309639 -0.053198 -0.436781
v -0.053682 -0.269507 -0.084389
v -0.007515 -0.052967 -1.361724
v -0.005252 -0.052774 -1.365990
v -0.005479 -0.270129 -0.219804
v -1.352160 -0.001388 -0.512089
v -0.577776 -0.001469 -0.511748
v -0.579123 0.000370 -0.512777
v -1.356566 0.000398 -0.513138
v -0.207892 -0.269278 -0.075778
v -1.292732 -0.053034 -0.428420
v -1.297420 -0.052914 -0.427508
v -0.207394 -0.270156 -0.073165
v -0.066862 -0.268875 -0.077387
v -0.322159 -0.053149 -0.428908
v -0.319537 -0.053198 -0.429592
v -0.063593 -0.269508 -0.077096
v -0.768260 -0.001469 0.074080
v -1.394757 -0.001388 -0.381081
v -1.398938 0.000398 -0.382825
v -0.769954 0.000370 0.074120
v -0.512805 -0.053149 0.157416
v -0.511087 -0.053198 0.159512
v -0.096959 -0.269489 0.024970
v -0.082799 -0.277736 0.017584
v -0.212828 -0.269246 -0.060834
v -1.297496 -0.053001 -0.413762
v -1.300781 -0.052783 -0.417147
v -0.210848 -0.270156 -0.062790
v -0.665058 -0.001638 0.391471
v -0.666592 0.000328 0.392350
v -0.906907 0.000098 1.131853
v -0.845652 -0.029940 1.094634
v -0.807523 -0.052884 1.101832
v -0.133667 -0.270167 0.174588
v -0.136454 -0.269252 0.174211
v -0.507468 -0.053149 0.173852
v -0.507269 -0.053202 0.171184
v -0.119940 -0.255366 0.046041
v -0.094226 -0.268912 0.040028
v -0.793465 -0.001421 1.208711
v -0.796555 0.000267 1.212087
v -0.167437 0.000370 0.755175
v -0.166951 -0.001469 0.753551
v -0.008868 -0.053209 0.536218
v -0.006391 -0.053278 0.535173
v -0.794491 -0.053034 1.106111
v -0.798835 -0.052884 1.108148
v -0.169039 -0.255988 0.241620
v -0.123663 -0.269307 0.183429
v 0.166633 -0.001469 0.753621
v 0.167117 0.000370 0.755245
v 0.795871 0.000398 1.212507
v 0.778898 -0.029075 1.143243
v 0.798061 -0.052614 1.108690
v 0.124734 -0.270137 0.181144
v 0.123397 -0.269132 0.183726
v 0.008527 -0.053149 0.536354
v 0.006004 -0.053198 0.535367
v 0.006150 -0.269489 0.099910
v 0.008788 -0.277741 0.084144
v 0.904388 -0.001388 1.128119
v 0.906746 0.000398 1.131987
v 0.666473 0.000370 0.392604
v 0.665079 -0.001469 0.391640
v 0.507395 -0.053149 0.174067
v 0.507237 -0.053198 0.171362
v 0.093065 -0.269489 0.036735
v 0.094352 -0.268859 0.039737
v 0.806463 -0.053034 1.097414
v 0.807043 -0.052914 1.102154
v 0.133527 -0.270189 0.174635
v 0.136188 -0.269309 0.174301
v 0.768229 -0.001469 0.074405
v 0.769923 0.000370 0.074446
v 1.399060 0.000267 -0.382379
v 1.394908 -0.001421 -0.380528
v 1.297661 -0.053034 -0.413250
v 1.300917 -0.052914 -0.416743
v 0.210875 -0.270156 -0.062700
v 0.212854 -0.269246 -0.060744
v 0.512738 -0.053149 0.157633
v 0.511019 -0.053198 0.159728
v 0.096949 -0.269489 0.025011
v 0.082792 -0.277736 0.017619
v 1.352376 -0.001388 -0.511517
v 1.356783 0.000398 -0.512564
v 0.579340 0.000370 -0.512532
v 0.577993 -0.001469 -0.511504
v 0.322341 -0.053149 -0.428771
v 0.319719 -0.053198 -0.429457
v 0.080310 -0.255354 -0.100234
v 0.066829 -0.268890 -0.077338
v 1.292729 -0.052999 -0.427916
v 1.297512 -0.052900 -0.427004
v 0.278440 -0.255839 -0.096581
v 1.557177 0.002733 -0.511979
v 0.383488 0.002750 -0.513360
v 0.381166 0.002750 -0.514113
v 0.377822 0.005549 -0.515054
v 0.373312 0.005549 -0.518332
v 0.011199 0.312840 -0.020282
v 0.010072 0.313416 -0.018088
v 0.014040 0.313416 -0.015145
v 0.015793 0.312840 -0.016871
v 1.558611 0.005886 -0.508496
v 1.560056 0.005886 -0.504129
v 0.022844 0.313322 -0.005144
v 0.020331 0.313586 -0.004608
v 0.610477 0.002750 0.192141
v 0.611914 0.002750 0.190167
v 1.560865 0.002619 -0.499964
v 1.561613 0.002748 -0.501818
v 0.608323 0.005549 0.194867
v 0.606599 0.005549 0.200169
v 0.020961 0.312840 0.009787
v 0.022788 0.312840 0.004390
v 0.020361 0.313416 0.003995
v 0.018771 0.313416 0.008628
v 0.967844 0.002574 1.324198
v 0.968334 0.002837 1.322321
v 0.606739 0.002750 0.206082
v 0.606738 0.002750 0.203641
v 0.965848 0.005408 1.325418
v 0.961833 0.005292 1.328322
v 0.011828 0.313349 0.020374
v 0.015677 0.313350 0.017499
v 0.013893 0.313599 0.015622
v 0.010591 0.313599 0.018097
v 0.005910 0.002528 0.639839
v 0.008232 0.002705 0.640703
v 0.958317 0.002586 1.330175
v 0.959894 0.003436 1.330203
v 0.002653 0.007056 0.638009
v 0.002652 0.005267 0.639078
v -0.002922 0.005267 0.639077
v -0.002923 0.007056 0.638008
v -0.002961 0.312830 0.022956
v 0.002815 0.312838 0.022995
v 0.002325 0.313406 0.020537
v -0.958329 0.003495 1.329726
v -0.959859 0.002634 1.329723
v -0.008503 0.002705 0.640699
v -0.006181 0.002528 0.639836
v -0.961969 0.006204 1.327264
v -0.962677 0.004987 1.328264
v -0.966105 0.004676 1.325947
v -0.015817 0.313318 0.017413
v -0.011842 0.313350 0.020368
v -0.010604 0.313600 0.018090
v -0.013899 0.313599 0.015616
v -0.606696 0.002528 0.203342
v -0.606800 0.002705 0.205817
v -0.968350 0.002571 1.323141
v -0.020934 0.312897 0.009329
v -0.022790 0.312840 0.004380
v -0.020362 0.313416 0.003986
v -0.018500 0.313448 0.008964
v -0.605962 0.007056 0.199679
v -0.606979 0.005267 0.200008
v -0.608701 0.005267 0.194707
v -0.607684 0.007056 0.194376
v -1.560905 0.002732 -0.501033
v -0.611968 0.002705 0.189900
v -0.610430 0.002528 0.191842
v -1.560305 0.005282 -0.504901
v -1.558796 0.005408 -0.509659
v -0.023025 0.313350 -0.004980
v -0.020468 0.313606 -0.004520
v -0.019148 0.313606 -0.008316
v -0.021487 0.313350 -0.009464
v -0.380949 0.002750 -0.514274
v -0.383271 0.002750 -0.513523
v -1.556617 0.002837 -0.512979
v -1.558251 0.002574 -0.511934
v -0.377604 0.005549 -0.515214
v -0.373092 0.005549 -0.518490
v -0.011191 0.312840 -0.020286
v -0.015786 0.312840 -0.016877
v -0.014034 0.313416 -0.015151
v -0.010064 0.313416 -0.018092
v -0.004651 0.002750 -1.640277
v -0.006298 0.002750 -1.638963
v -0.369730 0.002750 -0.523356
v -0.371164 0.002750 -0.521380
v -0.001934 0.005282 -1.639987
v 0.002630 0.005282 -1.639986
v 0.002372 0.313350 -0.023407
v -0.002362 0.313350 -0.023408
v -0.001986 0.313606 -0.020845
v 0.002314 0.313631 -0.020599
v 0.369952 0.002750 -0.523200
v 0.371384 0.002750 -0.521223
v 0.005805 0.002748 -1.639875
v 0.002665 -0.000756 -1.639262
v 0.002626 0.000622 -1.640447
v -0.001968 0.000655 -1.640447
v -0.002121 -0.000625 -1.639255
v -0.002362 -0.307606 -0.023408
v 0.002372 -0.307606 -0.023407
v 0.002314 -0.307888 -0.020599
v -0.001986 -0.307863 -0.020845
v 0.372866 -0.001312 -0.517719
v 0.377376 -0.001312 -0.514441
v 0.378004 0.000415 -0.515306
v 0.373495 0.000415 -0.518584
v 0.015793 -0.307097 -0.016871
v 0.011199 -0.307097 -0.020282
v 0.010072 -0.307672 -0.018088
v 0.014040 -0.307672 -0.015145
v -0.372647 -0.001312 -0.517877
v -0.373276 0.000415 -0.518742
v -0.377786 0.000415 -0.515466
v -0.377158 -0.001312 -0.514601
v -0.015786 -0.307097 -0.016877
v -0.011191 -0.307097 -0.020286
v -0.009922 -0.307712 -0.017951
v -0.014034 -0.307672 -0.015151
v -1.558351 -0.000382 -0.509150
v -1.559968 -0.000244 -0.504266
v -0.023025 -0.307606 -0.004980
v -0.021487 -0.307606 -0.009464
v -0.019148 -0.307863 -0.008316
v -0.020468 -0.307863 -0.004520
v -0.607794 -0.000910 0.194412
v -0.606072 -0.000910 0.199714
v -0.020762 -0.307171 0.009486
v -0.022761 -0.307100 0.004406
v -0.020362 -0.307672 0.003986
v -0.018500 -0.307704 0.008964
v -0.962317 0.000222 1.327884
v -0.966081 0.000222 1.325148
v -0.011842 -0.307607 0.020368
v -0.015685 -0.307606 0.017492
v -0.013899 -0.307855 0.015616
v -0.010604 -0.307857 0.018090
v -0.002922 -0.000910 0.638123
v 0.002652 -0.000910 0.638124
v 0.002815 -0.307094 0.022995
v -0.002961 -0.307086 0.022956
v 0.002325 -0.307663 0.020537
v 0.961080 -0.000244 1.328197
v 0.965226 -0.000382 1.325152
v 0.015673 -0.307607 0.017495
v 0.011828 -0.307606 0.020374
v 0.010591 -0.307855 0.018097
v 0.013888 -0.307856 0.015617
v 0.605878 -0.001312 0.199935
v 0.607602 -0.001312 0.194633
v 0.608619 0.000415 0.194964
v 0.606895 0.000415 0.200265
v 0.022788 -0.307097 0.004390
v 0.020961 -0.307097 0.009787
v 0.018771 -0.307672 0.008628
v 0.020361 -0.307672 0.003995
v 1.559854 -0.000756 -0.504026
v 1.560970 0.000622 -0.504430
v 1.559391 0.000574 -0.508952
v 1.558389 -0.000768 -0.508475
v 0.020998 -0.307528 -0.010076
v 0.022970 -0.307599 -0.005011
v 0.020362 -0.307848 -0.004575
v 0.013565 0.313729 -0.011071
v 0.015137 0.313740 -0.009013
v 0.009469 0.313804 -0.004853
v 0.007574 0.313805 -0.006958
v 0.006362 0.313734 -0.016280
v 0.003649 0.313761 -0.017304
v 0.017597 0.313747 -0.001512
v 0.017538 0.313737 0.001046
v 0.010175 0.313805 0.001158
v 0.009976 0.313805 -0.001820
v 0.014745 0.313729 0.009426
v 0.013291 0.313738 0.011557
v 0.007567 0.313805 0.007339
v 0.008966 0.313805 0.004885
v 0.006906 0.313718 0.016335
v 0.004428 0.313709 0.017072
v 0.001958 0.313805 0.010020
v 0.004679 0.313805 0.009441
v -0.004459 0.313734 0.016967
v -0.006936 0.313742 0.016230
v -0.004855 0.313804 0.009383
v -0.002107 0.313805 0.010029
v -0.013365 0.313720 0.011554
v -0.014943 0.313723 0.009350
v -0.008933 0.313804 0.005021
v -0.007065 0.313805 0.007247
v -0.017642 0.313706 0.001082
v -0.017646 0.313737 -0.001598
v -0.009954 0.313805 -0.001632
v -0.015133 0.313740 -0.009020
v -0.013560 0.313729 -0.011076
v -0.007452 0.313805 -0.007034
v -0.009422 0.313805 -0.004853
v -0.004090 0.313708 -0.017340
v -0.001813 0.313796 -0.010580
v -0.004405 0.313771 -0.009454
v -0.003958 -0.308001 -0.017209
v -0.006692 -0.307957 -0.016775
v -0.004283 -0.308061 -0.009334
v -0.001782 -0.308061 -0.010550
v 0.003649 -0.308018 -0.017304
v 0.006362 -0.307990 -0.016280
v 0.013565 -0.307986 -0.011071
v 0.015137 -0.307996 -0.009013
v 0.009469 -0.308061 -0.004853
v 0.007574 -0.308061 -0.006958
v -0.013560 -0.307986 -0.011076
v -0.015133 -0.307996 -0.009020
v -0.009422 -0.308061 -0.004853
v -0.007452 -0.308061 -0.007034
v -0.017705 -0.307975 -0.001548
v -0.017616 -0.307965 0.001095
v -0.009954 -0.308061 -0.001632
v -0.014943 -0.307979 0.009350
v -0.013365 -0.307976 0.011554
v -0.007065 -0.308061 0.007248
v -0.008933 -0.308061 0.005021
v -0.006936 -0.307999 0.016230
v -0.004459 -0.307990 0.016967
v -0.002107 -0.308061 0.010029
v -0.004855 -0.308061 0.009383
v 0.004363 -0.307990 0.016998
v 0.006841 -0.307999 0.016261
v 0.004679 -0.308061 0.009441
v 0.001958 -0.308061 0.010020
v 0.013291 -0.307994 0.011557
v 0.014745 -0.307986 0.009426
v 0.008966 -0.308061 0.004885
v 0.007567 -0.308061 0.007339
v 0.017538 -0.307993 0.001046
v 0.017597 -0.308004 -0.001512
v 0.009976 -0.308061 -0.001820
v 0.010175 -0.308061 0.001158
v 1.549803 0.006869 -0.510922
v 1.555616 0.005420 -0.510920
v 0.382770 0.007006 -0.511975
v 0.380928 0.005683 -0.513333
v 0.383293 0.005269 -0.512902
v 0.020599 0.312136 -0.015569
v 0.022139 0.312338 -0.014056
v 0.017363 0.312948 -0.014489
v 0.020106 0.313130 -0.011019
v 0.017178 0.313389 -0.011613
v 0.610519 0.007006 0.189468
v 0.611486 0.005269 0.189911
v 0.609826 0.005683 0.191649
v 1.555503 0.006598 -0.497541
v 1.559706 0.005380 -0.501004
v 1.559358 0.005089 -0.499127
v 0.026937 0.312236 -0.001443
v 0.026584 0.312046 0.000798
v 0.023075 0.313165 -0.002333
v 0.022989 0.312935 0.001692
v 0.020873 0.313431 0.000032
v 0.965086 0.007213 1.317439
v 0.967338 0.004762 1.324100
v 0.966780 0.006156 1.321704
v 0.605200 0.007006 0.205827
v 0.605923 0.005683 0.203656
v 0.606242 0.005269 0.206038
v 0.021603 0.312095 0.014683
v 0.020108 0.312440 0.016589
v 0.019360 0.312931 0.011853
v 0.017199 0.313146 0.015261
v 0.016568 0.313379 0.012495
v 0.008421 0.007169 0.639075
v 0.008299 0.005298 0.640212
v 0.005931 0.005278 0.639457
v 0.005957 0.007102 0.638367
v 0.953866 0.006598 1.325622
v 0.958501 0.005322 1.328609
v 0.956565 0.005099 1.328799
v 0.009477 0.312304 0.024855
v 0.007385 0.311997 0.025609
v 0.009245 0.313118 0.021405
v 0.005320 0.312919 0.022334
v 0.006704 0.313248 0.020359
v -0.953982 0.006441 1.325541
v -0.957591 0.005550 1.328295
v -0.960234 0.004614 1.329257
v -0.008691 0.007169 0.639072
v -0.006227 0.007102 0.638364
v -0.006201 0.005278 0.639454
v -0.008570 0.005298 0.640209
v -0.009380 0.312248 0.024980
v -0.005634 0.312878 0.022413
v -0.009123 0.313133 0.021400
v -0.006812 0.313450 0.019480
v -0.605195 0.007169 0.205494
v -0.606313 0.005298 0.205730
v -0.606326 0.005278 0.203244
v -0.605282 0.007102 0.202932
v -0.965852 0.006740 1.316924
v -0.966618 0.006696 1.320420
v -0.967086 0.005317 1.322711
v -0.019352 0.312655 0.016548
v -0.021912 0.312023 0.014906
v -0.017144 0.313151 0.015114
v -0.019674 0.312869 0.011902
v -0.017103 0.313269 0.012463
v -1.555292 0.006598 -0.498199
v -1.559114 0.005135 -0.499752
v -1.559510 0.005327 -0.501569
v -0.610479 0.007169 0.189219
v -0.609044 0.007102 0.191343
v -0.610073 0.005278 0.191704
v -0.611523 0.005298 0.189685
v -0.026843 0.311990 0.000697
v -0.026668 0.312315 -0.001515
v -0.023060 0.312918 0.001648
v -0.023030 0.313170 -0.002303
v -0.020774 0.313467 -0.001291
v -0.021820 0.313219 -0.000159
v -0.382553 0.007006 -0.512137
v -0.383076 0.005269 -0.513064
v -0.380711 0.005683 -0.513494
v -1.549465 0.007137 -0.511608
v -1.555543 0.006132 -0.511721
v -1.558002 0.004762 -0.511483
v -0.022408 0.312267 -0.014257
v -0.020790 0.312058 -0.015883
v -0.019852 0.313168 -0.011316
v -0.017378 0.312942 -0.014514
v -0.017172 0.313389 -0.011620
v -0.006795 0.006598 -1.633122
v -0.006477 0.005089 -1.637278
v -0.004799 0.005293 -1.638262
v -0.368635 0.007006 -0.522245
v -0.370495 0.005683 -0.520913
v -0.369354 0.005269 -0.523028
v -0.008698 0.312110 -0.024675
v -0.006649 0.312271 -0.025908
v -0.008512 0.312949 -0.021183
v -0.004700 0.313169 -0.022569
v -0.006188 0.313379 -0.020088
v 0.368856 0.007006 -0.522089
v 0.369575 0.005269 -0.522872
v 0.370716 0.005683 -0.520756
v 0.007488 0.006598 -1.633120
v 0.005475 0.005327 -1.638255
v 0.007037 0.005135 -1.637349
v 0.006565 0.312335 -0.025628
v 0.008615 0.312105 -0.024703
v 0.008460 0.312948 -0.021200
v 0.004724 0.313142 -0.022764
v 0.005605 0.313426 -0.020075
v 0.368827 -0.001426 -0.521972
v 0.369593 0.000385 -0.522821
v 0.371065 0.000405 -0.520817
v 0.370403 -0.001359 -0.519951
v 0.007498 -0.001016 -1.633107
v 0.005501 -0.000849 -1.637382
v 0.005269 0.000699 -1.639420
v 0.007013 0.000527 -1.637390
v 0.006565 -0.306591 -0.025628
v 0.008615 -0.306361 -0.024703
v 0.004805 -0.307410 -0.022621
v 0.008351 -0.307219 -0.021191
v 0.005578 -0.307710 -0.019935
v 0.006225 -0.307401 -0.021321
v -0.007293 -0.001197 -1.631717
v -0.006015 0.000159 -1.637468
v -0.004471 0.001053 -1.639803
v -0.368606 -0.001426 -0.522128
v -0.370183 -0.001359 -0.520107
v -0.370844 0.000405 -0.520974
v -0.369372 0.000385 -0.522977
v -0.008698 -0.306367 -0.024675
v -0.006565 -0.306592 -0.025628
v -0.004700 -0.307426 -0.022569
v -0.008427 -0.307229 -0.021100
v -0.006080 -0.307665 -0.019982
v -0.382451 -0.001426 -0.512073
v -0.383021 0.000385 -0.513065
v -0.380661 0.000405 -0.513845
v -0.380041 -0.001359 -0.512948
v -1.550787 -0.001049 -0.511805
v -1.555941 -0.000496 -0.511546
v -1.554838 0.000400 -0.512788
v -0.022385 -0.306529 -0.014239
v -0.020544 -0.306376 -0.015687
v -0.017356 -0.307205 -0.014496
v -0.019852 -0.307424 -0.011316
v -0.017172 -0.307645 -0.011620
v -1.554109 -0.001197 -0.497291
v -1.559155 0.000134 -0.500231
v -1.560680 0.000848 -0.502102
v -0.610488 -0.001457 0.189175
v -0.609367 -0.000925 0.191220
v -0.611455 0.000219 0.189617
v -0.026584 -0.306303 0.000787
v -0.026936 -0.306493 -0.001455
v -0.023145 -0.307405 -0.002377
v -0.023060 -0.307174 0.001648
v -0.021654 -0.307500 -0.000348
v -0.605177 -0.001457 0.205534
v -0.606219 0.000219 0.205745
v -0.605471 -0.000925 0.203221
v -0.965643 -0.001470 1.317031
v -0.967128 -0.000468 1.321012
v -0.020625 -0.306550 0.016240
v -0.019472 -0.307156 0.012112
v -0.017286 -0.307379 0.015261
v -0.017103 -0.307525 0.012463
v -0.953388 -0.001394 1.324249
v -0.958030 -0.000438 1.327629
v -0.008735 -0.001457 0.639067
v -0.006444 -0.000925 0.638633
v -0.008613 0.000219 0.640124
v -0.007107 -0.284708 0.068927
v -0.009363 -0.306546 0.024842
v -0.009123 -0.307390 0.021400
v -0.005705 -0.307170 0.022328
v -0.006812 -0.307707 0.019480
v 0.008465 -0.001457 0.639071
v 0.008343 0.000219 0.640127
v 0.006174 -0.000925 0.638636
v 0.953421 -0.000698 1.325945
v 0.959241 0.000848 1.329542
v 0.956969 0.000157 1.328689
v 0.009437 -0.306539 0.024900
v 0.007242 -0.306309 0.025403
v 0.005281 -0.307190 0.022290
v 0.009206 -0.307389 0.021361
v 0.006280 -0.307663 0.019875
v 0.965418 -0.001049 1.317139
v 0.967603 0.000400 1.320688
v 0.966762 -0.000496 1.322121
v 0.605108 -0.001426 0.205750
v 0.605196 -0.001359 0.203187
v 0.606241 0.000405 0.203500
v 0.606227 0.000385 0.205986
v 0.021846 -0.306266 0.014858
v 0.020106 -0.306697 0.016587
v 0.017169 -0.307406 0.015233
v 0.019360 -0.307188 0.011853
v 0.016566 -0.307636 0.012493
v 0.610399 -0.001426 0.189477
v 0.611443 0.000385 0.189944
v 0.609992 0.000405 0.191962
v 0.608964 -0.001359 0.191601
v 1.554259 -0.001394 -0.496853
v 1.559200 -0.000484 -0.500344
v 1.561080 0.000856 -0.502033
v 0.026937 -0.306493 -0.001443
v 0.026584 -0.306303 0.000798
v 0.022949 -0.307207 0.001587
v 0.023030 -0.307427 -0.002240
v 0.020739 -0.307719 0.000032
v 0.022433 -0.307385 -0.000270
v 1.551004 -0.001049 -0.511149
v 1.555777 0.000366 -0.511858
v 1.555585 -0.000918 -0.510690
v 0.382668 -0.001426 -0.511912
v 0.380259 -0.001359 -0.512787
v 0.380879 0.000405 -0.513684
v 0.383238 0.000385 -0.512902
v 0.020599 -0.306393 -0.015569
v 0.022250 -0.306612 -0.013938
v 0.017363 -0.307205 -0.014489
v 0.017266 -0.307659 -0.011520
v 0.005908 0.313805 -0.003781
v 0.003146 0.313805 -0.002473
v 0.001692 0.313805 -0.006553
v 0.001137 0.313805 -0.003918
v 0.006699 0.313805 -0.001072
v 0.006776 0.313805 0.000833
v 0.004188 0.313805 -0.000256
v 0.006082 0.313805 0.003017
v 0.004984 0.313805 0.004845
v 0.003402 0.313805 0.002237
v 0.003196 0.313805 0.006172
v 0.001002 0.313805 0.006645
v 0.001277 0.313805 0.003744
v -0.002799 0.313805 0.006405
v -0.001297 0.313805 0.003404
v -0.005463 0.313805 0.004192
v -0.003084 0.313805 0.002109
v -0.006577 0.313805 0.000483
v -0.003817 0.313805 -0.000130
v -0.006251 0.313805 -0.003062
v -0.004823 0.313805 -0.004884
v -0.003390 0.313805 -0.002676
v -0.002973 0.313805 -0.006215
v -0.001284 0.313805 -0.004222
v -0.001104 0.313805 -0.007084
v -0.001104 -0.308061 -0.007084
v -0.002973 -0.308061 -0.006215
v -0.001284 -0.308061 -0.004222
v 0.001692 -0.308061 -0.006553
v 0.001137 -0.308061 -0.003918
v 0.005908 -0.308061 -0.003781
v 0.003146 -0.308061 -0.002473
v -0.004823 -0.308061 -0.004884
v -0.006251 -0.308061 -0.003062
v -0.003390 -0.308061 -0.002676
v -0.006577 -0.308061 0.000483
v -0.003817 -0.308061 -0.000130
v -0.005463 -0.308061 0.004192
v -0.003084 -0.308061 0.002109
v -0.002799 -0.308061 0.006405
v -0.001297 -0.308061 0.003404
v 0.001002 -0.308061 0.006645
v 0.003196 -0.308061 0.006172
v 0.001277 -0.308061 0.003744
v 0.004984 -0.308061 0.004845
v 0.006082 -0.308061 0.003017
v 0.003402 -0.308061 0.002237
v 0.006776 -0.308061 0.000833
v 0.004188 -0.308061 -0.000256
v 0.006699 -0.308061 -0.001072
v 0.162484 0.283687 -0.061636
v 0.076456 0.283712 0.034633
v 0.009461 0.311130 0.028492
v -0.168305 0.283673 -0.045584
v -0.024390 0.311112 -0.017078
v -0.008605 0.311120 -0.028653
v 0.008389 0.283686 -0.173796
v 0.008389 -0.277942 -0.173795
v -0.008326 -0.277943 -0.173795
v -0.024352 -0.305378 -0.017049
v -0.009470 -0.269166 0.101441
v 0.023874 -0.305404 0.017808
v 0.162484 -0.277944 -0.061636
v 0.010193 0.312258 -0.022900
v 0.018564 0.312234 -0.016579
v 0.025399 0.312869 -0.003396
v 0.206569 0.276218 -0.071084
v 0.021656 0.312242 0.012483
v 0.025150 0.312242 0.002612
v 0.011029 0.312900 0.022984
v 0.018235 0.312921 0.017369
v -0.004941 0.312277 0.024518
v 0.005235 0.312242 0.024643
v -0.011044 0.312901 0.022978
v -0.025151 0.312242 0.002601
v -0.025397 0.312869 -0.003406
v -0.022281 0.312869 -0.011968
v -0.010197 0.312259 -0.022900
v -0.018504 0.312251 -0.016575
v 0.004572 0.312869 -0.025084
v -0.004561 0.312869 -0.025087
v -0.004561 -0.307126 -0.025087
v 0.004572 -0.307126 -0.025084
v 0.018564 -0.306491 -0.016579
v 0.010193 -0.306515 -0.022900
v -0.018467 -0.306517 -0.016545
v -0.010197 -0.306516 -0.022900
v -0.025397 -0.307126 -0.003406
v -0.022281 -0.307126 -0.011968
v -0.074647 -0.278933 0.029046
v -0.025151 -0.306498 0.002601
v -0.011054 -0.307133 0.023066
v -0.018309 -0.307156 0.017371
v 0.005235 -0.306498 0.024643
v -0.005106 -0.306615 0.024322
v 0.018231 -0.307178 0.017365
v 0.011029 -0.307157 0.022984
v 0.025150 -0.306498 0.002612
v 0.021656 -0.306498 0.012483
v 0.206705 -0.270496 -0.070940
v 0.025399 -0.307126 -0.003396
v 0.007991 0.313443 -0.018437
v 0.014886 0.313438 -0.013204
v 0.004848 0.313805 -0.008121
v 0.017888 0.313538 -0.008888
v 0.020218 0.313543 -0.002547
v 0.020169 0.313446 0.002015
v 0.017269 0.313438 0.009898
v 0.008486 0.313804 0.002550
v 0.014646 0.313517 0.013768
v 0.008663 0.313500 0.018499
v 0.005405 0.313804 0.007514
v 0.004149 0.313418 0.019851
v -0.003583 0.313396 0.020003
v -0.000158 0.313804 0.008932
v -0.008700 0.313525 0.018392
v -0.014721 0.313499 0.013764
v -0.020289 0.313417 0.001950
v -0.009341 0.313805 0.002334
v -0.020217 0.313543 -0.002666
v -0.017697 0.313536 -0.009405
v -0.014880 0.313438 -0.013210
v -0.007555 0.313462 -0.017629
v -0.005002 0.313804 -0.007174
v -0.003610 0.313540 -0.019982
v 0.000586 0.313805 -0.010317
v -0.003610 -0.307797 -0.019982
v 0.000586 -0.308061 -0.010317
v 0.007991 -0.307699 -0.018437
v 0.014886 -0.307695 -0.013204
v 0.004848 -0.308061 -0.008121
v -0.014880 -0.307695 -0.013210
v -0.005002 -0.308061 -0.007174
v -0.017697 -0.307792 -0.009405
v -0.020336 -0.307771 -0.002612
v -0.020289 -0.307674 0.001950
v -0.009341 -0.308061 0.002334
v -0.014721 -0.307756 0.013764
v -0.008700 -0.307782 0.018392
v -0.003583 -0.307652 0.020003
v 0.004085 -0.307699 0.019777
v -0.000158 -0.308061 0.008932
v 0.008598 -0.307780 0.018425
v 0.014642 -0.307775 0.013763
v 0.005405 -0.308061 0.007514
v 0.017269 -0.307695 0.009898
v 0.020169 -0.307702 0.002015
v 0.008486 -0.308061 0.002550
v 0.020218 -0.307800 -0.002547
v 0.018024 -0.307817 -0.008743
v 0.019658 0.312782 -0.013392
v 0.024277 0.312707 -0.000305
v 0.019236 0.312731 0.014076
v 0.007439 0.312685 0.023009
v -0.007420 0.312551 0.023490
v -0.019311 0.312714 0.014070
v -0.024396 0.312678 -0.000371
v -0.019689 0.312772 -0.013430
v -0.006773 0.312773 -0.023061
v 0.006680 0.312772 -0.023092
v 0.006743 -0.307005 -0.023165
v -0.006773 -0.307030 -0.023061
v -0.019651 -0.307038 -0.013400
v -0.024396 -0.306935 -0.000371
v -0.019027 -0.307043 0.014013
v -0.007585 -0.306889 0.023294
v 0.007374 -0.306966 0.022935
v 0.019231 -0.306989 0.014071
v 0.024397 -0.306935 -0.000361
v 0.019805 -0.307062 -0.013236
v 0.000001 0.313804 -0.000275
v 0.000001 -0.308061 -0.000275
v 0.845206 0.046307 -0.448936
v 0.372234 0.140627 -0.295439
v 0.733584 0.140635 -0.295350
v 0.947724 0.046308 -0.133206
v 0.767256 0.140660 -0.192026
v 0.474807 0.140632 0.020403
v 0.671968 0.050465 0.637084
v 0.395893 0.140668 0.262785
v 0.493521 0.143671 0.579108
v 0.419550 0.046308 0.860176
v 0.415445 0.143418 0.661697
v 0.123034 0.143388 0.449207
v -0.398118 0.050327 0.836067
v -0.127507 0.140627 0.457823
v -0.398113 0.143529 0.648452
v -0.688428 0.046308 0.664825
v -0.507852 0.140660 0.606334
v -0.396119 0.140632 0.262578
v -0.947667 0.046307 -0.133603
v -0.474811 0.140627 0.020223
v -0.767155 0.140635 -0.192240
v -0.845021 0.046308 -0.449292
v -0.725037 0.143417 -0.291126
v -0.363574 0.143387 -0.291093
v -0.165777 0.046308 -0.942573
v -0.164309 0.143387 -0.435805
v -0.052496 0.143417 -0.779540
v 0.166179 0.046307 -0.942498
v 0.054525 0.140635 -0.788950
v 0.166139 0.140627 -0.445246
v 0.166179 -0.040564 -0.942498
v 0.054525 -0.134892 -0.788950
v 0.166139 -0.134884 -0.445246
v -0.165779 -0.040564 -0.942569
v -0.165950 -0.134884 -0.445316
v -0.054190 -0.134892 -0.788973
v -0.845022 -0.040565 -0.449292
v -0.725037 -0.137674 -0.291126
v -0.363574 -0.137644 -0.291093
v -0.947668 -0.040565 -0.133607
v -0.474815 -0.134889 0.020203
v -0.767174 -0.134917 -0.192351
v -0.672241 -0.044720 0.636798
v -0.493786 -0.137923 0.578893
v -0.396113 -0.134894 0.262581
v -0.419916 -0.040566 0.859996
v -0.127569 -0.134920 0.457753
v -0.420017 -0.134923 0.670174
v 0.397764 -0.044584 0.836236
v 0.397839 -0.137786 0.648621
v 0.127313 -0.134884 0.457877
v 0.688147 -0.040565 0.665116
v 0.389090 -0.137645 0.255990
v 0.500675 -0.137675 0.599799
v 0.947724 -0.040565 -0.133206
v 0.767256 -0.134917 -0.192026
v 0.474807 -0.134889 0.020403
v 0.845206 -0.040564 -0.448936
v 0.372234 -0.134884 -0.295439
v 0.733584 -0.134892 -0.295350
v 0.969718 0.002749 -0.513021
v 0.314507 0.058730 -0.432689
v 0.190517 0.161806 -0.266911
v 0.070959 0.264664 -0.097623
v 0.195084 0.161806 -0.263586
v 1.302191 0.058374 -0.422941
v 0.783823 0.161864 -0.252139
v 1.086128 0.002746 -0.154482
v 0.508700 0.058730 0.165406
v 0.310972 0.161806 0.104083
v 0.114777 0.264664 0.037318
v 0.312722 0.161806 0.098712
v 0.787571 0.002754 0.763722
v 0.804668 0.058223 1.108021
v 0.481966 0.161863 0.667700
v 0.163352 0.265277 0.224933
v 0.485802 0.161868 0.664907
v 0.482549 0.002750 0.985234
v -0.000113 0.058989 0.534755
v -0.002894 0.161838 0.327898
v -0.000025 0.264664 0.120693
v 0.002756 0.161838 0.327899
v -0.487749 0.002748 0.988497
v -0.805158 0.058280 1.107445
v -0.486107 0.161863 0.664659
v -0.163461 0.265274 0.224855
v -0.482238 0.161878 0.667480
v -0.787883 0.002745 0.763416
v -0.309402 0.162665 0.103464
v -0.113193 0.265492 0.036782
v -0.312745 0.161838 0.098574
v -0.508617 0.058989 0.165141
v -1.086064 0.002750 -0.154937
v -0.783851 0.161862 -0.252377
v -1.302268 0.058223 -0.423439
v -0.782378 0.161868 -0.256888
v -0.264369 0.265276 -0.085960
v -0.969498 0.002754 -0.513432
v -0.314324 0.058730 -0.432822
v -0.190404 0.161806 -0.266991
v -0.070918 0.264664 -0.097653
v -0.194972 0.161806 -0.263669
v -0.188258 0.002750 -1.080786
v 0.000290 0.058217 -1.369383
v 0.002547 0.161862 -0.823473
v 0.000059 0.265276 -0.277994
v -0.002198 0.161862 -0.823474
v 0.188698 0.002750 -1.080720
v 0.000286 -0.052655 -1.369234
v -0.002204 -0.156139 -0.823456
v 0.000059 -0.259533 -0.277994
v 0.002549 -0.156143 -0.823455
v 0.314413 -0.053246 -0.432559
v 0.195072 -0.156095 -0.263570
v 0.070959 -0.258920 -0.097623
v 0.190505 -0.156095 -0.266894
v -0.314229 -0.053246 -0.432692
v -0.194960 -0.156095 -0.263653
v -0.070918 -0.258920 -0.097653
v -0.190392 -0.156095 -0.266975
v -1.302131 -0.052655 -0.423388
v -0.783836 -0.156139 -0.252366
v -0.264369 -0.259533 -0.085960
v -0.782363 -0.156143 -0.256883
v -0.508503 -0.053257 0.165245
v -0.312636 -0.156106 0.098673
v -0.805134 -0.052485 1.107680
v -0.482246 -0.156125 0.667495
v -0.163447 -0.259534 0.224863
v -0.486083 -0.156125 0.664701
v -0.000117 -0.053248 0.534750
v 0.002756 -0.156095 0.327899
v -0.000037 -0.258926 0.120680
v -0.002992 -0.156144 0.327781
v 0.804577 -0.052655 1.107907
v 0.485793 -0.156144 0.664894
v 0.163352 -0.259534 0.224933
v 0.481950 -0.156140 0.667689
v 0.508547 -0.053246 0.165356
v 0.312703 -0.156095 0.098706
v 0.114777 -0.258920 0.037318
v 0.310953 -0.156095 0.104077
v 1.302187 -0.052642 -0.422939
v 0.783826 -0.156127 -0.252132
v 1.560794 0.002922 -0.506793
v 0.376019 0.002750 -0.517315
v 0.010366 0.313751 -0.014283
v 0.009698 0.313797 -0.011680
v 0.008182 0.313797 -0.012752
v 0.016959 0.313767 -0.005606
v 0.015175 0.313800 -0.004117
v 0.014641 0.313799 -0.005628
v 0.016790 0.313751 0.005427
v 0.014047 0.313797 0.005558
v 0.014659 0.313797 0.003689
v 0.010569 0.313779 0.014529
v 0.008546 0.313800 0.013119
v 0.009860 0.313800 0.012160
v -0.000080 0.313744 0.017560
v -0.000975 0.313797 0.015026
v 0.000977 0.313797 0.015065
v -0.010575 0.313779 0.014525
v -0.009889 0.313800 0.012192
v -0.008581 0.313800 0.013148
v -0.016766 0.313753 0.005390
v -0.014075 0.313799 0.005551
v -0.014667 0.313797 0.003818
v -0.017088 0.313780 -0.005577
v -0.014673 0.313800 -0.005651
v -0.015176 0.313800 -0.004121
v -0.010383 0.313747 -0.014267
v -0.008193 0.313765 -0.012891
v -0.009651 0.313796 -0.011662
v -0.000823 0.313800 -0.015730
v 0.000654 0.313802 -0.015733
v -0.000022 0.313782 -0.017950
v 0.608192 0.002750 0.197756
v 0.964254 0.002577 1.327850
v -0.000135 0.002491 0.639374
v -0.964934 0.002739 1.327527
v -0.608123 0.002491 0.197449
v -1.560592 0.002571 -0.507415
v -0.375800 0.002750 -0.517474
v 0.000348 0.002750 -1.641171
v -0.000022 -0.308039 -0.017950
v -0.000823 -0.308057 -0.015730
v 0.000654 -0.308059 -0.015733
v 0.010366 -0.308007 -0.014283
v 0.009698 -0.308054 -0.011680
v 0.008182 -0.308054 -0.012752
v -0.010360 -0.308010 -0.014244
v -0.009647 -0.308054 -0.011657
v -0.008070 -0.308056 -0.012770
v -0.017088 -0.308037 -0.005577
v -0.015176 -0.308057 -0.004121
v -0.014673 -0.308057 -0.005651
v -0.016766 -0.308010 0.005390
v -0.014075 -0.308056 0.005551
v -0.014667 -0.308054 0.003818
v -0.010575 -0.308036 0.014525
v -0.008581 -0.308057 0.013148
v -0.009889 -0.308056 0.012192
v -0.000080 -0.308000 0.017560
v 0.000977 -0.308053 0.015065
v -0.000975 -0.308054 0.015026
v 0.010569 -0.308036 0.014529
v 0.009860 -0.308057 0.012160
v 0.008546 -0.308057 0.013119
v 0.016790 -0.308007 0.005427
v 0.014659 -0.308054 0.003689
v 0.014047 -0.308054 0.005558
v 0.016959 -0.308024 -0.005606
v 0.014641 -0.308056 -0.005628
v 0.015175 -0.308056 -0.004117
v 0.964907 0.007207 -0.511512
v 1.354795 0.006230 -0.511991
v 0.967856 0.005305 -0.512531
v 0.578714 0.006325 -0.512086
v 0.201256 0.161252 -0.262179
v 0.321050 0.058783 -0.429131
v 0.200087 0.160051 -0.264881
v 0.079958 0.262374 -0.097718
v 1.295295 0.058579 -0.427479
v 0.787749 0.160197 -0.261685
v 1.081350 0.007208 -0.152872
v 0.769155 0.006325 0.074452
v 1.084334 0.005311 -0.153760
v 1.397144 0.006264 -0.381376
v 0.782895 0.161438 -0.245986
v 1.299448 0.058604 -0.415077
v 0.783711 0.161767 -0.248773
v 0.267724 0.264370 -0.079915
v 0.315336 0.162075 0.093414
v 0.511904 0.058783 0.158682
v 0.314650 0.161563 0.095865
v 0.117994 0.264651 0.030546
v 0.786396 0.005448 0.762175
v 0.665722 0.006446 0.392228
v 0.507229 0.058813 0.172764
v 0.310750 0.161592 0.107551
v 0.492272 0.159112 0.658688
v 0.811886 0.056380 1.103069
v 0.487516 0.161789 0.662103
v 0.169378 0.264407 0.222024
v 0.479546 0.007208 0.981185
v 0.166874 0.006325 0.754517
v 0.481312 0.005311 0.983748
v 0.794452 0.006264 1.210912
v 0.475878 0.161442 0.668552
v 0.796315 0.058601 1.107585
v 0.478775 0.161764 0.668474
v 0.158704 0.264383 0.229867
v 0.008579 0.161254 0.330428
v 0.007271 0.058917 0.535805
v 0.006057 0.161590 0.328854
v 0.007368 0.263823 0.123315
v -0.478138 0.010143 0.973773
v -0.796443 0.008141 1.207881
v -0.481728 0.005312 0.983544
v -0.167193 0.006325 0.754446
v -0.008756 0.161260 0.330417
v -0.007497 0.058917 0.535802
v -0.006207 0.162916 0.326171
v -0.007657 0.265183 0.120536
v -0.478914 0.161653 0.668377
v -0.158683 0.264264 0.229904
v -0.784971 0.007207 0.759284
v -0.666021 0.006325 0.391865
v -0.786850 0.005305 0.761778
v -0.906063 0.006230 1.129895
v -0.488791 0.161443 0.659153
v -0.807300 0.058728 1.099535
v -0.492536 0.160261 0.668371
v -0.174272 0.262869 0.228203
v -0.311598 0.161257 0.110284
v -0.507334 0.058917 0.172488
v -0.313794 0.160073 0.108342
v -0.117887 0.262308 0.046073
v -1.081285 0.007208 -0.153330
v -1.396983 0.006264 -0.381967
v -1.084268 0.005311 -0.154219
v -0.769186 0.006325 0.074126
v -0.316953 0.161254 0.093809
v -0.119597 0.263822 0.031025
v -0.314674 0.161590 0.095726
v -0.511894 0.058917 0.158441
v -0.783590 0.161739 -0.249000
v -1.299256 0.058576 -0.415519
v -0.578498 0.006325 -0.512331
v -0.967629 0.005327 -0.512943
v -1.354520 0.006358 -0.512579
v -0.964688 0.007212 -0.511921
v -1.295196 0.058729 -0.428007
v -0.780246 0.161785 -0.259390
v -0.263534 0.264373 -0.092654
v -0.777958 0.161447 -0.261148
v -0.320868 0.058783 -0.429266
v -0.198198 0.161564 -0.262493
v -0.078393 0.263834 -0.095359
v -0.201159 0.161249 -0.262271
v -0.068418 0.006264 -1.446644
v -0.188386 0.005311 -1.078857
v -0.308190 0.006325 -0.708634
v -0.188310 0.007208 -1.075745
v -0.308917 0.058783 -0.437945
v -0.188288 0.161564 -0.269694
v -0.066427 0.263843 -0.104043
v -0.187156 0.161250 -0.272440
v -0.006211 0.058601 -1.364120
v -0.005232 0.161763 -0.822230
v -0.006568 0.264373 -0.279301
v -0.007614 0.161441 -0.820592
v 0.308490 0.006325 -0.708503
v 0.188839 0.005311 -1.078780
v 0.069027 0.006264 -1.446618
v 0.188766 0.007208 -1.075665
v 0.006847 0.058576 -1.364026
v 0.005636 0.161739 -0.822140
v 0.309103 0.058783 -0.437814
v 0.188401 0.161564 -0.269615
v 0.066454 0.263842 -0.104021
v 0.187270 0.161250 -0.272362
v 0.308490 -0.000590 -0.708503
v 0.188839 0.000372 -1.078780
v 0.069027 -0.000528 -1.446618
v 0.188766 -0.001465 -1.075665
v 0.006879 -0.052965 -1.363972
v 0.005641 -0.156022 -0.822128
v 0.187268 -0.155512 -0.272359
v 0.309056 -0.053174 -0.437749
v 0.188391 -0.155849 -0.269601
v 0.066454 -0.258099 -0.104021
v -0.188310 -0.001465 -1.075745
v -0.068418 -0.000528 -1.446644
v -0.188386 0.000372 -1.078857
v -0.308190 -0.000590 -0.708634
v -0.187154 -0.155513 -0.272438
v -0.308871 -0.053174 -0.437880
v -0.188278 -0.155849 -0.269681
v -0.066427 -0.258100 -0.104043
v -0.006409 -0.052871 -1.363970
v -0.005311 -0.156005 -0.822130
v -0.964687 -0.001465 -0.511925
v -0.578498 -0.000590 -0.512331
v -0.967622 0.000372 -0.512961
v -1.354481 -0.000528 -0.512681
v -0.777958 -0.155703 -0.261148
v -1.295194 -0.052990 -0.428006
v -0.780243 -0.156046 -0.259389
v -0.263534 -0.258630 -0.092654
v -0.201153 -0.155513 -0.262265
v -0.320820 -0.053174 -0.429201
v -0.198185 -0.155849 -0.262476
v -0.078348 -0.258102 -0.095323
v -1.081285 -0.001465 -0.153330
v -1.396983 -0.000528 -0.381967
v -1.084268 0.000372 -0.154219
v -0.769186 -0.000590 0.074126
v -0.511894 -0.053174 0.158441
v -0.314674 -0.155847 0.095726
v -0.118007 -0.258908 0.030496
v -0.315372 -0.156337 0.093280
v -0.782791 -0.155696 -0.246311
v -1.299262 -0.052895 -0.415476
v -0.783603 -0.156029 -0.249078
v -0.267690 -0.258627 -0.080028
v -0.665888 -0.000711 0.391946
v -0.786716 0.000234 0.761848
v -0.812353 -0.050637 1.102725
v -0.487803 -0.156043 0.661898
v -0.169565 -0.258634 0.221960
v -0.492571 -0.153363 0.658477
v -0.507329 -0.053175 0.172492
v -0.313655 -0.154346 0.108475
v -0.117700 -0.256601 0.046288
v -0.311584 -0.155517 0.110300
v -0.795061 -0.000623 1.210515
v -0.481750 0.000355 0.983534
v -0.167193 -0.000590 0.754446
v -0.479965 -0.001469 0.980979
v -0.007656 -0.053255 0.535616
v -0.796728 -0.052986 1.107226
v -0.483780 -0.154525 0.674749
v -0.163566 -0.257179 0.236068
v -0.476159 -0.155707 0.668340
v 0.166874 -0.000590 0.754517
v 0.481312 0.000372 0.983748
v 0.795932 -0.002404 1.208218
v 0.477726 -0.004400 0.973975
v 0.478631 -0.155910 0.668580
v 0.158586 -0.258521 0.229971
v 0.007271 -0.053174 0.535805
v 0.006057 -0.155847 0.328854
v 0.007384 -0.258909 0.121640
v 0.008598 -0.156338 0.328762
v 0.905668 -0.000528 1.130144
v 0.786544 0.000372 0.762083
v 0.665855 -0.000590 0.392147
v 0.784653 -0.001465 0.759610
v 0.507261 -0.053174 0.172702
v 0.310838 -0.155847 0.107511
v 0.114956 -0.258080 0.045150
v 0.311553 -0.155511 0.110398
v 0.806830 -0.052990 1.099882
v 0.487514 -0.156049 0.662101
v 0.169378 -0.258664 0.222024
v 0.488485 -0.155707 0.659384
v 0.769155 -0.000590 0.074452
v 1.084329 0.000355 -0.153778
v 1.397116 -0.000623 -0.381482
v 1.081349 -0.001469 -0.152877
v 1.299409 -0.052990 -0.415031
v 0.783704 -0.156046 -0.248765
v 0.267724 -0.258627 -0.079915
v 0.782894 -0.155700 -0.245984
v 0.511828 -0.053174 0.158658
v 0.314634 -0.155847 0.095860
v 0.117994 -0.258908 0.030546
v 0.315333 -0.156337 0.093413
v 1.354698 -0.000528 -0.512108
v 0.967839 0.000372 -0.512551
v 0.578714 -0.000590 -0.512086
v 0.964903 -0.001465 -0.511517
v 0.321002 -0.053174 -0.429066
v 0.200077 -0.154335 -0.264868
v 0.079958 -0.256630 -0.097718
v 0.201255 -0.155515 -0.262177
v 1.295237 -0.052964 -0.427494
v 0.787739 -0.154476 -0.261688
v 0.382311 0.002750 -0.513689
v 0.375539 0.005548 -0.516656
v 0.010856 0.313179 -0.019001
v 0.012031 0.313452 -0.016569
v 0.014688 0.313179 -0.016179
v 0.013471 0.312879 -0.018539
v 1.559492 0.005997 -0.506350
v 0.021408 0.313476 -0.005157
v 0.611154 0.002750 0.191125
v 1.561403 0.002660 -0.500929
v 0.607417 0.005548 0.197504
v 0.021802 0.312879 0.007079
v 0.021453 0.313179 0.004465
v 0.019484 0.313452 0.006314
v 0.019948 0.313179 0.008942
v 0.968199 0.002712 1.323379
v 0.606688 0.002750 0.204861
v 0.963845 0.005318 1.327147
v 0.013712 0.313405 0.018877
v 0.014585 0.313503 0.016704
v 0.012198 0.313649 0.016786
v 0.011391 0.313503 0.019071
v 0.007086 0.002616 0.640222
v 0.002652 0.006229 0.638617
v -0.000135 0.005266 0.639030
v -0.002922 0.006229 0.638615
v -0.000135 0.007049 0.637962
v -0.000103 0.312870 0.022882
v 0.002251 0.313170 0.021724
v -0.007357 0.002616 0.640219
v -0.962397 0.005648 1.327846
v -0.964660 0.004929 1.327005
v -0.013734 0.313402 0.018862
v -0.011405 0.313504 0.019064
v -0.012205 0.313649 0.016781
v -0.014606 0.313500 0.016689
v -0.606698 0.002616 0.204579
v -0.021798 0.312885 0.007027
v -0.021455 0.313179 0.004456
v -0.019462 0.313456 0.006332
v -0.019932 0.313186 0.008921
v -0.606541 0.006229 0.199866
v -0.607795 0.005266 0.197343
v -0.608262 0.006229 0.194564
v -0.606780 0.007049 0.197013
v -0.611158 0.002616 0.190842
v -1.559821 0.005316 -0.507215
v -0.021630 0.313509 -0.004977
v -0.019729 0.313651 -0.006421
v -0.020380 0.313509 -0.008664
v -0.022186 0.313405 -0.007215
v -0.382094 0.002750 -0.513851
v -1.557582 0.002712 -0.512525
v -0.375320 0.005548 -0.516815
v -0.013462 0.312879 -0.018544
v -0.014681 0.313179 -0.016185
v -0.012023 0.313452 -0.016574
v -0.010848 0.313179 -0.019005
v -0.005503 0.002750 -1.639778
v -0.370406 0.002750 -0.522338
v 0.000348 0.005302 -1.640215
v 0.000005 0.313405 -0.023332
v -0.001930 0.313509 -0.022092
v 0.000030 0.313654 -0.020728
v 0.001968 0.313512 -0.022073
v 0.370627 0.002750 -0.522181
v 0.002640 -0.000125 -1.639970
v 0.000343 0.000596 -1.640594
v -0.002054 -0.000031 -1.639966
v 0.000329 -0.000725 -1.639478
v 0.000005 -0.307662 -0.023332
v 0.001968 -0.307768 -0.022073
v 0.000030 -0.307911 -0.020728
v -0.001930 -0.307766 -0.022092
v 0.375094 -0.001306 -0.516043
v 0.377733 -0.000494 -0.514933
v 0.375722 0.000416 -0.516906
v 0.373224 -0.000494 -0.518211
v 0.013471 -0.307136 -0.018539
v 0.010856 -0.307436 -0.019001
v 0.012031 -0.307709 -0.016569
v 0.014688 -0.307436 -0.016179
v -0.373004 -0.000494 -0.518368
v -0.375503 0.000416 -0.517065
v -0.377515 -0.000494 -0.515093
v -0.374875 -0.001306 -0.516202
v -0.013463 -0.307136 -0.018544
v -0.010833 -0.307440 -0.018991
v -0.012008 -0.307713 -0.016559
v -0.014681 -0.307436 -0.016185
v -1.559284 -0.000345 -0.506958
v -0.022186 -0.307662 -0.007215
v -0.020380 -0.307766 -0.008664
v -0.019729 -0.307907 -0.006421
v -0.021630 -0.307766 -0.004977
v -0.606889 -0.000903 0.197049
v -0.021683 -0.307152 0.007132
v -0.021451 -0.307436 0.004459
v -0.019462 -0.307713 0.006332
v -0.019911 -0.307444 0.008941
v -0.964364 0.000335 1.326743
v -0.013720 -0.307662 0.018871
v -0.014592 -0.307760 0.016698
v -0.012205 -0.307906 0.016781
v -0.011405 -0.307761 0.019064
v -0.000135 -0.000903 0.638077
v -0.000103 -0.307126 0.022882
v 0.002251 -0.307427 0.021724
v 0.963429 -0.000345 1.326716
v 0.013711 -0.307662 0.018876
v 0.011391 -0.307759 0.019071
v 0.012198 -0.307906 0.016786
v 0.014580 -0.307761 0.016699
v 0.606697 -0.001306 0.197270
v 0.608180 -0.000494 0.194821
v 0.607712 0.000416 0.197600
v 0.606456 -0.000494 0.200122
v 0.021802 -0.307136 0.007079
v 0.019948 -0.307436 0.008942
v 0.019484 -0.307709 0.006314
v 0.021454 -0.307436 0.004465
v 1.560520 -0.000125 -0.504268
v 1.560384 0.000586 -0.506665
v 1.559002 -0.000159 -0.508750
v 1.559340 -0.000743 -0.506302
v 0.021948 -0.307628 -0.007397
v 0.021527 -0.307751 -0.005031
v 0.014027 0.313754 -0.009817
v 0.012269 0.313798 -0.007041
v 0.008637 0.313805 -0.006030
v 0.010564 0.313797 -0.009059
v 0.004912 0.313761 -0.016349
v 0.017126 0.313763 -0.000217
v 0.013857 0.313797 0.001067
v 0.010339 0.313805 -0.000233
v 0.014005 0.313799 -0.001574
v 0.013687 0.313754 0.010264
v 0.010469 0.313798 0.009450
v 0.008319 0.313805 0.006155
v 0.011857 0.313797 0.007206
v 0.005541 0.313730 0.016306
v 0.003229 0.313795 0.013496
v 0.003348 0.313805 0.009777
v 0.005786 0.313795 0.012867
v -0.005576 0.313759 0.016181
v -0.005813 0.313798 0.012849
v -0.003496 0.313805 0.009852
v -0.003252 0.313797 0.013487
v -0.013788 0.313734 0.010254
v -0.011877 0.313796 0.007208
v -0.008315 0.313805 0.006287
v -0.010439 0.313796 0.009441
v -0.017290 0.313727 -0.000232
v -0.013978 0.313797 -0.001477
v -0.014023 0.313754 -0.009823
v -0.010547 0.313797 -0.009070
v -0.008480 0.313805 -0.006039
v -0.012259 0.313798 -0.007045
v -0.003005 0.313766 -0.013984
v -0.003177 0.313773 -0.010100
v -0.005091 -0.308013 -0.016407
v -0.005350 -0.308052 -0.012901
v -0.003062 -0.308061 -0.009986
v -0.002889 -0.308055 -0.013869
v 0.004912 -0.308018 -0.016349
v 0.014027 -0.308011 -0.009817
v 0.012269 -0.308054 -0.007041
v 0.008637 -0.308061 -0.006030
v 0.010564 -0.308053 -0.009059
v -0.014023 -0.308011 -0.009823
v -0.012259 -0.308054 -0.007045
v -0.008480 -0.308061 -0.006039
v -0.010547 -0.308053 -0.009070
v -0.017230 -0.307985 -0.000186
v -0.013982 -0.308052 -0.001472
v -0.013788 -0.307990 0.010254
v -0.010439 -0.308052 0.009441
v -0.008315 -0.308061 0.006287
v -0.011877 -0.308053 0.007208
v -0.005576 -0.308016 0.016181
v -0.003252 -0.308054 0.013487
v -0.003496 -0.308061 0.009852
v -0.005813 -0.308055 0.012849
v 0.005463 -0.308016 0.016218
v 0.005779 -0.308055 0.012860
v 0.003348 -0.308061 0.009777
v 0.003222 -0.308054 0.013489
v 0.013687 -0.308011 0.010264
v 0.011857 -0.308053 0.007206
v 0.008319 -0.308061 0.006155
v 0.010469 -0.308054 0.009450
v 0.017126 -0.308020 -0.000217
v 0.014005 -0.308055 -0.001574
v 0.010339 -0.308061 -0.000233
v 0.013857 -0.308054 0.001067
v 0.382193 0.005267 -0.513195
v 0.383130 0.006207 -0.512480
v 0.611107 0.006207 0.189665
v 0.610769 0.005267 0.190794
v 1.560144 0.004989 -0.500298
v 1.557652 0.005886 -0.498399
v 0.967318 0.005254 1.323495
v 0.965599 0.006941 1.318607
v 0.606182 0.005267 0.204901
v 0.605791 0.006207 0.206013
v 0.008360 0.006300 0.639720
v 0.007129 0.005287 0.639786
v 0.005944 0.006258 0.638986
v 0.007201 0.007136 0.638671
v 0.957927 0.005008 1.329191
v 0.955347 0.005887 1.327401
v -0.954993 0.006241 1.326313
v -0.959481 0.004939 1.329161
v -0.007471 0.007136 0.638668
v -0.006214 0.006258 0.638983
v -0.007400 0.005287 0.639782
v -0.008630 0.006300 0.639716
v -0.605826 0.006300 0.205635
v -0.606269 0.005287 0.204485
v -0.605875 0.006258 0.203111
v -0.605187 0.007136 0.204209
v -0.966433 0.006692 1.319236
v -0.967018 0.006200 1.321632
v -1.557437 0.005892 -0.499054
v -1.559862 0.005083 -0.500863
v -0.609718 0.007136 0.190254
v -0.609629 0.006258 0.191547
v -0.610756 0.005287 0.190666
v -0.611073 0.006300 0.189476
v -0.021098 0.313391 -0.000780
v -0.382913 0.006207 -0.512642
v -0.381976 0.005267 -0.513357
v -1.551995 0.006813 -0.511687
v -1.557419 0.005253 -0.511652
v -0.006643 0.005886 -1.635432
v -0.005606 0.004980 -1.638396
v -0.369973 0.005267 -0.522073
v -0.369003 0.006207 -0.522743
v 0.369225 0.006207 -0.522587
v 0.370194 0.005267 -0.521917
v 0.006220 0.005083 -1.638398
v 0.007320 0.005892 -1.635438
v 0.369255 -0.000564 -0.522458
v 0.370289 0.000395 -0.521788
v 0.370778 -0.000522 -0.520444
v 0.369576 -0.001393 -0.520929
v 0.006478 -0.000906 -1.635547
v 0.005366 -0.000081 -1.638668
v 0.006127 0.000590 -1.638657
v 0.007274 -0.000243 -1.635518
v 0.005968 -0.307535 -0.020757
v -0.006826 -0.000675 -1.634130
v -0.005022 0.000767 -1.639282
v -0.369355 -0.001393 -0.521085
v -0.370557 -0.000522 -0.520601
v -0.370068 0.000395 -0.521945
v -0.369034 -0.000564 -0.522614
v -0.382781 -0.000564 -0.512631
v -0.381824 0.000395 -0.513407
v -0.380395 -0.000522 -0.513457
v -0.381227 -0.001393 -0.512463
v -1.553366 -0.000946 -0.511662
v -1.553032 -0.000340 -0.512374
v -1.556258 -0.000676 -0.498478
v -1.560449 0.000635 -0.501522
v -0.609788 -0.001416 0.190122
v -0.611078 -0.000662 0.189373
v -0.605770 -0.000662 0.205721
v -0.605166 -0.001416 0.204357
v -0.966138 -0.001200 1.318173
v -0.955371 -0.001072 1.325773
v -0.007618 -0.001416 0.638694
v -0.008730 -0.000662 0.639689
v 0.008459 -0.000662 0.639693
v 0.007348 -0.001416 0.638697
v 0.958618 0.000636 1.329503
v 0.954429 -0.000500 1.326716
v 0.966652 -0.000340 1.319098
v 0.966078 -0.000946 1.319636
v 0.605101 -0.001393 0.204465
v 0.605789 -0.000522 0.203367
v 0.606183 0.000395 0.204741
v 0.605740 -0.000564 0.205891
v 0.610993 -0.000564 0.189734
v 0.610675 0.000395 0.190924
v 0.609549 -0.000522 0.191805
v 0.609638 -0.001393 0.190512
v 1.556347 -0.001080 -0.498276
v 1.560691 0.000362 -0.501582
v 0.021750 -0.307539 -0.000115
v 1.553321 -0.000352 -0.511689
v 1.553528 -0.000988 -0.510977
v 0.381444 -0.001393 -0.512302
v 0.380612 -0.000522 -0.513296
v 0.382041 0.000395 -0.513245
v 0.382998 -0.000564 -0.512469
v 0.004313 0.313805 -0.003104
v 0.001428 0.313805 -0.005167
v 0.006844 0.313805 -0.000191
v 0.005464 0.313805 0.000415
v 0.005515 0.313805 -0.000852
v 0.005547 0.313805 0.003943
v 0.004113 0.313805 0.003610
v 0.004800 0.313805 0.002521
v 0.002171 0.313805 0.006417
v 0.000979 0.313805 0.005200
v 0.002356 0.313805 0.004894
v -0.001943 0.313805 0.004736
v -0.004116 0.313805 0.003126
v -0.005113 0.313805 0.000167
v -0.005548 0.313805 -0.004099
v -0.004033 0.313805 -0.003890
v -0.004833 0.313805 -0.002783
v -0.002252 0.313805 -0.005171
v -0.001076 0.313805 -0.005637
v -0.002054 0.313805 -0.006649
v -0.002054 -0.308061 -0.006649
v -0.002252 -0.308061 -0.005171
v -0.001076 -0.308061 -0.005637
v 0.001428 -0.308061 -0.005167
v 0.004313 -0.308061 -0.003104
v -0.005548 -0.308061 -0.004099
v -0.004833 -0.308061 -0.002783
v -0.004033 -0.308061 -0.003890
v -0.005113 -0.308061 0.000167
v -0.004116 -0.308061 0.003126
v -0.001943 -0.308061 0.004736
v 0.002171 -0.308061 0.006417
v 0.002356 -0.308061 0.004894
v 0.000979 -0.308061 0.005200
v 0.005547 -0.308061 0.003943
v 0.004800 -0.308061 0.002521
v 0.004113 -0.308061 0.003610
v 0.005464 -0.308061 0.000415
v 0.005515 -0.308061 -0.000852
v 0.006844 -0.308061 -0.000191
v 0.567893 0.013634 -0.501713
v 1.324503 0.013567 -0.501727
v 0.110822 0.256747 -0.106313
v 0.345888 0.058165 -0.429715
v 1.272321 0.058082 -0.429406
v 1.366614 0.013569 -0.372038
v 0.754304 0.013634 0.072415
v 0.284412 0.256932 -0.075838
v 1.281986 0.058107 -0.400016
v 0.150699 0.257604 0.020264
v 0.532349 0.058165 0.144564
v 0.652508 0.013757 0.385143
v 0.515455 0.058200 0.196209
v 0.185254 0.256978 0.228652
v 0.743269 0.059632 0.905485
v 0.776136 0.013569 1.184761
v 0.164223 0.013634 0.739763
v 0.155803 0.260776 0.236192
v 0.776593 0.058107 1.095630
v 0.019555 0.260557 0.138092
v 0.027016 0.058171 0.550963
v -0.164535 0.013634 0.739694
v -0.630975 0.059107 0.987141
v -0.027365 0.256777 0.151235
v -0.027249 0.058171 0.550952
v -0.160003 0.256817 0.247082
v -0.886932 0.013568 1.104266
v -0.652809 0.013634 0.384784
v -0.185524 0.256930 0.228505
v -0.802025 0.058112 1.077150
v -0.135414 0.256780 0.072690
v -0.515649 0.058171 0.195951
v -0.754335 0.013634 0.072096
v -1.366456 0.013568 -0.372612
v -0.532406 0.058171 0.144338
v -0.152264 0.256744 0.020878
v -1.281798 0.058082 -0.400449
v -0.567681 0.013634 -0.501954
v -1.324294 0.013573 -0.502286
v -1.272269 0.058112 -0.429913
v -0.264880 0.260771 -0.099432
v -0.345706 0.058165 -0.429862
v -0.096985 0.260553 -0.100148
v -0.067878 0.013569 -1.414722
v -0.301669 0.013634 -0.695136
v -0.301798 0.058165 -0.461749
v -0.065204 0.260554 -0.123248
v -0.015149 0.058107 -1.342859
v -0.012573 0.260771 -0.282685
v 0.301963 0.013634 -0.695009
v 0.068481 0.013568 -1.414689
v 0.015775 0.058082 -1.342762
v 0.301994 0.058165 -0.461621
v 0.066903 0.256745 -0.138266
v 0.301963 -0.007891 -0.695009
v 0.068481 -0.007825 -1.414689
v 0.015776 -0.052344 -1.342759
v 0.066903 -0.251002 -0.138266
v 0.301992 -0.052427 -0.461618
v -0.301669 -0.007891 -0.695136
v -0.067881 -0.007825 -1.414718
v -0.066846 -0.251002 -0.138293
v -0.301796 -0.052427 -0.461746
v -0.015211 -0.052340 -1.342766
v -1.324292 -0.007826 -0.502291
v -0.567681 -0.007891 -0.501954
v -0.264880 -0.255028 -0.099432
v -1.272269 -0.052369 -0.429914
v -0.096982 -0.254811 -0.100145
v -0.345704 -0.052427 -0.429859
v -0.754335 -0.007891 0.072096
v -1.366457 -0.007826 -0.372616
v -0.532406 -0.052427 0.144338
v -0.150708 -0.251861 0.020200
v -0.284380 -0.251188 -0.075958
v -1.281816 -0.052365 -0.400552
v -0.652676 -0.008013 0.384865
v -0.743652 -0.053889 0.905170
v -0.185513 -0.251189 0.228523
v -0.515643 -0.052433 0.195954
v -0.135400 -0.251039 0.072706
v -0.776641 -0.007830 1.184430
v -0.164538 -0.007892 0.739691
v -0.027310 -0.052460 0.550882
v -0.777054 -0.052369 1.095300
v -0.160197 -0.251234 0.246888
v 0.164223 -0.007891 0.739763
v 0.630558 -0.053364 0.987408
v 0.159899 -0.251073 0.247150
v 0.027016 -0.052427 0.550963
v 0.027288 -0.251856 0.149586
v 0.886468 -0.007826 1.104636
v 0.652647 -0.007891 0.385061
v 0.515566 -0.052427 0.196169
v 0.125222 -0.254813 0.061326
v 0.801569 -0.052369 1.077489
v 0.176344 -0.255034 0.221241
v 0.754304 -0.007891 0.072415
v 1.366613 -0.007830 -0.372043
v 1.281985 -0.052369 -0.400014
v 0.284412 -0.251188 -0.075838
v 0.532346 -0.052427 0.144563
v 0.150699 -0.251860 0.020264
v 1.324499 -0.007825 -0.501732
v 0.567893 -0.007891 -0.501713
v 0.345886 -0.052427 -0.429713
v 0.110822 -0.251003 -0.106313
v 1.272319 -0.052344 -0.429406
v 1.531136 0.002720 -0.512669
v 1.358631 0.001498 -0.512885
v 0.579888 0.001491 -0.512869
v 0.408992 0.002750 -0.513121
v 0.310836 0.058707 -0.435700
v 0.067584 0.264338 -0.101199
v 0.016552 0.308719 -0.027165
v 0.020704 0.308719 -0.024086
v 0.318504 0.058707 -0.430126
v 0.077170 0.262821 -0.097953
v 1.525557 0.013285 -0.497778
v 1.527001 0.013287 -0.493379
v 1.302136 0.058414 -0.418537
v 0.266221 0.265000 -0.082052
v 0.042824 0.309398 -0.011943
v 1.299515 0.058396 -0.426329
v 0.632413 0.002750 0.174991
v 0.770565 0.001491 0.074396
v 1.400755 0.001405 -0.383157
v 1.540220 0.002656 -0.484474
v 0.507493 0.058708 0.170000
v 0.114114 0.264340 0.042193
v 0.029332 0.308719 0.012246
v 0.030976 0.308719 0.007341
v 0.510429 0.058707 0.160984
v 0.117163 0.264336 0.032998
v 0.960748 0.002839 1.297670
v 0.907622 0.001504 1.133642
v 0.666963 0.001491 0.393021
v 0.614392 0.002750 0.230412
v 0.800476 0.058324 1.109137
v 0.160292 0.265009 0.227827
v 0.024452 0.309439 0.037313
v 0.027894 0.309439 0.034752
v 0.807020 0.058452 1.104322
v 0.167019 0.265011 0.222875
v 0.029000 0.002745 0.655532
v 0.167363 0.001491 0.755840
v 0.797170 0.001500 1.213855
v 0.936672 0.002736 1.315198
v 0.002657 0.014165 0.624524
v -0.002921 0.014165 0.624522
v -0.004852 0.058965 0.535034
v -0.004872 0.265663 0.118924
v -0.002609 0.308717 0.031708
v 0.002581 0.308718 0.031712
v 0.004626 0.058965 0.535036
v 0.004818 0.264336 0.121612
v -0.802675 0.001398 1.216936
v -0.167683 0.001491 0.755769
v -0.029277 0.002745 0.655520
v -0.941602 0.013258 1.299309
v -0.807555 0.058425 1.103798
v -0.172005 0.263448 0.229207
v -0.028067 0.309401 0.034645
v -0.024468 0.309439 0.037302
v -0.800739 0.058423 1.108788
v -0.160384 0.265004 0.227762
v -0.614486 0.002745 0.230151
v -0.667123 0.001485 0.392743
v -0.907954 0.001383 1.133466
v -0.507420 0.058965 0.169735
v -0.115486 0.263630 0.042848
v -0.027514 0.309627 0.011639
v -0.030978 0.308719 0.007327
v -0.117177 0.264336 0.032948
v -0.510347 0.058965 0.160720
v -0.593136 0.014165 0.195516
v -0.594859 0.014165 0.190210
v -1.540062 0.002749 -0.485059
v -1.400621 0.001500 -0.383644
v -0.770596 0.001491 0.074070
v -0.632483 0.002745 0.174723
v -0.266199 0.264999 -0.082141
v -1.302035 0.058323 -0.419102
v -1.299475 0.058452 -0.426817
v -0.263564 0.265002 -0.090083
v -0.043057 0.309433 -0.011741
v -0.041680 0.309433 -0.015797
v -0.408775 0.002750 -0.513294
v -0.579671 0.001491 -0.513114
v -1.358411 0.001504 -0.513460
v -1.530828 0.002839 -0.513372
v -0.310651 0.058707 -0.435831
v -0.067542 0.264338 -0.101227
v -0.016540 0.308719 -0.027172
v -0.020693 0.308719 -0.024095
v -0.318321 0.058707 -0.430261
v -0.075338 0.264337 -0.095507
v -0.014617 0.002750 -1.614548
v -0.067948 0.001500 -1.450623
v -0.308571 0.001491 -0.709992
v -0.361621 0.002750 -0.547538
v 0.004339 0.058323 -1.367815
v 0.004249 0.264999 -0.278526
v 0.002156 0.309433 -0.044556
v -0.002137 0.309433 -0.044557
v -0.003756 0.058324 -1.367821
v -0.004125 0.265002 -0.278538
v 0.361853 0.002750 -0.547385
v 0.308872 0.001491 -0.709861
v 0.068459 0.001500 -1.450669
v 0.002675 -0.007727 -1.604660
v -0.002103 -0.007633 -1.604656
v -0.003900 -0.052705 -1.367686
v -0.004131 -0.259256 -0.278528
v -0.002137 -0.303690 -0.044557
v 0.002156 -0.303690 -0.044556
v 0.004371 -0.052799 -1.367689
v 0.004249 -0.259256 -0.278526
v 0.364936 -0.008422 -0.506812
v 0.369449 -0.008422 -0.503532
v 0.318411 -0.053222 -0.429999
v 0.077170 -0.257077 -0.097953
v 0.020704 -0.302975 -0.024086
v 0.016552 -0.302975 -0.027165
v 0.310744 -0.053222 -0.435572
v 0.067584 -0.258595 -0.101199
v -0.364721 -0.008422 -0.506967
v -0.369235 -0.008422 -0.503689
v -0.318228 -0.053222 -0.430134
v -0.075335 -0.258595 -0.095504
v -0.020693 -0.302975 -0.024095
v -0.016540 -0.302975 -0.027172
v -0.310559 -0.053222 -0.435704
v -0.067542 -0.258595 -0.101227
v -1.525314 -0.007681 -0.498418
v -1.526796 -0.007598 -0.493839
v -1.301954 -0.052706 -0.418932
v -0.266201 -0.259259 -0.082153
v -0.043057 -0.303690 -0.011741
v -0.041680 -0.303690 -0.015797
v -1.299404 -0.052800 -0.426794
v -0.263564 -0.259259 -0.090083
v -0.594868 -0.008372 0.190219
v -0.593130 -0.008374 0.195538
v -0.507306 -0.053233 0.169839
v -0.030871 -0.302986 0.007426
v -0.510342 -0.053222 0.160724
v -0.117165 -0.258594 0.032959
v -0.800890 -0.052709 1.108776
v -0.165121 -0.257744 0.234253
v -0.024468 -0.303696 0.037302
v -0.027908 -0.303696 0.034740
v -0.807487 -0.052709 1.103980
v -0.167120 -0.259265 0.222806
v -0.002926 -0.008374 0.624532
v 0.002657 -0.008372 0.624538
v 0.004626 -0.053222 0.535036
v 0.004818 -0.258593 0.121612
v 0.002581 -0.302975 0.031712
v -0.002621 -0.302980 0.031694
v -0.004957 -0.053273 0.534910
v 0.940925 -0.007598 1.299863
v 0.944822 -0.007681 1.297040
v 0.806976 -0.052800 1.104261
v 0.167019 -0.259268 0.222875
v 0.027893 -0.303696 0.034751
v 0.024452 -0.303695 0.037313
v 0.800265 -0.052685 1.109132
v 0.160288 -0.259261 0.227830
v 0.593054 -0.008422 0.195766
v 0.594779 -0.008422 0.190461
v 0.510279 -0.053222 0.160936
v 0.117163 -0.258593 0.032998
v 0.030976 -0.302975 0.007341
v 0.029332 -0.302975 0.012246
v 0.507348 -0.053222 0.169949
v 0.114126 -0.258593 0.042189
v 1.526943 -0.007727 -0.493328
v 1.525481 -0.007726 -0.497787
v 1.299456 -0.052782 -0.426344
v 0.042943 -0.303673 -0.011817
v 1.302098 -0.052799 -0.418491
v 0.266223 -0.259257 -0.082050
v 1.561660 0.002837 -0.502937
v 1.561350 0.001615 -0.504545
v 1.559737 0.001581 -0.509086
v 0.379949 0.002750 -0.514701
v 0.378213 0.001507 -0.515596
v 0.373706 0.001507 -0.518872
v 0.372319 0.002750 -0.520247
v 0.009783 0.313613 -0.016667
v 0.012785 0.313613 -0.014440
v 0.012363 0.313751 -0.011872
v 0.007725 0.313805 -0.008756
v 0.007528 0.313751 -0.015386
v 0.018913 0.313693 -0.004659
v 0.017188 0.313766 -0.002847
v 0.011885 0.313805 -0.003056
v 0.015502 0.313765 -0.007732
v 0.011412 0.313805 -0.004635
v 0.018910 0.313613 0.004141
v 0.017703 0.313613 0.007665
v 0.015121 0.313751 0.008051
v 0.010638 0.313805 0.004568
v 0.017048 0.313751 0.002302
v 0.011338 0.313805 0.002413
v 0.012666 0.313705 0.014836
v 0.010228 0.313705 0.016666
v 0.007996 0.313761 0.015466
v 0.006332 0.313805 0.010410
v 0.012215 0.313762 0.012336
v 0.007960 0.313805 0.009228
v 0.001751 0.313604 0.019216
v -0.002999 0.313752 0.016870
v -0.001151 0.313805 0.011522
v 0.003021 0.313748 0.016923
v 0.001131 0.313805 0.011523
v -0.010235 0.313706 0.016661
v -0.012672 0.313705 0.014831
v -0.012227 0.313760 0.012331
v -0.007853 0.313805 0.009368
v -0.008005 0.313763 0.015452
v -0.006540 0.313805 0.010366
v -0.018911 0.313613 0.004135
v -0.017446 0.313659 0.007643
v -0.015254 0.313763 0.007912
v -0.010706 0.313805 0.004613
v -0.017025 0.313748 0.002395
v -0.019016 0.313708 -0.004603
v -0.018035 0.313708 -0.007423
v -0.015529 0.313765 -0.007771
v -0.011407 0.313805 -0.004639
v -0.017190 0.313765 -0.002861
v -0.011880 0.313805 -0.003045
v -0.012779 0.313613 -0.014446
v -0.009792 0.313611 -0.016619
v -0.005938 0.313773 -0.010157
v -0.012357 0.313751 -0.011878
v -0.007657 0.313804 -0.008714
v -0.002594 0.313762 -0.017242
v -0.001018 0.313803 -0.012377
v 0.002289 0.313787 -0.017292
v -0.001475 0.313708 -0.019501
v 0.001534 0.313743 -0.019195
v 0.609838 0.002750 0.193331
v 0.608958 0.001507 0.195075
v 0.607235 0.001507 0.200374
v 0.606921 0.002750 0.202302
v 0.967226 0.002535 1.325155
v 0.004581 0.002492 0.639575
v -0.004851 0.002492 0.639573
v -0.961403 0.002629 1.329444
v -0.962816 0.001440 1.328556
v -0.966566 0.001440 1.325830
v -0.967822 0.002622 1.324723
v -0.606856 0.002492 0.201996
v -0.609769 0.002492 0.193025
v -1.558970 0.002535 -0.511051
v -0.372099 0.002750 -0.520405
v -0.373486 0.001507 -0.519030
v -0.377995 0.001507 -0.515756
v -0.379731 0.002750 -0.514862
v 0.004296 0.002750 -1.640698
v 0.002634 0.001596 -1.640861
v -0.001942 0.001600 -1.640862
v -0.003567 0.002750 -1.640719
v 0.001534 -0.307999 -0.019195
v -0.001475 -0.307965 -0.019501
v -0.002580 -0.308022 -0.017229
v -0.001013 -0.308061 -0.012372
v 0.002289 -0.308043 -0.017292
v 0.009783 -0.307870 -0.016667
v 0.012785 -0.307870 -0.014440
v 0.012363 -0.308007 -0.011872
v 0.007725 -0.308061 -0.008756
v 0.007528 -0.308008 -0.015386
v -0.009616 -0.307916 -0.016445
v -0.012779 -0.307870 -0.014446
v -0.012357 -0.308007 -0.011878
v -0.007655 -0.308061 -0.008713
v -0.007673 -0.308018 -0.015433
v -0.005822 -0.308061 -0.010043
v -0.018035 -0.307965 -0.007423
v -0.019016 -0.307965 -0.004603
v -0.017199 -0.308019 -0.002855
v -0.011880 -0.308061 -0.003045
v -0.015529 -0.308022 -0.007771
v -0.011407 -0.308061 -0.004639
v -0.018911 -0.307870 0.004135
v -0.017446 -0.307916 0.007643
v -0.015254 -0.308020 0.007912
v -0.010706 -0.308061 0.004613
v -0.017023 -0.308005 0.002395
v -0.012672 -0.307962 0.014831
v -0.010235 -0.307962 0.016661
v -0.008005 -0.308020 0.015452
v -0.006540 -0.308061 0.010366
v -0.012227 -0.308017 0.012331
v -0.007853 -0.308061 0.009368
v 0.001751 -0.307861 0.019216
v 0.003014 -0.308008 0.016915
v 0.001131 -0.308061 0.011523
v -0.002999 -0.308009 0.016870
v -0.001151 -0.308061 0.011522
v 0.010228 -0.307962 0.016666
v 0.012666 -0.307962 0.014836
v 0.012215 -0.308019 0.012336
v 0.007960 -0.308061 0.009228
v 0.007990 -0.308020 0.015458
v 0.006332 -0.308061 0.010410
v 0.017703 -0.307870 0.007665
v 0.018910 -0.307870 0.004141
v 0.017048 -0.308008 0.002302
v 0.011338 -0.308061 0.002413
v 0.015121 -0.308007 0.008051
v 0.010638 -0.308061 0.004568
v 0.018917 -0.307951 -0.004654
v 0.015502 -0.308022 -0.007732
v 0.011412 -0.308061 -0.004635
v 0.017188 -0.308022 -0.002847
v 0.011885 -0.308061 -0.003056
v 1.523798 0.006940 -0.511232
v 0.408046 0.007175 -0.511642
v 0.408692 0.005303 -0.512652
v 0.374853 0.014149 -0.501064
v 1.516518 0.013840 -0.500229
v 0.055183 0.305920 -0.024414
v 0.630778 0.007175 0.174351
v 0.631894 0.005303 0.174789
v 1.533622 0.006930 -0.481370
v 1.538070 0.005214 -0.483288
v 1.521287 0.013814 -0.486150
v 0.046417 0.308530 -0.008567
v 0.597703 0.014149 0.185289
v 0.034475 0.307956 0.003957
v 0.612671 0.007196 0.229982
v 0.613848 0.005308 0.230274
v 0.592357 0.014155 0.201676
v 0.952050 0.010357 1.293100
v 0.945658 0.013611 1.293100
v 0.032005 0.308651 0.033958
v 0.029098 0.007195 0.653769
v 0.029027 0.005306 0.654976
v 0.931725 0.006930 1.309809
v 0.934924 0.005215 1.313447
v 0.932459 0.013814 1.296601
v 0.021980 0.308070 0.042796
v 0.008474 0.014276 0.625628
v 0.005974 0.014209 0.624895
v 0.006807 0.307950 0.033970
v -0.934860 0.009583 1.305650
v -0.935505 0.005285 1.313042
v -0.029374 0.007195 0.653756
v -0.029304 0.005306 0.654963
v -0.008739 0.014276 0.625625
v -0.006238 0.014209 0.624892
v -0.021901 0.308012 0.042895
v -0.612779 0.007195 0.229699
v -0.613949 0.005306 0.230005
v -0.957701 0.006920 1.290995
v -0.944976 0.013937 1.287456
v -0.946184 0.013621 1.292434
v -0.039906 0.306106 0.044883
v -0.592389 0.014276 0.201389
v -0.592464 0.014209 0.198784
v -0.035166 0.305370 0.018406
v -1.533418 0.006930 -0.482019
v -1.537861 0.005219 -0.483935
v -0.630837 0.007195 0.174085
v -0.631962 0.005306 0.174526
v -0.034504 0.307950 0.003938
v -0.597705 0.014276 0.185018
v -0.596236 0.014209 0.187170
v -1.521078 0.013809 -0.486774
v -0.407829 0.007175 -0.511815
v -0.408475 0.005303 -0.512825
v -1.523516 0.007085 -0.511893
v -1.516263 0.013989 -0.500881
v -1.521823 0.013607 -0.500433
v -0.042442 0.308533 -0.020173
v -0.374641 0.014149 -0.501222
v -0.026912 0.307647 -0.023408
v -0.015424 0.006930 -1.607319
v -0.014972 0.005214 -1.612142
v -0.360508 0.007175 -0.546181
v -0.361268 0.005303 -0.547107
v -0.360704 0.014149 -0.511344
v -0.014292 0.308021 -0.031209
v -0.007071 0.013814 -1.597062
v 0.360739 0.007175 -0.546028
v 0.361500 0.005303 -0.546954
v 0.016106 0.006930 -1.607312
v 0.015553 0.005219 -1.612208
v 0.007758 0.013809 -1.597042
v 0.360920 0.014149 -0.511191
v 0.360735 -0.001452 -0.546013
v 0.361502 0.000376 -0.546948
v 0.016107 -0.001207 -1.607310
v 0.015550 0.000461 -1.612213
v 0.007786 -0.008192 -1.596999
v 0.005623 -0.007966 -1.601915
v 0.006165 -0.302765 -0.046568
v 0.360879 -0.008533 -0.511125
v 0.362471 -0.008466 -0.509062
v -0.015488 -0.001236 -1.607134
v -0.014942 0.000424 -1.612149
v -0.360504 -0.001452 -0.546166
v -0.361270 0.000376 -0.547101
v -0.360663 -0.008533 -0.511278
v -0.362256 -0.008466 -0.509215
v -0.014292 -0.302278 -0.031209
v -0.007271 -0.008136 -1.596814
v -0.407816 -0.001452 -0.511807
v -0.408468 0.000376 -0.512825
v -1.523657 -0.001211 -0.512007
v -1.528383 0.000445 -0.513069
v -1.516439 -0.008201 -0.500902
v -1.521821 -0.007936 -0.500399
v -0.043033 -0.302295 -0.021550
v -0.374591 -0.008533 -0.501163
v -0.372137 -0.008466 -0.502039
v -1.533262 -0.001236 -0.481901
v -1.537859 0.000420 -0.483965
v -0.630838 -0.001456 0.174080
v -0.631954 0.000355 0.174517
v -0.597706 -0.008537 0.185012
v -0.596265 -0.008426 0.187158
v -0.034477 -0.302213 0.003943
v -1.520920 -0.008140 -0.486541
v -0.047750 -0.302256 -0.007673
v -0.612754 -0.001477 0.229719
v -0.613931 0.000350 0.230010
v -0.952596 -0.004614 1.292697
v -0.946189 -0.007861 1.292677
v -0.033958 -0.302281 0.034047
v -0.592387 -0.008537 0.201394
v -0.592476 -0.008426 0.198815
v -0.932222 -0.001342 1.309236
v -0.029380 -0.001456 0.653756
v -0.029309 0.000355 0.654953
v -0.008759 -0.008544 0.625607
v -0.006278 -0.008436 0.624893
v -0.932821 -0.008246 1.296064
v -0.937566 -0.007857 1.298945
v -0.021991 -0.302384 0.042558
v 0.029103 -0.001456 0.653768
v 0.029032 0.000355 0.654965
v 0.934308 -0.003840 1.306045
v 0.934944 0.000424 1.313436
v 0.021891 -0.302273 0.042895
v 0.008480 -0.008537 0.625628
v 0.005994 -0.008426 0.624919
v 0.957237 -0.001211 1.291270
v 0.959706 0.000445 1.295438
v 0.612682 -0.001452 0.229959
v 0.613852 0.000376 0.230264
v 0.592304 -0.008533 0.201640
v 0.592380 -0.008466 0.199035
v 0.030779 -0.301871 0.018395
v 0.944447 -0.008201 1.287832
v 0.945630 -0.007936 1.293106
v 0.032005 -0.302908 0.033957
v 0.630763 -0.001452 0.174352
v 0.631889 0.000376 0.174793
v 1.533434 -0.001342 -0.481371
v 1.521094 -0.008246 -0.486016
v 1.525266 -0.007946 -0.489630
v 0.047753 -0.302256 -0.007653
v 0.597627 -0.008533 0.185270
v 0.596156 -0.008466 0.187422
v 1.523873 -0.001211 -0.511362
v 1.528677 0.000445 -0.512399
v 0.408033 -0.001452 -0.511634
v 0.408685 0.000376 -0.512652
v 0.374803 -0.008533 -0.501005
v 0.372349 -0.008466 -0.501882
v 1.516628 -0.008197 -0.500266
v 1.521958 -0.007974 -0.499744
v 1.556700 0.001526 -0.512057
v 0.381082 0.001504 -0.513986
v 0.383416 0.001497 -0.513228
v 0.379491 0.005566 -0.514020
v 0.371813 0.005566 -0.519601
v 0.009228 0.313212 -0.019644
v 0.016638 0.312922 -0.015610
v 0.021712 0.313432 -0.003433
v 0.611777 0.001497 0.190103
v 0.610334 0.001504 0.192087
v 1.561395 0.001616 -0.501890
v 0.609066 0.005566 0.193049
v 0.606131 0.005566 0.202076
v 0.022873 0.312921 0.002917
v 0.968212 0.001462 1.321807
v 0.606591 0.001504 0.203600
v 0.606591 0.001497 0.206054
v 0.966932 0.004950 1.324649
v 0.960138 0.005267 1.328734
v 0.016474 0.313282 0.016332
v 0.008256 0.001370 0.640505
v 0.957426 0.001415 1.329698
v 0.959613 0.004094 1.329847
v 0.004588 0.005271 0.639221
v 0.004593 0.007074 0.638145
v -0.004863 0.007074 0.638143
v -0.004859 0.005271 0.639219
v 0.003915 0.313209 0.021386
v -0.958034 0.004214 1.329342
v -0.008527 0.001370 0.640502
v -0.961101 0.004854 1.328961
v -0.966610 0.004879 1.324993
v -0.010514 0.313284 0.020860
v -0.016624 0.313248 0.016220
v -0.606605 0.001370 0.205779
v -0.022879 0.312920 0.002905
v -0.019008 0.313192 0.010582
v -0.606517 0.005271 0.201894
v -0.605493 0.007074 0.201566
v -0.608413 0.007074 0.192572
v -0.609434 0.005271 0.192909
v -1.560260 0.001424 -0.500328
v -0.611788 0.001370 0.189816
v -1.560148 0.005244 -0.503088
v -1.558398 0.004950 -0.510927
v -0.020601 0.313296 -0.010447
v -0.383199 0.001497 -0.513390
v -0.380864 0.001504 -0.514147
v -1.556090 0.001462 -0.513022
v -0.379273 0.005566 -0.514180
v -0.371593 0.005566 -0.519758
v -0.009751 0.312922 -0.020772
v -0.006300 0.001542 -1.638568
v -0.004600 0.001719 -1.640066
v -0.371069 0.001504 -0.521261
v -0.369626 0.001497 -0.523246
v -0.003548 0.005239 -1.639325
v 0.004241 0.005244 -1.639323
v -0.003339 0.313435 -0.021665
v 0.003573 0.313430 -0.021654
v 0.369848 0.001497 -0.523090
v 0.371289 0.001504 -0.521104
v 0.005305 0.001562 -1.639959
v 0.004336 -0.000797 -1.638592
v 0.004214 0.000692 -1.640026
v -0.003603 0.000820 -1.640074
v -0.003587 -0.307553 -0.022942
v 0.379026 -0.001331 -0.513410
v 0.379654 0.000411 -0.514283
v 0.372012 0.000411 -0.519837
v 0.371376 -0.001331 -0.518970
v 0.016638 -0.307179 -0.015610
v -0.371156 -0.001331 -0.519127
v -0.371792 0.000411 -0.519995
v -0.379436 0.000411 -0.514443
v -0.378808 -0.001331 -0.513570
v -0.009742 -0.307181 -0.020763
v -0.015713 -0.307469 -0.014791
v -1.557255 -0.000443 -0.510583
v -0.019448 -0.307691 -0.009812
v -0.021734 -0.307690 -0.003434
v -0.605612 -0.000925 0.201621
v -0.608542 -0.000925 0.192598
v -0.021653 -0.307466 0.002754
v -0.020079 -0.307182 0.010885
v -0.016488 -0.307537 0.016326
v -0.010514 -0.307540 0.020860
v 0.004609 -0.000925 0.638276
v -0.004878 -0.000925 0.638274
v -0.004374 -0.307163 0.022533
v 0.004193 -0.307177 0.022591
v 0.966251 -0.000443 1.323668
v 0.015531 -0.307671 0.015405
v 0.609353 0.000411 0.193166
v 0.608332 -0.001331 0.192829
v 0.605407 -0.001331 0.201822
v 0.606432 0.000411 0.202150
v 0.020082 -0.307177 0.010916
v 0.022871 -0.307179 0.002909
v 1.559786 -0.000761 -0.502214
v 1.561097 0.000715 -0.502841
v 1.557168 -0.000834 -0.509931
v 0.016272 0.313611 -0.010402
v 0.007547 0.313805 -0.004056
v 0.004673 0.313649 -0.018831
v 0.019347 0.313629 0.000538
v 0.007978 0.313805 -0.001217
v 0.008140 0.313805 0.000765
v 0.015037 0.313608 0.012124
v 0.007119 0.313805 0.003938
v 0.006119 0.313805 0.005686
v 0.003593 0.313805 0.007543
v 0.001651 0.313805 0.007961
v -0.006961 0.313629 0.018063
v -0.003825 0.313805 0.007588
v -0.005954 0.313805 0.005602
v -0.019577 0.313606 -0.001225
v -0.016267 0.313611 -0.010409
v -0.007415 0.313805 -0.003962
v -0.005991 0.313805 -0.005569
v -0.003311 0.313801 -0.007529
v -0.001565 0.313803 -0.008407
v -0.006421 -0.307829 -0.018558
v -0.001561 -0.308061 -0.008403
v -0.003298 -0.308061 -0.007516
v 0.004671 -0.307908 -0.018821
v 0.016281 -0.307870 -0.010392
v 0.007547 -0.308061 -0.004056
v -0.016267 -0.307868 -0.010409
v -0.005991 -0.308061 -0.005569
v -0.007415 -0.308061 -0.003962
v -0.005954 -0.308061 0.005602
v -0.006961 -0.307886 0.018063
v -0.003825 -0.308061 0.007588
v 0.005377 -0.307873 0.018571
v 0.001651 -0.308061 0.007961
v 0.003593 -0.308061 0.007543
v 0.015036 -0.307865 0.012124
v 0.006119 -0.308061 0.005686
v 0.007119 -0.308061 0.003938
v 0.019338 -0.307888 0.000538
v 0.008140 -0.308061 0.000765
v 0.007978 -0.308061 -0.001217
v 0.021076 0.312751 -0.012718
v 0.024864 0.312490 0.001150
v 0.020541 0.312495 0.013323
v 0.018616 0.312834 0.015810
v 0.007983 0.313148 0.020992
v -0.018318 0.312902 0.015791
v -0.024891 0.312484 0.001129
v -0.022536 0.313166 -0.001179
v -0.021063 0.312748 -0.012779
v -0.008514 0.312566 -0.022878
v 0.004976 0.313295 -0.021458
v 0.008454 -0.306820 -0.022897
v 0.005575 -0.307425 -0.021736
v 0.007035 -0.307338 -0.021211
v -0.008508 -0.306824 -0.022873
v -0.018572 -0.307521 -0.011422
v -0.008362 -0.303967 0.030132
v 0.016924 -0.307491 0.013891
v 0.022602 -0.307413 -0.001056
v 0.006341 0.313805 -0.002101
v 0.003766 0.313805 -0.001476
v 0.002264 0.313805 -0.003364
v -0.000005 0.313805 -0.004199
v 0.000065 0.313805 -0.006801
v 0.006182 0.313805 0.001829
v 0.003776 0.313805 0.000980
v 0.003946 0.313805 0.005301
v 0.002362 0.313805 0.002995
v -0.000121 0.313805 0.003663
v -0.004092 0.313805 0.005160
v -0.002324 0.313805 0.002938
v -0.003646 0.313805 0.001072
v -0.003743 0.313805 -0.001360
v -0.003735 0.313805 -0.005344
v -0.002330 0.313805 -0.003456
v -0.003735 -0.308061 -0.005344
v -0.002330 -0.308061 -0.003456
v 0.000065 -0.308061 -0.006801
v -0.000005 -0.308061 -0.004199
v 0.002264 -0.308061 -0.003364
v 0.003766 -0.308061 -0.001476
v 0.006341 -0.308061 -0.002101
v -0.003743 -0.308061 -0.001360
v -0.003646 -0.308061 0.001072
v -0.004092 -0.308061 0.005160
v -0.002324 -0.308061 0.002938
v -0.000121 -0.308061 0.003663
v 0.003946 -0.308061 0.005301
v 0.002362 -0.308061 0.002995
v 0.006182 -0.308061 0.001829
v 0.003776 -0.308061 0.000980
v 0.043377 0.304255 -0.028639
v 0.269970 0.257647 -0.104496
v 0.133305 0.257740 0.072397
v 0.041044 0.304541 0.036425
v 0.021887 0.307430 0.044662
v 0.021031 0.303554 0.052281
v 0.009063 0.307158 0.036563
v 0.009382 0.311700 0.026780
v -0.052419 0.304231 -0.002293
v -0.280158 0.257646 -0.074117
v -0.043108 0.308856 -0.005849
v -0.043987 0.307408 -0.023007
v -0.047745 0.303540 -0.029692
v -0.028780 0.307154 -0.023952
v -0.022696 0.311561 -0.016446
v -0.013809 0.307164 -0.034882
v -0.013397 0.303541 -0.054706
v -0.008206 0.307409 -0.049086
v 0.016016 0.257647 -0.289157
v 0.013794 0.304250 -0.050271
v 0.007452 0.308876 -0.042468
v 0.016016 -0.251904 -0.289157
v 0.013794 -0.298507 -0.050271
v -0.013790 -0.298508 -0.050271
v -0.015894 -0.251904 -0.289164
v -0.043983 -0.301666 -0.023003
v -0.047741 -0.297798 -0.029689
v -0.028735 -0.301422 -0.023916
v -0.023346 -0.305937 -0.015741
v -0.027630 -0.251179 0.150932
v -0.021909 -0.297959 0.052158
v -0.008356 -0.259795 0.119714
v -0.009380 -0.302225 0.034286
v 0.043064 -0.297810 0.036185
v 0.031801 -0.301414 0.019929
v 0.035466 -0.301709 0.034629
v 0.022841 -0.305823 0.016443
v 0.269970 -0.251904 -0.104496
v 0.043377 -0.298512 -0.028639
v 0.037857 -0.303137 -0.020152
v 0.015549 0.308403 -0.028869
v 0.014932 0.308156 -0.030147
v 0.010514 0.312554 -0.021719
v 0.022592 0.308400 -0.023565
v 0.017315 0.312553 -0.016556
v 0.027283 0.305501 -0.027690
v 0.017997 0.312584 -0.015590
v 0.044385 0.309181 -0.010447
v 0.045481 0.308878 -0.009489
v 0.024229 0.313136 -0.004040
v 0.026049 0.312614 -0.002512
v 0.270692 0.263332 -0.093159
v 0.041235 0.308846 -0.019063
v 0.040585 0.309206 -0.017075
v 0.029476 0.308401 0.014199
v 0.029781 0.308139 0.015613
v 0.021202 0.312552 0.011331
v 0.032348 0.308401 0.005847
v 0.024013 0.312552 0.003283
v 0.033475 0.308136 0.004880
v 0.025844 0.312144 0.001729
v 0.024239 0.312565 0.002149
v 0.023634 0.309204 0.038929
v 0.023036 0.308906 0.040201
v 0.011296 0.313153 0.021772
v 0.029623 0.309206 0.034375
v 0.017102 0.313156 0.017317
v 0.030929 0.308931 0.034188
v 0.019004 0.312742 0.016943
v 0.017793 0.313023 0.016396
v -0.004404 0.308407 0.032508
v -0.005455 0.309556 0.030262
v -0.004253 0.312553 0.023781
v 0.004424 0.308401 0.032528
v 0.004261 0.312552 0.023795
v 0.005669 0.308136 0.033288
v 0.006230 0.312141 0.025023
v -0.023650 0.309204 0.038918
v -0.011311 0.313155 0.021765
v -0.023052 0.308905 0.040193
v -0.010227 0.313002 0.022301
v -0.032350 0.308401 0.005833
v -0.024014 0.312552 0.003273
v -0.033477 0.308136 0.004866
v -0.025864 0.312140 0.001712
v -0.024244 0.312564 0.002136
v -0.044397 0.309183 -0.010451
v -0.045474 0.308875 -0.009496
v -0.024246 0.313139 -0.004032
v -0.041901 0.309183 -0.017549
v -0.042193 0.308878 -0.018910
v -0.021800 0.313139 -0.010857
v -0.022274 0.312616 -0.012996
v -0.021177 0.312993 -0.011728
v -0.015538 0.308403 -0.028875
v -0.014937 0.308157 -0.030148
v -0.010507 0.312554 -0.021723
v -0.009481 0.312212 -0.023612
v -0.009409 0.312586 -0.022158
v -0.022572 0.308402 -0.023571
v -0.017306 0.312553 -0.016564
v -0.023984 0.308147 -0.023395
v 0.003790 0.309183 -0.045384
v 0.005005 0.308875 -0.046094
v 0.003638 0.313139 -0.024222
v -0.003771 0.309183 -0.045386
v -0.003628 0.313139 -0.024223
v -0.004979 0.308878 -0.046107
v -0.003771 -0.303440 -0.045386
v -0.004985 -0.303132 -0.046096
v -0.003628 -0.307395 -0.024223
v -0.004667 -0.307250 -0.023981
v 0.003790 -0.303440 -0.045384
v 0.003638 -0.307395 -0.024222
v 0.005005 -0.303132 -0.046094
v 0.005536 -0.306877 -0.025392
v 0.022592 -0.302656 -0.023565
v 0.027283 -0.299758 -0.027690
v 0.017315 -0.306809 -0.016556
v 0.017997 -0.306840 -0.015590
v 0.015549 -0.302660 -0.028869
v 0.010514 -0.306811 -0.021719
v 0.014932 -0.302412 -0.030147
v -0.022568 -0.302660 -0.023568
v -0.023939 -0.302415 -0.023359
v -0.017302 -0.306811 -0.016561
v -0.015538 -0.302660 -0.028875
v -0.010507 -0.306811 -0.021723
v -0.014937 -0.302413 -0.030148
v -0.009481 -0.306469 -0.023612
v -0.009403 -0.306844 -0.022152
v -0.044397 -0.303440 -0.010451
v -0.045477 -0.303135 -0.009508
v -0.024246 -0.307395 -0.004032
v -0.041901 -0.303440 -0.017549
v -0.021800 -0.307395 -0.010857
v -0.042193 -0.303135 -0.018910
v -0.114814 -0.257968 0.043505
v -0.026993 -0.303934 0.012117
v -0.024102 -0.304976 0.013522
v -0.032338 -0.302659 0.005844
v -0.024010 -0.306809 0.003276
v -0.033477 -0.302392 0.004866
v -0.025845 -0.306401 0.001718
v -0.023652 -0.303457 0.038931
v -0.031105 -0.300508 0.051476
v -0.011312 -0.307410 0.021770
v -0.010229 -0.307255 0.022314
v -0.029645 -0.303460 0.034363
v -0.017116 -0.307410 0.017311
v -0.031023 -0.303162 0.034187
v -0.017880 -0.307254 0.016400
v 0.004424 -0.302658 0.032528
v 0.005669 -0.302392 0.033288
v 0.004261 -0.306809 0.023795
v 0.005323 -0.306822 0.023613
v -0.004551 -0.302736 0.032333
v -0.004273 -0.306820 0.023756
v -0.005344 -0.306833 0.023579
v 0.029623 -0.303463 0.034374
v 0.030929 -0.303188 0.034188
v 0.017097 -0.307413 0.017312
v 0.018999 -0.307000 0.016938
v 0.023634 -0.303460 0.038929
v 0.011296 -0.307410 0.021772
v 0.023035 -0.303161 0.040203
v 0.032348 -0.302658 0.005847
v 0.033475 -0.302392 0.004880
v 0.024013 -0.306809 0.003283
v 0.024236 -0.306823 0.002142
v 0.029476 -0.302658 0.014199
v 0.021202 -0.306809 0.011331
v 0.029793 -0.302392 0.015609
v 0.020625 -0.306822 0.012247
v 0.270707 -0.257591 -0.093144
v 0.041142 -0.303551 -0.016486
v 0.044389 -0.303438 -0.010442
v 0.024242 -0.307395 -0.004026
v 0.045481 -0.303135 -0.009489
v 0.008446 0.313604 -0.017112
v 0.008927 0.313431 -0.018333
v 0.007293 0.313601 -0.017658
v 0.008143 0.313240 -0.019699
v 0.013554 0.313604 -0.013260
v 0.014547 0.313431 -0.014081
v 0.014429 0.313595 -0.012340
v 0.006411 0.313805 -0.009539
v 0.006061 0.313805 -0.006940
v 0.017275 0.313677 -0.007681
v 0.016699 0.313641 -0.009244
v 0.017544 0.313467 -0.010341
v 0.019047 0.313668 -0.003325
v 0.020365 0.313568 -0.003465
v 0.019196 0.313650 -0.002076
v 0.021491 0.313394 -0.002386
v 0.018992 0.313605 0.002735
v 0.020319 0.313432 0.002838
v 0.019158 0.313604 0.001593
v 0.020539 0.313431 0.001149
v 0.016856 0.313604 0.008695
v 0.017961 0.313431 0.009365
v 0.016272 0.313596 0.009784
v 0.009866 0.313805 0.003056
v 0.008521 0.313805 0.003497
v 0.009042 0.313805 0.001887
v 0.007623 0.313805 0.001698
v 0.007286 0.313805 0.002756
v 0.013346 0.313658 0.013730
v 0.014340 0.313553 0.014608
v 0.014144 0.313631 0.012870
v 0.015550 0.313452 0.013246
v 0.009011 0.313658 0.017074
v 0.009539 0.313553 0.018324
v 0.007932 0.313609 0.017679
v 0.006424 0.313805 0.008892
v 0.005001 0.313805 0.008248
v 0.006263 0.313805 0.007326
v 0.005167 0.313805 0.006193
v 0.004305 0.313805 0.006835
v 0.003122 0.313601 0.018900
v 0.003407 0.313428 0.020177
v 0.004325 0.313572 0.018790
v 0.004707 0.313211 0.020976
v -0.002369 0.313617 0.018744
v -0.004301 0.313597 0.018683
v -0.004760 0.313174 0.021129
v -0.000018 0.313805 0.010383
v -0.001034 0.313805 0.009211
v 0.000828 0.313805 0.009236
v 0.000368 0.313805 0.007797
v -0.009021 0.313660 0.017059
v -0.009556 0.313557 0.018307
v -0.007968 0.313638 0.017553
v -0.007918 0.313475 0.019017
v -0.013359 0.313656 0.013724
v -0.014353 0.313552 0.014602
v -0.014233 0.313610 0.012868
v -0.019004 0.313602 0.002725
v -0.020332 0.313429 0.002824
v -0.019301 0.313570 0.001527
v -0.011127 0.313805 0.003164
v -0.008535 0.313805 0.003634
v -0.007651 0.313805 0.001526
v -0.019049 0.313668 -0.003342
v -0.020376 0.313570 -0.003477
v -0.019203 0.313648 -0.002215
v -0.020567 0.313499 -0.001859
v -0.017230 0.313668 -0.008306
v -0.018360 0.313569 -0.008934
v -0.016679 0.313641 -0.009303
v -0.017516 0.313467 -0.010402
v -0.013548 0.313604 -0.013266
v -0.014541 0.313431 -0.014087
v -0.014423 0.313595 -0.012346
v -0.008219 0.313612 -0.015973
v -0.008886 0.313432 -0.018253
v -0.006987 0.313416 -0.019119
v -0.005939 0.313803 -0.008381
v -0.004587 0.313801 -0.007970
v -0.005946 0.313805 -0.006963
v -0.004871 0.313805 -0.006015
v -0.003970 0.313805 -0.006663
v -0.002608 0.313668 -0.019125
v -0.003825 0.313642 -0.018900
v -0.002865 0.313569 -0.020416
v -0.004139 0.313391 -0.021114
v 0.000257 0.313805 -0.012447
v -0.000735 0.313804 -0.010025
v 0.000973 0.313805 -0.008190
v -0.000486 0.313804 -0.008445
v -0.002608 -0.307925 -0.019125
v -0.002865 -0.307826 -0.020416
v -0.003811 -0.307903 -0.018886
v 0.000257 -0.308061 -0.012447
v -0.000733 -0.308061 -0.010023
v -0.000486 -0.308061 -0.008445
v 0.000973 -0.308061 -0.008190
v 0.008446 -0.307861 -0.017112
v 0.008927 -0.307688 -0.018333
v 0.007293 -0.307857 -0.017658
v 0.013554 -0.307860 -0.013260
v 0.014547 -0.307687 -0.014081
v 0.014429 -0.307852 -0.012340
v 0.006411 -0.308061 -0.009539
v 0.006061 -0.308061 -0.006940
v -0.013548 -0.307860 -0.013266
v -0.014541 -0.307687 -0.014087
v -0.014423 -0.307852 -0.012346
v -0.016022 -0.307492 -0.013740
v -0.005935 -0.308061 -0.008377
v -0.005946 -0.308061 -0.006963
v -0.004574 -0.308061 -0.007957
v -0.003970 -0.308061 -0.006663
v -0.004871 -0.308061 -0.006015
v -0.017230 -0.307924 -0.008306
v -0.018360 -0.307826 -0.008934
v -0.016679 -0.307898 -0.009303
v -0.018626 -0.307643 -0.010260
v -0.017516 -0.307724 -0.010402
v -0.019061 -0.307922 -0.003337
v -0.020389 -0.307823 -0.003471
v -0.019337 -0.307872 -0.002151
v -0.021628 -0.307618 -0.002461
v -0.019004 -0.307858 0.002725
v -0.020332 -0.307685 0.002824
v -0.019297 -0.307827 0.001529
v -0.021570 -0.307466 0.001768
v -0.011127 -0.308061 0.003164
v -0.008535 -0.308061 0.003634
v -0.007651 -0.308061 0.001526
v -0.013359 -0.307913 0.013724
v -0.014353 -0.307808 0.014602
v -0.014233 -0.307866 0.012868
v -0.009021 -0.307917 0.017059
v -0.009556 -0.307813 0.018307
v -0.007968 -0.307895 0.017553
v -0.007918 -0.307732 0.019017
v -0.002369 -0.307874 0.018744
v -0.004301 -0.307854 0.018683
v 0.003115 -0.307861 0.018892
v 0.003400 -0.307687 0.020169
v 0.004247 -0.307857 0.018701
v 0.005051 -0.307675 0.019871
v -0.000018 -0.308061 0.010383
v 0.000828 -0.308061 0.009236
v -0.001034 -0.308061 0.009211
v 0.000368 -0.308061 0.007797
v 0.009533 -0.307812 0.018316
v 0.009004 -0.307917 0.017066
v 0.007854 -0.307895 0.017590
v 0.014335 -0.307811 0.014603
v 0.013346 -0.307915 0.013729
v 0.014144 -0.307888 0.012870
v 0.015810 -0.307616 0.014391
v 0.015545 -0.307709 0.013241
v 0.006263 -0.308061 0.007326
v 0.006424 -0.308061 0.008892
v 0.005001 -0.308061 0.008248
v 0.004305 -0.308061 0.006835
v 0.005167 -0.308061 0.006193
v 0.017961 -0.307687 0.009365
v 0.016856 -0.307860 0.008695
v 0.016272 -0.307852 0.009784
v 0.020319 -0.307688 0.002838
v 0.018992 -0.307861 0.002735
v 0.019158 -0.307861 0.001593
v 0.020524 -0.307691 0.001149
v 0.009042 -0.308061 0.001887
v 0.009866 -0.308061 0.003056
v 0.008521 -0.308061 0.003497
v 0.007286 -0.308061 0.002756
v 0.007623 -0.308061 0.001698
v 0.020367 -0.307825 -0.003464
v 0.019047 -0.307925 -0.003325
v 0.019196 -0.307906 -0.002076
v 0.017288 -0.307936 -0.007666
v 0.016714 -0.307900 -0.009229
v 0.017714 -0.307751 -0.010162
v 0.020019 0.312520 -0.014400
v 0.019332 0.312796 0.013089
v 0.020387 0.312444 0.014354
v 0.008221 0.312865 0.022361
v 0.007082 0.312950 0.021840
v -0.018339 0.312966 0.013343
v -0.023890 0.312877 -0.001250
v -0.023180 0.312946 -0.000342
v -0.018683 0.312842 -0.013881
v -0.006659 0.312549 -0.024348
v 0.007560 0.312503 -0.023794
v 0.007566 -0.306757 -0.023801
v 0.005843 -0.307171 -0.023007
v 0.007477 -0.307078 -0.022341
v 0.006433 -0.307239 -0.022078
v -0.006653 -0.306810 -0.024328
v -0.020007 -0.306776 -0.014416
v -0.023168 -0.307205 -0.000360
v -0.018310 -0.307230 0.013343
v 0.008145 -0.307149 0.022275
v 0.007343 -0.306670 0.024122
v 0.023891 -0.307134 -0.001234
v 0.025457 -0.306657 0.000151
v 0.023232 -0.307196 -0.000342
v 0.020034 -0.306779 -0.014383
v 0.002383 0.313805 -0.000273
v 0.001912 0.313805 -0.001654
v 0.000723 0.313805 -0.002510
v -0.000737 0.313805 -0.002538
v 0.001934 0.313805 0.001136
v 0.000735 0.313805 0.001995
v -0.000742 0.313805 0.001964
v -0.001903 0.313805 0.001127
v -0.002346 0.313805 -0.000258
v -0.001932 0.313805 -0.001673
v -0.001932 -0.308061 -0.001673
v -0.000737 -0.308061 -0.002538
v 0.000723 -0.308061 -0.002510
v 0.001912 -0.308061 -0.001654
v 0.002383 -0.308061 -0.000273
v -0.002346 -0.308061 -0.000258
v -0.001903 -0.308061 0.001127
v -0.000742 -0.308061 0.001964
v 0.000735 -0.308061 0.001995
v 0.001934 -0.308061 0.001136
v 0.018729 -0.307364 -0.012366
v 0.020417 -0.307293 -0.011829
v 0.018661 -0.307112 -0.013822
v 0.021028 -0.306847 -0.013532
v 0.023851 -0.307022 0.000525
v 0.025507 -0.306745 -0.000890
v 0.018037 -0.307295 0.013340
v 0.018322 -0.307177 0.014584
v 0.019593 -0.306864 0.015178
v 0.020404 -0.306695 0.014366
v 0.019332 -0.307053 0.013089
v 0.006819 -0.307305 0.021539
v 0.006410 -0.307052 0.022663
v 0.008329 -0.306773 0.023806
v -0.006784 -0.307011 0.022866
v -0.008120 -0.307097 0.022546
v -0.008357 -0.306768 0.023833
v -0.007372 -0.305293 0.026916
v -0.019255 -0.307067 0.013258
v -0.019598 -0.306873 0.014885
v -0.018465 -0.307139 0.014597
v -0.023897 -0.307132 -0.001259
v -0.025507 -0.306745 -0.000901
v -0.025457 -0.306657 0.000140
v -0.023858 -0.307019 0.000524
v -0.018552 -0.307336 -0.012555
v -0.018639 -0.307109 -0.013847
v -0.020866 -0.306815 -0.013736
v -0.019804 -0.307202 -0.012480
v -0.006503 -0.307346 -0.021602
v -0.005852 -0.307199 -0.022891
v -0.007520 -0.307107 -0.022210
v -0.007617 -0.306763 -0.023775
v 0.006643 -0.306807 -0.024341
v 0.006163 0.313090 -0.021715
v 0.007421 0.312847 -0.022256
v 0.006637 0.312553 -0.024333
v 0.005760 0.312941 -0.022938
v -0.006514 0.313086 -0.021614
v -0.005852 0.312943 -0.022891
v -0.007617 0.312506 -0.023775
v -0.007530 0.312848 -0.022220
v -0.018556 0.313079 -0.012558
v -0.020159 0.312481 -0.014537
v -0.020910 0.312547 -0.013771
v -0.019808 0.312945 -0.012483
v -0.025487 0.312495 -0.000908
v -0.025475 0.312397 0.000130
v -0.023858 0.312763 0.000524
v -0.019445 0.312772 0.013083
v -0.020423 0.312438 0.014366
v -0.019549 0.312623 0.015180
v -0.018413 0.312899 0.014587
v -0.006640 0.312684 0.023037
v -0.008100 0.312831 0.022571
v -0.008218 0.312440 0.024008
v -0.006879 0.310794 0.027501
v 0.006485 0.312767 0.022749
v 0.007362 0.312408 0.024142
v 0.008340 0.312516 0.023809
v 0.018043 0.313038 0.013345
v 0.018340 0.312918 0.014602
v 0.019598 0.312607 0.015183
v 0.022684 0.313064 -0.000120
v 0.023719 0.312796 0.000599
v 0.025444 0.312403 0.000157
v 0.025495 0.312491 -0.000884
v 0.023759 0.312909 -0.001184
v 0.018558 0.313080 -0.012546
v 0.019827 0.312943 -0.012453
v 0.020854 0.312563 -0.013714
v 0.018646 0.312853 -0.013839
v 0.007780 -0.308061 -0.002589
v 0.009259 -0.308061 -0.003235
v 0.019598 -0.307724 -0.008989
v 0.020556 -0.307757 -0.001353
v 0.021483 -0.307653 -0.002380
v 0.021423 -0.307501 0.001836
v 0.016970 -0.307657 0.011095
v 0.018158 -0.307490 0.010793
v 0.007553 -0.307727 0.019153
v 0.008813 -0.307617 0.019781
v -0.001234 -0.308061 0.007715
v 0.004631 -0.307495 0.020890
v -0.005378 -0.307674 0.019761
v -0.004764 -0.307433 0.021123
v -0.004885 -0.308061 0.006528
v -0.005642 -0.308061 0.007943
v -0.008931 -0.307623 0.019741
v -0.015844 -0.307636 0.013247
v -0.015917 -0.307592 0.014406
v -0.007053 -0.308061 0.003295
v -0.017786 -0.307625 0.010781
v -0.018990 -0.307451 0.010601
v -0.016890 -0.307873 0.009439
v -0.021023 -0.307571 0.000910
v -0.007983 -0.308061 -0.000471
v -0.007778 -0.308061 -0.002363
v -0.009248 -0.308061 -0.003220
v -0.021054 -0.307637 -0.001592
v -0.015957 -0.307658 -0.012505
v -0.007630 -0.307653 -0.019058
v -0.008316 -0.307846 -0.017690
v 0.005154 -0.308061 -0.005699
v 0.003121 -0.308061 -0.007051
v 0.015968 -0.307659 -0.012491
v 0.016028 -0.307492 -0.013734
v 0.006933 -0.307679 -0.019197
v 0.008135 -0.307499 -0.019692
v -0.004813 -0.307741 -0.019985
v -0.004139 -0.307648 -0.021114
v 0.003958 -0.307811 -0.020315
v 0.003577 -0.307689 -0.021637
v 0.003165 -0.307971 -0.019154
v 0.003961 0.313551 -0.020331
v 0.003165 0.313714 -0.019154
v -0.004825 0.313481 -0.019997
v -0.008195 0.313241 -0.019617
v -0.015957 0.313401 -0.012505
v -0.016023 0.313235 -0.013742
v -0.007778 0.313805 -0.002363
v -0.007983 0.313805 -0.000471
v -0.009248 0.313805 -0.003220
v -0.018626 0.313386 -0.010260
v -0.021482 0.313396 -0.002516
v -0.007053 0.313805 0.003295
v -0.017786 0.313368 0.010781
v -0.016890 0.313617 0.009439
v -0.021037 0.313312 0.000923
v -0.021570 0.313209 0.001768
v -0.004885 0.313805 0.006528
v -0.005642 0.313805 0.007943
v -0.015844 0.313379 0.013247
v -0.015906 0.313337 0.014395
v -0.008931 0.313366 0.019740
v -0.001234 0.313805 0.007715
v -0.005378 0.313417 0.019761
v 0.005314 0.313320 0.020171
v 0.007816 0.313372 0.019454
v 0.008888 0.313332 0.019867
v 0.015828 0.313357 0.014409
v 0.016970 0.313401 0.011095
v 0.018158 0.313234 0.010793
v 0.021431 0.313242 0.001843
v 0.007780 0.313805 -0.002589
v 0.009259 0.313805 -0.003235
v 0.020571 0.313497 -0.001353
v 0.019041 0.313379 -0.009578
v 0.003121 0.313805 -0.007051
v 0.005154 0.313805 -0.005699
v 0.015963 0.313401 -0.012498
v 0.016028 0.313235 -0.013734
v 0.006936 0.313419 -0.019212
v 0.024407 -0.307249 -0.002890
v 0.026049 -0.306870 -0.002512
v 0.041406 -0.303130 -0.018882
v 0.021684 -0.306398 0.013546
v 0.025845 -0.306401 0.001729
v 0.010203 -0.307254 0.022308
v 0.010288 -0.306913 0.023788
v 0.017775 -0.307282 0.016379
v -0.005945 -0.304054 0.029679
v 0.006219 -0.306401 0.025008
v -0.019284 -0.306910 0.016949
v -0.024244 -0.306821 0.002136
v -0.026747 -0.303588 0.015970
v -0.021177 -0.307250 -0.011728
v -0.022273 -0.306873 -0.012994
v -0.024413 -0.307248 -0.002909
v -0.026047 -0.306870 -0.002523
v -0.017977 -0.306844 -0.015592
v -0.019318 -0.306474 -0.016059
v 0.009391 -0.306843 -0.022160
v 0.009433 -0.306465 -0.023627
v 0.004683 -0.307248 -0.023983
v -0.005526 -0.306877 -0.025394
v -0.004667 0.312993 -0.023981
v -0.005531 0.312616 -0.025417
v 0.004678 0.312991 -0.023993
v 0.005536 0.312620 -0.025392
v -0.018021 0.312577 -0.015626
v -0.019471 0.312179 -0.016180
v -0.024405 0.312993 -0.002904
v -0.026028 0.312619 -0.002524
v -0.024786 0.310638 0.012858
v -0.027838 0.309166 0.014837
v -0.010300 0.312655 0.023788
v -0.017661 0.313025 0.016962
v -0.030201 0.309072 0.034021
v 0.005325 0.312564 0.023616
v -0.005200 0.312505 0.023750
v 0.010206 0.312996 0.022311
v 0.010291 0.312658 0.023785
v 0.020625 0.312565 0.012247
v 0.021663 0.312149 0.013535
v 0.024410 0.312992 -0.002896
v 0.009398 0.312585 -0.022160
v 0.009433 0.312209 -0.023627
v 0.031927 -0.303997 -0.019327
v 0.033980 -0.302824 0.002529
v 0.032343 -0.303926 0.000785
v 0.055072 -0.298625 -0.004863
v 0.022079 -0.306039 0.017159
v 0.007969 -0.302832 0.033001
v 0.009093 -0.303954 0.030824
v 0.021592 -0.298621 0.050835
v -0.030212 -0.302017 0.019246
v -0.043223 -0.297809 0.036775
v -0.032343 -0.303926 0.000772
v -0.033980 -0.302824 0.002515
v -0.055069 -0.298625 -0.004886
v -0.022544 -0.305856 -0.016325
v -0.007451 -0.303134 -0.042466
v -0.008541 -0.303990 -0.036613
v 0.008499 -0.303987 -0.036628
v 0.007452 -0.303133 -0.042468
v 0.008499 0.309730 -0.036628
v -0.007719 0.311678 -0.027310
v -0.008567 0.311594 -0.026761
v -0.023390 0.311669 -0.015776
v -0.038093 0.309662 -0.003052
v -0.030783 0.307645 0.018582
v -0.043376 0.303522 0.036583
v -0.008995 0.307762 0.034750
v -0.021624 0.303541 0.052490
v 0.008516 0.311545 0.027109
v 0.025647 0.309920 0.018293
v 0.028243 0.308739 0.017903
v 0.033980 0.308567 0.002529
v 0.032343 0.309669 0.000785
v 0.055072 0.304368 -0.004863
v 0.037848 0.308879 -0.020161
v 0.031927 0.309740 -0.019327
v -0.000652 -0.308061 0.006283
v -0.005872 -0.308061 0.002322
v -0.006297 -0.308061 -0.001415
v 0.003608 -0.308061 -0.005140
v -0.006297 0.313805 -0.001415
v -0.005872 0.313805 0.002322
v -0.000652 0.313805 0.006283
v 0.003608 0.313805 -0.005140
v 0.019187 -0.307610 -0.010763
v 0.017337 -0.307422 -0.013049
v 0.021662 -0.307100 -0.012100
v 0.018916 -0.306828 -0.014956
v 0.021472 -0.306449 -0.014884
v 0.021771 -0.307596 -0.001126
v 0.022570 -0.307324 0.000491
v 0.021733 -0.307496 0.000889
v 0.024865 -0.306747 0.001141
v 0.026952 -0.306322 -0.000257
v 0.024974 -0.306991 -0.001881
v 0.017999 -0.307409 0.012151
v 0.018598 -0.307093 0.015793
v 0.020979 -0.306468 0.015697
v 0.020558 -0.306746 0.013336
v 0.007723 -0.307502 0.020694
v 0.005713 -0.307425 0.021137
v 0.006349 -0.306748 0.023886
v 0.008296 -0.306352 0.025335
v 0.009269 -0.307003 0.023087
v -0.006290 -0.307477 0.020852
v -0.007899 -0.307543 0.020472
v -0.007302 -0.307303 0.021773
v -0.009286 -0.307004 0.023092
v -0.006379 -0.305376 0.026649
v -0.017237 -0.307416 0.013910
v -0.018426 -0.307346 0.012102
v -0.020012 -0.306859 0.013994
v -0.018892 -0.307004 0.015809
v -0.022465 -0.307321 0.000660
v -0.022503 -0.307423 -0.001373
v -0.024981 -0.306989 -0.001900
v -0.026952 -0.306322 -0.000268
v -0.024872 -0.306744 0.001136
v -0.017321 -0.307420 -0.013067
v -0.018896 -0.306830 -0.014968
v -0.021470 -0.306439 -0.014932
v -0.021061 -0.307006 -0.012777
v -0.007221 -0.307477 -0.020433
v -0.005434 -0.307535 -0.021276
v -0.005676 -0.307008 -0.024190
v -0.007622 -0.306439 -0.025291
v 0.006984 -0.307487 -0.020433
v 0.004933 -0.307603 -0.021186
v 0.005691 -0.307007 -0.024194
v 0.007574 -0.306436 -0.025307
v 0.007044 0.313180 -0.020690
v 0.008460 0.312563 -0.022896
v 0.007574 0.312179 -0.025307
v 0.005684 0.312749 -0.024203
v -0.005442 0.313276 -0.021283
v -0.007383 0.313176 -0.020593
v -0.005682 0.312747 -0.024210
v -0.007633 0.312175 -0.025317
v -0.017324 0.313163 -0.013069
v -0.018572 0.313264 -0.011422
v -0.019047 0.312535 -0.015088
v -0.021621 0.312145 -0.015052
v -0.021762 0.313342 -0.001632
v -0.022476 0.313063 0.000675
v -0.024954 0.312740 -0.001900
v -0.026948 0.312102 -0.000419
v -0.018444 0.313087 0.012083
v -0.017225 0.313162 0.013899
v -0.020732 0.312472 0.013208
v -0.020814 0.312293 0.015996
v -0.007294 0.313043 0.021783
v -0.007899 0.313287 0.020472
v -0.006285 0.313218 0.020858
v -0.009284 0.312746 0.023096
v -0.007820 0.309437 0.030784
v -0.005898 0.310882 0.027222
v 0.005973 0.313071 0.021435
v 0.006364 0.312486 0.023905
v 0.008384 0.312128 0.025274
v 0.009276 0.312746 0.023089
v 0.016942 0.313232 0.013909
v 0.017999 0.313152 0.012151
v 0.020958 0.312219 0.015678
v 0.021985 0.313180 0.000898
v 0.022024 0.313281 -0.001136
v 0.026952 0.312066 -0.000257
v 0.024974 0.312735 -0.001886
v 0.018604 0.313261 -0.011379
v 0.017327 0.313164 -0.013059
v 0.021461 0.312191 -0.014896
v 0.018916 0.312572 -0.014956
v 0.019351 -0.307900 -0.000710
v 0.015760 -0.307856 0.011079
v 0.006598 -0.307883 0.018195
v -0.002343 -0.308061 0.007987
v -0.005740 -0.307876 0.018440
v -0.006946 -0.308061 0.004548
v -0.015332 -0.307793 0.012124
v -0.016192 -0.307796 0.011000
v -0.019827 -0.307769 0.000312
v -0.019843 -0.307781 -0.000945
v -0.015503 -0.307856 -0.011438
v 0.006523 -0.308061 -0.005214
v 0.015514 -0.307857 -0.011425
v 0.006028 -0.307877 -0.018332
v -0.005161 -0.307884 -0.018668
v -0.005327 0.313582 -0.018832
v -0.015503 0.313599 -0.011438
v -0.019946 0.313501 0.000296
v -0.006946 0.313805 0.004548
v -0.016192 0.313539 0.011000
v -0.015332 0.313536 0.012124
v -0.002343 0.313805 0.007987
v -0.005740 0.313619 0.018440
v 0.005640 0.313518 0.018872
v 0.006861 0.313528 0.018495
v 0.015760 0.313599 0.011080
v 0.019360 0.313641 -0.000710
v 0.006030 0.313618 -0.018341
v 0.006523 0.313805 -0.005214
v 0.015508 0.313599 -0.011431
v 0.023014 -0.307552 -0.003608
v 0.021714 -0.307690 -0.003422
v 1.558052 0.000543 -0.510704
v 0.021642 -0.307469 0.002760
v 0.019003 -0.307468 0.010270
v 0.016456 -0.307541 0.016314
v 0.010491 -0.307535 0.020867
v 0.009902 -0.307666 0.019708
v 0.959976 0.000468 1.329173
v 0.959045 -0.000338 1.328555
v 0.003911 -0.307467 0.021381
v -0.009927 -0.307671 0.019700
v -0.015562 -0.307666 0.015417
v -0.966966 -0.000088 1.323426
v -0.960405 -0.000087 1.328196
v -0.022877 -0.307176 0.002906
v -0.023026 -0.307551 -0.003623
v -0.020601 -0.307553 -0.010447
v -1.559678 -0.000342 -0.502224
v -1.560555 0.000468 -0.502914
v -0.016631 -0.307179 -0.015617
v -0.009061 -0.307515 -0.019482
v 0.015720 -0.307469 -0.014784
v 0.009221 -0.307470 -0.019643
v 0.009749 -0.307180 -0.020769
v -0.003339 -0.307692 -0.021665
v 0.003608 -0.307552 -0.022943
v -0.004131 -0.000366 -1.638617
v 0.006575 0.001456 -1.638798
v 0.006578 0.004125 -1.638793
v 0.005322 0.004051 -1.639850
v 0.371257 0.004101 -0.521098
v 0.369846 0.004068 -0.523096
v 0.003603 0.313294 -0.022954
v -0.003587 0.313296 -0.022942
v -0.369624 0.004068 -0.523253
v -0.371036 0.004101 -0.521255
v -0.004636 0.003916 -1.639907
v -0.006347 0.003993 -1.638516
v -0.009226 0.313212 -0.019646
v -0.015715 0.313212 -0.014792
v -0.016633 0.312921 -0.015619
v -1.557690 0.001045 -0.511863
v -1.556369 0.004413 -0.512572
v -1.558184 0.003920 -0.511739
v -0.380868 0.004101 -0.514114
v -0.383205 0.004068 -0.513390
v -0.019448 0.313435 -0.009812
v -0.021723 0.313435 -0.003431
v -0.023018 0.313296 -0.003618
v -1.557270 0.006106 -0.510751
v -0.611854 0.004066 0.189843
v -0.610399 0.004036 0.191824
v -0.610025 0.000818 0.191682
v -1.560904 0.001505 -0.501828
v -1.560844 0.004048 -0.501800
v -1.560227 0.004124 -0.500273
v -0.020251 0.312907 0.010726
v -0.021653 0.313210 0.002754
v -0.968064 0.003893 1.322951
v -0.968053 0.001109 1.322581
v -0.606274 0.000818 0.203234
v -0.606660 0.004036 0.203338
v -0.606674 0.004066 0.205797
v -0.015555 0.313411 0.015404
v -0.009927 0.313414 0.019700
v -0.959828 0.006083 1.328080
v -0.008522 0.004066 0.640573
v -0.006188 0.004036 0.639801
v -0.006208 0.000818 0.639401
v -0.959286 0.001112 1.329008
v -0.960240 0.003867 1.329551
v -0.004366 0.312903 0.022542
v 0.004196 0.312919 0.022594
v 0.957457 0.004013 1.329740
v 0.959051 0.001487 1.329851
v 0.005938 0.000818 0.639404
v 0.005917 0.004036 0.639803
v 0.008251 0.004066 0.640576
v 0.010493 0.313278 0.020870
v 0.009906 0.313408 0.019712
v 0.015549 0.313412 0.015423
v 0.966415 0.006108 1.323631
v 0.606593 0.004068 0.206061
v 0.606561 0.004101 0.203614
v 0.967604 0.001045 1.323687
v 0.967638 0.003920 1.324194
v 0.967866 0.004417 1.322214
v 0.020082 0.312921 0.010916
v 0.019003 0.313211 0.010270
v 0.021644 0.313212 0.002767
v 1.560409 0.001146 -0.500136
v 1.560489 0.003976 -0.499650
v 1.561223 0.003994 -0.501673
v 0.610318 0.004101 0.192058
v 0.611783 0.004068 0.190098
v 0.023004 0.313293 -0.003628
v 1.560118 0.005597 -0.502453
v 1.557537 0.005600 -0.509941
v 0.015720 0.313212 -0.014784
v 0.009756 0.312922 -0.020769
v 0.383423 0.004068 -0.513228
v 0.381086 0.004101 -0.513953
v 1.556956 0.004004 -0.511558
v 0.055194 -0.300179 -0.024401
v 0.026550 -0.301996 -0.023183
v 0.034475 -0.302213 0.003957
v 0.046417 -0.302787 -0.008567
v 1.537947 0.000028 -0.483763
v 0.033524 -0.302410 0.034096
v 0.030091 -0.302208 0.016923
v 0.006796 -0.302214 0.033946
v 0.022355 -0.302817 0.041314
v 0.936491 -0.007432 1.299662
v -0.935992 0.000033 1.312764
v -0.034435 -0.299758 0.019212
v -0.032295 -0.302818 0.033957
v -0.959691 -0.000087 1.295522
v -0.046413 -0.302787 -0.008587
v -1.525176 -0.007552 -0.489825
v -0.025128 -0.302283 -0.023091
v -0.026759 -0.301942 -0.023286
v -0.042440 -0.302790 -0.020172
v -0.006147 -0.302765 -0.046570
v -0.005450 -0.007549 -1.601894
v -0.013925 -0.301937 -0.032821
v 0.013881 -0.301934 -0.032834
v 0.014247 -0.302274 -0.031222
v 0.014247 0.308018 -0.031222
v 0.013881 0.307677 -0.032834
v 0.362698 0.013514 -0.509412
v 0.006165 0.308508 -0.046568
v 0.005509 0.013061 -1.602244
v -0.006079 0.308533 -0.046719
v -0.007176 0.308038 -0.047713
v -0.004828 0.013061 -1.602251
v -0.013925 0.307680 -0.032821
v -0.362482 0.013514 -0.509565
v -0.025281 0.307988 -0.023212
v -0.372399 0.013514 -0.502363
v -0.043036 0.308038 -0.021552
v -1.528576 0.005653 -0.512613
v -1.525318 0.013061 -0.490513
v -0.046361 0.308507 -0.008450
v -0.035968 0.307609 0.003133
v -0.034375 0.307948 0.033266
v -0.959854 0.005109 1.295822
v -0.022367 0.308558 0.041311
v -0.937048 0.013172 1.299266
v 0.007967 0.307614 0.035088
v 0.022363 0.308567 0.041306
v 0.937323 0.013064 1.299483
v 0.033524 0.308153 0.034097
v 0.029923 0.308000 0.016954
v 0.592765 0.013515 0.199187
v 0.959200 0.005773 1.295842
v 0.596559 0.013514 0.187529
v 0.047753 0.308000 -0.007653
v 1.525465 0.013143 -0.489864
v 1.522161 0.013147 -0.499713
v 0.026550 0.307740 -0.023183
v 0.372612 0.013514 -0.502205
v 1.528991 0.005131 -0.511895
v 0.002634 0.004000 -1.640803
v -0.001938 0.004000 -1.640804
v -0.373463 0.004097 -0.518999
v -0.377972 0.004097 -0.515724
v -1.561272 0.002660 -0.503039
v -1.560743 0.001135 -0.504915
v -1.559283 0.001006 -0.509444
v -1.559672 0.003980 -0.509579
v -1.561042 0.003981 -0.505065
v -0.609021 0.004029 0.194812
v -0.607300 0.004029 0.200111
v -0.608564 0.000722 0.194664
v -0.606843 0.000722 0.199962
v -0.966556 0.003918 1.325983
v -0.962905 0.003958 1.328621
v -0.002921 0.004029 0.639414
v 0.002651 0.004029 0.639415
v -0.002921 0.000722 0.638933
v 0.002650 0.000722 0.638934
v 0.962264 0.004021 1.329008
v 0.966042 0.003980 1.326276
v 0.960691 0.003204 1.330070
v 0.960205 0.002360 1.330034
v 0.961918 0.001133 1.328768
v 0.965794 0.001006 1.325948
v 0.607198 0.004097 0.200362
v 0.608921 0.004097 0.195063
v 0.373683 0.004097 -0.518840
v 0.378190 0.004097 -0.515564
v 1.558648 0.002807 -0.510814
v 1.560968 0.004434 -0.504421
v 1.559448 0.004433 -0.508850
v -0.005332 -0.260146 0.118376
v -0.941804 -0.007247 1.299678
v -0.945582 -0.007247 1.296931
v 0.068459 0.004069 -1.450669
v 0.308872 0.004078 -0.709861
v 0.014830 0.002750 -1.614892
v 0.002644 0.012854 -1.605090
v -0.001963 0.012854 -1.605091
v -0.308571 0.004078 -0.709992
v -0.067948 0.004069 -1.450622
v -0.365001 0.013358 -0.507352
v -0.369516 0.013358 -0.504074
v -1.358448 0.004163 -0.513363
v -0.579671 0.004078 -0.513114
v -1.525651 0.012986 -0.498563
v -1.527137 0.012854 -0.494127
v -0.770596 0.004078 0.074070
v -1.400621 0.004069 -0.383644
v -0.907981 0.004031 1.133509
v -0.667129 0.004078 0.392739
v -0.961031 0.002622 1.297929
v -0.945885 0.012948 1.296023
v -0.167683 0.004078 0.755769
v -0.802476 0.004102 1.216995
v -0.946375 0.002330 1.320942
v -0.945835 0.003255 1.320984
v 0.797169 0.004069 1.213855
v 0.167363 0.004078 0.755840
v 0.941310 0.012855 1.300098
v 0.945065 0.012986 1.297316
v 0.666957 0.004083 0.393025
v 0.907518 0.004184 1.133721
v 0.593506 0.013358 0.195914
v 0.595232 0.013358 0.190608
v 1.400782 0.004065 -0.383056
v 0.770565 0.004078 0.074396
v 0.365216 0.013358 -0.507198
v 0.369729 0.013358 -0.503917
v 0.579888 0.004078 -0.512869
v 1.358724 0.004035 -0.512773
v 0.019634 -0.306390 -0.016168
v 1.556347 -0.000296 -0.511253
v 0.967539 0.000133 1.321926
v 0.007279 -0.000160 0.639488
v -0.010321 -0.306829 0.024076
v -0.007549 -0.000160 0.639485
v -0.605940 -0.000160 0.204536
v -0.610519 -0.000160 0.190432
v -1.555995 0.000133 -0.512345
v 0.006461 0.006117 -1.635682
v 0.369673 0.006577 -0.521317
v -0.369452 0.006577 -0.521473
v -0.005770 0.006112 -1.635685
v -0.381566 0.006577 -0.512676
v -1.557406 0.006117 -0.499954
v -0.966811 0.005959 1.319387
v 0.956202 0.006116 1.327093
v 0.605408 0.006577 0.204722
v 1.557616 0.006122 -0.499305
v 0.610037 0.006577 0.190484
v 0.019634 0.312133 -0.016168
v 0.381783 0.006577 -0.512514
v 1.552409 0.006277 -0.510963
v -0.010198 -0.308061 0.000377
v -0.013655 -0.308051 0.001559
v 0.002386 -0.308057 -0.013912
v 0.002792 -0.308061 -0.009762
v 0.005539 -0.308054 -0.012454
v -0.005860 0.313655 -0.013405
v -0.005630 0.313608 -0.016940
v -0.013659 0.313794 0.001557
v -0.010198 0.313805 0.000377
v 0.002386 0.313800 -0.013912
v 0.002792 0.313805 -0.009762
v 0.005539 0.313797 -0.012454
v 0.019246 -0.307852 -0.006674
v -0.000466 -0.307674 0.020271
v -0.002849 -0.307397 0.021544
v -0.964456 0.005931 1.325596
v -0.959107 0.003211 1.329909
v -0.002849 0.313141 0.021544
v -0.000466 0.313417 0.020271
v 0.959290 0.003202 1.330334
v 0.019126 0.313576 -0.006801
v 0.021421 0.313288 -0.007954
v 0.773363 -0.156422 -0.259621
v 0.266449 -0.257817 -0.093853
v 0.473542 -0.152855 0.672371
v 0.797133 -0.050034 1.113841
v -0.009089 -0.155691 0.330031
v -0.006696 -0.157415 0.325592
v -0.778115 -0.004914 0.755661
v -0.902478 -0.003011 1.130750
v -0.006834 -0.259347 -0.274531
v -0.007878 -0.156418 -0.815848
v 0.006949 -0.259347 -0.274528
v 0.008219 -0.156422 -0.815845
v 0.008217 0.162159 -0.815848
v 0.006949 0.265090 -0.274528
v -0.778574 0.162159 -0.244508
v -0.263460 0.265089 -0.078198
v -0.797604 0.055777 1.113504
v -0.473826 0.158598 0.672171
v 0.112878 0.264786 0.044805
v 0.309509 0.162203 0.110054
v 0.902001 0.008746 1.131127
v 0.777796 0.010657 0.755990
v 0.266449 0.263561 -0.093853
v 0.773365 0.162160 -0.259621
v 0.263907 -0.259458 -0.086272
v 0.781968 -0.156068 -0.256980
v -0.112710 -0.259796 0.037225
v -0.308911 -0.156970 0.103916
v 0.781956 0.161803 -0.256994
v 0.263787 0.265182 -0.086399
v 0.650245 0.109229 -0.346572
v 0.729829 0.109233 -0.101532
v 0.525709 0.110380 0.502514
v 0.320487 0.110267 0.659484
v -0.315410 0.110330 0.655319
v -0.530765 0.109233 0.511124
v -0.729782 0.109229 -0.101820
v -0.646914 0.110267 -0.345154
v -0.128047 0.110267 -0.721966
v 0.128978 0.109229 -0.725466
v 0.128978 -0.103485 -0.725466
v -0.128670 -0.103485 -0.725521
v -0.646915 -0.104524 -0.345154
v -0.729786 -0.103490 -0.101841
v -0.525942 -0.104631 0.502284
v -0.322383 -0.103496 0.662584
v 0.315133 -0.104587 0.655452
v 0.527954 -0.104524 0.508817
v 0.729829 -0.103490 -0.101532
v 0.650245 -0.103485 -0.346572
v 0.193621 0.161085 -0.266378
v 0.786844 0.161077 -0.255900
v 0.313173 0.161085 0.101829
v 0.486359 0.161109 0.669713
v -0.000070 0.161118 0.329292
v -0.486647 0.161115 0.669476
v -0.312798 0.161324 0.101569
v -0.787120 0.161109 -0.255935
v -0.193508 0.161085 -0.266460
v 0.000176 0.161108 -0.827685
v 0.000175 -0.155387 -0.827666
v 0.193609 -0.155375 -0.266361
v -0.193496 -0.155375 -0.266443
v -0.787103 -0.155387 -0.255929
v -0.312464 -0.155613 0.101875
v -0.486642 -0.155366 0.669507
v -0.000081 -0.155380 0.329279
v 0.486348 -0.155388 0.669698
v 0.313154 -0.155375 0.101823
v 0.786858 -0.155338 -0.255885
v 0.009403 0.313794 -0.012933
v 0.015655 0.313797 -0.005124
v 0.015186 0.313794 0.004901
v 0.009688 0.313799 0.013309
v -0.000012 0.313793 0.015925
v -0.009703 0.313799 0.013318
v -0.015191 0.313795 0.004909
v -0.015679 0.313799 -0.005129
v -0.009395 0.313789 -0.012946
v -0.000028 0.313800 -0.016506
v -0.000028 -0.308057 -0.016506
v 0.009403 -0.308051 -0.012933
v -0.009372 -0.308051 -0.012923
v -0.015679 -0.308056 -0.005129
v -0.015191 -0.308051 0.004909
v -0.009703 -0.308056 0.013318
v -0.000012 -0.308050 0.015925
v 0.009688 -0.308056 0.013309
v 0.015186 -0.308051 0.004901
v 0.015655 -0.308054 -0.005124
v 0.966449 0.006316 -0.512089
v 0.201065 0.160286 -0.264080
v 0.783518 0.160628 -0.261586
v 1.082936 0.006320 -0.153299
v 0.787139 0.160878 -0.248620
v 0.316771 0.160863 0.095219
v 0.784525 0.007158 0.761266
v 0.311872 0.160952 0.109393
v 0.491634 0.160313 0.664786
v 0.480442 0.006320 0.982561
v 0.479688 0.160880 0.671779
v 0.007322 0.160673 0.331096
v -0.481219 0.006791 0.981677
v -0.007489 0.161008 0.330413
v -0.479968 0.159945 0.673320
v -0.785996 0.006316 0.760572
v -0.491847 0.160515 0.665384
v -0.313351 0.160295 0.109519
v -1.082871 0.006320 -0.153757
v -0.317197 0.160673 0.095213
v -0.785944 0.161011 -0.248295
v -0.966225 0.006332 -0.512500
v -0.782933 0.160895 -0.261525
v -0.200536 0.160658 -0.263557
v -0.188393 0.006320 -1.077385
v -0.188574 0.160659 -0.272244
v -0.006432 0.160879 -0.825442
v 0.188849 0.006320 -1.077306
v 0.006951 0.161011 -0.824082
v 0.188687 0.160659 -0.272165
v 0.188849 -0.000585 -1.077306
v 0.006955 -0.155285 -0.824075
v 0.188681 -0.154932 -0.272157
v -0.188393 -0.000585 -1.077385
v -0.188568 -0.154933 -0.272236
v -0.006620 -0.155273 -0.824077
v -0.966220 -0.000585 -0.512512
v -0.782933 -0.155152 -0.261525
v -0.200525 -0.154933 -0.263545
v -1.082871 -0.000585 -0.153757
v -0.316802 -0.155137 0.095082
v -0.787032 -0.155139 -0.248934
v -0.784846 -0.001423 0.760934
v -0.491927 -0.154566 0.664578
v -0.313317 -0.154557 0.109555
v -0.480869 -0.000597 0.982350
v -0.007955 -0.155502 0.329865
v -0.481150 -0.154779 0.673170
v 0.480804 -0.001056 0.981881
v 0.479683 -0.154201 0.673523
v 0.007326 -0.155137 0.330679
v 0.785685 -0.000585 0.760888
v 0.312578 -0.154930 0.109408
v 0.490374 -0.155156 0.663999
v 1.082932 -0.000597 -0.153312
v 0.787134 -0.155151 -0.248614
v 0.316762 -0.155137 0.095216
v 0.966437 -0.000585 -0.512103
v 0.201059 -0.154559 -0.264072
v 0.783510 -0.154901 -0.261588
v 0.012755 0.313203 -0.017559
v 0.020227 0.313443 -0.007404
v 0.020649 0.313203 0.006700
v 0.012955 0.313543 0.017833
v -0.000135 0.006226 0.638569
v -0.000313 0.313176 0.021572
v -0.964647 0.005459 1.326364
v -0.012966 0.313543 0.017825
v -0.020646 0.313205 0.006687
v -0.607357 0.006226 0.197200
v -0.020956 0.313545 -0.006818
v -0.012747 0.313203 -0.017565
v 0.000011 0.313545 -0.022035
v 0.000334 -0.000128 -1.640125
v 0.000011 -0.307802 -0.022035
v 0.375451 -0.000490 -0.516534
v 0.012755 -0.307460 -0.017559
v -0.375232 -0.000490 -0.516693
v -0.012744 -0.307461 -0.017562
v -0.020956 -0.307801 -0.006818
v -0.020631 -0.307463 0.006700
v -0.012963 -0.307800 0.017827
v -0.000313 -0.307432 0.021572
v 0.012955 -0.307800 0.017832
v 0.607274 -0.000490 0.197457
v 0.020649 -0.307460 0.006700
v 1.559947 -0.000144 -0.506512
v 0.020597 -0.307759 -0.007014
v 0.011307 0.313798 -0.007975
v 0.003908 0.313799 -0.013053
v 0.013794 0.313799 -0.000244
v 0.011046 0.313798 0.008242
v 0.004462 0.313795 0.013043
v -0.004488 0.313799 0.013036
v -0.011057 0.313796 0.008251
v -0.013699 0.313795 0.000082
v -0.011285 0.313798 -0.007980
v -0.004429 0.313700 -0.013589
v -0.004072 -0.308055 -0.013236
v 0.003908 -0.308056 -0.013053
v 0.011307 -0.308055 -0.007975
v -0.011285 -0.308055 -0.007980
v -0.013691 -0.308052 0.000087
v -0.011057 -0.308052 0.008251
v -0.004488 -0.308055 0.013036
v 0.004453 -0.308055 0.013033
v 0.011046 -0.308055 0.008242
v 0.013794 -0.308056 -0.000244
v 0.382322 0.006030 -0.512785
v 0.610632 0.006030 0.190387
v 1.558834 0.005641 -0.499572
v 0.605831 0.006030 0.205151
v 0.007166 0.006279 0.639303
v 0.956829 0.005644 1.328165
v -0.007436 0.006279 0.639300
v -0.605799 0.006279 0.204371
v -0.967028 0.006135 1.320611
v -1.558611 0.005658 -0.500215
v -0.610308 0.006279 0.190483
v -0.382105 0.006030 -0.512946
v -0.005892 0.005639 -1.636921
v -0.369543 0.006030 -0.522069
v 0.369764 0.006030 -0.521912
v 0.006571 0.005658 -1.636919
v 0.369976 -0.000544 -0.521419
v 0.006295 -0.000136 -1.637410
v -0.369755 -0.000544 -0.521576
v -0.381570 -0.000544 -0.512995
v -1.554540 -0.000402 -0.512155
v -0.610427 -0.000795 0.190039
v -0.605635 -0.000795 0.204800
v -0.007895 -0.000795 0.639276
v 0.007625 -0.000795 0.639279
v 0.966909 -0.000402 1.320600
v 0.605713 -0.000544 0.204627
v 0.610228 -0.000544 0.190741
v 1.554780 -0.000474 -0.511423
v 0.381787 -0.000544 -0.512834
v 0.005916 0.313805 -0.000214
v 0.004798 0.313805 0.003335
v 0.001850 0.313805 0.005477
v -0.004777 0.313805 -0.003609
v -0.001787 0.313805 -0.005786
v -0.001787 -0.308061 -0.005786
v -0.004777 -0.308061 -0.003609
v 0.001850 -0.308061 0.005477
v 0.004798 -0.308061 0.003335
v 0.005916 -0.308061 -0.000214
v 0.948627 0.012763 -0.503140
v 0.224958 0.157587 -0.267925
v 0.774931 0.157829 -0.267090
v 1.063257 0.012764 -0.150090
v 0.785325 0.157696 -0.239722
v 0.339065 0.157797 0.084525
v 0.754280 0.018543 0.723202
v 0.323614 0.157887 0.131158
v 0.487193 0.157884 0.635275
v 0.471309 0.012764 0.964838
v 0.469605 0.158390 0.670634
v 0.023296 0.158278 0.346837
v -0.454372 0.018184 0.941146
v -0.024538 0.157592 0.348993
v -0.453273 0.157521 0.659977
v -0.771972 0.012764 0.746393
v -0.494437 0.157697 0.655537
v -0.324387 0.157592 0.131042
v -1.063194 0.012764 -0.150539
v -0.339492 0.157587 0.084530
v -0.784133 0.157829 -0.239394
v -0.948414 0.012764 -0.503541
v -0.774107 0.158390 -0.266519
v -0.222712 0.158277 -0.266895
v -0.185373 0.012764 -1.057677
v -0.184884 0.158277 -0.294369
v -0.013913 0.158389 -0.818590
v 0.185821 0.012764 -1.057598
v 0.014856 0.157829 -0.819607
v 0.185419 0.157587 -0.296669
v 0.185821 -0.007021 -1.057598
v 0.014856 -0.152087 -0.819607
v 0.185419 -0.151845 -0.296669
v -0.185373 -0.007021 -1.057676
v -0.185293 -0.151845 -0.296747
v -0.014509 -0.152086 -0.819613
v -0.948414 -0.007021 -0.503542
v -0.774107 -0.152647 -0.266519
v -0.222711 -0.152535 -0.266894
v -1.063194 -0.007021 -0.150540
v -0.339100 -0.152054 0.084382
v -0.785223 -0.151953 -0.240053
v -0.754586 -0.012800 0.722882
v -0.487482 -0.152136 0.635063
v -0.324383 -0.151850 0.131046
v -0.471717 -0.007021 0.964637
v -0.024717 -0.151944 0.348789
v -0.470961 -0.151959 0.672598
v 0.453973 -0.012441 0.941339
v 0.452994 -0.151778 0.660169
v 0.024387 -0.152054 0.348589
v 0.771657 -0.007021 0.746719
v 0.322603 -0.152535 0.129471
v 0.492412 -0.152648 0.654067
v 1.063257 -0.007021 -0.150090
v 0.785325 -0.151954 -0.239722
v 0.339064 -0.152054 0.084525
v 0.948626 -0.007021 -0.503141
v 0.224958 -0.151845 -0.267925
v 0.774930 -0.152087 -0.267090
v 0.969125 0.001491 -0.512887
v 0.969136 0.004073 -0.512873
v 0.367444 0.013355 -0.505519
v 0.190083 0.160941 -0.269596
v 0.020746 0.306940 -0.028543
v 0.198217 0.160562 -0.264619
v 1.526581 0.013341 -0.495677
v 0.787813 0.161076 -0.251498
v 0.050733 0.307533 -0.017429
v 0.786823 0.160637 -0.260224
v 1.085568 0.001479 -0.154256
v 1.085571 0.004077 -0.154243
v 0.594324 0.013355 0.193247
v 0.312186 0.160944 0.106515
v 0.033564 0.306940 0.010908
v 0.315144 0.160940 0.097469
v 0.787261 0.001491 0.763201
v 0.787234 0.004105 0.763219
v 0.943399 0.012858 1.299036
v 0.482634 0.161068 0.671558
v 0.031800 0.307651 0.043785
v 0.489261 0.161084 0.666730
v 0.482153 0.001491 0.984776
v 0.482153 0.004078 0.984776
v -0.000132 0.014159 0.624476
v -0.004827 0.161304 0.329146
v -0.000019 0.306939 0.035289
v 0.004685 0.160973 0.329818
v -0.955259 0.002866 1.327525
v -0.483787 0.001479 0.985432
v -0.483765 0.004080 0.985439
v -0.944011 0.013065 1.297920
v -0.490751 0.160696 0.668113
v -0.031837 0.307647 0.043760
v -0.482880 0.161068 0.671363
v -0.787551 0.001464 0.762902
v -0.787568 0.004073 0.762899
v -0.312555 0.160799 0.106512
v -0.033148 0.307155 0.010756
v -0.315166 0.160973 0.097330
v -0.593953 0.014159 0.192848
v -1.085506 0.001491 -0.154702
v -1.085506 0.004078 -0.154702
v -0.787727 0.161064 -0.251810
v -1.526772 0.012858 -0.496448
v -0.785181 0.161083 -0.259617
v -0.051465 0.307650 -0.016734
v -0.968907 0.001491 -0.513297
v -0.968912 0.004089 -0.513285
v -0.367230 0.013355 -0.505674
v -0.189969 0.160941 -0.269676
v -0.020733 0.306940 -0.028552
v -0.197659 0.160941 -0.264084
v -0.188309 0.001491 -1.080183
v -0.188309 0.004078 -1.080183
v 0.000341 0.012844 -1.605461
v 0.004281 0.161064 -0.826978
v 0.000012 0.307650 -0.054119
v -0.003923 0.161067 -0.826990
v 0.188754 0.001491 -1.080112
v 0.188754 0.004078 -1.080112
v 0.000327 -0.007675 -1.605017
v -0.003947 -0.155337 -0.826963
v 0.000012 -0.301907 -0.054119
v 0.004285 -0.155348 -0.826962
v 0.367165 -0.008416 -0.505134
v 0.198205 -0.154851 -0.264604
v 0.020746 -0.301197 -0.028543
v 0.190071 -0.155230 -0.269580
v -0.366951 -0.008416 -0.505289
v -0.197647 -0.155230 -0.264068
v -0.020733 -0.301197 -0.028552
v -0.189957 -0.155230 -0.269660
v -1.526381 -0.007628 -0.496287
v -0.787719 -0.155339 -0.251800
v -0.051465 -0.301907 -0.016734
v -0.785172 -0.155351 -0.259614
v -0.593952 -0.008367 0.192866
v -0.312199 -0.155092 0.106843
v -0.032810 -0.301444 0.011065
v -0.315153 -0.155231 0.097342
v -0.943934 -0.007140 1.298636
v -0.484094 -0.154961 0.672973
v -0.031819 -0.301908 0.043771
v -0.489545 -0.155341 0.666523
v -0.000133 -0.008366 0.624490
v 0.004685 -0.155229 0.329818
v -0.000021 -0.301197 0.035286
v -0.005134 -0.155712 0.328781
v 0.943125 -0.007628 1.298713
v 0.489256 -0.155353 0.666722
v 0.031800 -0.301908 0.043785
v 0.482596 -0.155325 0.671568
v 0.593871 -0.008416 0.193099
v 0.315125 -0.155229 0.097463
v 0.033564 -0.301197 0.010908
v 0.312179 -0.155229 0.106505
v 1.526551 -0.007685 -0.495668
v 0.786819 -0.154910 -0.260223
v 0.051102 -0.301849 -0.017038
v 0.787808 -0.155349 -0.251491
v 1.560331 0.004520 -0.506632
v 1.560741 0.001591 -0.506783
v 0.375931 0.001507 -0.517194
v 0.375908 0.004097 -0.517163
v 0.011266 0.313636 -0.015521
v 0.010047 0.313798 -0.010303
v 0.006898 0.313798 -0.012467
v 0.018114 0.313690 -0.006205
v 0.014535 0.313800 -0.002876
v 0.013424 0.313800 -0.006274
v 0.018251 0.313636 0.005907
v 0.012872 0.313798 0.006337
v 0.014170 0.313798 0.002362
v 0.011423 0.313730 0.015713
v 0.007172 0.313799 0.012930
v 0.010104 0.313799 0.010792
v -0.000312 0.313613 0.019019
v -0.002095 0.313798 0.014177
v 0.002089 0.313797 0.014190
v -0.011430 0.313730 0.015708
v -0.010097 0.313799 0.010802
v -0.007201 0.313799 0.012924
v -0.018224 0.313641 0.005899
v -0.012895 0.313799 0.006325
v -0.014049 0.313797 0.002715
v -0.018472 0.313731 -0.006018
v -0.013429 0.313800 -0.006285
v -0.014530 0.313800 -0.002870
v -0.011265 0.313635 -0.015520
v -0.007033 0.313700 -0.013110
v -0.010029 0.313798 -0.010302
v -0.001820 0.313796 -0.014761
v 0.001402 0.313802 -0.014834
v 0.000010 0.313735 -0.019400
v 0.608050 0.001507 0.197710
v 0.608013 0.004097 0.197698
v 0.963969 0.001032 1.327428
v 0.960091 0.002861 1.330285
v 0.964231 0.004006 1.327744
v -0.000135 0.000726 0.638885
v -0.000135 0.004029 0.639366
v -0.964796 0.001515 1.327337
v -0.964833 0.003971 1.327383
v -0.607657 0.000726 0.197298
v -0.608114 0.004029 0.197446
v -1.560499 0.004002 -0.507398
v -1.560121 0.001030 -0.507258
v -0.375689 0.004097 -0.517322
v -0.375712 0.001507 -0.517353
v 0.000348 0.004021 -1.640944
v 0.000347 0.001574 -1.640992
v 0.000010 -0.307991 -0.019400
v -0.001807 -0.308056 -0.014747
v 0.001402 -0.308059 -0.014834
v 0.011266 -0.307893 -0.015521
v 0.010047 -0.308054 -0.010303
v 0.006898 -0.308054 -0.012467
v -0.011244 -0.307898 -0.015499
v -0.010029 -0.308054 -0.010302
v -0.006674 -0.308056 -0.012755
v -0.018472 -0.307988 -0.006018
v -0.014532 -0.308056 -0.002869
v -0.013429 -0.308056 -0.006285
v -0.018224 -0.307898 0.005899
v -0.012895 -0.308056 0.006325
v -0.014048 -0.308054 0.002715
v -0.011430 -0.307987 0.015708
v -0.007201 -0.308056 0.012924
v -0.010097 -0.308055 0.010802
v -0.000312 -0.307869 0.019019
v 0.002088 -0.308054 0.014188
v -0.002095 -0.308055 0.014177
v 0.011423 -0.307987 0.015713
v 0.010104 -0.308056 0.010792
v 0.007171 -0.308056 0.012929
v 0.018251 -0.307893 0.005907
v 0.014170 -0.308055 0.002362
v 0.012872 -0.308054 0.006337
v 0.018129 -0.307949 -0.006190
v 0.013424 -0.308056 -0.006274
v 0.014535 -0.308056 -0.002876
v 1.526579 0.006083 -0.511586
v 0.408420 0.006304 -0.512210
v 0.373709 0.013848 -0.501581
v 0.027962 0.305729 -0.026861
v 1.519517 0.013457 -0.500027
v 0.066930 0.303313 -0.028994
v 0.631414 0.006304 0.174590
v 1.536048 0.006119 -0.482394
v 1.523581 0.013441 -0.488093
v 0.070453 0.303647 -0.015790
v 0.597080 0.013848 0.186379
v 0.043633 0.303411 0.006324
v 0.957193 0.007269 1.294174
v 0.613332 0.006319 0.230159
v 0.592501 0.013852 0.200426
v 0.038485 0.303532 0.020558
v 0.946422 0.013233 1.291469
v 0.047291 0.303749 0.054023
v 0.029060 0.006316 0.654451
v 0.933449 0.006119 1.311801
v 0.935021 0.013432 1.298189
v 0.036694 0.303679 0.061970
v 0.007233 0.014241 0.625212
v 0.007388 0.303083 0.044087
v -0.934393 0.006603 1.310769
v -0.029337 0.006316 0.654438
v -0.007497 0.014241 0.625209
v -0.935145 0.012572 1.299684
v -0.036686 0.303651 0.061988
v -0.613440 0.006316 0.229874
v -0.958896 0.006046 1.293545
v -0.945675 0.013812 1.290208
v -0.039944 0.306146 0.042871
v -0.592377 0.014241 0.200080
v -0.040683 0.302517 0.020988
v -1.535844 0.006119 -0.483043
v -0.631473 0.006316 0.174332
v -0.044288 0.303082 0.006515
v -0.596925 0.014241 0.186070
v -0.068761 0.303883 -0.014900
v -1.523378 0.013429 -0.488724
v -0.408203 0.006304 -0.512382
v -1.526203 0.006459 -0.512276
v -1.519169 0.013828 -0.500711
v -0.066190 0.303654 -0.028490
v -0.373497 0.013848 -0.501739
v -0.031753 0.303113 -0.031123
v -0.015199 0.006119 -1.609943
v -0.360931 0.006304 -0.546712
v -0.361549 0.013848 -0.510416
v -0.019781 0.303141 -0.039794
v -0.005931 0.013431 -1.599851
v -0.006623 0.303654 -0.071838
v 0.361163 0.006304 -0.546559
v 0.015869 0.006119 -1.609946
v 0.006616 0.013429 -1.599837
v 0.006871 0.303886 -0.069781
v 0.361765 0.013848 -0.510263
v 0.019749 0.303138 -0.039801
v 0.361167 -0.000580 -0.546543
v 0.015863 -0.000395 -1.609956
v 0.006696 -0.008071 -1.599684
v 0.006871 -0.298143 -0.069781
v 0.361639 -0.008498 -0.510058
v 0.019749 -0.297395 -0.039801
v -0.015220 -0.000446 -1.609797
v -0.360935 -0.000580 -0.546695
v -0.361423 -0.008498 -0.510211
v -0.019781 -0.297397 -0.039794
v -0.006407 -0.007813 -1.599513
v -0.006845 -0.298143 -0.069783
v -0.408186 -0.000580 -0.512381
v -1.526222 -0.000407 -0.512604
v -1.519325 -0.008076 -0.500707
v -0.066190 -0.297911 -0.028489
v -0.373342 -0.008498 -0.501556
v -0.031626 -0.297402 -0.031022
v -1.535711 -0.000446 -0.482978
v -0.631474 -0.000592 0.174319
v -0.596934 -0.008498 0.186056
v -0.043635 -0.297667 0.006306
v -1.523215 -0.007817 -0.488192
v -0.070447 -0.297904 -0.015820
v -0.613416 -0.000607 0.229895
v -0.957732 -0.001533 1.293773
v -0.946964 -0.007491 1.291062
v -0.047562 -0.297925 0.054019
v -0.592375 -0.008498 0.200097
v -0.040194 -0.296870 0.021551
v -0.934177 -0.000722 1.311117
v -0.029349 -0.000592 0.654435
v -0.007533 -0.008508 0.625190
v -0.935267 -0.008085 1.297627
v -0.029335 -0.300564 0.050853
v 0.029072 -0.000592 0.654447
v 0.933837 -0.000864 1.311164
v 0.934594 -0.006830 1.300080
v 0.036661 -0.297909 0.062001
v 0.007249 -0.008498 0.625216
v 0.007390 -0.297669 0.043400
v 0.958597 -0.000407 1.293526
v 0.613342 -0.000580 0.230133
v 0.592292 -0.008498 0.200331
v 0.039564 -0.297339 0.020631
v 0.945152 -0.008076 1.290637
v 0.047291 -0.298005 0.054023
v 0.631400 -0.000580 0.174599
v 1.535831 -0.000724 -0.482640
v 1.523338 -0.008095 -0.487859
v 0.070453 -0.297904 -0.015790
v 0.596847 -0.008498 0.186322
v 0.043633 -0.297667 0.006324
v 1.526457 -0.000408 -0.511954
v 0.408403 -0.000580 -0.512208
v 0.373554 -0.008498 -0.501398
v 0.027962 -0.299985 -0.026861
v 1.519505 -0.008081 -0.500064
v 0.066933 -0.297570 -0.028990
v 0.382248 0.004068 -0.513552
v 0.382232 0.001501 -0.513559
v 0.009810 0.313123 -0.019890
v 0.015813 0.313123 -0.015431
v 0.022103 0.313421 -0.003917
v 0.611023 0.004068 0.191051
v 0.611014 0.001501 0.191066
v 1.561100 0.003923 -0.500728
v 1.561108 0.001374 -0.501123
v 0.022021 0.313122 0.003229
v 0.019622 0.313122 0.010197
v 0.967858 0.004171 1.323408
v 0.968065 0.001268 1.322923
v 0.606540 0.001501 0.204826
v 0.606538 0.004068 0.204843
v 0.966934 0.005548 1.324010
v 0.015639 0.313410 0.016083
v 0.010490 0.313407 0.019948
v 0.007099 0.004050 0.640141
v 0.007114 0.001109 0.639920
v 0.958360 0.001229 1.329827
v 0.958674 0.004047 1.329986
v 0.004591 0.006240 0.638757
v -0.004861 0.006240 0.638755
v 0.003633 0.313120 0.021890
v -0.004114 0.313086 0.021710
v -0.959268 0.004041 1.329625
v -0.007385 0.001109 0.639917
v -0.007370 0.004050 0.640138
v -0.960584 0.005479 1.328691
v -0.010513 0.313412 0.019938
v -0.015667 0.313404 0.016059
v -0.606617 0.004050 0.204567
v -0.606401 0.001109 0.204512
v -0.022024 0.313122 0.003218
v -0.019645 0.313119 0.010206
v -0.606075 0.006240 0.201753
v -0.608994 0.006240 0.192763
v -1.560579 0.004379 -0.501072
v -1.560676 0.001233 -0.501177
v -0.610879 0.001109 0.190722
v -0.611085 0.004050 0.190804
v -1.557791 0.005547 -0.511127
v -0.022140 0.313427 -0.003892
v -0.020097 0.313427 -0.009759
v -0.382030 0.004068 -0.513713
v -0.382015 0.001501 -0.513721
v -1.557504 0.004171 -0.512192
v -1.557106 0.001268 -0.512537
v -0.015806 0.313123 -0.015438
v -0.009803 0.313123 -0.019893
v -0.005505 0.003925 -1.639438
v -0.005439 0.001651 -1.639544
v -0.370295 0.004068 -0.522236
v -0.370307 0.001501 -0.522223
v -0.003072 0.313427 -0.022213
v 0.003118 0.313426 -0.022208
v 0.370528 0.001501 -0.522066
v 0.370517 0.004068 -0.522079
v 0.005991 0.004379 -1.639328
v 0.005976 0.001241 -1.639379
v 0.004261 -0.000090 -1.639496
v -0.003875 0.000238 -1.639555
v 0.003120 -0.307683 -0.022204
v -0.003072 -0.307683 -0.022213
v 0.379383 -0.000505 -0.513906
v 0.371738 -0.000505 -0.519463
v 0.009807 -0.307380 -0.019889
v 0.015813 -0.307379 -0.015431
v -0.371518 -0.000505 -0.519621
v -0.379165 -0.000505 -0.514067
v -0.009775 -0.307387 -0.019866
v -0.015806 -0.307379 -0.015438
v -1.560324 0.000188 -0.502261
v -0.020097 -0.307683 -0.009759
v -0.022142 -0.307683 -0.003894
v -0.022023 -0.307379 0.003219
v -0.019613 -0.307379 0.010236
v -0.015647 -0.307666 0.016077
v -0.010513 -0.307669 0.019938
v -0.004116 -0.307344 0.021708
v 0.003632 -0.307377 0.021889
v 0.959282 0.000188 1.329155
v 0.010489 -0.307664 0.019947
v 0.015624 -0.307668 0.016069
v 0.608912 -0.000505 0.193021
v 0.605990 -0.000505 0.202009
v 0.019622 -0.307379 0.010196
v 0.022020 -0.307380 0.003226
v 1.560636 -0.000040 -0.502615
v 1.557823 -0.000197 -0.510367
v 0.022123 -0.307681 -0.003892
v 0.015480 0.313666 -0.010690
v 0.007314 0.313805 -0.004935
v 0.002178 0.313805 -0.008186
v 0.005305 0.313684 -0.018064
v 0.018835 0.313691 -0.000117
v 0.008170 0.313805 -0.000205
v 0.015021 0.313666 0.011321
v 0.006599 0.313805 0.004801
v 0.006099 0.313599 0.018133
v 0.002628 0.313805 0.007709
v -0.006185 0.313682 0.017780
v -0.003108 0.313805 0.008173
v -0.015284 0.313608 0.011310
v -0.006864 0.313805 0.005348
v -0.019651 0.313567 -0.000476
v -0.008439 0.313805 0.000513
v -0.015475 0.313666 -0.010697
v -0.006671 0.313805 -0.004823
v -0.006104 0.313544 -0.018489
v -0.002447 0.313801 -0.007929
v -0.005633 -0.307931 -0.018023
v -0.002434 -0.308061 -0.007915
v 0.005305 -0.307942 -0.018060
v 0.002178 -0.308061 -0.008186
v 0.015483 -0.307923 -0.010688
v 0.007314 -0.308061 -0.004935
v -0.015475 -0.307923 -0.010697
v -0.006671 -0.308061 -0.004823
v -0.019231 -0.307851 -0.000297
v -0.008439 -0.308061 0.000513
v -0.015284 -0.307864 0.011310
v -0.006864 -0.308061 0.005348
v -0.006185 -0.307938 0.017780
v -0.003108 -0.308061 0.008173
v 0.005881 -0.307937 0.017884
v 0.002628 -0.308061 0.007709
v 0.015021 -0.307923 0.011321
v 0.006599 -0.308061 0.004801
v 0.018832 -0.307949 -0.000117
v 0.008170 -0.308061 -0.000205
v 0.018766 0.312454 -0.015501
v -0.007196 0.313187 0.021073
v -0.021884 0.313296 -0.001200
v 0.005466 -0.307534 -0.021172
v 0.006672 -0.307462 -0.020744
v -0.009926 -0.307048 0.023102
v -0.007197 -0.307444 0.021071
v 0.021965 -0.307465 0.000471
v 0.021990 -0.307535 -0.000785
v 0.018766 -0.306711 -0.015501
v 0.005063 0.313805 -0.001887
v 0.002967 0.313805 -0.004284
v 0.000043 0.313805 -0.005519
v 0.005037 0.313805 0.001431
v 0.003195 0.313805 0.004188
v -0.000428 0.313805 0.005004
v -0.003166 0.313805 0.004105
v -0.004774 0.313805 0.001745
v -0.005033 0.313805 -0.001423
v -0.003085 0.313805 -0.004459
v -0.003085 -0.308061 -0.004459
v 0.000043 -0.308061 -0.005519
v 0.002967 -0.308061 -0.004284
v 0.005063 -0.308061 -0.001887
v -0.005033 -0.308061 -0.001423
v -0.004774 -0.308061 0.001745
v -0.003166 -0.308061 0.004105
v -0.000428 -0.308061 0.005004
v 0.003195 -0.308061 0.004188
v 0.005037 -0.308061 0.001431
v 1.490182 0.014010 -0.500591
v 0.399916 0.014205 -0.500868
v 0.078209 0.293372 -0.046437
v 0.027703 0.309612 -0.019856
v 0.025876 0.311157 -0.016692
v 0.617870 0.014205 0.170408
v 1.500064 0.014009 -0.470301
v 0.091905 0.293467 -0.009492
v 0.035897 0.309719 -0.002030
v 0.029426 0.310981 0.000463
v 0.599905 0.014224 0.225580
v 0.068304 0.293589 0.061858
v 0.027042 0.309930 0.022705
v 0.023201 0.311191 0.016767
v 0.028864 0.014221 0.640278
v 0.910828 0.014009 1.281314
v 0.036029 0.301602 0.066896
v 0.012558 0.301408 0.050634
v 0.013141 0.310561 0.031714
v 0.008488 0.310253 0.029938
v 0.008732 0.311810 0.026333
v -0.029135 0.014221 0.640266
v -0.037442 0.293140 0.085089
v -0.012908 0.309422 0.034017
v -0.008103 0.303686 0.042775
v -0.600021 0.014221 0.225308
v -0.937130 0.014021 1.262205
v -0.069381 0.293155 0.061854
v -0.028750 0.309337 0.022212
v -1.499862 0.014006 -0.470922
v -0.617932 0.014221 0.170144
v -0.090868 0.293368 -0.008377
v -0.034837 0.309541 -0.000179
v -0.031593 0.311092 -0.001608
v -0.399704 0.014205 -0.501038
v -1.489972 0.014044 -0.501222
v -0.068474 0.301589 -0.032740
v -0.039915 0.301398 -0.033373
v -0.029351 0.310527 -0.017664
v -0.024338 0.310271 -0.018847
v -0.022502 0.311807 -0.015716
v -0.015596 0.014009 -1.571983
v -0.352773 0.014205 -0.535119
v -0.019330 0.301399 -0.048379
v -0.009891 0.301589 -0.075346
v -0.010345 0.310298 -0.029034
v -0.007673 0.310529 -0.033542
v -0.007949 0.311834 -0.026389
v 0.353000 0.014205 -0.534970
v 0.016270 0.014006 -1.571965
v 0.019980 0.293371 -0.088830
v 0.010303 0.309597 -0.032742
v 0.007871 0.311149 -0.030059
v 0.352995 -0.008478 -0.534962
v 0.016274 -0.008279 -1.571959
v 0.019980 -0.287628 -0.088830
v 0.010303 -0.303854 -0.032742
v 0.007871 -0.305406 -0.030059
v -0.015631 -0.008275 -1.571928
v -0.352768 -0.008478 -0.535111
v -0.019945 -0.287628 -0.088837
v -0.010338 -0.303856 -0.032730
v -0.007906 -0.305409 -0.030046
v -0.399697 -0.008478 -0.501030
v -1.490005 -0.008282 -0.501236
v -0.068473 -0.295845 -0.032739
v -0.039908 -0.295656 -0.033367
v -0.029344 -0.304786 -0.017658
v -0.024211 -0.304560 -0.018746
v -0.022376 -0.306096 -0.015615
v -1.499831 -0.008279 -0.470896
v -0.617932 -0.008478 0.170144
v -0.091900 -0.287724 -0.009531
v -0.035896 -0.303976 -0.002045
v -0.029426 -0.305238 0.000450
v -0.600004 -0.008493 0.225319
v -0.069354 -0.287417 0.061888
v -0.028315 -0.303680 0.022765
v -0.911344 -0.008301 1.280895
v -0.029143 -0.008482 0.640257
v -0.037684 -0.287537 0.084816
v -0.013153 -0.303821 0.033699
v -0.008710 -0.298252 0.042057
v 0.028865 -0.008478 0.640278
v 0.037401 -0.287704 0.084482
v 0.012909 -0.303996 0.033376
v 0.008467 -0.305262 0.027950
v 0.936606 -0.008282 1.262585
v 0.599926 -0.008478 0.225562
v 0.044145 -0.295663 0.027615
v 0.052336 -0.295861 0.054966
v 0.025652 -0.304511 0.017309
v 0.025703 -0.304886 0.022277
v 0.021890 -0.306134 0.016388
v 0.617860 -0.008478 0.170406
v 1.500023 -0.008301 -0.470287
v 0.091905 -0.287724 -0.009492
v 0.035897 -0.303976 -0.002030
v 0.029426 -0.305238 0.000463
v 1.490201 -0.008279 -0.500609
v 0.399909 -0.008478 -0.500861
v 0.078209 -0.287628 -0.046437
v 0.027703 -0.303869 -0.019856
v 0.025879 -0.305414 -0.016689
v 1.530610 0.003967 -0.512339
v 1.530360 0.001513 -0.512669
v 0.408902 0.001494 -0.512985
v 0.408903 0.004075 -0.512985
v 0.371386 0.013379 -0.502881
v 0.363719 0.013379 -0.508455
v 0.020904 0.303589 -0.037203
v 0.012330 0.311385 -0.023571
v 0.011094 0.310947 -0.025916
v 0.009854 0.312695 -0.021551
v 0.009068 0.312460 -0.022875
v 0.018547 0.311385 -0.018886
v 0.029583 0.303007 -0.032196
v 0.017324 0.312695 -0.015874
v 1.524128 0.013155 -0.499061
v 1.526615 0.013157 -0.491509
v 0.068348 0.304397 -0.017641
v 0.029706 0.312091 -0.006227
v 0.031851 0.311500 -0.004404
v 0.023867 0.313154 -0.003484
v 0.025147 0.312779 -0.002405
v 0.067977 0.303553 -0.027889
v 0.026656 0.311763 -0.014027
v 0.632260 0.004075 0.174934
v 0.632260 0.001494 0.174935
v 1.539538 0.001240 -0.484360
v 1.539613 0.004032 -0.484054
v 0.595964 0.013379 0.188796
v 0.593033 0.013380 0.197811
v 0.038720 0.303586 0.017808
v 0.023767 0.311385 0.011801
v 0.024313 0.310900 0.014464
v 0.020587 0.312692 0.011509
v 0.020916 0.312406 0.013058
v 0.026299 0.311385 0.004426
v 0.041926 0.303586 0.008369
v 0.028451 0.310892 0.002574
v 0.023685 0.312692 0.002745
v 0.024992 0.312404 0.001642
v 0.960249 0.004342 1.297190
v 0.960504 0.001520 1.296968
v 0.614235 0.001494 0.230368
v 0.614235 0.004075 0.230369
v 0.945725 0.013307 1.295327
v 0.939328 0.012901 1.300187
v 0.037886 0.304417 0.059486
v 0.015070 0.312113 0.026321
v 0.013919 0.311540 0.028734
v 0.010634 0.313153 0.021651
v 0.009899 0.312801 0.023063
v 0.020300 0.312114 0.022351
v 0.044766 0.304421 0.054311
v 0.022678 0.311610 0.021967
v 0.017142 0.313159 0.016641
v 0.018452 0.312872 0.016344
v 0.029006 0.004074 0.655372
v 0.029007 0.001478 0.655363
v 0.936131 0.001503 1.314686
v 0.936130 0.004044 1.314689
v 0.004602 0.014182 0.624665
v -0.004866 0.014182 0.624663
v -0.004967 0.304096 0.041366
v -0.003909 0.311386 0.026335
v -0.004635 0.312681 0.023305
v -0.005574 0.311704 0.025639
v 0.003905 0.311385 0.026342
v 0.004986 0.303586 0.042423
v 0.006266 0.310891 0.027781
v 0.004624 0.312692 0.023298
v 0.006006 0.312403 0.024166
v -0.937939 0.004183 1.315193
v -0.938603 0.001205 1.315011
v -0.029284 0.001478 0.655351
v -0.029283 0.004074 0.655360
v -0.939306 0.013269 1.299706
v -0.946440 0.013249 1.294295
v -0.047075 0.303725 0.056461
v -0.020762 0.312007 0.022068
v -0.017594 0.313054 0.016324
v -0.015082 0.312114 0.026314
v -0.037911 0.304416 0.059470
v -0.013929 0.311539 0.028732
v -0.010658 0.313158 0.021641
v -0.009921 0.312804 0.023057
v -0.614332 0.004074 0.230108
v -0.614323 0.001477 0.230106
v -0.960649 0.001220 1.297178
v -0.960676 0.003944 1.297362
v -0.592670 0.014182 0.197409
v -0.039328 0.303261 0.018775
v -0.022419 0.311953 0.011362
v -0.022729 0.311658 0.013074
v -0.026300 0.311385 0.004415
v -0.041929 0.303585 0.008351
v -0.028459 0.310891 0.002559
v -0.023688 0.312692 0.002734
v -0.025002 0.312403 0.001628
v -0.595593 0.014182 0.188404
v -1.539408 0.004056 -0.484694
v -1.539414 0.001505 -0.484705
v -0.632325 0.001478 0.174664
v -0.632333 0.004074 0.174667
v -0.068344 0.304397 -0.017663
v -0.029745 0.312097 -0.006201
v -0.031838 0.311497 -0.004397
v -0.023869 0.313155 -0.003488
v -0.025137 0.312781 -0.002416
v -1.526607 0.012898 -0.492206
v -1.523963 0.013307 -0.499805
v -0.065535 0.304398 -0.025812
v -0.027572 0.312097 -0.012386
v -0.028145 0.311501 -0.014952
v -0.021145 0.313155 -0.011017
v -0.021468 0.312782 -0.012518
v -0.408685 0.004075 -0.513158
v -0.408684 0.001494 -0.513158
v -1.530085 0.001520 -0.513356
v -1.530212 0.004327 -0.513063
v -0.371173 0.013379 -0.503038
v -0.363503 0.013379 -0.508608
v -0.020891 0.303589 -0.037211
v -0.012321 0.311385 -0.023576
v -0.011131 0.310950 -0.025905
v -0.009849 0.312696 -0.021554
v -0.009108 0.312463 -0.022863
v -0.018537 0.311385 -0.018894
v -0.028858 0.303587 -0.031263
v -0.021164 0.310922 -0.018488
v -0.017322 0.312694 -0.015887
v -0.018835 0.312436 -0.015590
v -0.014734 0.004044 -1.613845
v -0.014725 0.001516 -1.613854
v -0.361520 0.001494 -0.547410
v -0.361520 0.004075 -0.547411
v -0.003619 0.012897 -1.603998
v 0.004299 0.012898 -1.603996
v 0.004340 0.304397 -0.070396
v 0.003299 0.312097 -0.030145
v 0.005585 0.311497 -0.031525
v 0.003995 0.313154 -0.023683
v 0.005333 0.312782 -0.024515
v -0.003286 0.312097 -0.030147
v -0.004308 0.304398 -0.070401
v -0.005562 0.311501 -0.031554
v -0.003984 0.313155 -0.023680
v -0.005325 0.312781 -0.024520
v 0.361751 0.004075 -0.547258
v 0.361752 0.001494 -0.547257
v 0.015107 0.001513 -1.614061
v 0.015107 0.004056 -1.614061
v 0.004386 -0.007838 -1.603602
v -0.004034 -0.007556 -1.603596
v -0.004310 -0.298654 -0.070398
v -0.003286 -0.306354 -0.030147
v -0.005571 -0.305754 -0.031527
v -0.003984 -0.307412 -0.023680
v -0.005323 -0.307040 -0.024512
v 0.003299 -0.306354 -0.030145
v 0.004340 -0.298654 -0.070396
v 0.005585 -0.305754 -0.031525
v 0.003997 -0.307411 -0.023679
v 0.005335 -0.307039 -0.024511
v 0.363446 -0.008439 -0.508069
v 0.371104 -0.008439 -0.502503
v 0.029583 -0.297264 -0.032196
v 0.018547 -0.305641 -0.018886
v 0.017324 -0.306952 -0.015874
v 0.012330 -0.305642 -0.023571
v 0.020904 -0.297846 -0.037203
v 0.011094 -0.305204 -0.025916
v 0.009851 -0.306953 -0.021551
v 0.009065 -0.306718 -0.022875
v -0.363231 -0.008439 -0.508223
v -0.370891 -0.008439 -0.502660
v -0.028850 -0.297846 -0.031257
v -0.018536 -0.305642 -0.018893
v -0.021038 -0.305211 -0.018387
v -0.017314 -0.306953 -0.015881
v -0.018708 -0.306725 -0.015490
v -0.012321 -0.305642 -0.023576
v -0.020891 -0.297846 -0.037211
v -0.011131 -0.305206 -0.025905
v -0.009847 -0.306953 -0.021552
v -0.009106 -0.306720 -0.022861
v -1.523789 -0.007794 -0.499727
v -1.526359 -0.007551 -0.491680
v -0.068345 -0.298655 -0.017666
v -0.029745 -0.306354 -0.006201
v -0.031849 -0.305757 -0.004418
v -0.023872 -0.307411 -0.003490
v -0.025147 -0.307035 -0.002416
v -0.027572 -0.306354 -0.012386
v -0.065535 -0.298655 -0.025812
v -0.028145 -0.305757 -0.014951
v -0.021145 -0.307412 -0.011017
v -0.021467 -0.307038 -0.012517
v -0.595611 -0.008389 0.188406
v -0.592671 -0.008390 0.197431
v -0.038426 -0.297653 0.019716
v -0.021951 -0.306257 0.011797
v -0.021828 -0.306049 0.014012
v -0.026281 -0.305643 0.004432
v -0.041926 -0.297843 0.008354
v -0.028452 -0.305149 0.002562
v -0.023687 -0.306948 0.002735
v -0.024995 -0.306661 0.001631
v -0.946267 -0.007536 1.294945
v -0.939703 -0.007535 1.299716
v -0.039691 -0.298090 0.061950
v -0.015082 -0.306370 0.026316
v -0.010658 -0.307414 0.021643
v -0.020311 -0.306370 0.022343
v -0.044802 -0.298673 0.054294
v -0.022913 -0.305793 0.021981
v -0.017163 -0.307412 0.016636
v -0.018684 -0.307055 0.016360
v -0.004883 -0.008395 0.624665
v 0.004606 -0.008389 0.624683
v 0.004986 -0.297842 0.042423
v 0.003905 -0.305641 0.026342
v 0.006262 -0.305149 0.027776
v 0.004623 -0.306949 0.023296
v 0.006001 -0.306661 0.024160
v -0.003935 -0.305655 0.026303
v -0.005367 -0.298550 0.040890
v -0.004660 -0.306950 0.023275
v -0.005977 -0.306159 0.025160
v 0.938722 -0.007536 1.300126
v 0.945597 -0.007794 1.295186
v 0.044766 -0.298678 0.054311
v 0.020299 -0.306371 0.022350
v 0.022678 -0.305867 0.021967
v 0.017127 -0.307418 0.016627
v 0.018437 -0.307131 0.016330
v 0.015070 -0.306370 0.026321
v 0.037886 -0.298673 0.059486
v 0.013918 -0.305796 0.028736
v 0.010633 -0.307410 0.021650
v 0.009897 -0.307057 0.023063
v 0.592586 -0.008439 0.197659
v 0.595514 -0.008439 0.188656
v 0.041926 -0.297842 0.008369
v 0.026299 -0.305641 0.004426
v 0.028451 -0.305149 0.002574
v 0.023684 -0.306949 0.002742
v 0.024992 -0.306661 0.001640
v 0.023767 -0.305641 0.011801
v 0.038723 -0.297842 0.017806
v 0.024342 -0.305148 0.014461
v 0.020587 -0.306949 0.011509
v 0.020923 -0.306660 0.013062
v 1.526481 -0.007832 -0.491365
v 1.523944 -0.007840 -0.499093
v 0.068006 -0.297814 -0.027858
v 0.027142 -0.306097 -0.013513
v 0.029727 -0.306351 -0.006205
v 0.068349 -0.298654 -0.017640
v 0.031851 -0.305757 -0.004404
v 0.023870 -0.307411 -0.003477
v 0.025145 -0.307036 -0.002402
v 1.558418 0.004205 -0.510464
v 1.561225 0.004208 -0.502814
v 1.561507 0.001657 -0.502929
v 1.558419 0.001560 -0.510875
v 0.379845 0.004100 -0.514543
v 0.379862 0.001506 -0.514577
v 0.372228 0.001506 -0.520126
v 0.372201 0.004100 -0.520099
v 0.009003 0.313558 -0.017404
v 0.007822 0.313659 -0.016880
v 0.008779 0.313289 -0.019271
v 0.006736 0.313549 -0.018449
v 0.007352 0.313275 -0.019895
v 0.013672 0.313558 -0.013888
v 0.013556 0.313658 -0.012604
v 0.015462 0.313288 -0.014216
v 0.015343 0.313534 -0.012087
v 0.016467 0.313260 -0.013081
v 0.006480 0.313805 -0.008099
v 0.005896 0.313805 -0.005812
v 0.004025 0.313805 -0.005897
v 0.016604 0.313699 -0.008409
v 0.016855 0.313573 -0.010033
v 0.018317 0.313369 -0.010583
v 0.019468 0.313653 -0.003774
v 0.018625 0.313699 -0.002785
v 0.021250 0.313460 -0.003096
v 0.019745 0.313598 -0.001347
v 0.021390 0.313393 -0.001587
v 0.010535 0.313805 -0.003504
v 0.008107 0.313805 -0.003221
v 0.007419 0.313805 -0.001987
v 0.019426 0.313558 0.003172
v 0.018569 0.313660 0.002211
v 0.021190 0.313289 0.002454
v 0.019720 0.313559 0.001089
v 0.021345 0.313283 0.001288
v 0.017482 0.313558 0.008628
v 0.016224 0.313658 0.008912
v 0.018401 0.313287 0.010161
v 0.016348 0.313534 0.010688
v 0.017699 0.313259 0.011375
v 0.009551 0.313805 0.003615
v 0.009932 0.313805 0.002444
v 0.008210 0.313805 0.001430
v 0.007587 0.313805 0.003369
v 0.007037 0.313805 0.002092
v 0.013462 0.313647 0.014362
v 0.013334 0.313689 0.013071
v 0.015285 0.313434 0.014822
v 0.014936 0.313564 0.012754
v 0.016134 0.313344 0.013859
v 0.009565 0.313648 0.017356
v 0.008378 0.313687 0.016846
v 0.009448 0.313429 0.019339
v 0.007535 0.313499 0.018599
v 0.008227 0.313276 0.020171
v 0.005881 0.313805 0.009076
v 0.006784 0.313805 0.008420
v 0.005811 0.313805 0.006356
v 0.004261 0.313805 0.007499
v 0.004474 0.313805 0.006122
v 0.002842 0.313556 0.019437
v 0.003519 0.313654 0.018348
v 0.004031 0.313283 0.020872
v 0.005121 0.313467 0.019336
v 0.005361 0.313192 0.020901
v -0.003403 0.313660 0.018302
v -0.005191 0.313548 0.018990
v -0.005474 0.313270 0.020572
v -0.000650 0.313805 0.010238
v 0.000609 0.313805 0.010242
v 0.000984 0.313805 0.008285
v -0.001558 0.313805 0.008216
v -0.000539 0.313805 0.007279
v -0.009574 0.313649 0.017348
v -0.008390 0.313692 0.016821
v -0.009475 0.313438 0.019311
v -0.007622 0.313582 0.018245
v -0.008302 0.313368 0.019803
v -0.013470 0.313646 0.014356
v -0.013354 0.313686 0.013066
v -0.015302 0.313431 0.014812
v -0.015178 0.313504 0.012755
v -0.016373 0.313284 0.013856
v -0.006498 0.313805 0.008923
v -0.004754 0.313805 0.007241
v -0.004975 0.313805 0.005800
v -0.019431 0.313558 0.003163
v -0.018588 0.313654 0.002210
v -0.021214 0.313283 0.002434
v -0.020139 0.313461 0.000892
v -0.021750 0.313186 0.001094
v -0.016675 0.313694 0.008536
v -0.017014 0.313510 0.010436
v -0.018398 0.313225 0.011143
v -0.009754 0.313805 0.003653
v -0.007385 0.313805 0.003826
v -0.006820 0.313805 0.002491
v -0.019485 0.313656 -0.003774
v -0.018625 0.313699 -0.002815
v -0.021252 0.313460 -0.003121
v -0.019776 0.313593 -0.001744
v -0.021354 0.313402 -0.001983
v -0.017856 0.313656 -0.008242
v -0.016595 0.313697 -0.008522
v -0.018829 0.313459 -0.009694
v -0.016845 0.313573 -0.010055
v -0.018243 0.313370 -0.010707
v -0.010531 0.313805 -0.003503
v -0.008086 0.313805 -0.003174
v -0.007370 0.313805 -0.001439
v -0.013666 0.313558 -0.013894
v -0.013550 0.313658 -0.012609
v -0.015456 0.313288 -0.014223
v -0.015337 0.313534 -0.012093
v -0.016461 0.313260 -0.013088
v -0.008957 0.313559 -0.017215
v -0.008774 0.313289 -0.019249
v -0.007590 0.313274 -0.019798
v -0.005405 0.313799 -0.008666
v -0.006382 0.313804 -0.007922
v -0.005553 0.313805 -0.006129
v -0.003907 0.313803 -0.007326
v -0.004181 0.313805 -0.006001
v -0.003011 0.313697 -0.018564
v -0.002341 0.313656 -0.019677
v -0.003453 0.313460 -0.021113
v -0.004659 0.313580 -0.019231
v -0.004839 0.313383 -0.020805
v -0.000512 0.313804 -0.011290
v -0.000946 0.313804 -0.008896
v 0.000082 0.313805 -0.007875
v 0.002468 0.313757 -0.018728
v 0.003923 0.313645 -0.019483
v 0.004145 0.313437 -0.021120
v 0.609660 0.004100 0.193265
v 0.609694 0.001506 0.193282
v 0.606776 0.001506 0.202258
v 0.606738 0.004100 0.202251
v 0.967121 0.003896 1.325091
v 0.966939 0.000988 1.324684
v 0.960273 0.001362 1.329540
v 0.960748 0.004071 1.329631
v 0.004584 0.004030 0.639561
v 0.004588 0.000723 0.639089
v -0.004858 0.000723 0.639087
v -0.004854 0.004030 0.639559
v -0.961378 0.003887 1.329281
v -0.961098 0.001248 1.329100
v -0.967608 0.001245 1.324359
v -0.967579 0.003888 1.324682
v -0.606842 0.004030 0.201995
v -0.606392 0.000723 0.201853
v -0.609309 0.000723 0.192869
v -0.609757 0.004030 0.193018
v -1.561085 0.003949 -0.503172
v -1.558877 0.003896 -0.510971
v -1.558434 0.000988 -0.510923
v -1.560974 0.001394 -0.503102
v -0.379627 0.004100 -0.514704
v -0.371981 0.004100 -0.520256
v -0.372007 0.001506 -0.520284
v -0.379644 0.001506 -0.514737
v -0.003547 0.003949 -1.640407
v 0.004245 0.003960 -1.640400
v 0.004240 0.001641 -1.640488
v -0.003549 0.001668 -1.640504
v 0.002468 -0.308013 -0.018728
v 0.003923 -0.307902 -0.019480
v 0.004140 -0.307701 -0.021077
v -0.002341 -0.307912 -0.019677
v -0.003007 -0.307955 -0.018560
v -0.003453 -0.307716 -0.021113
v -0.004631 -0.307844 -0.019203
v -0.004836 -0.307641 -0.020802
v -0.000511 -0.308061 -0.011289
v -0.000945 -0.308061 -0.008895
v 0.000082 -0.308061 -0.007875
v 0.009003 -0.307815 -0.017404
v 0.007822 -0.307916 -0.016880
v 0.008776 -0.307546 -0.019271
v 0.006736 -0.307806 -0.018446
v 0.007342 -0.307539 -0.019857
v 0.013672 -0.307815 -0.013888
v 0.013556 -0.307915 -0.012604
v 0.015462 -0.307545 -0.014216
v 0.015345 -0.307791 -0.012084
v 0.016469 -0.307517 -0.013078
v 0.006480 -0.308061 -0.008099
v 0.005896 -0.308061 -0.005812
v 0.004025 -0.308061 -0.005897
v -0.008482 -0.307946 -0.016745
v -0.008298 -0.307677 -0.018778
v -0.007116 -0.307661 -0.019329
v -0.013666 -0.307815 -0.013894
v -0.013550 -0.307915 -0.012609
v -0.015456 -0.307545 -0.014223
v -0.015337 -0.307791 -0.012093
v -0.016461 -0.307517 -0.013088
v -0.006381 -0.308061 -0.007922
v -0.005384 -0.308061 -0.008646
v -0.003903 -0.308061 -0.007322
v -0.005553 -0.308061 -0.006129
v -0.004181 -0.308061 -0.006001
v -0.017856 -0.307912 -0.008242
v -0.016595 -0.307954 -0.008522
v -0.018829 -0.307716 -0.009694
v -0.016845 -0.307830 -0.010055
v -0.018243 -0.307627 -0.010707
v -0.019488 -0.307912 -0.003773
v -0.018648 -0.307949 -0.002804
v -0.021276 -0.307711 -0.003113
v -0.020147 -0.307758 -0.001546
v -0.021790 -0.307553 -0.001787
v -0.010531 -0.308061 -0.003503
v -0.008086 -0.308061 -0.003174
v -0.007370 -0.308061 -0.001439
v -0.019431 -0.307814 0.003163
v -0.018588 -0.307910 0.002210
v -0.021214 -0.307540 0.002434
v -0.020121 -0.307719 0.000893
v -0.021746 -0.307443 0.001088
v -0.016675 -0.307950 0.008536
v -0.017014 -0.307767 0.010436
v -0.018392 -0.307483 0.011149
v -0.009754 -0.308061 0.003653
v -0.007385 -0.308061 0.003826
v -0.006820 -0.308061 0.002491
v -0.013470 -0.307903 0.014356
v -0.013354 -0.307942 0.013066
v -0.015306 -0.307687 0.014816
v -0.015178 -0.307761 0.012755
v -0.016377 -0.307540 0.013860
v -0.009574 -0.307905 0.017348
v -0.008390 -0.307949 0.016821
v -0.009475 -0.307695 0.019311
v -0.007622 -0.307838 0.018245
v -0.008302 -0.307624 0.019803
v -0.006498 -0.308061 0.008923
v -0.004754 -0.308061 0.007241
v -0.004975 -0.308061 0.005800
v -0.003403 -0.307917 0.018302
v -0.005191 -0.307805 0.018990
v -0.005476 -0.307528 0.020570
v 0.002840 -0.307813 0.019435
v 0.003506 -0.307916 0.018332
v 0.004018 -0.307545 0.020858
v 0.004902 -0.307805 0.019086
v 0.005144 -0.307530 0.020652
v 0.000609 -0.308061 0.010242
v -0.000650 -0.308061 0.010238
v -0.001558 -0.308061 0.008216
v 0.000984 -0.308061 0.008285
v -0.000539 -0.308061 0.007279
v 0.009563 -0.307905 0.017353
v 0.008364 -0.307948 0.016831
v 0.009435 -0.307691 0.019324
v 0.007316 -0.307837 0.018349
v 0.008009 -0.307614 0.019922
v 0.013461 -0.307903 0.014361
v 0.013334 -0.307946 0.013071
v 0.015270 -0.307692 0.014807
v 0.014935 -0.307821 0.012753
v 0.016120 -0.307603 0.013845
v 0.006784 -0.308061 0.008420
v 0.005881 -0.308061 0.009076
v 0.004261 -0.308061 0.007499
v 0.005811 -0.308061 0.006356
v 0.004474 -0.308061 0.006122
v 0.017482 -0.307815 0.008628
v 0.016224 -0.307915 0.008912
v 0.018401 -0.307544 0.010161
v 0.016348 -0.307791 0.010687
v 0.017699 -0.307515 0.011375
v 0.019426 -0.307815 0.003172
v 0.018569 -0.307916 0.002211
v 0.021189 -0.307546 0.002451
v 0.019716 -0.307816 0.001089
v 0.021307 -0.307549 0.001285
v 0.009932 -0.308061 0.002444
v 0.009551 -0.308061 0.003615
v 0.007587 -0.308061 0.003369
v 0.008210 -0.308061 0.001430
v 0.007037 -0.308061 0.002092
v 0.019469 -0.307910 -0.003773
v 0.018625 -0.307955 -0.002785
v 0.021250 -0.307716 -0.003093
v 0.019742 -0.307855 -0.001347
v 0.021352 -0.307659 -0.001585
v 0.016608 -0.307956 -0.008405
v 0.016883 -0.307834 -0.010003
v 0.018803 -0.307703 -0.010069
v 0.010535 -0.308061 -0.003504
v 0.008107 -0.308061 -0.003221
v 0.007419 -0.308061 -0.001987
v 0.019176 0.312653 -0.014415
v 0.020795 0.312427 -0.014341
v 0.020633 0.312745 -0.012980
v 0.018182 0.313039 -0.013130
v 0.018985 0.313108 -0.012100
v 0.024773 0.312705 -0.001355
v 0.025999 0.312322 -0.000362
v 0.024714 0.312556 0.000641
v 0.022782 0.313097 -0.000806
v 0.022756 0.313023 0.000484
v 0.020155 0.312566 0.013573
v 0.020322 0.312426 0.015076
v 0.018853 0.312786 0.015211
v 0.018437 0.313004 0.012834
v 0.017778 0.313065 0.013947
v 0.008618 0.312708 0.023089
v 0.008025 0.312351 0.024420
v 0.006706 0.312553 0.023617
v 0.007753 0.312989 0.021739
v 0.006486 0.312933 0.021993
v -0.006354 0.311839 0.025147
v -0.007620 0.311632 0.025949
v -0.008601 0.312695 0.023144
v -0.007326 0.312887 0.022361
v -0.018816 0.312796 0.015199
v -0.020305 0.312438 0.015121
v -0.020210 0.312557 0.013554
v -0.018017 0.313005 0.013943
v -0.018704 0.312944 0.012824
v -0.024744 0.312549 0.000617
v -0.026001 0.312326 -0.000397
v -0.024786 0.312702 -0.001376
v -0.023161 0.312926 0.000290
v -0.023189 0.313000 -0.000975
v -0.020635 0.312743 -0.013007
v -0.020919 0.312394 -0.014458
v -0.019293 0.312621 -0.014526
v -0.018973 0.313109 -0.012116
v -0.018183 0.313037 -0.013144
v -0.007886 0.312642 -0.022965
v -0.007301 0.312414 -0.024496
v -0.006027 0.312738 -0.023875
v -0.007142 0.313045 -0.021454
v -0.005920 0.313116 -0.021894
v 0.006017 0.312739 -0.023876
v 0.007258 0.312413 -0.024502
v 0.007831 0.312640 -0.022983
v 0.006853 0.313046 -0.021544
v 0.005618 0.313119 -0.021997
v 0.007260 -0.306669 -0.024504
v 0.006030 -0.306992 -0.023885
v 0.007839 -0.306892 -0.022996
v 0.005880 -0.307289 -0.022252
v 0.007028 -0.307220 -0.021835
v -0.007299 -0.306673 -0.024488
v -0.007884 -0.306900 -0.022963
v -0.006025 -0.306997 -0.023867
v -0.005917 -0.307373 -0.021891
v -0.007115 -0.307309 -0.021428
v -0.020627 -0.307001 -0.013001
v -0.020793 -0.306682 -0.014358
v -0.019167 -0.306909 -0.014426
v -0.018175 -0.307295 -0.013138
v -0.018972 -0.307366 -0.012115
v -0.024737 -0.306807 0.000619
v -0.026002 -0.306578 -0.000374
v -0.024796 -0.306956 -0.001376
v -0.023183 -0.307257 -0.001006
v -0.023157 -0.307183 0.000284
v -0.019050 -0.306982 0.015183
v -0.019689 -0.306919 0.014088
v -0.018669 -0.307208 0.012852
v -0.018020 -0.307261 0.013947
v -0.006757 -0.306294 0.024667
v -0.008030 -0.306093 0.025457
v -0.008624 -0.306964 0.023113
v -0.007351 -0.307156 0.022331
v 0.008604 -0.306969 0.023076
v 0.008008 -0.306604 0.024425
v 0.006689 -0.306815 0.023598
v 0.006268 -0.307271 0.021744
v 0.007535 -0.307327 0.021490
v 0.020162 -0.306820 0.013577
v 0.020328 -0.306681 0.015080
v 0.018838 -0.307045 0.015196
v 0.017763 -0.307324 0.013933
v 0.018436 -0.307261 0.012833
v 0.024793 -0.306957 -0.001363
v 0.026002 -0.306578 -0.000363
v 0.024734 -0.306808 0.000628
v 0.023183 -0.307182 0.000271
v 0.023208 -0.307254 -0.000950
v 0.020824 -0.306689 -0.014310
v 0.019180 -0.306910 -0.014410
v 0.021126 -0.307080 -0.012460
v 0.018210 -0.307300 -0.013100
v 0.019476 -0.307443 -0.011580
v 0.002605 0.313805 -0.001115
v 0.001600 0.313805 -0.002467
v -0.000005 0.313805 -0.003003
v 0.002609 0.313805 0.000581
v 0.001621 0.313805 0.001956
v -0.000018 0.313805 0.002456
v -0.001610 0.313805 0.001940
v -0.002577 0.313805 0.000595
v -0.002597 0.313805 -0.001103
v -0.001615 0.313805 -0.002490
v -0.001615 -0.308061 -0.002490
v -0.000005 -0.308061 -0.003003
v 0.001600 -0.308061 -0.002467
v 0.002605 -0.308061 -0.001115
v -0.002597 -0.308061 -0.001103
v -0.002577 -0.308061 0.000595
v -0.001610 -0.308061 0.001940
v -0.000018 -0.308061 0.002456
v 0.001621 -0.308061 0.001956
v 0.002609 -0.308061 0.000581
vn 0.0007 0.8520 -0.5235
vn 0.0001 0.8513 -0.5246
vn 0.0007 0.8530 -0.5220
vn 0.3083 0.8513 0.4245
vn 0.3081 0.8520 0.4233
vn 0.3072 0.8529 0.4221
vn 0.4976 0.8524 -0.1609
vn 0.4988 0.8514 -0.1621
vn 0.4967 0.8529 -0.1611
vn -0.3085 0.8513 0.4244
vn -0.3074 0.8520 0.4238
vn -0.3056 0.8534 0.4223
vn 0.3063 0.8525 0.4236
vn 0.3061 0.8530 0.4226
vn -0.4989 0.8513 -0.1622
vn -0.4981 0.8520 -0.1614
vn -0.4967 0.8529 -0.1610
vn -0.3083 0.8519 0.4234
vn -0.3075 0.8526 0.4225
vn -0.0004 0.8520 -0.5235
vn -0.0009 0.8535 -0.5211
vn -0.4977 0.8520 -0.1624
vn -0.4952 0.8535 -0.1621
vn 0.4990 0.8513 -0.1620
vn 0.4977 0.8521 -0.1622
vn 0.4962 0.8530 -0.1617
vn 0.4990 -0.8513 -0.1620
vn 0.4977 -0.8521 -0.1622
vn 0.4962 -0.8530 -0.1617
vn -0.4976 -0.8521 -0.1624
vn -0.4989 -0.8513 -0.1622
vn -0.4961 -0.8530 -0.1619
vn 0.0001 -0.8513 -0.5246
vn -0.0004 -0.8520 -0.5235
vn -0.0009 -0.8535 -0.5211
vn -0.3082 -0.8520 0.4232
vn -0.3085 -0.8513 0.4244
vn -0.3074 -0.8529 0.4220
vn -0.4988 -0.8514 -0.1622
vn -0.4975 -0.8523 -0.1611
vn -0.4966 -0.8529 -0.1609
vn 0.3072 -0.8520 0.4239
vn 0.3083 -0.8514 0.4244
vn 0.3065 -0.8529 0.4227
vn -0.3084 -0.8513 0.4244
vn -0.3065 -0.8525 0.4235
vn -0.3063 -0.8530 0.4225
vn 0.4981 -0.8520 -0.1612
vn 0.4960 -0.8534 -0.1600
vn 0.3083 -0.8513 0.4245
vn 0.3081 -0.8520 0.4233
vn 0.3072 -0.8529 0.4221
vn 0.0006 -0.8520 -0.5235
vn 0.0007 -0.8530 -0.5220
vn 0.0013 0.0644 -0.9979
vn 0.0003 -0.0013 -1.0000
vn 0.2433 0.8939 -0.3766
vn 0.2832 0.8939 -0.3476
vn 0.2878 0.8958 -0.3388
vn 0.2381 0.8960 -0.3747
vn 0.1522 0.9790 -0.1354
vn 0.1990 0.9800 0.0081
vn 0.1799 0.9825 -0.0482
vn 0.5877 -0.0040 0.8091
vn 0.5874 -0.0548 0.8074
vn 0.4181 0.8939 0.1620
vn 0.4333 0.8939 0.1152
vn 0.4309 0.8959 0.1080
vn 0.4102 0.8956 0.1720
vn 0.9499 0.0561 -0.3075
vn 0.9511 0.0014 -0.3087
vn 0.1161 0.9822 0.1475
vn 0.0661 0.9807 0.1838
vn 0.0719 0.9815 0.1775
vn 0.1484 0.9814 0.1218
vn -0.5879 -0.0034 0.8089
vn -0.5875 -0.0028 0.8092
vn -0.0247 0.8948 0.4459
vn 0.0244 0.8948 0.4459
vn 0.0328 0.8958 0.4433
vn -0.0352 0.8957 0.4433
vn 0.5837 -0.0906 0.8069
vn 0.5876 -0.0054 0.8092
vn -0.0803 0.9816 0.1731
vn -0.1307 0.9819 0.1370
vn -0.1556 0.9809 0.1164
vn -0.0720 0.9815 0.1774
vn -0.9510 -0.0062 -0.3091
vn -0.9517 0.0012 -0.3072
vn -0.4317 0.8948 0.1141
vn -0.4349 0.8955 0.0942
vn -0.4102 0.8956 0.1721
vn -0.4165 0.8948 0.1612
vn -0.5884 -0.0030 0.8086
vn -0.5880 -0.0034 0.8089
vn -0.1913 0.9814 -0.0126
vn -0.1954 0.9807 -0.0056
vn -0.1761 0.9822 -0.0649
vn -0.1612 0.9813 -0.1051
vn 0.0001 -0.0015 -1.0000
vn -0.0006 0.0495 -0.9988
vn -0.2432 0.8939 -0.3766
vn -0.2830 0.8939 -0.3477
vn -0.2878 0.8958 -0.3388
vn -0.2379 0.8960 -0.3749
vn -0.9508 -0.0031 -0.3097
vn -0.9510 -0.0028 -0.3093
vn -0.0536 0.9808 -0.1876
vn 0.0541 0.9808 -0.1876
vn 0.0489 0.9814 -0.1858
vn -0.0478 0.9814 -0.1858
vn 0.9511 -0.0028 -0.3089
vn 0.9507 -0.0012 -0.3101
vn 0.0379 -0.9817 -0.1868
vn -0.0692 -0.9800 -0.1866
vn -0.0488 -0.9814 -0.1858
vn 0.0489 -0.9814 -0.1858
vn 0.2820 -0.8948 -0.3462
vn 0.2423 -0.8948 -0.3751
vn 0.2381 -0.8960 -0.3747
vn 0.2878 -0.8958 -0.3388
vn -0.2819 -0.8948 -0.3463
vn -0.2422 -0.8948 -0.3751
vn -0.2383 -0.8961 -0.3746
vn -0.2878 -0.8958 -0.3388
vn -0.1663 -0.9817 -0.0929
vn -0.1980 -0.9802 0.0051
vn -0.1911 -0.9815 -0.0133
vn -0.1612 -0.9813 -0.1051
vn -0.4149 -0.8946 0.1660
vn -0.4322 -0.8948 0.1122
vn -0.4064 -0.8951 0.1834
vn -0.1197 -0.9822 0.1449
vn -0.1009 -0.9822 0.1585
vn -0.0714 -0.9815 0.1779
vn -0.1488 -0.9814 0.1215
vn 0.0210 -0.8948 0.4461
vn -0.0249 -0.8947 0.4460
vn -0.0353 -0.8957 0.4433
vn 0.0186 -0.8960 0.4436
vn 0.0530 -0.9799 0.1922
vn 0.1397 -0.9817 0.1295
vn 0.1484 -0.9814 0.1218
vn 0.0713 -0.9815 0.1779
vn 0.4316 -0.8948 0.1145
vn 0.4164 -0.8948 0.1613
vn 0.4102 -0.8956 0.1720
vn 0.4311 -0.8959 0.1076
vn 0.1867 -0.9820 -0.0298
vn 0.1653 -0.9816 -0.0951
vn 0.1833 -0.9823 -0.0381
vn 0.9740 0.1165 -0.1941
vn 0.8706 0.1071 -0.4802
vn 0.5495 0.0095 -0.8354
vn 0.6251 0.0095 -0.7805
vn 0.0199 0.9985 -0.0515
vn 0.0448 0.9984 -0.0350
vn 0.0010 1.0000 -0.0016
vn 0.0317 0.9992 -0.0233
vn 0.0373 0.9993 -0.0018
vn 0.0013 1.0000 -0.0005
vn 0.0542 0.9985 0.0048
vn 0.0469 0.9984 0.0317
vn 0.0016 1.0000 0.0005
vn 0.0360 0.9993 0.0125
vn 0.0012 0.9993 0.0364
vn 0.0006 1.0000 0.0009
vn 0.0090 0.9983 0.0572
vn -0.0080 0.9987 0.0506
vn 0.0001 1.0000 0.0018
vn -0.0021 0.9993 0.0360
vn -0.0366 0.9993 0.0120
vn -0.0008 1.0000 0.0009
vn -0.0542 0.9985 0.0030
vn -0.0357 0.9992 0.0156
vn -0.0018 1.0000 -0.0000
vn -0.0333 0.9994 0.0077
vn -0.0230 0.9993 -0.0293
vn -0.0011 1.0000 -0.0004
vn -0.0438 0.9984 -0.0353
vn 0.0187 0.9984 -0.0542
vn 0.0131 0.9998 -0.0142
vn -0.0198 0.9994 -0.0293
vn -0.0016 1.0000 -0.0009
vn 0.0026 0.9998 -0.0179
vn 0.9355 0.0095 0.3533
vn 0.9644 0.0095 0.2644
vn 0.6769 -0.1221 0.7259
vn 0.4766 -0.1116 0.8720
vn -0.0474 -0.1315 0.9902
vn 0.0470 -0.1314 0.9902
vn -0.4596 -0.0444 0.8870
vn -0.7129 -0.0348 0.7004
vn -0.9564 -0.1315 0.2609
vn -0.9272 -0.1315 0.3507
vn -0.9004 -0.1216 -0.4178
vn -0.9851 -0.0939 -0.1441
vn -0.6248 0.0095 -0.7808
vn -0.5491 0.0095 -0.8357
vn 0.1397 0.0173 -0.9900
vn -0.1365 0.0180 -0.9905
vn 0.0025 -0.9998 -0.0179
vn -0.0191 -0.9994 -0.0299
vn -0.0005 -1.0000 -0.0010
vn 0.0199 -0.9985 -0.0515
vn 0.0448 -0.9984 -0.0350
vn 0.0010 -1.0000 -0.0017
vn -0.0196 -0.9992 -0.0339
vn -0.0449 -0.9984 -0.0347
vn -0.0010 -1.0000 -0.0011
vn -0.0229 -0.9993 -0.0293
vn -0.0335 -0.9994 0.0087
vn -0.0011 -1.0000 -0.0003
vn -0.0542 -0.9985 0.0030
vn -0.0357 -0.9992 0.0156
vn -0.0017 -1.0000 -0.0000
vn -0.0365 -0.9993 0.0120
vn -0.0021 -0.9993 0.0360
vn -0.0008 -1.0000 0.0009
vn -0.0080 -0.9987 0.0506
vn 0.0082 -0.9983 0.0574
vn -0.0000 -1.0000 0.0018
vn 0.0021 -0.9994 0.0360
vn 0.0360 -0.9993 0.0125
vn 0.0007 -1.0000 0.0009
vn 0.0469 -0.9984 0.0316
vn 0.0542 -0.9985 0.0048
vn 0.0016 -1.0000 0.0005
vn 0.0370 -0.9993 -0.0015
vn 0.0309 -0.9993 -0.0230
vn 0.0013 -1.0000 -0.0005
vn 0.0002 0.7060 -0.7083
vn 0.0010 0.6922 -0.7217
vn 0.0016 0.3250 -0.9457
vn 0.0003 0.3340 -0.9426
vn 0.0632 0.8715 -0.4863
vn 0.0354 0.8620 -0.5057
vn 0.1378 0.8840 -0.4467
vn 0.1744 0.8908 -0.4196
vn 0.0504 0.9119 -0.4074
vn 0.1166 0.9644 -0.2373
vn 0.1037 0.9578 -0.2681
vn 0.4127 0.7128 0.5671
vn 0.4159 0.7065 0.5726
vn 0.5539 0.3344 0.7625
vn 0.5511 0.3482 0.7583
vn 0.2822 0.9072 0.3120
vn 0.2785 0.9145 0.2933
vn 0.2311 0.9662 0.1142
vn 0.2326 0.9645 0.1247
vn 0.3419 0.8740 0.3453
vn 0.3258 0.8620 0.3883
vn 0.3738 0.8840 0.2808
vn 0.3837 0.8902 0.2456
vn 0.6343 0.7452 -0.2055
vn 0.7831 0.5676 -0.2542
vn 0.8650 0.4162 -0.2804
vn 0.4907 0.8633 -0.1179
vn 0.4648 0.8854 0.0029
vn 0.4454 0.8933 0.0599
vn 0.4139 0.9060 -0.0886
vn 0.5009 0.8506 -0.1600
vn 0.3123 0.9500 -0.0037
vn 0.2615 0.9645 0.0358
vn -0.4119 0.7128 0.5677
vn -0.4160 0.7066 0.5724
vn -0.5541 0.3342 0.7624
vn -0.5506 0.3497 0.7580
vn -0.1965 0.9132 0.3570
vn -0.1920 0.9149 0.3550
vn -0.0128 0.9710 0.2386
vn -0.0488 0.9641 0.2611
vn -0.2312 0.8720 0.4315
vn -0.2385 0.8692 0.4330
vn -0.1138 0.8892 0.4431
vn -0.1181 0.8899 0.4405
vn 0.3943 0.7409 0.5437
vn 0.3072 0.8505 0.4270
vn 0.5005 0.5245 0.6888
vn 0.5417 0.3868 0.7463
vn 0.2411 0.8702 0.4297
vn 0.2386 0.8692 0.4331
vn 0.1134 0.8893 0.4431
vn 0.0893 0.8931 0.4409
vn 0.2132 0.9053 0.3674
vn 0.1590 0.9290 0.3341
vn 0.0635 0.9604 0.2712
vn -0.6876 0.6911 -0.2227
vn -0.6735 0.7060 -0.2189
vn -0.8968 0.3329 -0.2915
vn -0.9117 0.2861 -0.2948
vn -0.4070 0.9097 -0.0824
vn -0.4174 0.9042 -0.0905
vn -0.2423 0.9688 0.0519
vn -0.2600 0.9649 0.0370
vn -0.4825 0.8713 -0.0897
vn -0.4856 0.8692 -0.0931
vn -0.4566 0.8892 0.0287
vn -0.4559 0.8896 0.0254
vn -0.4161 0.7066 0.5724
vn -0.4129 0.7127 0.5670
vn -0.5510 0.3503 0.7574
vn -0.5542 0.3341 0.7624
vn -0.3383 0.8692 0.3606
vn -0.3376 0.8708 0.3573
vn -0.3829 0.8899 0.2478
vn -0.3863 0.8892 0.2450
vn -0.2375 0.9610 0.1417
vn -0.2249 0.9700 0.0925
vn -0.2790 0.9141 0.2944
vn 0.0001 0.7064 -0.7078
vn 0.0001 0.3343 -0.9425
vn -0.0007 0.3403 -0.9403
vn -0.0004 0.7074 -0.7068
vn -0.0430 0.9043 -0.4247
vn -0.1220 0.9677 -0.2205
vn -0.1140 0.9642 -0.2394
vn -0.0477 0.9103 -0.4112
vn -0.0352 0.8620 -0.5057
vn -0.1373 0.8840 -0.4469
vn -0.1655 0.8906 -0.4237
vn -0.0740 0.8743 -0.4798
vn -0.6668 0.7128 -0.2175
vn -0.8908 0.3498 -0.2900
vn -0.8962 0.3344 -0.2915
vn -0.6730 0.7065 -0.2189
vn -0.4700 0.8620 -0.1900
vn -0.3824 0.8840 -0.2689
vn -0.3454 0.8912 -0.2940
vn -0.4322 0.8746 -0.2199
vn -0.3642 0.9148 -0.1745
vn -0.1502 0.9711 -0.1856
vn -0.1942 0.9638 -0.1825
vn -0.3781 0.9096 -0.1725
vn 0.6731 0.7065 -0.2186
vn 0.8966 0.3336 -0.2912
vn 0.9013 0.3191 -0.2931
vn 0.6675 0.7121 -0.2174
vn 0.3705 0.9124 -0.1738
vn 0.1631 0.9691 -0.1851
vn 0.2357 0.9548 -0.1808
vn 0.4701 0.8620 -0.1898
vn 0.3825 0.8840 -0.2688
vn 0.3436 0.8915 -0.2953
vn 0.4361 0.8734 -0.2167
vn 0.6717 -0.7080 -0.2181
vn 0.8892 -0.3549 -0.2888
vn 0.8943 -0.3401 -0.2909
vn 0.6664 -0.7134 -0.2170
vn 0.3970 -0.9016 -0.1716
vn 0.2163 -0.9591 -0.1823
vn 0.2358 -0.9548 -0.1808
vn 0.4361 -0.8734 -0.2167
vn 0.4475 -0.8692 -0.2102
vn 0.3523 -0.8893 -0.2917
vn 0.3435 -0.8915 -0.2953
vn -0.6716 -0.7080 -0.2184
vn -0.6656 -0.7140 -0.2170
vn -0.8829 -0.3712 -0.2874
vn -0.8888 -0.3557 -0.2891
vn -0.4354 -0.8735 -0.2175
vn -0.4474 -0.8693 -0.2104
vn -0.3522 -0.8892 -0.2919
vn -0.3454 -0.8912 -0.2940
vn -0.3852 -0.9065 -0.1727
vn -0.2040 -0.9617 -0.1833
vn -0.2355 -0.9549 -0.1809
vn -0.0005 -0.7142 -0.6999
vn 0.0001 -0.7080 -0.7062
vn 0.0001 -0.3556 -0.9346
vn -0.0001 -0.3707 -0.9287
vn -0.0477 -0.9103 -0.4112
vn -0.0426 -0.9038 -0.4257
vn -0.1120 -0.9624 -0.2475
vn -0.1140 -0.9642 -0.2394
vn -0.0722 -0.8739 -0.4807
vn -0.0616 -0.8693 -0.4905
vn -0.1685 -0.8892 -0.4253
vn -0.1710 -0.8913 -0.4199
vn -0.4153 -0.7079 0.5713
vn -0.4121 -0.7140 0.5660
vn -0.5461 -0.3717 0.7507
vn -0.5495 -0.3561 0.7558
vn -0.3382 -0.8692 0.3608
vn -0.3853 -0.8888 0.2481
vn -0.3837 -0.8902 0.2458
vn -0.3421 -0.8740 0.3451
vn -0.2824 -0.9072 0.3119
vn -0.2819 -0.9090 0.3069
vn -0.2343 -0.9640 0.1261
vn -0.2331 -0.9642 0.1263
vn -0.6333 -0.7462 -0.2054
vn -0.8556 -0.4368 -0.2778
vn -0.7826 -0.5682 -0.2542
vn -0.5007 -0.8507 -0.1602
vn -0.3117 -0.9502 -0.0034
vn -0.2634 -0.9641 0.0341
vn -0.4105 -0.9078 -0.0856
vn -0.4858 -0.8689 -0.0945
vn -0.4621 -0.8868 0.0077
vn -0.4725 -0.8803 -0.0425
vn -0.4841 -0.8690 -0.1023
vn 0.4144 -0.7081 0.5717
vn 0.5535 -0.3325 0.7636
vn 0.5492 -0.3554 0.7564
vn 0.4151 -0.7078 0.5716
vn 0.2453 -0.8678 0.4321
vn 0.1145 -0.8892 0.4429
vn 0.2144 -0.9045 0.3687
vn 0.0286 -0.9682 0.2486
vn 0.0450 -0.9649 0.2587
vn 0.1990 -0.9122 0.3582
vn -0.3939 -0.7418 0.5427
vn -0.5364 -0.4087 0.7384
vn -0.4954 -0.5389 0.6813
vn -0.3074 -0.8505 0.4268
vn -0.1607 -0.9284 0.3350
vn -0.0637 -0.9604 0.2712
vn -0.2134 -0.9052 0.3674
vn -0.2388 -0.8692 0.4330
vn -0.1169 -0.8888 0.4430
vn -0.1152 -0.8902 0.4407
vn -0.2216 -0.8743 0.4319
vn 0.6659 -0.7142 -0.2156
vn 0.8834 -0.3708 -0.2865
vn 0.8890 -0.3557 -0.2885
vn 0.6717 -0.7080 -0.2180
vn 0.4856 -0.8693 -0.0928
vn 0.4566 -0.8892 0.0289
vn 0.4551 -0.8901 0.0243
vn 0.4803 -0.8734 -0.0807
vn 0.4180 -0.9039 -0.0908
vn 0.2700 -0.9624 0.0302
vn 0.2614 -0.9646 0.0358
vn 0.4020 -0.9123 -0.0781
vn 0.4151 -0.7079 0.5715
vn 0.5493 -0.3556 0.7562
vn 0.5482 -0.3632 0.7534
vn 0.4149 -0.7088 0.5704
vn 0.2846 -0.9040 0.3190
vn 0.2362 -0.9623 0.1349
vn 0.2327 -0.9645 0.1250
vn 0.2822 -0.9072 0.3121
vn 0.3382 -0.8693 0.3606
vn 0.3863 -0.8892 0.2451
vn 0.3837 -0.8902 0.2456
vn 0.3419 -0.8740 0.3452
vn 0.0008 -0.7141 -0.7000
vn 0.0005 -0.3671 -0.9302
vn 0.0003 -0.3557 -0.9346
vn 0.0002 -0.7080 -0.7062
vn 0.0618 -0.8692 -0.4905
vn 0.1690 -0.8893 -0.4250
vn 0.1758 -0.8910 -0.4186
vn 0.0632 -0.8715 -0.4863
vn 0.0404 -0.9014 -0.4311
vn 0.1079 -0.9599 -0.2587
vn 0.1037 -0.9578 -0.2681
vn 0.3612 0.1171 -0.9251
vn 0.1368 -0.0028 -0.9906
vn 0.3884 0.0045 -0.9215
vn 0.4062 0.6702 -0.6212
vn 0.4655 0.6702 -0.5781
vn 0.2005 0.9421 -0.2689
vn 0.0750 0.9861 -0.1485
vn 0.1224 0.9863 -0.1105
vn 0.2073 0.9407 -0.2686
vn 0.4845 0.8056 -0.3410
vn 0.5793 0.8148 -0.0233
vn 0.1368 0.9893 -0.0509
vn 0.0856 0.9962 -0.0153
vn 0.8556 0.0045 0.5175
vn 0.6927 -0.0027 0.7213
vn 0.7645 -0.0984 0.6371
vn 0.9894 0.0389 0.1400
vn 0.6936 0.6702 0.2641
vn 0.7163 0.6702 0.1943
vn 0.3184 0.9418 0.1079
vn 0.3154 0.9419 0.1154
vn 0.1643 0.9859 0.0321
vn 0.1421 0.9864 0.0825
vn 0.8816 -0.0750 0.4660
vn 0.9935 0.0935 -0.0654
vn 0.9844 -0.0027 -0.1760
vn 0.9964 0.0045 0.0846
vn 0.4198 0.7660 0.4869
vn 0.2356 0.8093 0.5381
vn 0.0517 0.9897 0.1333
vn 0.1163 0.9893 0.0877
vn 0.0842 0.9962 0.0233
vn 0.0014 0.9963 0.0857
vn -0.2517 -0.1066 0.9619
vn -0.4893 -0.0279 0.8717
vn -0.2448 -0.0929 0.9651
vn 0.1665 0.3638 0.9165
vn -0.0327 0.7591 0.6501
vn -0.0433 0.3493 0.9360
vn 0.0429 0.3493 0.9360
vn 0.0324 0.7591 0.6502
vn 0.0107 0.9500 0.3119
vn -0.0128 0.9436 0.3308
vn 0.0088 0.9857 0.1681
vn 0.4110 0.1129 0.9046
vn 0.0295 -0.2721 0.9618
vn 0.4889 -0.0279 0.8719
vn 0.2513 -0.1066 0.9620
vn -0.2013 0.9102 0.3620
vn -0.4010 0.5099 0.7610
vn -0.5981 0.5549 0.5783
vn -0.1337 0.9872 0.0873
vn -0.0536 0.9897 0.1330
vn -0.0024 0.9964 0.0846
vn -0.0849 0.9961 0.0235
vn -0.9926 -0.1066 0.0578
vn -0.9802 -0.0280 -0.1960
vn -0.9987 -0.0081 0.0495
vn -0.3246 0.9388 0.1154
vn -0.3155 0.9419 0.1153
vn -0.1643 0.9859 0.0315
vn -0.1523 0.9853 0.0775
vn -0.6284 0.7591 0.1698
vn -0.9036 0.3493 0.2480
vn -0.8770 0.3493 0.3301
vn -0.6083 0.7591 0.2317
vn -0.8896 0.0001 0.4566
vn -0.6781 -0.0280 0.7344
vn -0.8373 -0.1066 0.5363
vn -0.6065 0.7940 -0.0407
vn -0.5933 0.7657 -0.2485
vn -0.1453 0.9893 -0.0091
vn -0.0812 0.9965 0.0192
vn -0.0474 0.9962 -0.0727
vn -0.1200 0.9888 -0.0883
vn -0.3880 0.0045 -0.9216
vn -0.1364 -0.0027 -0.9906
vn -0.2449 0.0919 -0.9652
vn -0.7153 -0.0750 -0.6948
vn -0.4059 0.6702 -0.6214
vn -0.4653 0.6702 -0.5783
vn -0.2004 0.9421 -0.2689
vn -0.2071 0.9407 -0.2688
vn -0.1224 0.9863 -0.1105
vn -0.0686 0.9870 -0.1455
vn -0.4445 0.0311 -0.8952
vn -0.8354 -0.0016 -0.5496
vn -0.8998 -0.0027 -0.4363
vn -0.7563 0.0045 -0.6542
vn -0.1360 0.8065 -0.5754
vn 0.1356 0.8065 -0.5755
vn 0.0407 0.9892 -0.1411
vn -0.0408 0.9892 -0.1406
vn -0.0479 0.9964 -0.0705
vn 0.0392 0.9956 -0.0852
vn 0.9000 -0.0027 -0.4359
vn 0.7566 0.0045 -0.6538
vn 0.6857 0.0126 -0.7277
vn 0.0942 -0.8838 -0.4583
vn 0.1489 -0.4664 -0.8719
vn -0.1514 -0.4795 -0.8644
vn -0.1510 -0.8865 -0.4374
vn -0.0408 -0.9892 -0.1406
vn 0.0407 -0.9892 -0.1411
vn 0.0388 -0.9956 -0.0851
vn -0.0479 -0.9964 -0.0705
vn 0.4076 -0.7605 -0.5055
vn 0.3550 -0.7605 -0.5437
vn 0.5081 -0.3831 -0.7714
vn 0.5769 -0.3831 -0.7214
vn 0.2073 -0.9407 -0.2687
vn 0.2004 -0.9421 -0.2689
vn 0.0750 -0.9861 -0.1484
vn 0.1224 -0.9863 -0.1105
vn -0.4074 -0.7605 -0.5056
vn -0.5766 -0.3831 -0.7216
vn -0.5078 -0.3831 -0.7716
vn -0.3548 -0.7605 -0.5438
vn -0.2072 -0.9406 -0.2688
vn -0.1999 -0.9423 -0.2685
vn -0.0807 -0.9858 -0.1471
vn -0.1225 -0.9863 -0.1105
vn -0.5048 -0.8239 -0.2576
vn -0.5926 -0.8033 -0.0596
vn -0.1453 -0.9894 -0.0090
vn -0.1201 -0.9888 -0.0883
vn -0.0473 -0.9962 -0.0727
vn -0.0812 -0.9965 0.0200
vn -0.6720 -0.6943 0.2574
vn -0.6949 -0.6944 0.1866
vn -0.3287 -0.9360 0.1258
vn -0.3165 -0.9410 0.1196
vn -0.1644 -0.9859 0.0316
vn -0.1523 -0.9853 0.0773
vn -0.2710 -0.8134 0.5147
vn -0.4067 -0.8130 0.4166
vn -0.0530 -0.9897 0.1333
vn -0.1167 -0.9893 0.0874
vn -0.0845 -0.9962 0.0228
vn -0.0023 -0.9964 0.0845
vn 0.0368 -0.6944 0.7187
vn -0.0373 -0.6943 0.7187
vn -0.0128 -0.9436 0.3308
vn 0.0111 -0.9500 0.3122
vn 0.0085 -0.9857 0.1683
vn 0.2369 -0.8070 0.5409
vn 0.4008 -0.8240 0.4005
vn 0.1164 -0.9893 0.0875
vn 0.0518 -0.9897 0.1333
vn 0.0021 -0.9963 0.0855
vn 0.0841 -0.9962 0.0233
vn 0.6268 -0.7605 0.1696
vn 0.6067 -0.7605 0.2314
vn 0.8644 -0.3831 0.3257
vn 0.8907 -0.3831 0.2449
vn 0.3154 -0.9419 0.1153
vn 0.3185 -0.9418 0.1080
vn 0.1421 -0.9864 0.0825
vn 0.1642 -0.9859 0.0322
vn 0.4643 -0.8843 -0.0498
vn 0.8803 -0.4538 -0.1383
vn 0.7833 -0.4276 -0.4513
vn 0.4065 -0.8854 -0.2253
vn 0.1181 -0.9865 -0.1136
vn 0.1391 -0.9900 -0.0250
vn 0.0776 -0.9970 -0.0027
vn 0.0393 0.9985 -0.0384
vn 0.0366 0.9989 -0.0296
vn 0.0004 1.0000 -0.0006
vn 0.0006 1.0000 -0.0004
vn 0.0232 0.9988 -0.0432
vn 0.0232 0.9994 -0.0268
vn 0.0397 0.9992 0.0007
vn 0.0454 0.9989 0.0105
vn 0.0007 1.0000 -0.0000
vn 0.0005 1.0000 0.0001
vn 0.0481 0.9985 0.0250
vn 0.0397 0.9989 0.0261
vn 0.0008 1.0000 0.0002
vn 0.0006 1.0000 0.0005
vn 0.0043 0.9985 0.0552
vn 0.0203 0.9983 0.0554
vn 0.0005 1.0000 0.0008
vn -0.0001 1.0000 0.0010
vn -0.0065 0.9987 0.0496
vn -0.0121 0.9991 0.0407
vn -0.0000 1.0000 0.0007
vn -0.0003 1.0000 0.0007
vn -0.0513 0.9984 0.0245
vn -0.0383 0.9985 0.0402
vn -0.0005 1.0000 0.0007
vn -0.0007 1.0000 0.0002
vn -0.0566 0.9984 -0.0020
vn -0.0435 0.9989 0.0168
vn -0.0007 1.0000 0.0004
vn -0.0358 0.9989 -0.0301
vn -0.0392 0.9985 -0.0384
vn -0.0006 1.0000 -0.0005
vn -0.0004 1.0000 -0.0006
vn -0.0479 0.9986 -0.0238
vn -0.0158 0.9999 -0.0021
vn 0.0002 0.9998 -0.0189
vn -0.0160 -0.9991 -0.0394
vn -0.0234 -0.9978 -0.0615
vn -0.0001 -1.0000 -0.0008
vn -0.0005 -1.0000 -0.0006
vn 0.0231 -0.9994 -0.0266
vn 0.0232 -0.9988 -0.0431
vn 0.0392 -0.9985 -0.0384
vn 0.0360 -0.9989 -0.0293
vn 0.0004 -1.0000 -0.0006
vn 0.0006 -1.0000 -0.0004
vn -0.0393 -0.9985 -0.0384
vn -0.0358 -0.9989 -0.0301
vn -0.0004 -1.0000 -0.0006
vn -0.0006 -1.0000 -0.0004
vn -0.0519 -0.9985 0.0147
vn -0.0565 -0.9984 -0.0031
vn -0.0008 -1.0000 0.0003
vn -0.0383 -0.9985 0.0402
vn -0.0513 -0.9984 0.0245
vn -0.0007 -1.0000 0.0002
vn -0.0005 -1.0000 0.0007
vn -0.0122 -0.9991 0.0407
vn -0.0065 -0.9987 0.0496
vn -0.0002 -1.0000 0.0007
vn -0.0000 -1.0000 0.0007
vn 0.0062 -0.9988 0.0479
vn 0.0122 -0.9991 0.0414
vn 0.0003 -1.0000 0.0007
vn 0.0397 -0.9989 0.0261
vn 0.0481 -0.9985 0.0250
vn 0.0005 -1.0000 0.0005
vn 0.0007 -1.0000 0.0002
vn 0.0452 -0.9989 0.0106
vn 0.0395 -0.9992 0.0006
vn 0.0005 -1.0000 0.0001
vn 0.0007 -1.0000 -0.0000
vn 0.1043 0.7725 -0.6264
vn 0.1383 0.7157 -0.6845
vn 0.0389 0.7385 -0.6731
vn 0.2084 0.6087 -0.7655
vn 0.1255 0.3518 -0.9276
vn 0.1364 0.9412 -0.3090
vn 0.1149 0.9651 -0.2355
vn 0.1721 0.9723 -0.1585
vn 0.1274 0.9849 -0.1168
vn 0.1127 0.9863 -0.1204
vn 0.4269 0.7385 0.5218
vn 0.6465 0.3518 0.6769
vn 0.6184 0.6087 0.4971
vn 0.3652 0.8638 0.3472
vn 0.4980 0.8545 0.1479
vn 0.6117 0.5412 0.5770
vn 0.2639 0.9518 0.1563
vn 0.3258 0.9332 0.1517
vn 0.1681 0.9820 0.0864
vn 0.2324 0.9719 0.0370
vn 0.1600 0.9865 0.0345
vn 0.5084 0.8468 -0.1566
vn 0.8299 0.3944 0.3946
vn 0.6337 0.7726 -0.0379
vn 0.6518 0.7389 -0.1707
vn 0.7924 0.6089 -0.0380
vn 0.9206 0.3530 -0.1670
vn 0.3517 0.9326 0.0814
vn 0.3018 0.9530 0.0266
vn 0.1959 0.9734 0.1186
vn 0.1836 0.9830 0.0091
vn 0.1529 0.9858 0.0695
vn -0.3183 0.7381 0.5949
vn -0.4408 0.3465 0.8280
vn -0.2086 0.3492 0.9136
vn -0.1498 0.7531 0.6407
vn -0.2151 0.8651 0.4531
vn 0.0600 0.8875 0.4568
vn -0.3636 0.5463 0.7545
vn -0.0656 0.9600 0.2723
vn -0.0601 0.9363 0.3459
vn -0.0491 0.9822 0.1814
vn 0.0479 0.9732 0.2250
vn 0.0170 0.9857 0.1674
vn 0.3086 0.8447 0.4373
vn 0.3057 0.6940 0.6518
vn -0.1478 0.4300 0.8906
vn 0.3180 0.7381 0.5950
vn 0.1495 0.7531 0.6407
vn 0.2082 0.3491 0.9137
vn 0.4405 0.3465 0.8282
vn 0.1056 0.9386 0.3285
vn -0.0258 0.9644 0.2633
vn 0.0286 0.9819 0.1873
vn -0.0175 0.9892 0.1455
vn -0.6641 0.7381 -0.1189
vn -0.9237 0.3465 -0.1634
vn -0.9333 0.3491 0.0839
vn -0.6556 0.7531 0.0555
vn -0.7195 0.6671 -0.1931
vn -0.4300 0.8967 0.1051
vn -0.6775 0.7330 0.0615
vn -0.2375 0.9709 0.0312
vn -0.3521 0.9359 0.0079
vn -0.1794 0.9838 0.0072
vn -0.2538 0.9593 0.1242
vn -0.1486 0.9848 0.0900
vn -0.3639 0.8656 0.3439
vn -0.5954 0.5537 0.5821
vn -0.4619 0.8856 0.0481
vn -0.4676 0.7381 0.4863
vn -0.5632 0.7531 0.3402
vn -0.8046 0.3491 0.4803
vn -0.6516 0.3465 0.6748
vn -0.2993 0.9396 0.1663
vn -0.2278 0.9630 0.1437
vn -0.2289 0.9729 0.0325
vn -0.1681 0.9815 0.0921
vn -0.1291 0.9910 0.0359
vn -0.1795 0.9822 0.0557
vn -0.0387 0.7385 -0.6731
vn -0.1251 0.3518 -0.9277
vn -0.2081 0.6087 -0.7656
vn -0.0497 0.7632 -0.6443
vn -0.1634 0.7626 -0.6259
vn -0.6316 0.3943 -0.6675
vn -0.1033 0.9571 -0.2709
vn -0.1616 0.9374 -0.3085
vn -0.0685 0.9815 -0.1787
vn -0.1698 0.9727 -0.1584
vn -0.1116 0.9863 -0.1213
vn -0.4397 0.8654 -0.2405
vn -0.7327 0.5488 -0.4024
vn -0.2202 0.8788 -0.4233
vn -0.6281 0.7385 -0.2450
vn -0.6636 0.6087 -0.4348
vn -0.8434 0.3518 -0.4061
vn -0.2338 0.9379 -0.2562
vn -0.2294 0.9557 -0.1845
vn -0.1051 0.9729 -0.2062
vn -0.1393 0.9819 -0.1284
vn -0.0892 0.9874 -0.1309
vn 0.6282 0.7385 -0.2448
vn 0.8436 0.3518 -0.4057
vn 0.6638 0.6087 -0.4345
vn 0.4438 0.8631 -0.2408
vn 0.1763 0.8967 -0.4061
vn 0.7840 0.4717 -0.4035
vn 0.2270 0.9580 -0.1750
vn 0.2302 0.9416 -0.2457
vn 0.1017 0.9731 -0.2067
vn 0.1551 0.9790 -0.1324
vn 0.0965 0.9858 -0.1372
vn 0.6059 -0.7394 -0.2935
vn 0.8345 -0.3711 -0.4074
vn 0.6958 -0.3804 -0.6093
vn 0.4966 -0.7544 -0.4292
vn 0.5739 -0.7852 -0.2326
vn 0.4069 -0.8510 -0.3320
vn 0.4696 -0.5370 -0.7008
vn 0.8198 -0.4163 -0.3932
vn 0.2270 -0.9580 -0.1751
vn 0.2303 -0.9416 -0.2458
vn 0.1530 -0.9788 -0.1362
vn 0.1002 -0.9736 -0.2049
vn 0.0941 -0.9866 -0.1333
vn 0.1208 -0.9771 -0.1754
vn -0.4898 -0.8377 -0.2415
vn -0.6324 -0.6904 -0.3512
vn -0.4149 -0.4572 -0.7866
vn -0.6058 -0.7394 -0.2938
vn -0.4964 -0.7545 -0.4294
vn -0.6955 -0.3804 -0.6096
vn -0.8343 -0.3710 -0.4078
vn -0.2301 -0.9418 -0.2451
vn -0.2220 -0.9591 -0.1758
vn -0.1393 -0.9819 -0.1284
vn -0.1032 -0.9731 -0.2060
vn -0.0820 -0.9867 -0.1407
vn -0.0919 -0.7394 -0.6669
vn -0.1296 -0.3711 -0.9195
vn -0.3644 -0.3804 -0.8500
vn -0.2547 -0.7545 -0.6049
vn -0.0372 -0.7944 -0.6063
vn -0.2880 -0.8568 -0.4277
vn -0.0924 -0.4580 -0.8842
vn -0.1001 -0.9560 -0.2758
vn -0.1644 -0.9381 -0.3050
vn -0.1720 -0.9723 -0.1586
vn -0.0685 -0.9815 -0.1787
vn -0.1115 -0.9863 -0.1213
vn -0.3808 -0.8380 0.3909
vn -0.5153 -0.6941 0.5027
vn -0.8963 -0.4284 0.1148
vn -0.4647 -0.7406 0.4853
vn -0.6056 -0.6557 0.4509
vn -0.6273 -0.3737 0.6832
vn -0.3258 -0.9332 0.1516
vn -0.2638 -0.9518 0.1563
vn -0.1607 -0.9818 0.1016
vn -0.2288 -0.9729 0.0323
vn -0.1636 -0.9858 0.0375
vn -0.6610 -0.7407 -0.1197
vn -0.9086 -0.3750 -0.1841
vn -0.7550 -0.6557 -0.0096
vn -0.5083 -0.8468 -0.1567
vn -0.6513 -0.7580 -0.0339
vn -0.3393 -0.9406 0.0058
vn -0.2590 -0.9575 0.1267
vn -0.1890 -0.9820 0.0051
vn -0.1479 -0.9849 0.0900
vn 0.3397 -0.7603 0.5537
vn 0.2354 -0.7500 0.6181
vn 0.3180 -0.7407 0.5918
vn 0.2415 -0.6559 0.7152
vn 0.4559 -0.3737 0.8078
vn 0.0903 -0.8929 0.4410
vn 0.1107 -0.9372 0.3307
vn 0.0278 -0.9820 0.1868
vn -0.0279 -0.9667 0.2544
vn -0.0176 -0.9892 0.1453
vn -0.3182 -0.7406 0.5918
vn -0.4562 -0.3737 0.8076
vn -0.2419 -0.6557 0.7152
vn -0.3087 -0.8449 0.4370
vn 0.1593 -0.4427 0.8824
vn -0.3254 -0.6928 0.6435
vn -0.0654 -0.9515 0.3006
vn -0.0418 -0.9322 0.3596
vn 0.0429 -0.9720 0.2311
vn -0.0361 -0.9820 0.1855
vn 0.0185 -0.9861 0.1652
vn 0.5882 -0.7943 -0.1518
vn 0.8695 -0.4580 -0.1850
vn 0.4956 -0.8569 0.1420
vn 0.6628 -0.7394 -0.1184
vn 0.6540 -0.7545 0.0556
vn 0.9210 -0.3804 0.0843
vn 0.9146 -0.3711 -0.1605
vn 0.3463 -0.9365 0.0548
vn 0.2803 -0.9598 0.0169
vn 0.1832 -0.9830 0.0092
vn 0.1959 -0.9734 0.1187
vn 0.1530 -0.9858 0.0699
vn 0.4664 -0.7394 0.4855
vn 0.6454 -0.3710 0.6677
vn 0.7945 -0.3804 0.4734
vn 0.5616 -0.7545 0.3397
vn 0.4182 -0.7624 0.4938
vn 0.5083 -0.7389 0.4424
vn 0.8814 -0.4474 0.1513
vn 0.2638 -0.9518 0.1564
vn 0.3258 -0.9332 0.1517
vn 0.2319 -0.9720 0.0369
vn 0.1717 -0.9813 0.0874
vn 0.1495 -0.9882 0.0341
vn 0.2332 -0.9705 0.0615
vn 0.0349 -0.7877 -0.6151
vn 0.1885 -0.4076 -0.8935
vn 0.1705 -0.8864 -0.4303
vn 0.0922 -0.7394 -0.6669
vn 0.2550 -0.7545 -0.6048
vn 0.3648 -0.3804 -0.8499
vn 0.1300 -0.3710 -0.9195
vn 0.1364 -0.9412 -0.3092
vn 0.1129 -0.9636 -0.2425
vn 0.1716 -0.9722 -0.1591
vn 0.0980 -0.9871 -0.1267
vn -0.0000 1.0000 -0.0000
vn -0.0000 1.0000 -0.0009
vn -0.0007 1.0000 -0.0004
vn -0.0000 -1.0000 -0.0000
vn 0.0408 0.9025 -0.4287
vn 0.4751 0.8780 -0.0586
vn -0.1601 0.9146 0.3713
vn -0.2824 0.9073 0.3116
vn -0.0879 0.9134 -0.3975
vn -0.3535 0.9118 -0.2089
vn 0.3955 0.9024 -0.1711
vn 0.3955 -0.9024 -0.1711
vn -0.3945 -0.9028 -0.1714
vn -0.0792 -0.9117 -0.4031
vn 0.2741 -0.8623 0.4259
vn 0.3993 -0.9163 -0.0306
vn 0.0408 -0.9025 -0.4287
vn 0.2298 0.9269 -0.2967
vn 0.2268 0.9281 -0.2953
vn 0.2008 0.9757 0.0883
vn 0.1615 0.9815 -0.1031
vn 0.3570 0.9289 0.0984
vn 0.3438 0.9259 0.1566
vn -0.0264 0.9747 0.2219
vn 0.2174 0.9752 0.0409
vn -0.0430 0.9155 0.4001
vn -0.0348 0.9273 0.3726
vn 0.0254 0.9745 0.2229
vn -0.3436 0.9260 0.1566
vn -0.2024 0.9748 0.0937
vn -0.0966 0.9723 -0.2129
vn -0.2333 0.9270 -0.2938
vn -0.2150 0.9284 -0.3030
vn 0.1655 0.9734 -0.1587
vn -0.1646 0.9735 -0.1586
vn -0.1653 -0.9734 -0.1588
vn 0.1654 -0.9733 -0.1589
vn 0.2268 -0.9281 -0.2953
vn 0.2297 -0.9269 -0.2966
vn -0.2258 -0.9274 -0.2982
vn -0.2331 -0.9270 -0.2937
vn -0.2021 -0.9749 0.0937
vn -0.0966 -0.9723 -0.2129
vn -0.4370 -0.8953 0.0859
vn -0.3437 -0.9258 0.1572
vn 0.0314 -0.9726 0.2304
vn -0.2262 -0.9735 0.0343
vn -0.0347 -0.9273 0.3728
vn -0.0394 -0.9185 0.3934
vn 0.2174 -0.9753 0.0404
vn -0.0264 -0.9747 0.2222
vn 0.3437 -0.9259 0.1565
vn 0.3567 -0.9291 0.0977
vn 0.1583 -0.9809 -0.1134
vn 0.2018 -0.9752 0.0913
vn 0.0554 0.9884 -0.1414
vn 0.1252 0.9876 -0.0945
vn 0.0001 1.0000 -0.0005
vn 0.0958 0.9930 -0.0687
vn 0.1037 0.9944 0.0210
vn 0.1465 0.9890 0.0191
vn 0.1270 0.9878 0.0903
vn 0.1118 0.9930 0.0369
vn -0.0140 0.9926 0.1205
vn 0.0529 0.9882 0.1438
vn -0.0155 0.9861 0.1656
vn -0.0043 0.9940 0.1094
vn -0.1231 0.9921 0.0256
vn -0.1493 0.9888 -0.0013
vn -0.0006 1.0000 -0.0002
vn -0.1020 0.9945 0.0255
vn -0.0660 0.9931 -0.0969
vn -0.1252 0.9876 -0.0946
vn -0.0189 0.9975 -0.0679
vn 0.0008 1.0000 -0.0017
vn -0.0616 0.9939 -0.0915
vn 0.0002 1.0000 -0.0003
vn -0.0609 -0.9939 -0.0923
vn 0.0003 -1.0000 -0.0003
vn 0.0555 -0.9884 -0.1412
vn 0.1251 -0.9876 -0.0946
vn 0.0001 -1.0000 -0.0005
vn -0.1252 -0.9876 -0.0946
vn -0.0660 -0.9931 -0.0969
vn -0.1070 -0.9930 0.0502
vn -0.1492 -0.9888 -0.0017
vn -0.0006 -1.0000 -0.0002
vn -0.1232 -0.9921 0.0256
vn -0.0043 -0.9940 0.1094
vn -0.0153 -0.9861 0.1654
vn 0.0341 -0.9886 0.1468
vn 0.0076 -0.9938 0.1110
vn 0.1118 -0.9930 0.0370
vn 0.1270 -0.9878 0.0903
vn 0.1461 -0.9891 0.0196
vn 0.1030 -0.9945 0.0205
vn 0.0676 -0.9962 -0.0552
vn 0.1324 0.9727 -0.1906
vn 0.2242 0.9718 0.0734
vn 0.2214 0.9734 0.0580
vn -0.0069 0.9728 0.2317
vn 0.0480 0.9435 0.3278
vn -0.2176 0.9744 0.0563
vn -0.2179 0.9731 0.0747
vn -0.1317 0.9731 -0.1891
vn -0.1394 0.9720 -0.1893
vn 0.1405 0.9730 -0.1833
vn 0.1407 -0.9732 -0.1818
vn -0.1395 -0.9720 -0.1891
vn -0.1316 -0.9725 -0.1921
vn -0.2177 -0.9732 0.0741
vn -0.1927 -0.9791 0.0651
vn 0.0405 -0.9458 0.3221
vn -0.0045 -0.9708 0.2399
vn 0.2208 -0.9735 0.0588
vn 0.2195 -0.9727 0.0747
vn 0.1241 -0.9711 -0.2038
vn 0.0001 0.8513 -0.5247
vn 0.0002 0.8522 -0.5231
vn 0.0006 0.8529 -0.5221
vn 0.3083 0.8513 0.4246
vn 0.3072 0.8528 0.4223
vn 0.3075 0.8522 0.4232
vn 0.4988 0.8514 -0.1620
vn 0.4975 0.8523 -0.1617
vn 0.4967 0.8529 -0.1609
vn -0.3086 0.8513 0.4244
vn -0.3065 0.8529 0.4226
vn -0.3075 0.8522 0.4233
vn 0.3082 0.8513 0.4245
vn 0.3073 0.8523 0.4234
vn 0.3061 0.8530 0.4227
vn -0.4990 0.8513 -0.1623
vn -0.4968 0.8528 -0.1611
vn -0.4976 0.8522 -0.1617
vn -0.3085 0.8512 0.4245
vn -0.3077 0.8522 0.4232
vn -0.3075 0.8526 0.4226
vn 0.0002 0.8513 -0.5247
vn -0.0004 0.8530 -0.5219
vn -0.0000 0.8523 -0.5231
vn -0.4990 0.8513 -0.1622
vn -0.4974 0.8523 -0.1619
vn -0.4962 0.8530 -0.1619
vn 0.4991 0.8513 -0.1620
vn 0.4964 0.8529 -0.1617
vn 0.4991 -0.8513 -0.1620
vn 0.4964 -0.8529 -0.1617
vn 0.4975 -0.8523 -0.1617
vn -0.4990 -0.8513 -0.1622
vn -0.4974 -0.8523 -0.1619
vn -0.4963 -0.8529 -0.1619
vn 0.0002 -0.8513 -0.5247
vn -0.0004 -0.8530 -0.5219
vn -0.0000 -0.8523 -0.5231
vn -0.3085 -0.8513 0.4245
vn -0.3077 -0.8522 0.4231
vn -0.3074 -0.8528 0.4222
vn -0.4967 -0.8528 -0.1610
vn -0.4975 -0.8522 -0.1617
vn 0.3084 -0.8513 0.4245
vn 0.3074 -0.8522 0.4233
vn 0.3065 -0.8528 0.4228
vn -0.3074 -0.8523 0.4232
vn 0.4990 -0.8513 -0.1621
vn 0.4976 -0.8523 -0.1614
vn 0.4966 -0.8530 -0.1607
vn 0.3083 -0.8513 0.4246
vn 0.3072 -0.8528 0.4223
vn 0.3075 -0.8522 0.4232
vn 0.0001 -0.8513 -0.5247
vn 0.0002 -0.8522 -0.5231
vn 0.0006 -0.8529 -0.5221
vn 0.0001 0.0137 -0.9999
vn 0.2634 0.8941 -0.3622
vn 0.2829 0.8952 -0.3443
vn 0.2627 0.8957 -0.3587
vn 0.2413 0.8953 -0.3744
vn 0.1751 0.9823 -0.0664
vn 0.1834 0.9823 -0.0380
vn 0.5874 -0.0163 0.8091
vn 0.4258 0.8941 0.1385
vn 0.4308 0.8953 0.1136
vn 0.4224 0.8957 0.1389
vn 0.4145 0.8952 0.1636
vn 0.9509 0.0168 -0.3089
vn 0.1008 0.9822 0.1588
vn 0.0721 0.9815 0.1776
vn 0.1096 0.9825 0.1505
vn 0.1439 0.9816 0.1254
vn -0.5881 -0.0027 0.8088
vn -0.0001 0.8950 0.4460
vn 0.0256 0.8954 0.4446
vn -0.0001 0.8957 0.4446
vn -0.0268 0.8953 0.4446
vn 0.5873 -0.0349 0.8086
vn -0.1330 0.9819 0.1351
vn -0.1485 0.9814 0.1220
vn -0.1133 0.9825 0.1478
vn -0.0723 0.9815 0.1775
vn -0.9510 -0.0067 -0.3091
vn -0.4323 0.8953 0.1076
vn -0.4220 0.8958 0.1397
vn -0.4144 0.8953 0.1633
vn -0.4242 0.8950 0.1379
vn -0.5878 -0.0027 0.8090
vn -0.1915 0.9814 -0.0128
vn -0.1822 0.9821 -0.0468
vn -0.1636 0.9816 -0.0987
vn -0.1769 0.9825 -0.0579
vn 0.0004 0.0107 -0.9999
vn -0.2632 0.8941 -0.3623
vn -0.2828 0.8952 -0.3444
vn -0.2626 0.8957 -0.3588
vn -0.2414 0.8953 -0.3744
vn -0.9511 -0.0027 -0.3090
vn -0.0000 0.9822 -0.1878
vn 0.0477 0.9814 -0.1860
vn -0.0000 0.9825 -0.1862
vn -0.0465 0.9814 -0.1861
vn 0.9511 -0.0025 -0.3087
vn -0.0088 -0.9823 -0.1869
vn -0.0492 -0.9813 -0.1860
vn -0.0004 -0.9825 -0.1862
vn 0.0463 -0.9815 -0.1860
vn 0.2623 -0.8950 -0.3607
vn 0.2414 -0.8954 -0.3742
vn 0.2627 -0.8958 -0.3586
vn 0.2827 -0.8953 -0.3442
vn -0.2622 -0.8950 -0.3608
vn -0.2415 -0.8954 -0.3741
vn -0.2626 -0.8958 -0.3587
vn -0.2826 -0.8953 -0.3442
vn -0.1804 -0.9823 -0.0501
vn -0.1916 -0.9814 -0.0123
vn -0.1769 -0.9825 -0.0580
vn -0.1627 -0.9815 -0.1011
vn -0.4224 -0.8950 0.1432
vn -0.4109 -0.8950 0.1737
vn -0.1104 -0.9822 0.1518
vn -0.0751 -0.9816 0.1754
vn -0.1101 -0.9825 0.1501
vn -0.1442 -0.9816 0.1252
vn -0.0008 -0.8949 0.4462
vn -0.0269 -0.8953 0.4446
vn -0.0017 -0.8957 0.4446
vn 0.0170 -0.8955 0.4447
vn 0.1033 -0.9823 0.1561
vn 0.1460 -0.9815 0.1239
vn 0.1097 -0.9825 0.1504
vn 0.0687 -0.9813 0.1799
vn 0.4241 -0.8950 0.1380
vn 0.4144 -0.8953 0.1634
vn 0.4223 -0.8957 0.1389
vn 0.4307 -0.8954 0.1132
vn 0.1750 -0.9824 -0.0659
vn 0.1832 -0.9823 -0.0384
vn 0.9371 0.1217 -0.3273
vn 0.5879 0.0096 -0.8089
vn 0.0291 0.9988 -0.0397
vn 0.0108 0.9999 -0.0069
vn 0.0027 0.9999 -0.0123
vn 0.0338 0.9993 -0.0178
vn 0.0095 1.0000 0.0013
vn 0.0068 1.0000 -0.0073
vn 0.0462 0.9988 0.0158
vn 0.0095 0.9999 0.0077
vn 0.0120 0.9999 -0.0003
vn 0.0147 0.9997 0.0193
vn -0.0007 1.0000 0.0092
vn 0.0089 1.0000 0.0024
vn -0.0028 0.9984 0.0560
vn -0.0037 0.9999 0.0113
vn 0.0040 0.9999 0.0122
vn -0.0147 0.9997 0.0194
vn -0.0095 1.0000 0.0022
vn 0.0003 1.0000 0.0092
vn -0.0457 0.9989 0.0107
vn -0.0079 1.0000 0.0053
vn -0.0125 0.9999 -0.0020
vn -0.0227 0.9997 -0.0080
vn -0.0051 1.0000 -0.0076
vn -0.0083 1.0000 0.0030
vn -0.0209 0.9989 -0.0416
vn 0.0283 0.9991 -0.0307
vn -0.0050 0.9999 -0.0102
vn -0.0074 1.0000 -0.0067
vn 0.0015 1.0000 -0.0042
vn -0.0060 0.9997 -0.0225
vn 0.9509 0.0096 0.3092
vn 0.5834 -0.1229 0.8029
vn -0.0002 -0.1320 0.9912
vn -0.5875 -0.0300 0.8087
vn -0.9428 -0.1320 0.3061
vn -0.9492 -0.1182 -0.2915
vn -0.5876 0.0096 -0.8091
vn 0.0001 0.0142 -0.9999
vn -0.0060 -0.9997 -0.0225
vn -0.0061 -1.0000 -0.0071
vn 0.0014 -1.0000 -0.0042
vn 0.0291 -0.9988 -0.0397
vn 0.0108 -0.9999 -0.0069
vn 0.0027 -0.9999 -0.0123
vn -0.0315 -0.9989 -0.0356
vn -0.0106 -0.9999 -0.0063
vn -0.0031 -1.0000 -0.0087
vn -0.0227 -0.9997 -0.0080
vn -0.0084 -1.0000 0.0034
vn -0.0051 -1.0000 -0.0076
vn -0.0457 -0.9989 0.0107
vn -0.0079 -1.0000 0.0053
vn -0.0125 -0.9999 -0.0020
vn -0.0147 -0.9997 0.0194
vn 0.0003 -1.0000 0.0092
vn -0.0095 -1.0000 0.0022
vn -0.0028 -0.9984 0.0560
vn 0.0036 -0.9999 0.0122
vn -0.0037 -0.9999 0.0113
vn 0.0146 -0.9997 0.0193
vn 0.0089 -1.0000 0.0024
vn -0.0003 -1.0000 0.0089
vn 0.0462 -0.9988 0.0158
vn 0.0120 -0.9999 -0.0004
vn 0.0095 -0.9999 0.0077
vn 0.0332 -0.9993 -0.0173
vn 0.0067 -1.0000 -0.0073
vn 0.0095 -1.0000 0.0013
vn 0.0001 0.7029 -0.7112
vn 0.0013 0.4234 -0.9060
vn 0.0002 0.3325 -0.9431
vn 0.0003 0.4765 -0.8792
vn 0.0601 0.8696 -0.4900
vn 0.0867 0.8745 -0.4771
vn 0.1617 0.8888 -0.4288
vn 0.1456 0.8874 -0.4375
vn 0.1056 0.9581 -0.2663
vn 0.1081 0.9603 -0.2573
vn 0.4153 0.7074 0.5720
vn 0.5161 0.4782 0.7106
vn 0.5529 0.3378 0.7617
vn 0.5094 0.4996 0.7006
vn 0.2815 0.9084 0.3093
vn 0.2378 0.9614 0.1384
vn 0.2321 0.9649 0.1226
vn 0.2497 0.9503 0.1859
vn 0.3385 0.8707 0.3569
vn 0.3504 0.8745 0.3353
vn 0.3833 0.8892 0.2498
vn 0.3710 0.8853 0.2802
vn 0.8115 0.5216 -0.2633
vn 0.7573 0.6053 -0.2451
vn 0.4774 0.8771 -0.0520
vn 0.4502 0.8916 0.0475
vn 0.4711 0.8713 -0.1373
vn 0.4529 0.8833 -0.1211
vn 0.2866 0.9579 0.0163
vn 0.3841 0.9212 -0.0629
vn -0.4156 0.7074 0.5717
vn -0.5163 0.4780 0.7105
vn -0.5535 0.3382 0.7611
vn -0.5089 0.4997 0.7010
vn -0.2051 0.9093 0.3621
vn -0.0508 0.9632 0.2640
vn -0.0446 0.9650 0.2585
vn -0.0986 0.9506 0.2943
vn -0.2370 0.8702 0.4320
vn -0.1552 0.8842 0.4406
vn -0.1154 0.8897 0.4417
vn -0.1582 0.8845 0.4390
vn 0.3355 0.8199 0.4639
vn 0.3554 0.7962 0.4896
vn 0.5122 0.4899 0.7054
vn 0.4739 0.5901 0.6536
vn 0.2401 0.8695 0.4317
vn 0.1554 0.8841 0.4406
vn 0.1081 0.8905 0.4419
vn 0.1655 0.8835 0.4383
vn 0.1113 0.9465 0.3029
vn 0.2002 0.9114 0.3595
vn -0.6765 0.7028 -0.2200
vn -0.8364 0.4760 -0.2718
vn -0.8995 0.3246 -0.2925
vn -0.8668 0.4122 -0.2806
vn -0.4113 0.9074 -0.0863
vn -0.3239 0.9460 -0.0128
vn -0.2517 0.9668 0.0438
vn -0.3085 0.9512 -0.0015
vn -0.4842 0.8701 -0.0924
vn -0.4669 0.8842 -0.0112
vn -0.4558 0.8897 0.0276
vn -0.4666 0.8843 -0.0170
vn -0.4155 0.7074 0.5718
vn -0.5096 0.4998 0.7003
vn -0.5531 0.3382 0.7613
vn -0.5165 0.4780 0.7104
vn -0.3374 0.8699 0.3597
vn -0.3689 0.8845 0.2856
vn -0.3846 0.8897 0.2459
vn -0.3712 0.8842 0.2835
vn -0.2359 0.9623 0.1354
vn -0.2374 0.9617 0.1368
vn 0.0001 0.4777 -0.8785
vn 0.0003 0.3360 -0.9419
vn -0.0005 0.4728 -0.8812
vn 0.0002 0.7063 -0.7079
vn -0.0891 0.9470 -0.3086
vn -0.1157 0.9650 -0.2354
vn -0.0911 0.9492 -0.3013
vn -0.0444 0.9068 -0.4193
vn -0.0860 0.8744 -0.4774
vn -0.1630 0.8892 -0.4274
vn -0.1296 0.8844 -0.4483
vn -0.0603 0.8697 -0.4899
vn -0.8236 0.4996 -0.2683
vn -0.8950 0.3382 -0.2908
vn -0.8352 0.4782 -0.2717
vn -0.6722 0.7074 -0.2185
vn -0.4273 0.8745 -0.2297
vn -0.3539 0.8895 -0.2890
vn -0.3835 0.8849 -0.2643
vn -0.4468 0.8698 -0.2093
vn -0.1961 0.9632 -0.1838
vn -0.1883 0.9649 -0.1829
vn -0.2565 0.9496 -0.1800
vn -0.3819 0.9080 -0.1723
vn 0.8354 0.4780 -0.2713
vn 0.8976 0.3308 -0.2913
vn 0.8283 0.4912 -0.2695
vn 0.6724 0.7072 -0.2183
vn 0.2126 0.9599 -0.1830
vn 0.2216 0.9581 -0.1816
vn 0.4274 0.8745 -0.2295
vn 0.3534 0.8896 -0.2894
vn 0.3836 0.8849 -0.2641
vn 0.4478 0.8696 -0.2083
vn 0.8299 -0.4884 -0.2696
vn 0.8902 -0.3524 -0.2888
vn 0.8232 -0.5006 -0.2678
vn 0.6711 -0.7086 -0.2178
vn 0.2918 -0.9396 -0.1787
vn 0.2254 -0.9572 -0.1813
vn 0.4443 -0.8706 -0.2114
vn 0.3843 -0.8842 -0.2654
vn 0.3497 -0.8901 -0.2921
vn 0.3814 -0.8853 -0.2659
vn -0.6709 -0.7088 -0.2181
vn -0.8194 -0.5073 -0.2669
vn -0.8873 -0.3600 -0.2883
vn -0.8297 -0.4886 -0.2699
vn -0.4440 -0.8706 -0.2118
vn -0.3842 -0.8842 -0.2656
vn -0.3502 -0.8901 -0.2918
vn -0.3813 -0.8853 -0.2661
vn -0.2529 -0.9504 -0.1811
vn -0.2251 -0.9573 -0.1815
vn 0.0002 -0.7088 -0.7054
vn 0.0001 -0.4886 -0.8725
vn 0.0004 -0.3597 -0.9331
vn -0.0003 -0.5105 -0.8599
vn -0.0444 -0.9067 -0.4194
vn -0.0851 -0.9438 -0.3192
vn -0.1147 -0.9644 -0.2381
vn -0.0909 -0.9490 -0.3019
vn -0.0638 -0.8706 -0.4878
vn -0.1336 -0.8842 -0.4476
vn -0.1684 -0.8900 -0.4237
vn -0.1320 -0.8849 -0.4467
vn -0.4147 -0.7088 0.5707
vn -0.5070 -0.5075 0.6967
vn -0.5483 -0.3601 0.7548
vn -0.5130 -0.4888 0.7056
vn -0.3702 -0.8838 0.2862
vn -0.3848 -0.8897 0.2455
vn -0.3721 -0.8857 0.2776
vn -0.3398 -0.8713 0.3540
vn -0.2821 -0.9076 0.3109
vn -0.2463 -0.9543 0.1695
vn -0.2329 -0.9644 0.1250
vn -0.2502 -0.9499 0.1873
vn -0.7510 -0.6137 -0.2434
vn -0.8032 -0.5355 -0.2609
vn -0.4523 -0.8836 -0.1209
vn -0.2871 -0.9578 0.0158
vn -0.3825 -0.9219 -0.0617
vn -0.4701 -0.8720 -0.1366
vn -0.4695 -0.8827 -0.0216
vn -0.4656 -0.8849 -0.0110
vn -0.4776 -0.8760 -0.0677
vn -0.4853 -0.8688 -0.0983
vn 0.5167 -0.4744 0.7127
vn 0.5502 -0.3513 0.7575
vn 0.5128 -0.4881 0.7063
vn 0.4153 -0.7076 0.5717
vn 0.1680 -0.8824 0.4394
vn 0.1087 -0.9471 0.3019
vn 0.0388 -0.9662 0.2548
vn 0.0961 -0.9514 0.2926
vn 0.2069 -0.9084 0.3633
vn -0.4703 -0.5991 0.6480
vn -0.5066 -0.5073 0.6971
vn -0.3531 -0.7994 0.4861
vn -0.3354 -0.8203 0.4633
vn -0.1116 -0.9464 0.3030
vn -0.2004 -0.9114 0.3595
vn -0.1580 -0.8838 0.4404
vn -0.1145 -0.8898 0.4418
vn -0.1493 -0.8857 0.4396
vn -0.2315 -0.8714 0.4325
vn 0.8180 -0.5105 -0.2651
vn 0.8874 -0.3597 -0.2883
vn 0.8299 -0.4886 -0.2693
vn 0.6709 -0.7088 -0.2179
vn 0.4670 -0.8842 -0.0111
vn 0.4557 -0.8897 0.0268
vn 0.4660 -0.8847 -0.0132
vn 0.4838 -0.8705 -0.0902
vn 0.3299 -0.9439 -0.0176
vn 0.2614 -0.9646 0.0361
vn 0.3141 -0.9494 -0.0058
vn 0.4114 -0.9074 -0.0861
vn 0.5130 -0.4881 0.7062
vn 0.5486 -0.3579 0.7556
vn 0.5147 -0.4842 0.7076
vn 0.4151 -0.7077 0.5717
vn 0.2558 -0.9446 0.2057
vn 0.2322 -0.9648 0.1232
vn 0.2505 -0.9495 0.1890
vn 0.2823 -0.9070 0.3125
vn 0.3713 -0.8843 0.2833
vn 0.3849 -0.8898 0.2452
vn 0.3719 -0.8857 0.2778
vn 0.3397 -0.8713 0.3542
vn 0.0006 -0.5093 -0.8606
vn -0.0000 -0.3597 -0.9331
vn 0.0003 -0.4886 -0.8725
vn 0.0001 -0.7088 -0.7054
vn 0.1341 -0.8843 -0.4473
vn 0.1705 -0.8901 -0.4227
vn 0.1467 -0.8875 -0.4368
vn 0.0631 -0.8704 -0.4883
vn 0.0791 -0.9390 -0.3348
vn 0.1077 -0.9602 -0.2578
vn 0.3054 -0.0005 -0.9522
vn 0.4366 0.6698 -0.6007
vn 0.1207 0.9739 -0.1921
vn 0.1004 0.9857 -0.1355
vn 0.1508 0.9738 -0.1703
vn 0.2061 0.9381 -0.2782
vn 0.5505 0.8143 -0.1842
vn 0.0976 0.9947 -0.0339
vn 0.8065 -0.0005 0.5912
vn 0.9338 -0.0396 0.3556
vn 0.7062 0.6698 0.2296
vn 0.3273 0.9385 0.1102
vn 0.2191 0.9738 0.0613
vn 0.1595 0.9857 0.0545
vn 0.2077 0.9741 0.0891
vn 0.9648 0.0151 0.2626
vn 1.0000 -0.0005 -0.0038
vn 0.3450 0.7930 0.5021
vn 0.0867 0.9894 0.1167
vn 0.0902 0.9949 0.0458
vn 0.0433 0.9974 0.0579
vn 0.0186 0.9950 0.0982
vn -0.3487 -0.0679 0.9348
vn -0.0401 0.5149 0.8563
vn -0.0002 0.3492 0.9371
vn 0.0397 0.5149 0.8563
vn -0.0001 0.7590 0.6511
vn -0.0050 0.9438 0.3304
vn 0.0014 0.9760 0.2177
vn 0.3483 -0.0678 0.9349
vn -0.3298 0.7219 0.6084
vn -0.5140 0.5427 0.6642
vn -0.0924 0.9890 0.1157
vn -0.0206 0.9950 0.0976
vn -0.0438 0.9974 0.0577
vn -0.0954 0.9942 0.0497
vn -0.9968 -0.0679 -0.0427
vn -0.3276 0.9383 0.1106
vn -0.2191 0.9738 0.0610
vn -0.1606 0.9856 0.0532
vn -0.2105 0.9737 0.0874
vn -0.8268 0.5149 0.2265
vn -0.8913 0.3492 0.2894
vn -0.8021 0.5149 0.3024
vn -0.6193 0.7590 0.2011
vn -0.7816 -0.0679 0.6201
vn -0.5916 0.7887 -0.1674
vn -0.1002 0.9949 0.0083
vn -0.0682 0.9974 -0.0238
vn -0.0728 0.9947 -0.0724
vn -0.1386 0.9892 -0.0473
vn -0.3050 -0.0005 -0.9524
vn -0.5478 0.0149 -0.8365
vn -0.4364 0.6698 -0.6009
vn -0.2060 0.9381 -0.2783
vn -0.1508 0.9738 -0.1704
vn -0.0993 0.9858 -0.1351
vn -0.1207 0.9739 -0.1921
vn -0.6102 0.0165 -0.7920
vn -0.8112 -0.0005 -0.5847
vn 0.0001 0.8025 -0.5966
vn -0.0000 0.9892 -0.1464
vn -0.0424 0.9948 -0.0923
vn -0.0022 0.9972 -0.0742
vn 0.0402 0.9944 -0.0980
vn 0.8115 -0.0005 -0.5844
vn 0.1438 -0.6419 -0.7532
vn -0.0040 -0.4685 -0.8834
vn -0.1698 -0.6603 -0.7316
vn -0.0201 -0.8880 -0.4595
vn -0.0000 -0.9892 -0.1464
vn 0.0400 -0.9944 -0.0981
vn -0.0022 -0.9972 -0.0742
vn -0.0424 -0.9948 -0.0923
vn 0.3818 -0.7604 -0.5253
vn 0.4673 -0.5263 -0.7104
vn 0.5431 -0.3831 -0.7472
vn 0.5314 -0.5263 -0.6637
vn 0.2061 -0.9381 -0.2782
vn 0.1207 -0.9739 -0.1921
vn 0.1003 -0.9857 -0.1355
vn 0.1509 -0.9738 -0.1704
vn -0.5312 -0.5264 -0.6639
vn -0.5428 -0.3831 -0.7474
vn -0.4670 -0.5263 -0.7105
vn -0.3816 -0.7604 -0.5255
vn -0.2059 -0.9382 -0.2782
vn -0.1206 -0.9740 -0.1920
vn -0.1012 -0.9856 -0.1351
vn -0.1508 -0.9738 -0.1704
vn -0.5498 -0.8195 -0.1616
vn -0.1386 -0.9892 -0.0473
vn -0.0728 -0.9947 -0.0723
vn -0.0681 -0.9974 -0.0238
vn -0.1002 -0.9949 0.0086
vn -0.6850 -0.6937 0.2226
vn -0.3298 -0.9366 0.1184
vn -0.2206 -0.9734 0.0623
vn -0.1608 -0.9856 0.0532
vn -0.2143 -0.9728 0.0883
vn -0.3470 -0.8072 0.4775
vn -0.0871 -0.9894 0.1165
vn -0.0905 -0.9949 0.0455
vn -0.0435 -0.9974 0.0575
vn -0.0200 -0.9950 0.0974
vn -0.0002 -0.6936 0.7204
vn -0.0051 -0.9438 0.3304
vn 0.0013 -0.9760 0.2177
vn 0.3233 -0.8205 0.4713
vn 0.0868 -0.9894 0.1167
vn 0.0188 -0.9950 0.0981
vn 0.0433 -0.9974 0.0579
vn 0.0903 -0.9949 0.0458
vn 0.6176 -0.7604 0.2008
vn 0.7955 -0.5263 0.3003
vn 0.8784 -0.3831 0.2856
vn 0.8200 -0.5263 0.2249
vn 0.3273 -0.9385 0.1102
vn 0.2077 -0.9741 0.0891
vn 0.1595 -0.9857 0.0545
vn 0.2191 -0.9738 0.0613
vn 0.7609 -0.6411 -0.1005
vn 0.8483 -0.4434 -0.2893
vn 0.6765 -0.6293 -0.3825
vn 0.4435 -0.8846 -0.1442
vn 0.1276 -0.9896 -0.0662
vn 0.0893 -0.9960 -0.0081
vn 0.0265 0.9993 -0.0250
vn 0.0054 1.0000 -0.0065
vn 0.0007 1.0000 -0.0008
vn 0.0073 1.0000 -0.0054
vn 0.0184 0.9995 -0.0259
vn 0.0290 0.9996 0.0041
vn 0.0080 1.0000 0.0009
vn 0.0009 1.0000 0.0001
vn 0.0069 1.0000 0.0012
vn 0.0313 0.9994 0.0178
vn 0.0079 1.0000 0.0033
vn 0.0009 1.0000 0.0004
vn 0.0073 1.0000 0.0053
vn 0.0100 0.9990 0.0441
vn 0.0057 0.9999 0.0097
vn 0.0002 1.0000 0.0014
vn -0.0012 0.9999 0.0113
vn -0.0061 0.9995 0.0311
vn -0.0010 1.0000 0.0077
vn -0.0021 1.0000 0.0082
vn -0.0358 0.9990 0.0268
vn -0.0058 0.9999 0.0085
vn -0.0011 1.0000 0.0008
vn -0.0104 0.9999 0.0027
vn -0.0426 0.9990 0.0138
vn -0.0090 0.9999 0.0054
vn -0.0265 0.9993 -0.0250
vn -0.0072 1.0000 -0.0054
vn -0.0007 1.0000 -0.0008
vn -0.0053 1.0000 -0.0065
vn -0.0346 0.9994 -0.0027
vn -0.0194 0.9998 -0.0092
vn -0.0179 -0.9994 -0.0293
vn -0.0026 -0.9999 -0.0098
vn -0.0007 -1.0000 -0.0009
vn -0.0043 -1.0000 -0.0066
vn 0.0183 -0.9995 -0.0257
vn 0.0263 -0.9993 -0.0250
vn 0.0054 -1.0000 -0.0065
vn 0.0007 -1.0000 -0.0008
vn 0.0073 -1.0000 -0.0054
vn -0.0264 -0.9993 -0.0250
vn -0.0053 -1.0000 -0.0065
vn -0.0007 -1.0000 -0.0008
vn -0.0073 -1.0000 -0.0054
vn -0.0441 -0.9990 0.0052
vn -0.0101 -0.9999 0.0048
vn -0.0358 -0.9990 0.0268
vn -0.0104 -0.9999 0.0027
vn -0.0011 -1.0000 0.0008
vn -0.0058 -0.9999 0.0085
vn -0.0062 -0.9995 0.0311
vn -0.0021 -1.0000 0.0082
vn -0.0001 -1.0000 0.0010
vn -0.0010 -1.0000 0.0077
vn 0.0063 -0.9995 0.0310
vn 0.0010 -1.0000 0.0077
vn 0.0001 -1.0000 0.0009
vn 0.0021 -1.0000 0.0081
vn 0.0313 -0.9994 0.0178
vn 0.0073 -1.0000 0.0053
vn 0.0009 -1.0000 0.0004
vn 0.0079 -1.0000 0.0033
vn 0.0287 -0.9996 0.0041
vn 0.0068 -1.0000 0.0012
vn 0.0009 -1.0000 0.0001
vn 0.0080 -1.0000 0.0009
vn 0.2415 0.3833 -0.8915
vn 0.1010 0.5008 -0.8597
vn 0.5867 0.5008 0.6364
vn 0.7191 0.3833 0.5796
vn 0.6685 0.7051 0.2365
vn 0.4868 0.7280 0.4827
vn 0.8148 0.5466 0.1935
vn 0.5502 0.8283 -0.1055
vn 0.9225 0.3833 -0.0458
vn 0.8482 0.5019 -0.1693
vn -0.4053 0.4980 0.7667
vn -0.2882 0.3517 0.8906
vn -0.1882 0.5097 0.8395
vn -0.2044 0.7486 0.6307
vn -0.0311 0.7295 0.6833
vn -0.3073 0.7305 0.6099
vn 0.3096 0.7961 0.5201
vn 0.0318 0.5663 0.8236
vn 0.2042 0.7487 0.6307
vn 0.1879 0.5097 0.8396
vn 0.2878 0.3517 0.8908
vn 0.4049 0.4980 0.7668
vn -0.8544 0.4980 -0.1485
vn -0.9361 0.3517 0.0011
vn -0.8566 0.5096 0.0804
vn -0.6629 0.7487 0.0004
vn -0.6710 0.7313 -0.1224
vn -0.6704 0.7122 0.2079
vn -0.4802 0.7359 0.4774
vn -0.6343 0.7497 0.1888
vn -0.5368 0.7487 0.3891
vn -0.7405 0.5096 0.4381
vn -0.7582 0.3517 0.5490
vn -0.6042 0.4980 0.6221
vn -0.1496 0.9868 0.0618
vn -0.1006 0.5008 -0.8597
vn -0.2411 0.3833 -0.8916
vn -0.0948 0.7494 -0.6553
vn -0.4364 0.5464 -0.7148
vn -0.6070 0.7299 -0.3143
vn -0.4121 0.7196 -0.5590
vn -0.7732 0.3833 -0.5052
vn -0.7864 0.5008 -0.3617
vn 0.7866 0.5008 -0.3614
vn 0.7734 0.3833 -0.5049
vn 0.4101 0.7342 -0.5410
vn 0.6304 0.7080 -0.3183
vn 0.7729 -0.5086 -0.3793
vn 0.7468 -0.3798 -0.5460
vn 0.6408 -0.5208 -0.5640
vn 0.5349 -0.7500 -0.3891
vn 0.4731 -0.8394 -0.2675
vn 0.5175 -0.6532 -0.5527
vn 0.6172 -0.5598 -0.5529
vn 0.7394 -0.5954 -0.3143
vn 0.1160 -0.9795 -0.1646
vn -0.5202 -0.8062 -0.2820
vn -0.5229 -0.5697 -0.6341
vn -0.5347 -0.7500 -0.3893
vn -0.6406 -0.5208 -0.5643
vn -0.7465 -0.3798 -0.5463
vn -0.7728 -0.5086 -0.3797
vn -0.1219 -0.5086 -0.8523
vn -0.2885 -0.3798 -0.8789
vn -0.3384 -0.5208 -0.7837
vn -0.2047 -0.7500 -0.6289
vn -0.1076 -0.8826 -0.4577
vn -0.0422 -0.6298 -0.7756
vn -0.4247 -0.8093 0.4059
vn -0.7645 -0.5695 0.3020
vn -0.5036 -0.7451 0.4373
vn -0.5899 -0.5059 0.6294
vn -0.8465 -0.5070 -0.1624
vn -0.6645 -0.7450 -0.0583
vn -0.5605 -0.8212 -0.1069
vn 0.3188 -0.7246 0.6111
vn 0.2605 -0.7452 0.6139
vn 0.4163 -0.5060 0.7555
vn -0.4166 -0.5060 0.7553
vn -0.2605 -0.7451 0.6140
vn -0.0504 -0.5744 0.8171
vn -0.3093 -0.7998 0.5145
vn 0.7507 -0.6298 -0.1992
vn 0.4686 -0.8826 -0.0389
vn 0.6614 -0.7500 0.0006
vn 0.8499 -0.5208 0.0800
vn 0.9251 -0.3798 0.0032
vn 0.8484 -0.5086 -0.1470
vn 0.5996 -0.5086 0.6179
vn 0.7500 -0.3798 0.5415
vn 0.7344 -0.5208 0.4351
vn 0.5353 -0.7500 0.3884
vn 0.4618 -0.7359 0.4952
vn 0.7639 -0.5746 0.2939
vn 0.2024 -0.9778 0.0542
vn 0.0426 -0.5749 -0.8171
vn 0.0789 -0.8498 -0.5211
vn 0.2050 -0.7500 -0.6288
vn 0.3387 -0.5208 -0.7836
vn 0.2888 -0.3798 -0.8788
vn 0.1223 -0.5086 -0.8523
vn -0.0008 1.0000 -0.0010
vn 0.0001 0.8435 -0.5371
vn 0.0008 0.8431 -0.5377
vn 0.0030 0.8536 -0.5209
vn 0.0020 0.8520 -0.5236
vn 0.0060 0.8592 -0.5117
vn 0.3161 0.8435 0.4342
vn 0.3156 0.8435 0.4346
vn 0.3049 0.8589 0.4115
vn 0.3055 0.8590 0.4109
vn 0.3083 0.8535 0.4200
vn 0.3092 0.8520 0.4225
vn 0.5097 0.8442 -0.1656
vn 0.4984 0.8520 -0.1603
vn 0.4897 0.8581 -0.1546
vn 0.4977 0.8526 -0.1594
vn -0.3153 0.8435 0.4348
vn -0.3158 0.8436 0.4344
vn -0.2935 0.8612 0.4150
vn -0.2961 0.8591 0.4174
vn -0.3024 0.8540 0.4233
vn -0.3053 0.8523 0.4247
vn 0.3151 0.8440 0.4340
vn 0.3048 0.8528 0.4241
vn 0.3043 0.8535 0.4230
vn 0.3052 0.8523 0.4248
vn 0.2972 0.8587 0.4176
vn -0.5117 0.8431 -0.1657
vn -0.5107 0.8436 -0.1661
vn -0.4895 0.8582 -0.1545
vn -0.4897 0.8582 -0.1539
vn -0.4963 0.8536 -0.1582
vn -0.4982 0.8523 -0.1592
vn -0.3157 0.8436 0.4344
vn -0.3163 0.8435 0.4342
vn -0.3097 0.8523 0.4215
vn -0.3088 0.8533 0.4201
vn -0.3059 0.8585 0.4115
vn 0.0002 0.8435 -0.5371
vn -0.0005 0.8436 -0.5369
vn -0.0051 0.8584 -0.5130
vn -0.0064 0.8612 -0.5082
vn -0.0018 0.8520 -0.5235
vn -0.0042 0.8543 -0.5197
vn -0.5105 0.8435 -0.1667
vn -0.5108 0.8435 -0.1660
vn -0.4973 0.8520 -0.1637
vn -0.4928 0.8544 -0.1649
vn -0.4848 0.8591 -0.1638
vn -0.4814 0.8612 -0.1633
vn 0.5109 0.8435 -0.1658
vn 0.5106 0.8436 -0.1665
vn 0.4847 0.8593 -0.1636
vn 0.4974 0.8520 -0.1635
vn 0.4944 0.8537 -0.1636
vn 0.5108 -0.8436 -0.1658
vn 0.5106 -0.8435 -0.1664
vn 0.4861 -0.8585 -0.1634
vn 0.4944 -0.8537 -0.1637
vn 0.4967 -0.8523 -0.1641
vn -0.5107 -0.8436 -0.1660
vn -0.5105 -0.8436 -0.1666
vn -0.4943 -0.8537 -0.1639
vn -0.4966 -0.8523 -0.1643
vn -0.4857 -0.8587 -0.1636
vn -0.0005 -0.8435 -0.5371
vn 0.0001 -0.8436 -0.5370
vn -0.0064 -0.8612 -0.5082
vn -0.0051 -0.8584 -0.5130
vn -0.0041 -0.8543 -0.5198
vn -0.0026 -0.8523 -0.5230
vn -0.3157 -0.8436 0.4344
vn -0.3163 -0.8435 0.4341
vn -0.3097 -0.8523 0.4215
vn -0.3085 -0.8536 0.4199
vn -0.3051 -0.8589 0.4114
vn -0.3058 -0.8584 0.4118
vn -0.5097 -0.8442 -0.1658
vn -0.4976 -0.8526 -0.1596
vn -0.4896 -0.8582 -0.1545
vn -0.4982 -0.8523 -0.1593
vn -0.4963 -0.8534 -0.1591
vn 0.3150 -0.8436 0.4348
vn 0.3155 -0.8436 0.4344
vn 0.3056 -0.8523 0.4246
vn 0.2975 -0.8582 0.4183
vn 0.2971 -0.8589 0.4172
vn -0.3153 -0.8440 0.4339
vn -0.3050 -0.8528 0.4240
vn -0.2973 -0.8587 0.4175
vn -0.3054 -0.8523 0.4247
vn -0.3041 -0.8536 0.4230
vn 0.5110 -0.8435 -0.1653
vn 0.5108 -0.8436 -0.1659
vn 0.4983 -0.8523 -0.1589
vn 0.4959 -0.8542 -0.1564
vn 0.4895 -0.8584 -0.1534
vn 0.4852 -0.8614 -0.1505
vn 0.3155 -0.8436 0.4345
vn 0.3160 -0.8436 0.4341
vn 0.3057 -0.8582 0.4123
vn 0.3049 -0.8588 0.4116
vn 0.3095 -0.8523 0.4217
vn 0.3083 -0.8536 0.4200
vn 0.0007 -0.8435 -0.5371
vn 0.0028 -0.8523 -0.5230
vn 0.0030 -0.8537 -0.5208
vn 0.0054 -0.8584 -0.5129
vn 0.0175 0.1319 -0.9911
vn 0.0007 -0.1722 -0.9851
vn 0.0003 -0.1984 -0.9801
vn 0.0049 -0.0027 -1.0000
vn 0.3235 0.8916 -0.3168
vn 0.3121 0.8939 -0.3217
vn 0.2771 0.8991 -0.3389
vn 0.2509 0.8994 -0.3579
vn 0.2012 0.8916 -0.4057
vn 0.2186 0.8948 -0.3893
vn 0.1515 0.9729 -0.1745
vn 0.2240 0.9734 0.0484
vn 0.2238 0.9706 0.0891
vn 0.2079 0.9773 0.0407
vn 0.1703 0.9827 -0.0730
vn 0.1267 0.9697 -0.2090
vn 0.5914 -0.0027 0.8064
vn 0.5758 -0.1999 0.7928
vn 0.5716 -0.2374 0.7855
vn 0.5928 -0.1040 0.7986
vn 0.4471 0.8918 0.0691
vn 0.4403 0.8942 0.0812
vn 0.4206 0.8993 0.1198
vn 0.4057 0.8988 0.1659
vn 0.4012 0.8916 0.2100
vn 0.4009 0.8936 0.2018
vn 0.9492 0.1032 -0.2974
vn 0.9366 -0.1749 -0.3037
vn 0.9322 -0.1984 -0.3026
vn 0.9525 -0.0020 -0.3044
vn 0.0174 0.9758 0.2181
vn 0.0153 0.9759 0.2175
vn 0.0868 0.9825 0.1650
vn 0.1364 0.9822 0.1288
vn 0.1593 0.9805 0.1152
vn 0.1996 0.9763 0.0836
vn -0.5845 -0.0090 0.8114
vn -0.5761 -0.1995 0.7927
vn -0.5766 -0.1928 0.7939
vn -0.5775 -0.0028 0.8164
vn -0.0252 0.8894 0.4564
vn 0.0250 0.8894 0.4564
vn 0.0648 0.8932 0.4451
vn 0.0528 0.8945 0.4439
vn 0.0287 0.8994 0.4361
vn -0.0298 0.8992 0.4366
vn -0.0657 0.8931 0.4450
vn -0.0670 0.8937 0.4436
vn 0.5738 -0.2081 0.7921
vn 0.5756 -0.2004 0.7928
vn 0.5841 -0.0090 0.8116
vn -0.0945 0.9805 0.1724
vn -0.1442 0.9814 0.1266
vn -0.2073 0.9752 0.0776
vn -0.1523 0.9814 0.1171
vn -0.0876 0.9825 0.1644
vn 0.0222 0.9694 0.2445
vn 0.0014 0.9734 0.2291
vn -0.9523 -0.0098 -0.3051
vn -0.9276 -0.2205 -0.3015
vn -0.9267 -0.2268 -0.2998
vn -0.4437 0.8931 0.0745
vn -0.4445 0.8934 0.0652
vn -0.4093 0.9002 0.1490
vn -0.4057 0.8988 0.1659
vn -0.4011 0.8937 0.2012
vn -0.4030 0.8931 0.1998
vn -0.4419 0.8894 0.1171
vn -0.4264 0.8894 0.1648
vn -0.5989 -0.0040 0.8008
vn -0.5772 -0.1929 0.7935
vn -0.5762 -0.1995 0.7926
vn -0.5914 -0.0090 0.8063
vn -0.2134 0.9752 0.0586
vn -0.2134 0.9755 0.0529
vn -0.1586 0.9804 -0.1165
vn -0.1407 0.9761 -0.1655
vn -0.1842 0.9824 -0.0303
vn -0.1634 0.9821 -0.0937
vn -0.0044 -0.0027 -1.0000
vn 0.0001 -0.1984 -0.9801
vn -0.0002 -0.1749 -0.9846
vn -0.0101 0.0991 -0.9950
vn -0.3234 0.8916 -0.3169
vn -0.3125 0.8939 -0.3214
vn -0.2770 0.8991 -0.3389
vn -0.2509 0.8994 -0.3579
vn -0.2013 0.8916 -0.4056
vn -0.2093 0.8939 -0.3963
vn -0.9480 -0.0067 -0.3182
vn -0.9327 -0.1945 -0.3037
vn -0.9320 -0.1988 -0.3031
vn -0.9495 -0.0027 -0.3136
vn 0.1178 0.9754 -0.1865
vn 0.1278 0.9745 -0.1846
vn 0.0321 0.9823 -0.1844
vn -0.0320 0.9823 -0.1845
vn -0.1141 0.9758 -0.1867
vn -0.1159 0.9759 -0.1850
vn 0.9497 -0.0027 -0.3132
vn 0.9323 -0.1977 -0.3028
vn 0.9412 -0.1422 -0.3065
vn 0.0332 -0.9806 -0.1930
vn -0.0974 -0.9764 -0.1929
vn -0.1481 -0.9715 -0.1852
vn -0.1289 -0.9743 -0.1847
vn -0.0320 -0.9823 -0.1845
vn 0.0321 -0.9823 -0.1844
vn 0.1123 -0.9762 -0.1856
vn 0.1273 -0.9745 -0.1846
vn 0.2886 -0.8894 -0.3544
vn 0.2481 -0.8894 -0.3839
vn 0.2087 -0.8931 -0.3985
vn 0.2190 -0.8948 -0.3890
vn 0.2509 -0.8994 -0.3579
vn 0.2771 -0.8991 -0.3389
vn 0.3145 -0.8931 -0.3216
vn 0.3117 -0.8940 -0.3220
vn -0.2885 -0.8894 -0.3546
vn -0.2479 -0.8894 -0.3840
vn -0.2087 -0.8931 -0.3985
vn -0.2114 -0.8941 -0.3948
vn -0.2512 -0.8994 -0.3577
vn -0.2770 -0.8991 -0.3390
vn -0.3144 -0.8931 -0.3217
vn -0.3121 -0.8939 -0.3216
vn -0.1786 -0.9798 -0.0895
vn -0.2087 -0.9780 0.0056
vn -0.2205 -0.9722 0.0789
vn -0.2118 -0.9759 0.0534
vn -0.1842 -0.9824 -0.0303
vn -0.1634 -0.9821 -0.0937
vn -0.1441 -0.9769 -0.1579
vn -0.1399 -0.9759 -0.1676
vn -0.4329 -0.8855 0.1691
vn -0.4492 -0.8856 0.1182
vn -0.4486 -0.8919 0.0571
vn -0.4037 -0.8981 0.1747
vn -0.4022 -0.8929 0.2025
vn -0.3996 -0.8934 0.2054
vn -0.0609 -0.9805 0.1868
vn -0.0132 -0.9756 0.2189
vn -0.0867 -0.9825 0.1651
vn -0.1368 -0.9822 0.1286
vn -0.1586 -0.9805 0.1158
vn -0.2006 -0.9762 0.0829
vn 0.0248 -0.8855 0.4640
vn -0.0260 -0.8854 0.4640
vn -0.0666 -0.8930 0.4451
vn -0.0670 -0.8937 0.4436
vn -0.0298 -0.8992 0.4366
vn 0.0243 -0.8995 0.4363
vn 0.0588 -0.8935 0.4453
vn 0.0569 -0.9778 0.2017
vn 0.1403 -0.9798 0.1422
vn 0.1947 -0.9769 0.0883
vn 0.2014 -0.9760 0.0823
vn 0.1365 -0.9822 0.1288
vn 0.0868 -0.9825 0.1649
vn -0.0331 -0.9672 0.2518
vn -0.0023 -0.9733 0.2297
vn 0.4418 -0.8894 0.1173
vn 0.4263 -0.8894 0.1650
vn 0.4029 -0.8931 0.2000
vn 0.4010 -0.8937 0.2014
vn 0.4057 -0.8988 0.1659
vn 0.4206 -0.8993 0.1198
vn 0.4435 -0.8931 0.0753
vn 0.4420 -0.8938 0.0751
vn 0.1947 -0.9805 -0.0253
vn 0.1731 -0.9807 -0.0905
vn 0.1442 -0.9770 -0.1573
vn 0.1780 -0.9827 -0.0509
vn 0.2090 -0.9770 0.0419
vn 0.2077 -0.9774 0.0399
vn 0.9954 0.0903 -0.0305
vn 0.9584 -0.2247 -0.1761
vn 0.8503 -0.2102 -0.4824
vn 0.4796 0.0083 -0.8774
vn 0.5368 -0.2168 -0.8154
vn 0.6099 -0.2168 -0.7622
vn 0.6866 0.0083 -0.7270
vn 0.0468 0.9939 -0.0994
vn 0.0839 0.9938 -0.0726
vn 0.0358 0.9990 -0.0250
vn 0.0015 1.0000 -0.0001
vn 0.0115 0.9992 -0.0381
vn 0.0650 0.9978 -0.0154
vn 0.0306 0.9995 0.0050
vn 0.0009 1.0000 0.0009
vn 0.0260 0.9994 -0.0244
vn 0.0002 1.0000 -0.0014
vn 0.1078 0.9940 0.0173
vn 0.0944 0.9939 0.0576
vn 0.0345 0.9991 0.0261
vn 0.0006 1.0000 0.0014
vn 0.0396 0.9992 0.0013
vn 0.0012 1.0000 -0.0006
vn 0.0590 0.9981 0.0189
vn 0.0027 0.9982 0.0598
vn -0.0024 0.9993 0.0369
vn -0.0010 1.0000 0.0016
vn 0.0336 0.9993 0.0135
vn 0.0015 1.0000 -0.0002
vn 0.0055 0.9932 0.1167
vn -0.0097 0.9991 0.0408
vn -0.0010 1.0000 0.0010
vn 0.0176 0.9991 0.0386
vn 0.0015 1.0000 0.0010
vn -0.0031 0.9982 0.0592
vn -0.0593 0.9981 0.0186
vn -0.0375 0.9992 0.0104
vn -0.0018 1.0000 -0.0006
vn -0.0030 0.9994 0.0332
vn 0.0006 1.0000 0.0012
vn -0.1077 0.9941 0.0163
vn -0.0951 0.9947 0.0393
vn -0.0244 0.9994 0.0246
vn -0.0002 1.0000 0.0015
vn -0.0396 0.9992 -0.0072
vn -0.0560 0.9984 0.0121
vn -0.0359 0.9981 -0.0495
vn -0.0223 0.9994 -0.0272
vn -0.0002 1.0000 -0.0013
vn -0.0303 0.9995 0.0086
vn -0.0009 1.0000 0.0012
vn -0.0834 0.9939 -0.0726
vn -0.0258 0.9952 -0.0940
vn 0.0198 0.9994 -0.0268
vn -0.0355 0.9991 -0.0251
vn -0.0004 1.0000 -0.0020
vn -0.0259 0.9994 -0.0234
vn -0.0089 1.0000 -0.0001
vn 0.0120 0.9998 -0.0140
vn -0.0319 0.9983 -0.0496
vn 0.0086 0.9987 -0.0499
vn 0.9036 0.0084 0.4283
vn 0.9134 -0.2168 0.3445
vn 0.9413 -0.2168 0.2585
vn 0.9827 0.0083 0.1850
vn 0.7875 -0.1122 0.6060
vn -0.1350 -0.1266 0.9827
vn 0.1346 -0.1266 0.9828
vn -0.2637 -0.0977 0.9596
vn -0.4079 -0.3991 0.8212
vn -0.6597 -0.3952 0.6393
vn -0.8825 -0.0320 0.4693
vn -0.9763 -0.1266 0.1753
vn -0.8931 -0.1266 0.4317
vn -0.8194 -0.1122 -0.5621
vn -0.6863 0.0083 -0.7273
vn -0.6096 -0.2168 -0.7625
vn -0.5364 -0.2168 -0.8156
vn -0.4793 0.0083 -0.8776
vn 0.3437 0.0226 -0.9388
vn 0.1419 -0.2824 -0.9487
vn -0.1385 -0.2842 -0.9487
vn -0.3039 0.0275 -0.9523
vn 0.0086 -0.9987 -0.0499
vn -0.0319 -0.9983 -0.0496
vn -0.0166 -0.9995 -0.0279
vn -0.0012 -1.0000 -0.0006
vn 0.0120 -0.9998 -0.0140
vn 0.0468 -0.9940 -0.0994
vn 0.0838 -0.9938 -0.0726
vn 0.0358 -0.9990 -0.0250
vn 0.0015 -1.0000 -0.0001
vn 0.0116 -0.9992 -0.0380
vn -0.0537 -0.9947 -0.0875
vn -0.0841 -0.9938 -0.0724
vn -0.0356 -0.9991 -0.0250
vn -0.0015 -1.0000 -0.0002
vn -0.0044 -0.9993 -0.0362
vn 0.0007 -1.0000 -0.0015
vn -0.0358 -0.9981 -0.0495
vn -0.0560 -0.9983 0.0128
vn -0.0325 -0.9994 0.0138
vn -0.0010 -1.0000 0.0014
vn -0.0223 -0.9994 -0.0272
vn -0.0002 -1.0000 -0.0013
vn -0.1077 -0.9941 0.0163
vn -0.0951 -0.9947 0.0393
vn -0.0244 -0.9994 0.0246
vn -0.0003 -1.0000 0.0014
vn -0.0396 -0.9992 -0.0070
vn -0.0593 -0.9981 0.0186
vn -0.0031 -0.9982 0.0592
vn -0.0029 -0.9994 0.0332
vn 0.0006 -1.0000 0.0012
vn -0.0375 -0.9992 0.0104
vn -0.0017 -1.0000 -0.0006
vn 0.0051 -0.9931 0.1168
vn 0.0114 -0.9992 0.0388
vn 0.0010 -1.0000 0.0010
vn -0.0097 -0.9991 0.0408
vn -0.0010 -1.0000 0.0010
vn 0.0033 -0.9982 0.0596
vn 0.0590 -0.9981 0.0189
vn 0.0335 -0.9993 0.0135
vn 0.0015 -1.0000 -0.0002
vn 0.0033 -0.9994 0.0332
vn -0.0006 -1.0000 0.0013
vn 0.0943 -0.9939 0.0576
vn 0.1078 -0.9940 0.0173
vn 0.0396 -0.9992 0.0013
vn 0.0012 -1.0000 -0.0006
vn 0.0345 -0.9991 0.0261
vn 0.0006 -1.0000 0.0013
vn 0.0613 -0.9981 -0.0111
vn 0.0255 -0.9994 -0.0242
vn 0.0002 -1.0000 -0.0014
vn 0.0305 -0.9995 0.0050
vn 0.0009 -1.0000 0.0009
vn 0.0069 0.6689 -0.7433
vn 0.0027 0.7066 -0.7076
vn 0.0046 0.3354 -0.9421
vn 0.0099 0.8474 -0.5308
vn 0.0674 0.9223 -0.3806
vn 0.1007 0.9570 -0.2721
vn 0.4179 0.7066 0.5710
vn 0.5571 0.3354 0.7597
vn 0.4055 0.7338 0.5452
vn 0.5531 0.3634 0.7497
vn 0.2780 0.9228 0.2668
vn 0.2413 0.9577 0.1571
vn 0.3198 0.8474 0.4237
vn 0.3776 0.8924 0.2470
vn 0.6717 0.7089 -0.2153
vn 0.8933 0.3474 -0.2852
vn 0.5073 0.8480 -0.1533
vn 0.4958 0.8549 -0.1530
vn 0.2439 0.9681 0.0567
vn 0.2858 0.9582 0.0157
vn -0.4126 0.7076 0.5736
vn -0.5508 0.3323 0.7656
vn -0.3932 0.7338 0.5540
vn -0.5412 0.3673 0.7565
vn -0.1660 0.9235 0.3457
vn -0.1145 0.9457 0.3041
vn -0.2423 0.8635 0.4423
vn -0.1149 0.8838 0.4535
vn -0.1355 0.8904 0.4346
vn 0.3008 0.8534 0.4258
vn 0.5257 0.4395 0.7283
vn 0.4124 0.7076 0.5738
vn 0.5505 0.3323 0.7658
vn 0.2421 0.8635 0.4424
vn 0.1147 0.8838 0.4536
vn 0.1870 0.9178 0.3502
vn -0.6731 0.7076 -0.2152
vn -0.8983 0.3323 -0.2873
vn -0.7128 0.6643 -0.2250
vn -0.4399 0.8923 -0.1011
vn -0.2254 0.9716 0.0718
vn -0.2587 0.9653 0.0366
vn -0.4956 0.8635 -0.0938
vn -0.4668 0.8838 0.0309
vn -0.4503 0.8928 0.0110
vn -0.4056 0.7339 0.5449
vn -0.5510 0.3729 0.7466
vn -0.4183 0.7076 0.5695
vn -0.5582 0.3323 0.7602
vn -0.3726 0.8905 0.2612
vn -0.3459 0.8635 0.3670
vn -0.3959 0.8838 0.2492
vn -0.2779 0.9231 0.2658
vn -0.0024 0.7067 -0.7075
vn -0.0042 0.3354 -0.9421
vn -0.0040 0.7083 -0.7059
vn -0.0416 0.8979 -0.4383
vn -0.1483 0.9742 -0.1699
vn -0.1008 0.9570 -0.2720
vn -0.0097 0.8474 -0.5308
vn -0.1150 0.8872 -0.4468
vn -0.6437 0.7338 -0.2174
vn -0.8821 0.3678 -0.2942
vn -0.6721 0.7066 -0.2212
vn -0.8945 0.3354 -0.2955
vn -0.5018 0.8474 -0.1734
vn -0.3379 0.8949 -0.2914
vn -0.3373 0.9236 -0.1823
vn 0.6722 0.7066 -0.2210
vn 0.8946 0.3354 -0.2951
vn 0.6455 0.7321 -0.2177
vn 0.9062 0.2957 -0.3021
vn 0.3397 0.9228 -0.1819
vn 0.5018 0.8474 -0.1732
vn 0.6697 -0.7090 -0.2211
vn 0.8880 -0.3543 -0.2931
vn 0.6507 -0.7276 -0.2173
vn 0.9018 -0.3107 -0.3004
vn 0.4131 -0.8935 -0.1758
vn 0.2271 -0.9556 -0.1876
vn 0.2630 -0.9480 -0.1793
vn 0.4560 -0.8635 -0.2154
vn 0.3595 -0.8838 -0.2994
vn -0.6520 -0.7266 -0.2166
vn -0.8811 -0.3694 -0.2955
vn -0.6696 -0.7090 -0.2214
vn -0.8879 -0.3543 -0.2935
vn -0.4559 -0.8635 -0.2156
vn -0.3594 -0.8838 -0.2995
vn -0.3379 -0.8949 -0.2914
vn -0.3729 -0.9106 -0.1781
vn -0.0033 -0.7090 -0.7052
vn -0.0044 -0.3544 -0.9351
vn -0.0051 -0.7315 -0.6818
vn -0.0050 -0.3832 -0.9237
vn -0.0394 -0.8937 -0.4470
vn -0.1309 -0.9674 -0.2169
vn -0.0784 -0.9405 -0.3308
vn -0.0639 -0.8635 -0.5003
vn -0.1737 -0.8838 -0.4344
vn -0.4074 -0.7267 0.5531
vn -0.5515 -0.3752 0.7450
vn -0.4178 -0.7082 0.5691
vn -0.5521 -0.3586 0.7527
vn -0.3450 -0.8632 0.3685
vn -0.3885 -0.8765 0.2841
vn -0.3777 -0.8924 0.2469
vn -0.2842 -0.9114 0.2976
vn -0.2736 -0.9203 0.2795
vn -0.6705 -0.7103 -0.2143
vn -0.8846 -0.3706 -0.2831
vn -0.4955 -0.8550 -0.1531
vn -0.2339 -0.9701 0.0648
vn -0.3867 -0.9198 -0.0669
vn -0.4957 -0.8632 -0.0958
vn -0.4822 -0.8760 -0.0059
vn 0.4120 -0.7074 0.5743
vn 0.4120 -0.7083 0.5732
vn 0.5452 -0.3586 0.7577
vn 0.2454 -0.8630 0.4416
vn 0.1494 -0.8768 0.4570
vn 0.2235 -0.8980 0.3789
vn -0.0334 -0.9758 0.2161
vn 0.1737 -0.9237 0.3416
vn -0.4123 -0.7082 0.5731
vn -0.5456 -0.3586 0.7575
vn -0.3010 -0.8534 0.4256
vn -0.5207 -0.4563 0.7215
vn -0.1823 -0.9199 0.3473
vn -0.2441 -0.8632 0.4419
vn -0.1503 -0.8766 0.4572
vn 0.6501 -0.7315 -0.2055
vn 0.8801 -0.3831 -0.2803
vn 0.6718 -0.7090 -0.2145
vn 0.8908 -0.3544 -0.2844
vn 0.4956 -0.8635 -0.0936
vn 0.4668 -0.8838 0.0311
vn 0.4629 -0.8858 -0.0315
vn 0.4373 -0.8937 -0.1005
vn 0.2467 -0.9674 0.0576
vn 0.2857 -0.9582 0.0157
vn 0.4172 -0.7090 0.5686
vn 0.5532 -0.3543 0.7539
vn 0.4171 -0.7100 0.5674
vn 0.2918 -0.8969 0.3324
vn 0.2391 -0.9637 0.1183
vn 0.2735 -0.9203 0.2796
vn 0.3458 -0.8635 0.3672
vn 0.3958 -0.8838 0.2494
vn 0.0054 -0.7307 -0.6826
vn 0.0084 -0.3328 -0.9430
vn 0.0036 -0.7090 -0.7052
vn 0.0048 -0.3543 -0.9351
vn 0.0642 -0.8635 -0.5003
vn 0.1738 -0.8838 -0.4343
vn 0.0383 -0.8923 -0.4498
vn 0.1079 -0.9562 -0.2722
vn 0.3031 -0.2015 -0.9314
vn 0.3829 -0.2160 -0.8982
vn 0.1349 -0.2076 -0.9689
vn 0.3373 0.6635 -0.6679
vn 0.5312 0.6635 -0.5269
vn 0.0611 0.9816 -0.1810
vn 0.2099 0.9618 -0.1760
vn 0.1118 0.9926 0.0474
vn 0.6783 -0.2075 0.7048
vn 0.8375 -0.2160 0.5020
vn 0.9422 -0.2966 0.1560
vn 0.6653 0.6635 0.3424
vn 0.7394 0.6635 0.1145
vn 0.2583 0.9648 0.0493
vn 0.9697 -0.2189 -0.1084
vn 0.9726 -0.2160 0.0865
vn 0.9631 -0.2076 -0.1711
vn 0.7049 0.4900 0.5128
vn 0.0844 0.8354 0.5432
vn 0.1557 0.9877 0.0107
vn -0.4834 -0.2250 0.8460
vn -0.3987 -0.2744 0.8751
vn 0.1063 0.5905 0.8000
vn -0.1178 0.3492 0.9296
vn -0.0869 0.7579 0.6466
vn 0.0866 0.7579 0.6466
vn 0.1174 0.3491 0.9297
vn 0.0524 0.9813 0.1853
vn 0.3675 0.3819 0.8480
vn 0.4830 -0.2249 0.8462
vn -0.2559 0.4693 0.8452
vn -0.6311 0.6757 0.3809
vn 0.0264 0.9887 0.1474
vn -0.1690 0.9854 0.0215
vn -0.9539 -0.2255 -0.1982
vn -0.2581 0.9649 0.0490
vn -0.1813 0.9761 0.1196
vn -0.9205 0.3491 0.1752
vn -0.6418 0.7579 0.1172
vn -0.5882 0.7579 0.2822
vn -0.8479 0.3491 0.3989
vn -0.7170 -0.2548 0.6488
vn -0.6555 -0.2249 0.7209
vn -0.5724 0.8145 0.0947
vn -0.7053 0.4902 -0.5122
vn -0.0590 0.9858 -0.1571
vn -0.1345 -0.2076 -0.9689
vn -0.3825 -0.2160 -0.8984
vn -0.1962 -0.2189 -0.9558
vn -0.3370 0.6635 -0.6680
vn -0.5310 0.6635 -0.5272
vn -0.1142 0.9645 -0.2380
vn -0.8148 -0.3179 -0.4849
vn -0.4344 -0.3041 -0.8478
vn -0.7359 -0.2160 -0.6417
vn -0.8798 -0.2076 -0.4277
vn -0.2708 0.8202 -0.5039
vn 0.2607 0.8237 -0.5035
vn -0.1053 0.9911 -0.0815
vn 0.0991 0.9890 -0.1096
vn 0.8800 -0.2075 -0.4273
vn 0.7362 -0.2160 -0.6414
vn 0.5035 -0.3120 -0.8057
vn 0.2584 -0.8711 -0.4177
vn 0.3362 -0.4817 -0.8093
vn -0.3058 -0.4784 -0.8232
vn -0.1194 -0.9873 -0.1044
vn 0.3092 -0.7593 -0.5726
vn 0.4455 -0.3823 -0.8096
vn 0.6326 -0.3823 -0.6736
vn 0.4493 -0.7593 -0.4708
vn 0.2099 -0.9617 -0.1760
vn -0.4491 -0.7592 -0.4710
vn -0.6323 -0.3823 -0.6738
vn -0.4451 -0.3823 -0.8098
vn -0.3090 -0.7593 -0.5728
vn -0.1122 -0.9649 -0.2374
vn -0.1602 -0.9819 -0.1008
vn -0.4150 -0.8359 -0.3592
vn -0.0316 -0.9902 -0.1359
vn -0.1103 -0.9913 0.0718
vn -0.7101 -0.6944 0.1166
vn -0.6434 -0.6943 0.3224
vn -0.1933 -0.9811 0.0116
vn -0.2998 -0.9414 0.1544
vn -0.1586 -0.9873 0.0082
vn 0.0263 -0.9887 0.1477
vn -0.1081 -0.6943 0.7115
vn 0.1075 -0.6945 0.7115
vn -0.0269 -0.9715 0.2356
vn 0.0404 -0.9654 0.2575
vn 0.4697 -0.8359 0.2839
vn 0.1342 -0.9909 -0.0064
vn 0.8361 -0.3823 0.3935
vn 0.5866 -0.7593 0.2818
vn 0.6402 -0.7593 0.1171
vn 0.9076 -0.3823 0.1735
vn 0.2253 -0.9643 0.1388
vn 0.2585 -0.9647 0.0500
vn 0.4759 -0.8700 0.1291
vn 0.8895 -0.4563 0.0254
vn 0.3122 -0.8907 -0.3304
vn 0.0894 0.9936 -0.0696
vn 0.0598 0.9949 -0.0818
vn 0.1026 0.9944 0.0264
vn 0.0940 0.9935 0.0644
vn -0.0286 0.9951 0.0948
vn -0.0909 0.9954 0.0294
vn -0.0887 0.9936 -0.0699
vn -0.0003 1.0000 -0.0079
vn -0.0059 1.0000 -0.0023
vn -0.0764 -0.9915 -0.1053
vn 0.0581 -0.9951 -0.0797
vn 0.0822 -0.9943 -0.0680
vn -0.0887 -0.9936 -0.0700
vn -0.0286 -0.9951 0.0948
vn 0.0115 -0.9939 0.1101
vn 0.0940 -0.9935 0.0644
vn 0.0993 -0.9947 0.0283
vn 0.1305 0.9784 -0.1602
vn 0.2564 0.9636 0.0759
vn 0.2539 0.9636 0.0836
vn 0.2311 0.9729 0.0076
vn -0.0215 0.9841 0.1764
vn -0.2141 0.9767 0.0135
vn -0.2547 0.9640 0.0762
vn -0.1960 0.9767 0.0872
vn -0.0844 0.9710 -0.2237
vn -0.1567 0.9625 -0.2214
vn 0.1240 0.9818 -0.1437
vn 0.1552 -0.9625 -0.2225
vn 0.1463 -0.9762 -0.1599
vn 0.0971 -0.9782 -0.1838
vn -0.1565 -0.9630 -0.2196
vn -0.0969 -0.9861 -0.1351
vn 0.2010 -0.8835 0.4231
vn 0.1649 -0.9852 0.0466
vn 0.2233 -0.9711 0.0845
vn 0.0113 0.8626 -0.5058
vn 0.0054 0.8594 -0.5112
vn 0.4966 0.8530 -0.1604
vn 0.4787 0.8654 -0.1482
vn -0.2069 0.9081 0.3641
vn -0.2921 0.8611 0.4162
vn -0.2534 0.8685 0.4260
vn -0.0774 0.9491 0.3054
vn -0.3082 0.8584 0.4100
vn -0.3057 0.8575 0.4138
vn -0.2462 0.9538 0.1721
vn -0.0403 0.9029 -0.4280
vn -0.0077 0.8621 -0.5066
vn -0.0555 0.8731 -0.4844
vn -0.1101 0.9223 -0.3705
vn -0.4390 0.8744 -0.2068
vn -0.4796 0.8620 -0.1642
vn -0.4012 0.9000 -0.1703
vn 0.4845 0.8595 -0.1629
vn 0.4786 0.8619 -0.1676
vn 0.2656 0.9472 -0.1797
vn 0.4846 -0.8594 -0.1629
vn 0.4786 -0.8619 -0.1676
vn -0.4793 -0.8614 -0.1682
vn -0.4847 -0.8594 -0.1631
vn -0.0402 -0.9028 -0.4282
vn -0.0076 -0.8621 -0.5067
vn -0.0463 -0.8708 -0.4894
vn -0.1023 -0.9445 -0.3123
vn 0.3062 -0.8530 0.4227
vn 0.2901 -0.8641 0.4114
vn 0.1959 -0.8786 0.4356
vn 0.2441 -0.8772 0.4134
vn 0.4845 -0.8621 -0.1484
vn 0.4793 -0.8722 -0.0978
vn 0.4121 -0.9070 -0.0866
vn 0.3837 -0.9234 -0.0044
vn 0.0053 -0.8594 -0.5113
vn 0.0113 -0.8626 -0.5058
vn 0.0903 -0.9486 -0.3034
vn 0.2947 0.8975 -0.3282
vn 0.3085 0.8967 -0.3173
vn 0.2121 0.9340 -0.2874
vn 0.2429 0.8987 -0.3652
vn 0.2323 0.9328 -0.2756
vn 0.2095 0.8982 -0.3864
vn 0.2077 0.9553 -0.2105
vn 0.1974 0.9803 0.0091
vn 0.2234 0.9700 0.0955
vn 0.1654 0.9862 0.0093
vn 0.2140 0.9670 0.1381
vn 0.1384 0.9754 -0.1715
vn 0.1373 0.9757 -0.1709
vn 0.1548 0.9808 -0.1190
vn 0.4302 0.8978 0.0946
vn 0.4408 0.8957 0.0586
vn 0.3349 0.9345 0.1203
vn 0.3983 0.8962 0.1953
vn 0.3344 0.9331 0.1323
vn 0.3871 0.8938 0.2266
vn 0.3280 0.9302 0.1647
vn 0.2764 0.9578 0.0785
vn 0.0346 0.9786 0.2030
vn -0.0269 0.9690 0.2454
vn 0.0228 0.9852 0.1698
vn 0.1863 0.9781 0.0924
vn 0.1636 0.9843 0.0662
vn 0.2372 0.9700 0.0536
vn 0.2475 0.9688 0.0153
vn 0.2106 0.9776 0.0009
vn 0.0458 0.8972 0.4392
vn -0.1183 0.8937 0.4328
vn 0.0136 0.9365 0.3505
vn -0.0574 0.8967 0.4390
vn -0.0131 0.9342 0.3564
vn -0.0969 0.8939 0.4377
vn -0.0606 0.9314 0.3590
vn -0.0343 0.9785 0.2033
vn -0.0247 0.9851 0.1704
vn 0.0283 0.9687 0.2465
vn 0.0560 0.9761 0.2102
vn -0.3984 0.8962 0.1952
vn -0.3345 0.9331 0.1322
vn -0.3867 0.8936 0.2278
vn -0.3240 0.9307 0.1697
vn -0.2763 0.9579 0.0785
vn -0.2041 0.9785 0.0308
vn -0.2262 0.9684 0.1047
vn -0.1726 0.9845 0.0320
vn -0.1428 0.9774 -0.1556
vn -0.1215 0.9689 -0.2156
vn -0.1110 0.9825 -0.1495
vn -0.0839 0.9665 -0.2424
vn -0.0611 0.9731 -0.2221
vn -0.2959 0.8974 -0.3273
vn -0.3134 0.8963 -0.3137
vn -0.2125 0.9341 -0.2869
vn -0.2332 0.9343 -0.2695
vn -0.1440 0.9581 -0.2474
vn -0.2325 0.8986 -0.3722
vn -0.2317 0.9325 -0.2769
vn -0.1891 0.8961 -0.4015
vn 0.0983 0.9780 -0.1843
vn 0.1842 0.9659 -0.1820
vn 0.0950 0.9839 -0.1513
vn -0.0966 0.9781 -0.1843
vn -0.0950 0.9839 -0.1513
vn -0.1685 0.9687 -0.1825
vn -0.0982 -0.9780 -0.1843
vn -0.1841 -0.9659 -0.1821
vn -0.0950 -0.9839 -0.1513
vn -0.1864 -0.9743 -0.1264
vn 0.0983 -0.9780 -0.1843
vn 0.0949 -0.9839 -0.1514
vn 0.1843 -0.9659 -0.1820
vn 0.2129 -0.9645 -0.1563
vn 0.2429 -0.8987 -0.3652
vn 0.2095 -0.8982 -0.3864
vn 0.2323 -0.9328 -0.2756
vn 0.2077 -0.9553 -0.2105
vn 0.2947 -0.8975 -0.3282
vn 0.2120 -0.9341 -0.2874
vn 0.3085 -0.8967 -0.3173
vn -0.2367 -0.8988 -0.3690
vn -0.2041 -0.8975 -0.3910
vn -0.2346 -0.9322 -0.2757
vn -0.2959 -0.8974 -0.3273
vn -0.2121 -0.9342 -0.2867
vn -0.3134 -0.8963 -0.3137
vn -0.2329 -0.9344 -0.2693
vn -0.1415 -0.9589 -0.2459
vn -0.2038 -0.9786 0.0299
vn -0.2242 -0.9696 0.0980
vn -0.1724 -0.9845 0.0323
vn -0.1428 -0.9774 -0.1556
vn -0.1110 -0.9825 -0.1495
vn -0.1215 -0.9689 -0.2157
vn -0.4607 -0.8875 0.0024
vn -0.4085 -0.8987 0.1597
vn -0.4267 -0.8991 0.0973
vn -0.3970 -0.8959 0.1992
vn -0.3342 -0.9329 0.1340
vn -0.3870 -0.8937 0.2269
vn -0.3280 -0.9302 0.1645
vn -0.0263 -0.9776 0.2090
vn 0.0419 -0.9658 0.2558
vn -0.0245 -0.9848 0.1719
vn 0.0544 -0.9755 0.2130
vn -0.1888 -0.9778 0.0904
vn -0.1663 -0.9840 0.0647
vn -0.2427 -0.9689 0.0491
vn -0.2216 -0.9751 -0.0036
vn -0.0574 -0.8967 0.4390
vn -0.0955 -0.8940 0.4377
vn -0.0131 -0.9343 0.3564
vn 0.0191 -0.9584 0.2847
vn 0.0248 -0.8976 0.4402
vn 0.0189 -0.9360 0.3515
vn -0.2003 -0.9345 0.2944
vn 0.1863 -0.9781 0.0924
vn 0.2371 -0.9700 0.0536
vn 0.1637 -0.9843 0.0656
vn 0.2471 -0.9689 0.0147
vn 0.0342 -0.9785 0.2033
vn 0.0230 -0.9852 0.1698
vn -0.0281 -0.9688 0.2464
vn 0.3983 -0.8962 0.1953
vn 0.3871 -0.8938 0.2266
vn 0.3344 -0.9331 0.1322
vn 0.2758 -0.9581 0.0776
vn 0.4304 -0.8977 0.0939
vn 0.3349 -0.9346 0.1203
vn 0.4441 -0.8948 0.0465
vn 0.2587 -0.9586 0.1189
vn 0.1375 -0.9750 -0.1744
vn 0.1535 -0.9800 -0.1264
vn 0.2004 -0.9795 0.0187
vn 0.1703 -0.9851 0.0237
vn 0.2236 -0.9699 0.0962
vn 0.0329 0.9941 -0.1035
vn 0.0354 0.9890 -0.1438
vn 0.0563 0.9931 -0.1029
vn 0.0620 0.9845 -0.1640
vn 0.0952 0.9935 -0.0624
vn 0.1328 0.9888 -0.0676
vn 0.0892 0.9919 -0.0903
vn -0.0006 1.0000 -0.0012
vn 0.0718 0.9963 -0.0481
vn 0.0823 0.9950 -0.0569
vn 0.1066 0.9908 -0.0831
vn 0.0703 0.9974 0.0143
vn 0.0921 0.9953 0.0299
vn 0.0836 0.9965 0.0011
vn 0.1284 0.9910 0.0378
vn 0.1058 0.9944 0.0042
vn 0.1483 0.9889 -0.0015
vn 0.1064 0.9939 0.0285
vn 0.1587 0.9862 0.0472
vn 0.0883 0.9935 0.0717
vn 0.1037 0.9888 0.1076
vn 0.1125 0.9921 0.0556
vn 0.0814 0.9964 0.0216
vn 0.1118 0.9937 0.0003
vn 0.0825 0.9951 0.0545
vn 0.1178 0.9906 0.0688
vn -0.0069 0.9966 0.0816
vn -0.0305 0.9940 0.1048
vn 0.0062 0.9947 0.1022
vn 0.0336 0.9940 0.1045
vn 0.0514 0.9885 0.1421
vn 0.0354 0.9927 0.1153
vn 0.0620 0.9839 0.1673
vn -0.0132 0.9928 0.1188
vn -0.0093 0.9927 0.1201
vn -0.0197 0.9816 0.1897
vn 0.0014 0.9970 0.0777
vn 0.0245 0.9945 0.1018
vn -0.0254 0.9960 0.0852
vn -0.0294 0.9921 0.1217
vn -0.0852 0.9962 0.0184
vn -0.1142 0.9934 -0.0039
vn -0.0988 0.9941 0.0451
vn -0.1068 0.9943 -0.0020
vn -0.1476 0.9890 -0.0070
vn -0.1159 0.9933 0.0019
vn -0.0011 1.0000 -0.0017
vn -0.0696 0.9973 0.0217
vn -0.0894 0.9949 0.0476
vn -0.0817 0.9966 0.0089
vn -0.1184 0.9929 0.0101
vn -0.0445 0.9965 -0.0704
vn -0.0315 0.9936 -0.1085
vn -0.0749 0.9952 -0.0623
vn -0.0999 0.9909 -0.0899
vn -0.0952 0.9935 -0.0625
vn -0.1328 0.9888 -0.0677
vn -0.0891 0.9919 -0.0904
vn 0.0408 0.9971 -0.0643
vn -0.0007 0.9921 -0.1252
vn -0.0945 0.9915 -0.0892
vn 0.0045 1.0000 -0.0071
vn 0.0049 0.9999 -0.0109
vn 0.0001 1.0000 -0.0003
vn 0.0007 1.0000 -0.0014
vn -0.0462 0.9971 -0.0603
vn -0.0403 0.9964 -0.0753
vn -0.0790 0.9944 -0.0697
vn -0.0851 0.9908 -0.1051
vn 0.0006 1.0000 -0.0001
vn -0.0029 1.0000 -0.0006
vn -0.0004 1.0000 -0.0001
vn -0.0456 -0.9971 -0.0610
vn -0.0790 -0.9944 -0.0697
vn -0.0317 -0.9961 -0.0825
vn 0.0009 -1.0000 -0.0001
vn 0.0329 -0.9941 -0.1035
vn 0.0354 -0.9890 -0.1436
vn 0.0566 -0.9931 -0.1027
vn 0.0952 -0.9935 -0.0624
vn 0.1328 -0.9888 -0.0676
vn 0.0889 -0.9919 -0.0905
vn -0.0006 -1.0000 -0.0012
vn -0.0952 -0.9935 -0.0625
vn -0.1328 -0.9888 -0.0677
vn -0.0891 -0.9919 -0.0904
vn -0.1402 -0.9850 -0.1006
vn -0.0445 -0.9965 -0.0704
vn -0.0315 -0.9936 -0.1085
vn -0.0749 -0.9952 -0.0623
vn -0.0575 -0.9907 -0.1236
vn -0.0999 -0.9909 -0.0899
vn -0.0718 -0.9970 0.0291
vn -0.0889 -0.9945 0.0553
vn -0.0943 -0.9951 0.0287
vn -0.1227 -0.9899 0.0714
vn -0.1068 -0.9943 -0.0021
vn -0.1475 -0.9890 -0.0070
vn -0.1158 -0.9933 0.0016
vn -0.1763 -0.9843 0.0008
vn -0.0011 -1.0000 -0.0016
vn -0.0853 -0.9962 0.0184
vn -0.1144 -0.9934 -0.0039
vn -0.0988 -0.9941 0.0450
vn 0.0014 -0.9970 0.0777
vn 0.0245 -0.9945 0.1018
vn -0.0254 -0.9960 0.0852
vn -0.0294 -0.9921 0.1217
vn -0.0132 -0.9928 0.1188
vn -0.0093 -0.9927 0.1202
vn 0.0278 -0.9941 0.1047
vn 0.0463 -0.9884 0.1444
vn 0.0108 -0.9936 0.1123
vn 0.0101 -0.9857 0.1683
vn -0.0216 -0.9945 0.1028
vn -0.0008 -0.9970 0.0776
vn 0.0254 -0.9959 0.0867
vn 0.1117 -0.9937 0.0002
vn 0.0814 -0.9964 0.0216
vn 0.0825 -0.9951 0.0545
vn 0.1323 -0.9910 0.0207
vn 0.1180 -0.9906 0.0692
vn 0.1037 -0.9888 0.1076
vn 0.0883 -0.9935 0.0717
vn 0.1125 -0.9921 0.0556
vn 0.1481 -0.9890 -0.0013
vn 0.1058 -0.9944 0.0042
vn 0.1062 -0.9939 0.0291
vn 0.1556 -0.9865 0.0518
vn 0.0908 -0.9953 0.0329
vn 0.0701 -0.9974 0.0146
vn 0.0834 -0.9965 0.0007
vn 0.0634 -0.9970 -0.0436
vn 0.0712 -0.9960 -0.0539
vn 0.0725 -0.9944 -0.0774
vn 0.1441 0.9644 -0.2219
vn 0.2084 0.9734 0.0954
vn 0.2450 0.9674 0.0641
vn -0.0367 0.9742 0.2228
vn 0.0025 0.9780 0.2087
vn -0.1947 0.9782 0.0721
vn -0.2072 0.9727 0.1047
vn -0.2113 0.9753 0.0644
vn -0.1495 0.9731 -0.1751
vn -0.1671 0.9696 -0.1790
vn 0.1601 0.9657 -0.2045
vn 0.1602 -0.9656 -0.2046
vn 0.1599 -0.9737 -0.1624
vn 0.1170 -0.9733 -0.1976
vn 0.1247 -0.9767 -0.1749
vn -0.1664 -0.9695 -0.1797
vn -0.1438 -0.9646 -0.2211
vn -0.2036 -0.9773 0.0592
vn -0.1876 -0.9795 0.0736
vn -0.0264 -0.9723 0.2323
vn -0.0048 -0.9663 0.2572
vn 0.2111 -0.9718 0.1054
vn 0.2378 -0.9681 0.0791
vn 0.2268 -0.9718 0.0639
vn 0.1430 -0.9635 -0.2261
vn 0.1100 -0.9780 -0.1772
vn 0.1099 -0.9760 -0.1877
vn 0.1472 -0.9718 -0.1845
vn 0.1156 -0.9675 -0.2250
vn 0.2301 -0.9725 0.0374
vn 0.2171 -0.9697 0.1116
vn 0.1980 -0.9779 0.0667
vn 0.2152 -0.9761 0.0309
vn 0.2417 -0.9699 0.0302
vn 0.2474 -0.9668 0.0642
vn 0.2084 -0.9733 0.0957
vn 0.0063 -0.9753 0.2206
vn 0.0291 -0.9718 0.2338
vn -0.0360 -0.9677 0.2495
vn 0.0303 -0.9447 0.3265
vn 0.0120 -0.9682 0.2499
vn 0.0998 -0.9436 0.3157
vn 0.1243 -0.8944 0.4296
vn -0.1738 -0.9802 0.0952
vn -0.2126 -0.9752 0.0617
vn -0.2137 -0.9762 0.0370
vn -0.2025 -0.9738 0.1032
vn -0.2170 -0.9698 0.1110
vn -0.2378 -0.9681 0.0791
vn -0.2254 -0.9736 0.0368
vn -0.1223 -0.9790 -0.1630
vn -0.1511 -0.9724 -0.1780
vn -0.1150 -0.9690 -0.2188
vn -0.1098 -0.9754 -0.1911
vn -0.1190 -0.9773 -0.1755
vn -0.1462 -0.9740 -0.1728
vn -0.1232 -0.9722 -0.1989
vn -0.1577 -0.9659 -0.2051
vn 0.1717 -0.9692 -0.1765
vn 0.1220 0.9780 -0.1690
vn 0.1182 0.9732 -0.1974
vn 0.1715 0.9692 -0.1766
vn 0.1564 0.9743 -0.1620
vn -0.1189 0.9772 -0.1757
vn -0.1461 0.9740 -0.1730
vn -0.1576 0.9660 -0.2052
vn -0.1221 0.9721 -0.2002
vn -0.1222 0.9791 -0.1627
vn -0.1434 0.9659 -0.2157
vn -0.1167 0.9697 -0.2145
vn -0.1098 0.9755 -0.1907
vn -0.2129 0.9706 0.1123
vn -0.2350 0.9687 0.0799
vn -0.2257 0.9735 0.0371
vn -0.2032 0.9738 0.1022
vn -0.2356 0.9700 0.0598
vn -0.2331 0.9722 0.0214
vn -0.2117 0.9770 0.0265
vn 0.0357 0.9424 0.3327
vn 0.0173 0.9661 0.2576
vn 0.1013 0.9433 0.3161
vn 0.1247 0.8953 0.4277
vn 0.0326 0.9737 0.2254
vn -0.0062 0.9672 0.2538
vn -0.0388 0.9689 0.2445
vn 0.1985 0.9779 0.0657
vn 0.2162 0.9759 0.0300
vn 0.2424 0.9697 0.0301
vn 0.2136 0.9752 0.0573
vn 0.2301 0.9723 0.0405
vn 0.2392 0.9677 0.0799
vn 0.2194 0.9694 0.1103
vn 0.2131 0.9724 0.0950
vn 0.1237 0.9792 -0.1610
vn 0.1194 0.9779 -0.1717
vn 0.1181 0.9693 -0.2155
vn 0.1512 0.9723 -0.1780
vn 0.0676 -0.9958 -0.0620
vn 0.1208 -0.9927 0.0068
vn 0.1259 -0.9915 0.0337
vn 0.1779 -0.9838 0.0224
vn 0.1611 -0.9846 0.0674
vn 0.1376 -0.9849 0.1051
vn 0.0288 -0.9913 0.1281
vn -0.0043 -0.9911 0.1334
vn 0.0449 -0.9832 0.1769
vn -0.0096 -0.9861 0.1660
vn -0.0168 -0.9824 0.1863
vn 0.0089 -0.9916 0.1290
vn -0.1295 -0.9900 0.0562
vn -0.1415 -0.9899 0.0062
vn -0.1436 -0.9835 0.1098
vn -0.1789 -0.9770 0.1162
vn -0.0914 -0.9932 0.0723
vn -0.1622 -0.9866 0.0191
vn -0.1298 -0.9905 0.0456
vn -0.1147 -0.9845 -0.1330
vn -0.0630 -0.9874 -0.1450
vn -0.0297 -0.9916 -0.1258
vn 0.1125 -0.9844 -0.1351
vn 0.1401 -0.9850 -0.1008
vn 0.0906 -0.9858 -0.1417
vn 0.0617 -0.9848 -0.1622
vn -0.0533 -0.9915 -0.1186
vn -0.0849 -0.9908 -0.1053
vn 0.0774 -0.9909 -0.1105
vn 0.0967 -0.9892 -0.1099
vn 0.0405 -0.9973 -0.0615
vn 0.0804 0.9905 -0.1119
vn 0.0409 0.9973 -0.0617
vn -0.0579 0.9917 -0.1148
vn -0.0544 0.9888 -0.1389
vn -0.1147 0.9844 -0.1330
vn -0.1404 0.9850 -0.1006
vn -0.0576 0.9907 -0.1237
vn -0.1245 0.9913 0.0417
vn -0.1443 0.9834 0.1101
vn -0.0914 0.9932 0.0723
vn -0.1628 0.9864 0.0230
vn -0.1763 0.9843 0.0011
vn -0.1295 0.9900 0.0561
vn -0.1397 0.9902 0.0048
vn 0.0089 0.9916 0.1290
vn -0.0097 0.9860 0.1665
vn 0.0352 0.9858 0.1645
vn 0.0022 0.9903 0.1388
vn -0.0324 0.9901 0.1367
vn 0.1323 0.9910 0.0205
vn 0.1611 0.9846 0.0673
vn 0.1376 0.9849 0.1051
vn 0.1801 0.9834 0.0200
vn 0.1263 0.9919 0.0123
vn 0.0975 0.9918 -0.0824
vn 0.1148 0.9845 -0.1329
vn 0.1403 0.9850 -0.1005
vn 0.0896 0.9856 -0.1433
vn 0.1816 -0.9761 0.1198
vn 0.2142 -0.9670 0.1380
vn 0.1317 -0.9733 -0.1878
vn 0.3559 -0.9328 0.0560
vn 0.3278 -0.9303 0.1645
vn -0.0606 -0.9763 0.2077
vn -0.0654 -0.9661 0.2497
vn 0.2104 -0.9776 -0.0000
vn -0.1318 -0.8924 0.4316
vn -0.0548 -0.9309 0.3611
vn -0.2532 -0.9673 0.0134
vn -0.2764 -0.9578 0.0784
vn -0.4495 -0.8933 0.0066
vn -0.0611 -0.9731 -0.2222
vn -0.0839 -0.9665 -0.2427
vn -0.1780 -0.9761 0.1246
vn -0.2139 -0.9670 0.1382
vn -0.2085 -0.9549 -0.2114
vn -0.1831 -0.9349 -0.3041
vn 0.1400 -0.9583 -0.2489
vn 0.2278 -0.9345 -0.2735
vn 0.1852 -0.9742 -0.1291
vn -0.2118 -0.9647 -0.1562
vn -0.1867 0.9743 -0.1264
vn -0.2093 0.9655 -0.1548
vn 0.1868 0.9742 -0.1265
vn 0.2130 0.9645 -0.1560
vn -0.2003 0.9558 -0.2151
vn -0.1676 0.9338 -0.3161
vn -0.1803 0.9761 0.1216
vn -0.2139 0.9673 0.1363
vn -0.4366 0.8980 0.0539
vn -0.4555 0.8902 -0.0127
vn 0.0656 0.9656 0.2518
vn -0.1919 0.9795 0.0612
vn -0.2103 0.9748 0.0740
vn 0.0192 0.9585 0.2844
vn -0.2106 0.9244 0.3182
vn -0.0628 0.9765 0.2063
vn -0.0644 0.9666 0.2482
vn 0.2588 0.9586 0.1189
vn 0.3571 0.9319 0.0639
vn 0.1791 0.9765 0.1198
vn 0.1410 0.9581 -0.2494
vn 0.2278 0.9345 -0.2736
vn 0.0578 -0.9192 -0.3896
vn 0.3852 -0.8957 0.2222
vn 0.3457 -0.8988 0.2696
vn 0.3006 -0.8678 0.3958
vn 0.3182 -0.9479 0.0166
vn -0.0849 -0.8965 0.4347
vn -0.1441 -0.8997 0.4121
vn -0.2830 -0.8680 0.4080
vn -0.4697 -0.8723 -0.1355
vn -0.4787 -0.8657 -0.1462
vn -0.3458 -0.8988 0.2694
vn -0.3853 -0.8957 0.2220
vn -0.3008 -0.8678 0.3957
vn -0.0972 -0.9206 -0.3781
vn -0.2602 -0.9486 -0.1802
vn -0.3501 -0.9199 -0.1767
vn 0.3529 -0.9190 -0.1761
vn 0.2656 -0.9472 -0.1797
vn 0.3528 0.9190 -0.1761
vn -0.2682 0.9420 -0.2020
vn -0.3131 0.9216 -0.2294
vn -0.1085 0.9452 -0.3080
vn -0.2771 0.9178 0.2845
vn -0.4761 0.8749 -0.0885
vn -0.4868 0.8609 -0.1477
vn 0.2149 0.8847 0.4137
vn 0.2872 0.8652 0.4111
vn -0.1369 0.9204 0.3662
vn 0.4368 0.8996 -0.0058
vn 0.4289 0.8990 0.0889
vn 0.3852 0.8957 0.2222
vn 0.3457 0.8988 0.2696
vn 0.3006 0.8678 0.3958
vn 0.0897 0.9481 -0.3052
vn 0.0577 0.9191 -0.3898
vn 0.0846 -0.9881 -0.1287
vn 0.1227 -0.9814 -0.1477
vn 0.1250 -0.9752 -0.1827
vn 0.1637 -0.9596 -0.2287
vn 0.1222 -0.9615 -0.2463
vn 0.1651 -0.9855 0.0395
vn 0.2262 -0.9735 0.0328
vn 0.1926 -0.9801 0.0487
vn 0.2559 -0.9638 0.0751
vn 0.3168 -0.9388 0.1354
vn 0.2023 -0.9696 0.1378
vn 0.1768 -0.9807 0.0835
vn 0.2302 -0.9731 0.0073
vn 0.2850 -0.9573 0.0493
vn 0.2549 -0.9633 0.0839
vn 0.0014 -0.9835 0.1810
vn 0.0250 -0.9789 0.2030
vn 0.0051 -0.9632 0.2689
vn -0.0256 -0.9387 0.3437
vn -0.0613 -0.9697 0.2366
vn 0.0002 -0.9830 0.1837
vn -0.0098 -0.9881 0.1532
vn 0.0015 -0.9751 0.2219
vn 0.0561 -0.9688 0.2414
vn -0.1131 -0.8963 0.4287
vn -0.1690 -0.9848 0.0394
vn -0.1696 -0.9780 0.1218
vn -0.3090 -0.9496 0.0531
vn -0.2363 -0.9716 0.0137
vn -0.1943 -0.9806 0.0245
vn -0.1668 -0.9831 0.0760
vn -0.1993 -0.9703 0.1373
vn -0.3169 -0.9388 0.1352
vn -0.2560 -0.9637 0.0753
vn -0.1265 -0.9816 -0.1430
vn -0.1630 -0.9600 -0.2278
vn -0.1318 -0.9549 -0.2661
vn -0.0842 -0.9709 -0.2242
vn -0.1034 -0.9809 -0.1645
vn -0.0986 -0.9845 -0.1450
vn -0.1903 -0.9704 -0.1487
vn -0.1862 -0.9632 -0.1939
vn 0.0973 -0.9815 -0.1651
vn 0.1173 -0.9831 -0.1406
vn 0.1953 -0.9695 -0.1481
vn 0.1927 -0.9621 -0.1930
vn 0.0984 0.9809 -0.1676
vn 0.1550 0.9623 -0.2233
vn 0.1927 0.9621 -0.1929
vn 0.1948 0.9698 -0.1471
vn -0.0990 0.9846 -0.1442
vn -0.1042 0.9813 -0.1619
vn -0.1912 0.9702 -0.1490
vn -0.2032 0.9552 -0.2152
vn -0.1265 0.9816 -0.1429
vn -0.0969 0.9861 -0.1351
vn -0.1569 0.9612 -0.2270
vn -0.1386 0.9558 -0.2593
vn -0.1507 0.9877 0.0423
vn -0.1968 0.9800 0.0280
vn -0.1985 0.9706 0.1364
vn -0.2347 0.9642 0.1236
vn -0.1777 0.9763 0.1238
vn -0.1685 0.9849 0.0388
vn -0.3211 0.9470 0.0124
vn -0.2620 0.9648 0.0234
vn 0.0041 0.9737 0.2276
vn -0.0095 0.9881 0.1537
vn 0.0013 0.9822 0.1879
vn 0.0625 0.9679 0.2434
vn 0.1770 0.8889 0.4224
vn -0.1205 0.8951 0.4293
vn 0.0385 0.9807 0.1915
vn 0.0048 0.9636 0.2674
vn -0.0380 0.9586 0.2823
vn -0.0638 0.9704 0.2331
vn 0.1650 0.9852 0.0457
vn 0.1769 0.9807 0.0833
vn 0.3278 0.9409 0.0850
vn 0.1998 0.9790 0.0394
vn 0.1765 0.9829 0.0527
vn 0.3169 0.9387 0.1354
vn 0.2020 0.9700 0.1350
vn 0.1112 0.9861 -0.1237
vn 0.1266 0.9816 -0.1429
vn 0.1220 0.9615 -0.2464
vn 0.1639 0.9597 -0.2281
vn 0.0930 -0.9957 0.0031
vn 0.1140 -0.9921 0.0524
vn 0.0280 -0.9946 0.0994
vn -0.0119 -0.9938 0.1102
vn -0.1064 -0.9920 0.0682
vn -0.0955 -0.9917 0.0858
vn -0.1225 -0.9924 0.0086
vn -0.1160 -0.9930 0.0234
vn -0.0857 -0.9919 -0.0935
vn 0.0826 -0.9922 -0.0934
vn 0.0626 -0.9935 -0.0951
vn -0.0385 -0.9948 -0.0947
vn -0.0646 0.9954 -0.0711
vn -0.0857 0.9919 -0.0935
vn -0.1221 0.9922 0.0247
vn -0.0955 0.9917 0.0858
vn -0.1064 0.9920 0.0682
vn -0.0119 0.9938 0.1102
vn 0.0313 0.9918 0.1237
vn 0.0188 0.9925 0.1204
vn 0.1140 0.9921 0.0523
vn 0.0963 0.9953 0.0051
vn 0.0624 0.9933 -0.0970
vn 0.0857 0.9919 -0.0934
vn 0.1340 -0.9890 0.0622
vn 0.1086 -0.9926 0.0538
vn 0.6003 -0.4226 -0.6790
vn 0.1927 -0.9811 0.0150
vn 0.1419 -0.9822 0.1232
vn 0.1558 -0.9877 0.0103
vn -0.0306 -0.9886 0.1477
vn -0.0344 -0.9915 0.1255
vn 0.2340 -0.5597 0.7950
vn -0.0083 -0.8735 0.4868
vn 0.0499 -0.9811 0.1868
vn 0.0355 -0.9918 0.1226
vn -0.1373 -0.9905 -0.0095
vn -0.4938 -0.8294 0.2612
vn -0.0990 -0.8326 0.5450
vn -0.2584 -0.9648 0.0499
vn -0.1351 -0.9881 0.0741
vn -0.0590 -0.9858 -0.1571
vn -0.4603 -0.8743 0.1537
vn -0.8358 -0.5487 0.0186
vn -0.2100 -0.9617 -0.1761
vn -0.0650 -0.9809 -0.1831
vn 0.1602 -0.9819 -0.1008
vn 0.0618 -0.9817 -0.1799
vn 0.1141 -0.9645 -0.2382
vn -0.1053 -0.9911 -0.0814
vn 0.1174 -0.9868 -0.1115
vn -0.3316 -0.8564 -0.3958
vn 0.8531 -0.1578 -0.4974
vn 0.8419 0.1697 -0.5123
vn 0.4642 0.4341 -0.7721
vn 0.7465 0.2481 -0.6174
vn 0.8831 0.1929 -0.4277
vn 0.1192 0.9867 -0.1102
vn -0.1194 0.9873 -0.1044
vn -0.8829 0.1929 -0.4281
vn -0.7462 0.2481 -0.6177
vn -0.4116 0.4690 -0.7814
vn -0.8078 0.3077 -0.5028
vn -0.0556 0.9824 -0.1785
vn -0.1601 0.9819 -0.1009
vn -0.2086 0.9619 -0.1765
vn -0.6160 -0.4779 -0.6263
vn -0.1954 0.3652 -0.9102
vn -0.6780 0.2435 -0.6936
vn -0.3565 0.2481 -0.9008
vn -0.1339 0.1929 -0.9720
vn -0.0316 0.9902 -0.1359
vn -0.1099 0.9918 0.0660
vn -0.1362 0.9882 0.0700
vn -0.3584 0.8937 -0.2699
vn -0.6774 0.1776 0.7138
vn -0.8431 0.1486 0.5168
vn -0.7831 -0.3289 0.5279
vn -0.9447 -0.2670 0.1905
vn -0.8926 0.4084 0.1909
vn -0.7352 0.2454 0.6319
vn -0.2953 0.9426 0.1562
vn -0.1932 0.9811 0.0116
vn -0.9319 0.3627 0.0022
vn -0.9373 -0.3485 -0.0005
vn -0.9438 -0.3289 0.0328
vn -0.9859 0.1485 0.0771
vn -0.9676 0.1776 -0.1797
vn -0.1359 0.9907 -0.0066
vn 0.0355 0.9918 0.1227
vn 0.0073 0.8697 0.4935
vn 0.4696 0.1776 0.8649
vn 0.2309 0.1485 0.9616
vn 0.2600 -0.3289 0.9079
vn 0.2594 -0.4449 0.8572
vn -0.1855 0.2476 0.9509
vn -0.0344 0.9705 0.2385
vn 0.0408 0.9655 0.2571
vn -0.3937 0.2644 0.8804
vn 0.0819 -0.3501 0.9331
vn -0.2604 -0.3289 0.9078
vn -0.2313 0.1486 0.9615
vn -0.4699 0.1776 0.8647
vn -0.0336 0.9884 0.1479
vn -0.0414 0.9911 0.1265
vn 0.1343 0.9909 -0.0064
vn 0.3676 0.8933 0.2587
vn 0.9658 0.1934 -0.1726
vn 0.9668 0.2481 0.0611
vn 0.7857 -0.4779 0.3927
vn 0.8690 0.2435 0.4308
vn 0.9232 0.3720 -0.0962
vn 0.2253 0.9643 0.1388
vn 0.1419 0.9822 0.1232
vn 0.1937 0.9810 0.0138
vn 0.6863 -0.3977 0.6089
vn 0.7351 0.2595 0.6264
vn 0.8744 0.4630 0.1448
vn 0.8178 0.2481 0.5192
vn 0.6797 0.1929 0.7077
vn 0.1322 0.9899 0.0518
vn 0.5747 0.8042 0.1517
vn 0.3547 0.7829 -0.5112
vn 0.1602 0.9819 -0.1008
vn 0.1138 0.9645 -0.2382
vn 0.1343 0.1929 -0.9720
vn 0.3569 0.2481 -0.9006
vn 0.2910 0.4218 -0.8587
vn 0.1004 -0.9568 -0.2730
vn 0.0843 -0.8838 -0.4601
vn 0.3776 -0.8924 0.2470
vn 0.2412 -0.9577 0.1571
vn 0.5609 -0.3483 0.7510
vn 0.3296 -0.9439 -0.0195
vn 0.4527 -0.8916 0.0089
vn -0.1189 -0.8925 0.4350
vn -0.0789 -0.9565 0.2809
vn -0.1334 -0.9366 0.3241
vn 0.5557 -0.2636 0.7885
vn -0.4590 -0.8860 -0.0655
vn -0.2869 -0.9579 0.0149
vn -0.8442 -0.4640 -0.2685
vn -0.2413 -0.9577 0.1570
vn -0.2339 -0.9683 0.0882
vn -0.1647 -0.8950 -0.4145
vn -0.1063 -0.8860 -0.4513
vn -0.1007 -0.9570 -0.2721
vn -0.2614 -0.9484 -0.1795
vn -0.1556 -0.9683 -0.1954
vn -0.4185 -0.8807 -0.2220
vn 0.4183 -0.8810 -0.2211
vn 0.3339 -0.8956 -0.2941
vn 0.3339 0.8956 -0.2941
vn 0.4183 0.8810 -0.2211
vn 0.4536 0.8595 -0.2357
vn 0.2630 0.9480 -0.1793
vn 0.0617 0.9784 -0.1975
vn -0.2335 0.9555 -0.1801
vn -0.2996 0.9376 -0.1767
vn -0.0540 0.9787 -0.1979
vn -0.3806 0.8886 -0.2560
vn -0.4535 0.8595 -0.2358
vn -0.1533 0.8932 -0.4227
vn -0.0839 0.8595 -0.5042
vn -0.0784 0.9405 -0.3307
vn -0.0124 0.3296 -0.9440
vn -0.2054 0.9786 -0.0078
vn -0.2427 0.9566 0.1610
vn -0.3365 0.8761 0.3452
vn -0.3843 0.9211 -0.0626
vn -0.9548 0.0718 -0.2885
vn 0.0790 0.9564 0.2810
vn 0.1269 0.9387 0.3204
vn -0.1882 0.8826 0.4309
vn -0.0749 0.9577 0.2780
vn 0.0681 0.9785 0.1948
vn 0.3886 0.9188 -0.0686
vn 0.4403 0.8960 0.0568
vn 0.5048 0.8601 -0.0730
vn 0.8218 0.5059 -0.2621
vn 0.3643 0.8595 0.3586
vn 0.2735 0.9203 0.2796
vn 0.2260 0.9723 0.0592
vn 0.1470 0.9712 -0.1876
vn 0.0843 0.8838 -0.4601
vn 0.0841 0.8595 -0.5042
vn 0.0162 0.2969 -0.9548
vn 0.1573 0.3774 -0.9126
vn -0.1562 0.3786 -0.9123
vn -0.6016 0.2707 -0.7515
vn -0.5285 0.2707 -0.8046
vn -0.9977 -0.0386 0.0560
vn -0.9036 -0.4025 -0.1466
vn -0.8040 -0.4499 -0.3887
vn -0.8734 0.2700 -0.4054
vn -0.9449 0.3083 -0.1104
vn -0.9270 0.1363 0.3495
vn -0.9555 0.1363 0.2617
vn -0.8732 -0.3574 0.3313
vn -0.9013 -0.3574 0.2449
vn -0.6923 0.3020 0.6554
vn -0.4476 0.2630 0.8547
vn 0.0460 0.1363 0.9896
vn -0.0464 0.1363 0.9896
vn 0.0452 -0.3574 0.9329
vn -0.0456 -0.3574 0.9329
vn 0.4468 0.3568 0.8204
vn 0.6567 0.2708 0.7039
vn 0.3585 0.1111 0.9269
vn 0.2280 -0.3283 0.9166
vn 0.4235 -0.4407 0.7915
vn 0.6183 -0.4507 0.6439
vn 0.9284 0.2708 0.2544
vn 0.9005 0.2708 0.3403
vn 0.6019 0.2708 -0.7512
vn 0.5288 0.2708 -0.8044
vn 0.7161 0.0975 -0.6911
vn 0.8890 0.4353 -0.1421
vn 0.7888 0.4145 -0.4539
vn 0.0339 -0.8953 0.4442
vn -0.1329 -0.9796 0.1507
vn -0.1021 -0.9796 0.1730
vn 0.9427 0.1308 -0.3070
vn 0.9351 0.1826 -0.3037
vn 0.9453 0.0029 -0.3262
vn 0.0657 0.9773 -0.2015
vn -0.0660 0.9772 -0.2016
vn -0.9348 0.1836 -0.3040
vn -0.9359 0.1771 -0.3047
vn -0.2977 0.8816 -0.3664
vn -0.2563 0.8816 -0.3965
vn -0.0007 0.2203 -0.9754
vn 0.0001 0.1846 -0.9828
vn -0.2093 0.9779 -0.0030
vn -0.2129 0.9771 0.0029
vn -0.5781 0.1832 0.7952
vn -0.5791 0.1756 0.7961
vn -0.9352 0.1850 -0.3020
vn -0.9349 0.1833 -0.3039
vn -0.9574 0.0188 -0.2882
vn -0.0646 0.9768 0.2041
vn 0.5777 0.1826 0.7956
vn 0.5787 0.1710 0.7974
vn 0.5341 -0.3457 0.7715
vn 0.5783 -0.0826 0.8116
vn -0.5785 0.1755 0.7966
vn -0.5779 0.1832 0.7952
vn 0.0651 0.9773 0.2016
vn 0.0674 0.9779 0.1982
vn 0.9310 0.2050 -0.3021
vn 0.9179 0.2631 -0.2972
vn 0.4562 0.8816 0.1215
vn 0.4404 0.8816 0.1701
vn 0.5803 0.1613 0.7983
vn 0.5777 0.1832 0.7954
vn 0.2979 0.8816 -0.3663
vn 0.2565 0.8816 -0.3963
vn 0.0003 0.1851 -0.9827
vn 0.0016 0.2399 -0.9708
vn 0.1764 -0.9292 -0.3247
vn 0.3284 -0.6266 -0.7068
vn 0.7671 -0.6343 0.0960
vn -0.3402 -0.4212 0.8408
vn 0.0677 -0.9634 0.2595
vn 0.3398 -0.4212 0.8409
vn -0.9047 -0.4212 -0.0637
vn -0.6948 -0.4212 0.5830
vn -0.3281 -0.6343 -0.7000
vn 0.1324 0.9564 -0.2604
vn 0.6473 0.7095 -0.2784
vn -0.6472 0.7095 -0.2787
vn -0.1270 0.9561 -0.2641
vn -0.0647 0.7095 -0.7017
vn -0.2864 0.9573 0.0393
vn -0.9647 0.0896 -0.2476
vn 0.0459 0.9555 0.2915
vn 0.6872 0.7098 -0.1545
vn 0.3000 0.9513 0.0706
vn 0.4648 0.7095 0.5296
vn 0.1765 0.9292 -0.3247
vn 0.0650 0.7095 -0.7017
vn 0.1385 0.7528 -0.6436
vn -0.0015 -1.0000 0.0003
vn -0.0098 -0.9999 -0.0030
vn 0.0050 -1.0000 -0.0037
vn 0.0006 -1.0000 -0.0007
vn 0.0025 -1.0000 -0.0071
vn -0.0044 0.9995 -0.0312
vn -0.0617 0.9979 -0.0188
vn -0.0099 0.9999 -0.0031
vn -0.0015 1.0000 0.0005
vn 0.0050 1.0000 -0.0037
vn 0.0006 1.0000 -0.0007
vn 0.0025 1.0000 -0.0071
vn 0.0649 -0.9970 -0.0425
vn -0.0155 -0.9857 0.1679
vn -0.0156 -0.9806 0.1956
vn -0.3368 0.9104 0.2405
vn 0.1274 -0.2303 0.9647
vn -0.0160 0.9805 0.1957
vn -0.0155 0.9857 0.1679
vn -0.0146 0.0841 0.9964
vn 0.0834 0.9947 -0.0594
vn 0.1289 0.9874 -0.0916
vn 0.0410 -0.9029 -0.4279
vn 0.0762 -0.9373 -0.3400
vn -0.2781 -0.8702 0.4068
vn -0.2709 -0.8743 0.4027
vn 0.2583 -0.8654 0.4294
vn 0.1050 -0.8909 0.4419
vn -0.5437 -0.8207 -0.1758
vn -0.5710 -0.7997 -0.1856
vn -0.2916 -0.9398 -0.1781
vn -0.3926 -0.9036 -0.1713
vn 0.2935 -0.9393 -0.1779
vn 0.3941 -0.9030 -0.1711
vn 0.3915 0.9041 -0.1713
vn 0.2903 0.9402 -0.1781
vn -0.2821 0.9076 0.3110
vn -0.2521 0.9480 0.1942
vn 0.2706 0.8744 0.4027
vn 0.2779 0.8702 0.4069
vn 0.4554 0.8899 0.0272
vn 0.4806 0.8736 -0.0766
vn 0.5735 0.7978 -0.1862
vn 0.5443 0.8203 -0.1757
vn 0.0766 0.9376 -0.3390
vn 0.0419 0.9039 -0.4258
vn 0.1679 -0.9821 -0.0852
vn 0.1614 -0.9813 -0.1046
vn -0.4168 -0.8956 0.1553
vn -0.4340 -0.8952 0.1011
vn 0.1616 0.9814 -0.1041
vn 0.1671 0.9820 -0.0876
vn -0.0000 0.8521 -0.5233
vn 0.3075 0.8521 0.4235
vn 0.4976 0.8522 -0.1617
vn -0.3078 0.8521 0.4233
vn 0.3075 0.8522 0.4234
vn -0.4977 0.8521 -0.1619
vn -0.3077 0.8521 0.4234
vn 0.0002 0.8522 -0.5233
vn -0.4977 0.8522 -0.1617
vn 0.4977 0.8521 -0.1615
vn 0.4977 -0.8521 -0.1615
vn -0.4977 -0.8521 -0.1618
vn 0.0002 -0.8522 -0.5233
vn -0.3076 -0.8521 0.4234
vn -0.4976 -0.8521 -0.1619
vn 0.3076 -0.8521 0.4234
vn -0.3077 -0.8522 0.4233
vn 0.4977 -0.8521 -0.1617
vn 0.3075 -0.8521 0.4235
vn -0.0000 -0.8521 -0.5233
vn 0.2623 0.8954 -0.3598
vn 0.1716 0.9823 -0.0744
vn 0.4233 0.8954 0.1383
vn 0.1064 0.9824 0.1533
vn -0.0001 0.8956 0.4449
vn -0.1181 0.9824 0.1447
vn -0.4230 0.8956 0.1382
vn -0.1786 0.9824 -0.0539
vn -0.2622 0.8954 -0.3600
vn -0.0000 0.9824 -0.1865
vn -0.0032 -0.9825 -0.1863
vn 0.2621 -0.8956 -0.3595
vn -0.2620 -0.8956 -0.3596
vn -0.1781 -0.9825 -0.0547
vn -0.4193 -0.8956 0.1488
vn -0.1098 -0.9825 0.1508
vn -0.0014 -0.8956 0.4449
vn 0.1070 -0.9825 0.1526
vn 0.4230 -0.8956 0.1381
vn 0.1719 -0.9824 -0.0736
vn 0.0104 0.9998 -0.0146
vn 0.0131 0.9999 -0.0053
vn 0.0164 0.9998 0.0056
vn 0.0062 0.9999 0.0082
vn 0.0004 0.9998 0.0192
vn -0.0063 0.9999 0.0083
vn -0.0166 0.9999 0.0020
vn -0.0097 0.9999 -0.0034
vn 0.0002 0.9998 -0.0202
vn -0.0043 1.0000 -0.0089
vn -0.0044 -1.0000 -0.0088
vn 0.0103 -0.9998 -0.0146
vn -0.0121 -0.9999 -0.0112
vn -0.0097 -0.9999 -0.0034
vn -0.0166 -0.9999 0.0020
vn -0.0063 -0.9999 0.0083
vn 0.0004 -0.9998 0.0191
vn 0.0062 -0.9999 0.0082
vn 0.0164 -0.9998 0.0056
vn 0.0131 -0.9999 -0.0053
vn 0.0001 0.4650 -0.8853
vn 0.1221 0.8828 -0.4536
vn 0.0847 0.9440 -0.3189
vn 0.5144 0.4829 0.7086
vn 0.2464 0.9537 0.1724
vn 0.3632 0.8817 0.3011
vn 0.6372 0.7426 -0.2061
vn 0.4650 0.8853 -0.0072
vn 0.4399 0.8913 -0.1101
vn -0.5150 0.4829 0.7082
vn -0.0836 0.9549 0.2848
vn -0.1559 0.8846 0.4395
vn 0.4012 0.7298 0.5536
vn 0.1577 0.8844 0.4394
vn 0.2554 0.8832 0.3933
vn -0.8429 0.4630 -0.2741
vn -0.3158 0.9488 -0.0072
vn -0.4660 0.8847 -0.0120
vn -0.5147 0.4829 0.7084
vn -0.3700 0.8846 0.2839
vn -0.2476 0.9527 0.1765
vn 0.0003 0.4772 -0.8788
vn -0.0903 0.9484 -0.3040
vn -0.1170 0.8818 -0.4569
vn -0.8328 0.4829 -0.2706
vn -0.3976 0.8819 -0.2532
vn -0.2355 0.9548 -0.1813
vn 0.8339 0.4810 -0.2706
vn 0.2598 0.9487 -0.1800
vn 0.3977 0.8819 -0.2530
vn 0.8283 -0.4916 -0.2688
vn 0.2880 -0.9409 -0.1783
vn 0.3830 -0.8849 -0.2651
vn -0.8271 -0.4935 -0.2688
vn -0.3829 -0.8849 -0.2653
vn -0.2762 -0.9443 -0.1792
vn 0.0003 -0.4936 -0.8697
vn -0.0886 -0.9471 -0.3086
vn -0.1330 -0.8848 -0.4467
vn -0.5112 -0.4935 0.7036
vn -0.3707 -0.8848 0.2822
vn -0.2497 -0.9506 0.1844
vn -0.6319 -0.7475 -0.2047
vn -0.4394 -0.8916 -0.1099
vn -0.4707 -0.8817 -0.0318
vn 0.5136 -0.4860 0.7071
vn 0.1782 -0.8814 0.4375
vn 0.1044 -0.9488 0.2982
vn -0.3977 -0.7356 0.5483
vn -0.2556 -0.8832 0.3932
vn -0.1540 -0.8848 0.4397
vn 0.8272 -0.4936 -0.2687
vn 0.4660 -0.8847 -0.0117
vn 0.3207 -0.9471 -0.0108
vn 0.5128 -0.4880 0.7063
vn 0.2530 -0.9472 0.1973
vn 0.3706 -0.8849 0.2823
vn -0.0000 -0.4935 -0.8697
vn 0.1354 -0.8852 -0.4451
vn 0.0782 -0.9388 -0.3353
vn 0.1358 0.9736 -0.1836
vn 0.0929 0.9931 -0.0709
vn 0.2160 0.9736 0.0732
vn 0.0559 0.9956 0.0752
vn -0.0002 0.5154 0.8570
vn -0.0120 0.9783 0.2067
vn -0.4579 0.7608 0.4598
vn -0.0593 0.9953 0.0763
vn -0.2158 0.9738 0.0722
vn -0.8151 0.5154 0.2647
vn -0.0900 0.9955 -0.0310
vn -0.1357 0.9736 -0.1837
vn -0.0007 0.9953 -0.0964
vn -0.0119 -0.6504 -0.7595
vn -0.0007 -0.9953 -0.0964
vn 0.4997 -0.5269 -0.6875
vn 0.1358 -0.9736 -0.1836
vn -0.4994 -0.5269 -0.6877
vn -0.1355 -0.9736 -0.1836
vn -0.0900 -0.9955 -0.0310
vn -0.2187 -0.9730 0.0738
vn -0.0563 -0.9956 0.0750
vn -0.0120 -0.9783 0.2067
vn 0.0559 -0.9956 0.0752
vn 0.8083 -0.5269 0.2628
vn 0.2160 -0.9736 0.0732
vn 0.7316 -0.6370 -0.2427
vn 0.0752 -0.9962 -0.0442
vn 0.0058 1.0000 -0.0063
vn 0.0050 1.0000 -0.0055
vn 0.0071 1.0000 0.0015
vn 0.0076 1.0000 0.0037
vn 0.0019 0.9999 0.0109
vn -0.0084 0.9999 0.0061
vn -0.0107 0.9999 0.0035
vn -0.0058 1.0000 -0.0063
vn -0.0409 0.9991 -0.0100
vn -0.0063 -1.0000 -0.0070
vn 0.0050 -1.0000 -0.0055
vn 0.0058 -1.0000 -0.0063
vn -0.0058 -1.0000 -0.0063
vn -0.0110 -0.9999 0.0020
vn -0.0084 -0.9999 0.0061
vn 0.0010 -1.0000 0.0076
vn 0.0076 -1.0000 0.0037
vn 0.0071 -1.0000 0.0014
vn 0.2072 0.5030 -0.8391
vn 0.6606 0.5030 0.5573
vn 0.4819 0.8481 0.2202
vn 0.8620 0.5030 -0.0623
vn -0.2591 0.5089 0.8209
vn -0.0496 0.8569 0.5131
vn 0.2588 0.5089 0.8210
vn -0.8608 0.5088 0.0072
vn -0.9681 0.2304 -0.0981
vn -0.4551 0.8699 0.1901
vn -0.7009 0.5089 0.4999
vn -0.2068 0.5030 -0.8392
vn -0.3367 0.8558 -0.3927
vn -0.7340 0.5030 -0.4564
vn 0.7342 0.5030 -0.4561
vn 0.3366 0.8623 -0.3783
vn 0.6870 -0.5199 -0.5078
vn 0.6105 -0.6767 -0.4115
vn -0.6868 -0.5199 -0.5081
vn -0.2706 -0.5199 -0.8102
vn -0.1421 -0.7368 -0.6610
vn -0.6596 -0.5283 0.5346
vn -0.8478 -0.5283 -0.0451
vn 0.3046 -0.5283 0.7925
vn -0.3049 -0.5284 0.7924
vn 0.6726 -0.7368 -0.0689
vn 0.8542 -0.5199 0.0073
vn 0.6952 -0.5199 0.4964
vn 0.1231 -0.6829 -0.7201
vn 0.2710 -0.5199 -0.8101
vn 0.0001 0.8427 -0.5384
vn 0.0028 0.8531 -0.5218
vn 0.0056 0.8597 -0.5108
vn 0.3162 0.8428 0.4356
vn 0.3048 0.8593 0.4108
vn 0.3087 0.8530 0.4207
vn 0.5077 0.8457 -0.1645
vn 0.4971 0.8529 -0.1598
vn 0.4904 0.8577 -0.1549
vn -0.3165 0.8428 0.4354
vn -0.2947 0.8604 0.4158
vn -0.3039 0.8533 0.4238
vn 0.3135 0.8453 0.4326
vn 0.3043 0.8531 0.4238
vn 0.2976 0.8583 0.4181
vn -0.5120 0.8427 -0.1665
vn -0.4889 0.8586 -0.1540
vn -0.4970 0.8531 -0.1585
vn -0.3164 0.8428 0.4355
vn -0.3091 0.8531 0.4203
vn -0.3053 0.8585 0.4120
vn 0.0002 0.8428 -0.5382
vn -0.0057 0.8601 -0.5100
vn -0.0029 0.8532 -0.5216
vn -0.5119 0.8428 -0.1664
vn -0.4950 0.8532 -0.1642
vn -0.4828 0.8604 -0.1633
vn 0.5120 0.8428 -0.1662
vn 0.4840 0.8598 -0.1630
vn 0.4955 0.8531 -0.1637
vn 0.5120 -0.8428 -0.1662
vn 0.4848 -0.8593 -0.1629
vn 0.4952 -0.8532 -0.1639
vn -0.5119 -0.8428 -0.1664
vn -0.4952 -0.8532 -0.1641
vn -0.4845 -0.8594 -0.1631
vn 0.0002 -0.8428 -0.5383
vn -0.0057 -0.8601 -0.5100
vn -0.0031 -0.8533 -0.5214
vn -0.3164 -0.8428 0.4354
vn -0.3090 -0.8531 0.4203
vn -0.3050 -0.8590 0.4111
vn -0.5077 -0.8456 -0.1647
vn -0.4903 -0.8577 -0.1550
vn -0.4970 -0.8531 -0.1588
vn 0.3163 -0.8428 0.4354
vn 0.3056 -0.8528 0.4235
vn 0.2968 -0.8590 0.4172
vn -0.3137 -0.8453 0.4325
vn -0.2978 -0.8583 0.4179
vn -0.3044 -0.8531 0.4237
vn 0.5119 -0.8428 -0.1663
vn 0.4970 -0.8533 -0.1579
vn 0.4868 -0.8602 -0.1518
vn 0.3162 -0.8428 0.4355
vn 0.3049 -0.8589 0.4114
vn 0.3089 -0.8531 0.4205
vn 0.0001 -0.8428 -0.5383
vn 0.0030 -0.8531 -0.5217
vn 0.0053 -0.8593 -0.5115
vn -0.0000 -0.1938 -0.9810
vn 0.0001 0.1980 -0.9802
vn 0.2773 0.8818 -0.3815
vn 0.3160 0.8933 -0.3196
vn 0.2622 0.8975 -0.3547
vn 0.2081 0.8935 -0.3979
vn 0.1882 0.9801 -0.0637
vn 0.2135 0.9752 0.0583
vn 0.1623 0.9816 -0.1006
vn 0.1368 0.9746 -0.1771
vn 0.5746 -0.2086 0.7914
vn 0.5780 0.1786 0.7963
vn 0.4485 0.8818 0.1458
vn 0.4423 0.8935 0.0771
vn 0.4185 0.8974 0.1396
vn 0.4011 0.8932 0.2033
vn 0.9330 -0.1937 -0.3032
vn 0.9249 0.2333 -0.3004
vn 0.1012 0.9793 0.1756
vn 0.0163 0.9760 0.2172
vn 0.1106 0.9826 0.1493
vn 0.1851 0.9781 0.0950
vn -0.5765 -0.1979 0.7928
vn -0.5783 0.1826 0.7952
vn -0.0001 0.8897 0.4566
vn 0.0631 0.8938 0.4441
vn -0.0006 0.8976 0.4408
vn -0.0657 0.8936 0.4440
vn 0.4448 -0.5634 0.6962
vn 0.5757 -0.2009 0.7926
vn 0.5781 0.1808 0.7957
vn -0.1777 0.9775 0.1135
vn -0.1907 0.9775 0.0906
vn -0.1152 0.9826 0.1459
vn 0.0135 0.9713 0.2377
vn -0.9239 -0.2372 -0.3004
vn -0.4433 0.8935 0.0718
vn -0.4182 0.8975 0.1403
vn -0.4020 0.8936 0.1997
vn -0.4343 0.8897 0.1410
vn -0.5761 -0.1979 0.7930
vn -0.5779 0.1826 0.7954
vn -0.2130 0.9754 0.0560
vn -0.1986 0.9792 -0.0411
vn -0.1474 0.9781 -0.1470
vn -0.1761 0.9826 -0.0593
vn 0.0004 -0.1937 -0.9811
vn 0.0003 0.1928 -0.9812
vn -0.2771 0.8818 -0.3816
vn -0.3161 0.8933 -0.3196
vn -0.2620 0.8975 -0.3548
vn -0.2062 0.8933 -0.3994
vn -0.9323 -0.1979 -0.3029
vn -0.9351 0.1826 -0.3038
vn -0.0000 0.9795 -0.2016
vn 0.1227 0.9750 -0.1851
vn -0.0000 0.9826 -0.1858
vn -0.1145 0.9760 -0.1854
vn 0.9345 -0.1862 -0.3033
vn 0.9370 0.1718 -0.3041
vn -0.0183 -0.9810 -0.1931
vn -0.1321 -0.9739 -0.1848
vn -0.0000 -0.9826 -0.1858
vn 0.1190 -0.9755 -0.1850
vn 0.2685 -0.8897 -0.3693
vn 0.2095 -0.8938 -0.3965
vn 0.2622 -0.8975 -0.3547
vn 0.3131 -0.8937 -0.3214
vn -0.2683 -0.8897 -0.3695
vn -0.2094 -0.8937 -0.3967
vn -0.2620 -0.8975 -0.3548
vn -0.3131 -0.8937 -0.3214
vn -0.1930 -0.9801 -0.0457
vn -0.2143 -0.9749 0.0609
vn -0.1761 -0.9826 -0.0593
vn -0.1418 -0.9764 -0.1628
vn -0.4410 -0.8858 0.1447
vn -0.4555 -0.8898 0.0269
vn -0.4132 -0.8970 0.1571
vn -0.4008 -0.8934 0.2029
vn -0.1178 -0.9797 0.1621
vn -0.0278 -0.9775 0.2090
vn -0.1106 -0.9826 0.1493
vn -0.1853 -0.9781 0.0948
vn -0.0003 -0.8857 0.4643
vn -0.0657 -0.8936 0.4440
vn -0.0015 -0.8976 0.4408
vn 0.0505 -0.8944 0.4443
vn 0.1030 -0.9801 0.1695
vn 0.1984 -0.9765 0.0848
vn 0.1106 -0.9826 0.1493
vn -0.0191 -0.9702 0.2414
vn 0.4342 -0.8897 0.1412
vn 0.4019 -0.8936 0.1999
vn 0.4185 -0.8974 0.1396
vn 0.4424 -0.8936 0.0754
vn 0.1829 -0.9812 -0.0610
vn 0.1416 -0.9764 -0.1630
vn 0.1660 -0.9820 -0.0906
vn 0.2078 -0.9774 0.0398
vn 0.8614 0.4139 -0.2944
vn 0.9243 -0.2047 -0.3222
vn 0.5740 -0.2163 -0.7897
vn 0.5660 0.2707 -0.7787
vn 0.0644 0.9941 -0.0870
vn 0.0100 0.9999 -0.0038
vn -0.0001 1.0000 -0.0095
vn 0.0656 0.9970 -0.0415
vn 0.0077 1.0000 0.0039
vn 0.0041 1.0000 -0.0090
vn 0.1019 0.9942 0.0350
vn 0.0067 0.9999 0.0080
vn 0.0097 1.0000 -0.0017
vn 0.0302 0.9987 0.0401
vn -0.0043 0.9999 0.0113
vn 0.0100 0.9999 0.0009
vn -0.0107 0.9928 0.1192
vn -0.0050 1.0000 0.0086
vn 0.0079 0.9999 0.0091
vn -0.0303 0.9987 0.0399
vn -0.0122 0.9999 -0.0007
vn 0.0019 1.0000 0.0092
vn -0.1019 0.9943 0.0311
vn -0.0039 0.9999 0.0095
vn -0.0099 0.9999 -0.0065
vn -0.0468 0.9988 -0.0165
vn -0.0036 1.0000 -0.0092
vn -0.0081 1.0000 0.0056
vn -0.0596 0.9945 -0.0859
vn 0.0378 0.9984 -0.0431
vn -0.0086 1.0000 -0.0048
vn -0.0171 0.9998 -0.0040
vn 0.0056 1.0000 -0.0025
vn -0.0049 0.9987 -0.0499
vn 0.9285 -0.2163 0.3019
vn 0.9155 0.2707 0.2977
vn 0.5229 -0.4409 0.7295
vn 0.1818 -0.1281 0.9750
vn 0.5609 0.2923 0.7746
vn -0.0002 -0.3577 0.9338
vn -0.0002 0.1355 0.9908
vn -0.5449 -0.3757 0.7497
vn -0.5668 0.2660 0.7797
vn -0.8882 -0.3577 0.2884
vn -0.9423 0.1355 0.3060
vn -0.9180 0.2822 -0.2786
vn -0.8614 -0.4320 -0.2671
vn -0.5657 0.2707 -0.7789
vn -0.5737 -0.2164 -0.7900
vn 0.0002 0.3553 -0.9347
vn -0.0006 -0.2730 -0.9620
vn -0.0049 -0.9987 -0.0499
vn -0.0069 -1.0000 -0.0062
vn 0.0057 -1.0000 -0.0025
vn 0.0644 -0.9941 -0.0870
vn 0.0100 -0.9999 -0.0038
vn -0.0001 -1.0000 -0.0095
vn -0.0661 -0.9943 -0.0842
vn -0.0097 -0.9999 -0.0040
vn 0.0034 -0.9999 -0.0112
vn -0.0468 -0.9988 -0.0165
vn -0.0091 -0.9999 0.0078
vn -0.0036 -1.0000 -0.0092
vn -0.1019 -0.9943 0.0311
vn -0.0039 -0.9999 0.0095
vn -0.0099 -0.9999 -0.0063
vn -0.0303 -0.9987 0.0399
vn 0.0019 -1.0000 0.0092
vn -0.0122 -0.9999 -0.0008
vn -0.0107 -0.9928 0.1192
vn 0.0048 -0.9999 0.0089
vn -0.0050 -1.0000 0.0086
vn 0.0302 -0.9987 0.0401
vn 0.0100 -0.9999 0.0009
vn -0.0017 -1.0000 0.0091
vn 0.1019 -0.9942 0.0350
vn 0.0097 -1.0000 -0.0017
vn 0.0067 -0.9999 0.0080
vn 0.0594 -0.9976 -0.0367
vn 0.0041 -1.0000 -0.0089
vn 0.0077 -1.0000 0.0039
vn 0.0104 0.3349 -0.9422
vn 0.0041 0.4777 -0.8785
vn 0.0124 0.8444 -0.5356
vn 0.1591 0.8923 -0.4224
vn 0.1492 0.9747 -0.1664
vn 0.0768 0.9378 -0.3385
vn 0.5194 0.4777 0.7085
vn 0.5004 0.5403 0.6766
vn 0.2237 0.9724 0.0657
vn 0.2497 0.9503 0.1861
vn 0.3247 0.8444 0.4262
vn 0.3726 0.8870 0.2729
vn 0.6054 0.7708 -0.1983
vn 0.8318 0.4874 -0.2656
vn 0.5123 0.8456 -0.1499
vn 0.4491 0.8924 0.0453
vn 0.4227 0.9015 -0.0926
vn 0.3120 0.9501 -0.0043
vn -0.5134 0.4764 0.7138
vn -0.4887 0.5407 0.6847
vn 0.0230 0.9748 0.2217
vn -0.0986 0.9507 0.2941
vn -0.1561 0.8788 0.4510
vn -0.1608 0.8846 0.4377
vn 0.3765 0.7696 0.5157
vn 0.5131 0.4764 0.7140
vn 0.1559 0.8788 0.4510
vn 0.2384 0.8910 0.3864
vn 0.1129 0.9460 0.3039
vn -0.8375 0.4763 -0.2677
vn -0.9122 0.2932 -0.2862
vn -0.3535 0.9350 -0.0294
vn -0.2929 0.9561 0.0103
vn -0.4771 0.8788 -0.0091
vn -0.4653 0.8850 -0.0154
vn -0.4997 0.5426 0.6752
vn -0.5205 0.4763 0.7086
vn -0.3672 0.8847 0.2871
vn -0.3808 0.8788 0.2877
vn -0.2518 0.9483 0.1931
vn -0.2186 0.9746 0.0487
vn -0.0037 0.4777 -0.8785
vn -0.0070 0.4401 -0.8979
vn -0.0995 0.9506 -0.2941
vn -0.0909 0.9492 -0.3013
vn -0.0122 0.8444 -0.5356
vn -0.1320 0.8859 -0.4447
vn -0.7979 0.5403 -0.2671
vn -0.8342 0.4777 -0.2754
vn -0.5056 0.8444 -0.1773
vn -0.3758 0.8869 -0.2686
vn -0.1096 0.9751 -0.1930
vn -0.2622 0.9482 -0.1796
vn 0.8344 0.4777 -0.2750
vn 0.8101 0.5200 -0.2708
vn 0.1167 0.9743 -0.1926
vn 0.2990 0.9376 -0.1776
vn 0.5057 0.8444 -0.1771
vn 0.3756 0.8870 -0.2685
vn 0.8294 -0.4870 -0.2739
vn 0.8140 -0.5138 -0.2708
vn 0.3104 -0.9328 -0.1831
vn 0.2990 -0.9376 -0.1776
vn 0.3914 -0.8788 -0.2731
vn 0.3756 -0.8870 -0.2685
vn -0.8134 -0.5153 -0.2698
vn -0.8293 -0.4870 -0.2742
vn -0.3913 -0.8788 -0.2733
vn -0.3757 -0.8869 -0.2686
vn -0.1731 -0.9663 -0.1906
vn -0.2975 -0.9380 -0.1778
vn -0.0042 -0.4870 -0.8734
vn -0.0048 -0.5471 -0.8370
vn -0.0818 -0.9362 -0.3419
vn -0.0909 -0.9492 -0.3013
vn -0.1388 -0.8788 -0.4566
vn -0.1321 -0.8861 -0.4443
vn -0.5072 -0.5172 0.6894
vn -0.5163 -0.4885 0.7034
vn -0.3675 -0.8715 0.3246
vn -0.3728 -0.8870 0.2727
vn -0.2339 -0.9669 0.1024
vn -0.2498 -0.9503 0.1860
vn -0.8260 -0.4981 -0.2640
vn -0.6062 -0.7700 -0.1988
vn -0.4209 -0.9025 -0.0912
vn -0.3090 -0.9511 -0.0020
vn -0.4885 -0.8712 -0.0486
vn -0.4774 -0.8755 -0.0747
vn 0.5268 -0.4219 0.7379
vn 0.5094 -0.4885 0.7084
vn 0.1972 -0.8713 0.4493
vn 0.0889 -0.9516 0.2943
vn 0.0793 -0.9564 0.2809
vn -0.5098 -0.4885 0.7082
vn -0.3737 -0.7738 0.5114
vn -0.2406 -0.8900 0.3874
vn -0.1131 -0.9460 0.3039
vn -0.1953 -0.8715 0.4498
vn -0.1444 -0.8870 0.4386
vn 0.7977 -0.5472 -0.2537
vn 0.8321 -0.4870 -0.2656
vn 0.4771 -0.8788 -0.0089
vn 0.4647 -0.8854 -0.0137
vn 0.3505 -0.9362 -0.0277
vn 0.3120 -0.9501 -0.0043
vn 0.5168 -0.4870 0.7041
vn 0.5297 -0.4524 0.7174
vn 0.2589 -0.9449 0.2005
vn 0.2497 -0.9503 0.1861
vn 0.3807 -0.8788 0.2878
vn 0.3726 -0.8870 0.2729
vn 0.0056 -0.5346 -0.8451
vn 0.0046 -0.4870 -0.8734
vn 0.1390 -0.8788 -0.4565
vn 0.1591 -0.8923 -0.4224
vn 0.0734 -0.9292 -0.3622
vn 0.0769 -0.9379 -0.3383
vn 0.2812 0.2144 -0.9354
vn 0.3016 -0.2141 -0.9291
vn 0.1027 0.9736 -0.2039
vn 0.1719 0.9732 -0.1527
vn 0.1107 0.9935 0.0267
vn 0.7771 0.2144 0.5918
vn 0.7899 -0.2141 0.5747
vn 0.8650 0.4094 0.2901
vn 0.8513 -0.3833 0.3583
vn 0.2249 0.9733 0.0460
vn 0.1959 0.9738 0.1153
vn 0.9183 0.3358 0.2097
vn 0.8953 -0.3810 0.2310
vn 0.9768 -0.2141 -0.0002
vn 0.9765 0.2144 -0.0216
vn 0.6822 0.6349 0.3626
vn 0.1286 0.9916 0.0108
vn -0.0246 0.9920 0.1235
vn -0.3192 0.1650 0.9332
vn -0.3581 -0.2759 0.8920
vn -0.0841 -0.4007 0.9124
vn -0.0562 0.4843 0.8731
vn -0.1078 0.5129 0.8517
vn 0.1075 0.5128 0.8517
vn 0.0274 0.9741 0.2244
vn -0.0248 0.9807 0.1940
vn -0.0065 0.3785 0.9256
vn 0.3578 -0.2759 0.8921
vn 0.3188 0.1650 0.9333
vn -0.1346 0.6658 0.7339
vn 0.0198 0.9924 0.1213
vn -0.1342 0.9908 0.0177
vn -0.9862 0.1650 -0.0152
vn -0.9590 -0.2759 -0.0650
vn -0.2249 0.9733 0.0456
vn -0.2063 0.9720 0.1125
vn -0.8433 0.5128 0.1606
vn -0.7768 0.5128 0.3654
vn -0.8337 0.5032 0.2273
vn -0.8544 -0.3670 0.3678
vn -0.7379 -0.2759 0.6159
vn -0.7891 0.1650 0.5916
vn -0.5553 0.6351 -0.5369
vn -0.1118 0.9923 0.0539
vn -0.0489 0.9909 -0.1254
vn -0.2808 0.2144 -0.9355
vn -0.3012 -0.2141 -0.9292
vn -0.4838 0.3351 -0.8085
vn -0.4960 -0.3810 -0.7802
vn -0.1717 0.9732 -0.1529
vn -0.1028 0.9736 -0.2038
vn -0.5205 0.4477 -0.7270
vn -0.6014 -0.3449 -0.7207
vn -0.8027 0.2144 -0.5565
vn -0.7904 -0.2141 -0.5740
vn -0.0950 0.9916 -0.0874
vn 0.0934 0.9906 -0.0997
vn 0.7907 -0.2141 -0.5736
vn 0.8029 0.2144 -0.5562
vn 0.4633 0.5195 -0.7180
vn 0.6022 -0.3825 -0.7007
vn 0.3490 -0.6354 -0.6888
vn -0.3564 -0.6479 -0.6732
vn 0.0918 -0.9908 -0.0999
vn -0.0950 -0.9916 -0.0874
vn 0.4103 -0.5241 -0.7463
vn 0.5832 -0.5241 -0.6206
vn 0.1031 -0.9736 -0.2037
vn 0.1720 -0.9732 -0.1528
vn -0.5830 -0.5241 -0.6208
vn -0.4100 -0.5241 -0.7464
vn -0.1016 -0.9738 -0.2036
vn -0.1719 -0.9732 -0.1528
vn -0.7368 -0.6563 0.1626
vn -0.0489 -0.9909 -0.1254
vn -0.1121 -0.9921 0.0570
vn -0.2254 -0.9732 0.0462
vn -0.2102 -0.9715 0.1096
vn -0.1302 -0.9914 0.0092
vn 0.0199 -0.9924 0.1214
vn -0.0206 -0.9810 0.1928
vn 0.0270 -0.9741 0.2246
vn 0.0727 -0.6565 0.7508
vn -0.0227 -0.9922 0.1227
vn 0.1287 -0.9916 0.0107
vn 0.7704 -0.5242 0.3629
vn 0.8365 -0.5241 0.1596
vn 0.1960 -0.9738 0.1153
vn 0.2248 -0.9733 0.0468
vn 0.7644 -0.6375 0.0963
vn 0.5377 -0.6166 -0.5750
vn 0.1071 -0.9933 0.0423
vn 0.0679 0.9960 -0.0587
vn 0.0415 0.9967 -0.0695
vn 0.0735 0.9973 0.0080
vn 0.0764 0.9960 0.0470
vn 0.0241 0.9950 0.0972
vn -0.0180 0.9970 0.0757
vn -0.0822 0.9946 0.0633
vn -0.1035 0.9939 0.0378
vn -0.0679 0.9960 -0.0587
vn -0.0767 0.9955 -0.0549
vn -0.0056 1.0000 -0.0051
vn -0.0363 -0.9966 -0.0739
vn 0.0410 -0.9968 -0.0680
vn 0.0657 -0.9962 -0.0574
vn -0.0679 -0.9960 -0.0588
vn -0.0960 -0.9953 0.0084
vn -0.0822 -0.9946 0.0633
vn -0.0180 -0.9970 0.0757
vn 0.0178 -0.9968 0.0776
vn 0.0764 -0.9960 0.0470
vn 0.0711 -0.9974 0.0080
vn 0.1707 0.9564 -0.2369
vn 0.0078 0.9832 0.1826
vn -0.1689 0.9829 0.0736
vn 0.1353 -0.9786 -0.1550
vn 0.0988 -0.9794 -0.1763
vn 0.0707 -0.9683 0.2396
vn 0.0058 -0.9836 0.1802
vn 0.2094 -0.9771 0.0391
vn 0.2089 -0.9752 0.0728
vn 0.1707 -0.9564 -0.2369
vn 0.0065 0.8510 -0.5251
vn 0.0013 0.8444 -0.5358
vn 0.0052 0.8579 -0.5138
vn 0.0159 0.8688 -0.4950
vn 0.1167 0.9604 -0.2532
vn 0.3158 0.8444 0.4328
vn 0.3129 0.8521 0.4195
vn 0.3061 0.8574 0.4137
vn 0.2895 0.8832 0.3691
vn 0.3787 0.9119 0.1581
vn 0.5096 0.8445 -0.1644
vn 0.4911 0.8570 -0.1565
vn 0.4568 0.8791 -0.1361
vn 0.3876 0.9140 0.1201
vn -0.3123 0.8451 0.4340
vn -0.3023 0.8521 0.4273
vn -0.2862 0.8654 0.4113
vn -0.2959 0.8570 0.4218
vn -0.1177 0.9445 0.3066
vn -0.2088 0.8833 0.4197
vn -0.0389 0.9518 0.3042
vn 0.3121 0.8451 0.4341
vn 0.2989 0.8575 0.4188
vn 0.2768 0.8749 0.3975
vn 0.1555 0.8862 0.4365
vn -0.5092 0.8451 -0.1629
vn -0.5038 0.8492 -0.1582
vn -0.4924 0.8563 -0.1558
vn -0.4881 0.8611 -0.1423
vn -0.3132 0.8519 0.4196
vn -0.3164 0.8451 0.4310
vn -0.3072 0.8557 0.4164
vn -0.3090 0.8621 0.4017
vn -0.2398 0.9621 0.1299
vn -0.0011 0.8444 -0.5358
vn -0.0047 0.8505 -0.5260
vn -0.0099 0.8656 -0.5006
vn -0.0089 0.8585 -0.5128
vn -0.0748 0.9388 -0.3362
vn -0.0900 0.8905 -0.4460
vn -0.1479 0.9478 -0.2826
vn -0.4956 0.8521 -0.1682
vn -0.5092 0.8444 -0.1668
vn -0.4843 0.8587 -0.1675
vn -0.4738 0.8652 -0.1642
vn -0.3868 0.8919 -0.2341
vn -0.3096 0.9346 -0.1752
vn -0.2264 0.9456 -0.2334
vn 0.5092 0.8444 -0.1666
vn 0.4955 0.8522 -0.1680
vn 0.4870 0.8580 -0.1636
vn 0.4680 0.8667 -0.1726
vn 0.2021 0.9607 -0.1904
vn 0.5077 -0.8451 -0.1675
vn 0.4988 -0.8504 -0.1675
vn 0.4870 -0.8580 -0.1636
vn 0.4680 -0.8667 -0.1726
vn 0.2021 -0.9607 -0.1904
vn -0.4982 -0.8507 -0.1675
vn -0.5077 -0.8451 -0.1677
vn -0.4871 -0.8579 -0.1639
vn -0.4686 -0.8661 -0.1742
vn -0.1955 -0.9619 -0.1911
vn -0.0024 -0.8451 -0.5346
vn -0.0051 -0.8503 -0.5263
vn -0.0099 -0.8656 -0.5006
vn -0.0083 -0.8583 -0.5130
vn -0.0742 -0.9385 -0.3371
vn -0.0743 -0.8878 -0.4543
vn -0.1371 -0.9469 -0.2907
vn -0.3133 -0.8507 0.4222
vn -0.3164 -0.8452 0.4308
vn -0.3063 -0.8574 0.4136
vn -0.2896 -0.8832 0.3690
vn -0.3788 -0.9119 0.1579
vn -0.5090 -0.8452 -0.1629
vn -0.4906 -0.8575 -0.1552
vn -0.4638 -0.8746 -0.1412
vn 0.3052 -0.8505 0.4284
vn 0.3120 -0.8453 0.4338
vn 0.3005 -0.8569 0.4187
vn 0.2828 -0.8713 0.4010
vn 0.2020 -0.8785 0.4330
vn -0.3122 -0.8452 0.4339
vn -0.2984 -0.8576 0.4188
vn -0.2617 -0.8830 0.3898
vn -0.0247 -0.9133 0.4066
vn 0.5022 -0.8503 -0.1576
vn 0.5093 -0.8451 -0.1627
vn 0.4913 -0.8580 -0.1499
vn 0.4785 -0.8662 -0.1441
vn 0.4538 -0.8898 -0.0477
vn 0.3333 -0.9426 -0.0231
vn 0.3049 -0.9505 0.0594
vn 0.3162 -0.8451 0.4311
vn 0.3130 -0.8505 0.4228
vn 0.3061 -0.8574 0.4137
vn 0.2895 -0.8832 0.3691
vn 0.3787 -0.9119 0.1581
vn 0.0053 -0.8503 -0.5262
vn 0.0026 -0.8451 -0.5346
vn 0.0052 -0.8579 -0.5138
vn 0.0159 -0.8688 -0.4950
vn 0.1172 -0.9606 -0.2519
vn 0.0170 0.3187 -0.9477
vn 0.0131 -0.1288 -0.9916
vn 0.0049 -0.1975 -0.9803
vn 0.0048 0.1831 -0.9831
vn 0.2036 0.8782 -0.4327
vn 0.3488 0.8782 -0.3272
vn 0.3087 0.8947 -0.3228
vn 0.2868 0.9039 -0.3172
vn 0.2850 0.9042 -0.3180
vn 0.1267 0.9562 -0.2640
vn 0.1653 0.9585 -0.2324
vn 0.2388 0.9051 -0.3519
vn 0.2170 0.8953 -0.3891
vn 0.2357 0.9520 -0.1955
vn 0.1162 0.9545 -0.2745
vn 0.2537 0.9559 0.1481
vn 0.2086 0.9770 0.0433
vn 0.1850 0.9826 -0.0187
vn 0.2303 0.9647 0.1275
vn 0.1559 0.9851 0.0725
vn 0.1943 0.9697 0.1479
vn 0.1398 0.9760 -0.1669
vn 0.1397 0.9779 -0.1557
vn 0.5814 0.1831 0.7927
vn 0.5798 -0.1975 0.7905
vn 0.5674 -0.3121 0.7620
vn 0.5888 0.1356 0.7968
vn 0.4190 0.8782 0.2306
vn 0.4742 0.8783 0.0607
vn 0.4393 0.8948 0.0797
vn 0.4147 0.9044 0.1000
vn 0.4247 0.9029 0.0662
vn 0.2505 0.9562 0.1517
vn 0.2750 0.9583 0.0775
vn 0.3845 0.9023 0.1950
vn 0.3986 0.8939 0.2052
vn 0.3818 0.9000 0.2105
vn 0.2847 0.9568 0.0584
vn 0.2709 0.9569 0.1048
vn 0.9068 0.3121 -0.2834
vn 0.9437 -0.1419 -0.2987
vn 0.9338 -0.1975 -0.2983
vn 0.9356 0.1882 -0.2988
vn 0.1373 0.9801 0.1434
vn 0.0178 0.9721 0.2340
vn 0.0108 0.9753 0.2205
vn 0.0573 0.9815 0.1827
vn -0.0525 0.9641 0.2602
vn -0.0377 0.9838 0.1750
vn -0.0780 0.9699 0.2305
vn 0.1667 0.9806 0.1028
vn 0.2060 0.9754 0.0786
vn 0.2579 0.9656 0.0339
vn 0.1827 0.9831 0.0135
vn 0.2331 0.9725 -0.0047
vn -0.5748 0.1791 0.7985
vn -0.5723 -0.2035 0.7944
vn -0.5676 -0.2048 0.7974
vn -0.5741 0.1507 0.8048
vn -0.0668 0.8878 0.4554
vn 0.0666 0.8878 0.4555
vn 0.0499 0.8952 0.4429
vn 0.0639 0.9036 0.4236
vn -0.0476 0.9582 0.2820
vn -0.2598 0.8925 0.3688
vn -0.0581 0.9031 0.4256
vn -0.0702 0.8941 0.4424
vn -0.0937 0.8994 0.4269
vn 0.0439 0.9576 0.2848
vn -0.0148 0.9574 0.2885
vn 0.5669 0.2193 0.7940
vn 0.5532 -0.2706 0.7879
vn 0.5720 -0.2035 0.7946
vn 0.5744 0.1792 0.7987
vn 0.0472 0.9613 0.2714
vn -0.0027 0.9706 0.2407
vn -0.2142 0.9741 0.0721
vn -0.1945 0.9775 0.0821
vn -0.1998 0.9796 0.0219
vn -0.0573 0.9815 0.1828
vn -0.0055 0.9745 0.2242
vn 0.0552 0.9635 0.2621
vn 0.0306 0.9838 0.1765
vn 0.0751 0.9687 0.2367
vn -0.9370 0.1791 -0.2999
vn -0.9313 -0.2089 -0.2984
vn -0.9361 -0.2042 -0.2865
vn -0.9229 0.2680 -0.2766
vn -0.4538 0.8878 0.0772
vn -0.4469 0.8930 0.0534
vn -0.3744 0.9096 0.1802
vn -0.4154 0.9080 -0.0549
vn -0.3846 0.9023 0.1949
vn -0.3987 0.8939 0.2050
vn -0.3780 0.8986 0.2227
vn -0.2850 0.9567 0.0588
vn -0.2698 0.9571 0.1059
vn -0.4126 0.8878 0.2041
vn -0.5884 0.1485 0.7948
vn -0.5839 -0.2028 0.7861
vn -0.5790 -0.2035 0.7896
vn -0.5821 0.1791 0.7931
vn -0.2144 0.9747 0.0624
vn -0.1924 0.9813 0.0046
vn -0.2310 0.9645 0.1281
vn -0.1605 0.9834 0.0847
vn -0.1936 0.9703 0.1453
vn -0.2276 0.9723 0.0530
vn -0.1778 0.9800 -0.0895
vn -0.1370 0.9749 -0.1753
vn -0.1453 0.9797 -0.1381
vn -0.1069 0.9636 -0.2450
vn -0.0682 0.9801 -0.1863
vn -0.0588 0.9687 -0.2414
vn -0.0044 0.1831 -0.9831
vn -0.0044 -0.1975 -0.9803
vn -0.0072 -0.1419 -0.9898
vn -0.0112 0.2908 -0.9567
vn -0.2034 0.8782 -0.4328
vn -0.3486 0.8782 -0.3273
vn -0.3099 0.8946 -0.3219
vn -0.2876 0.9039 -0.3167
vn -0.2917 0.9037 -0.3135
vn -0.1275 0.9562 -0.2635
vn -0.1692 0.9585 -0.2294
vn -0.2396 0.9051 -0.3514
vn -0.2112 0.8950 -0.3930
vn -0.1859 0.9039 -0.3853
vn -0.2333 0.9521 -0.1975
vn -0.1605 0.9570 -0.2416
vn -0.9344 0.1720 -0.3121
vn -0.9232 -0.2269 -0.3102
vn -0.9308 -0.1975 -0.3075
vn -0.9335 0.1831 -0.3084
vn -0.1246 0.9718 -0.2001
vn 0.1209 0.9723 -0.2000
vn 0.1328 0.9738 -0.1844
vn 0.0726 0.9808 -0.1812
vn 0.2121 0.9608 -0.1786
vn 0.1436 0.9822 -0.1208
vn 0.2145 0.9680 -0.1301
vn -0.0725 0.9808 -0.1813
vn -0.1223 0.9752 -0.1847
vn -0.2036 0.9627 -0.1783
vn -0.1431 0.9823 -0.1211
vn -0.2150 0.9679 -0.1299
vn 0.9336 0.1831 -0.3080
vn 0.9309 -0.1975 -0.3071
vn 0.9462 -0.0546 -0.3190
vn 0.9466 0.0475 -0.3190
vn 0.1099 -0.9753 -0.1918
vn -0.2143 -0.9579 -0.1912
vn -0.1327 -0.9738 -0.1845
vn -0.0724 -0.9808 -0.1813
vn -0.2110 -0.9610 -0.1788
vn -0.1431 -0.9823 -0.1211
vn -0.2136 -0.9682 -0.1301
vn 0.0726 -0.9808 -0.1812
vn 0.1328 -0.9738 -0.1844
vn 0.2121 -0.9608 -0.1786
vn 0.1419 -0.9823 -0.1226
vn 0.2140 -0.9679 -0.1319
vn 0.3218 -0.8878 -0.3292
vn 0.2138 -0.8878 -0.4077
vn 0.2170 -0.8953 -0.3891
vn 0.2388 -0.9051 -0.3519
vn 0.2357 -0.9520 -0.1955
vn 0.2868 -0.9039 -0.3172
vn 0.3086 -0.8947 -0.3228
vn 0.2850 -0.9042 -0.3180
vn 0.1265 -0.9562 -0.2639
vn 0.1647 -0.9588 -0.2316
vn -0.3216 -0.8878 -0.3293
vn -0.2136 -0.8878 -0.4078
vn -0.2157 -0.8953 -0.3898
vn -0.2429 -0.9051 -0.3489
vn -0.2064 -0.9059 -0.3698
vn -0.2368 -0.9515 -0.1962
vn -0.1702 -0.9564 -0.2372
vn -0.2876 -0.9039 -0.3167
vn -0.3099 -0.8946 -0.3219
vn -0.2917 -0.9037 -0.3135
vn -0.1250 -0.9567 -0.2628
vn -0.1680 -0.9591 -0.2280
vn -0.1570 -0.9761 -0.1506
vn -0.2441 -0.9612 0.1288
vn -0.2127 -0.9755 0.0568
vn -0.1924 -0.9813 0.0046
vn -0.2303 -0.9647 0.1273
vn -0.1589 -0.9834 0.0877
vn -0.1929 -0.9699 0.1488
vn -0.1453 -0.9797 -0.1381
vn -0.1370 -0.9749 -0.1752
vn -0.1067 -0.9635 -0.2456
vn -0.0682 -0.9801 -0.1863
vn -0.0588 -0.9686 -0.2415
vn -0.4178 -0.8836 0.2115
vn -0.4631 -0.8835 0.0710
vn -0.4634 -0.8860 -0.0140
vn -0.3798 -0.9065 0.1843
vn -0.4267 -0.9042 0.0186
vn -0.3841 -0.9020 0.1973
vn -0.3974 -0.8936 0.2085
vn -0.3818 -0.9000 0.2103
vn -0.2848 -0.9567 0.0596
vn -0.2707 -0.9570 0.1044
vn -0.1265 -0.9800 0.1533
vn -0.1031 -0.9800 0.1705
vn -0.0079 -0.9749 0.2225
vn -0.0558 -0.9814 0.1838
vn 0.0300 -0.9835 0.1781
vn -0.1688 -0.9805 0.1012
vn -0.2081 -0.9751 0.0769
vn -0.2617 -0.9647 0.0308
vn -0.1878 -0.9821 0.0108
vn -0.2418 -0.9703 -0.0085
vn 0.0696 -0.8838 0.4627
vn -0.0717 -0.8836 0.4627
vn -0.0702 -0.8941 0.4424
vn -0.0581 -0.9031 0.4256
vn -0.0806 -0.9008 0.4268
vn 0.0440 -0.9576 0.2847
vn -0.0138 -0.9572 0.2891
vn 0.0564 -0.9037 0.4244
vn 0.0229 -0.8960 0.4434
vn -0.0344 -0.9606 0.2757
vn -0.2653 -0.9009 0.3436
vn -0.0600 -0.9582 0.2798
vn 0.1917 -0.9761 0.1029
vn 0.2059 -0.9754 0.0786
vn 0.1667 -0.9806 0.1027
vn 0.2579 -0.9656 0.0339
vn 0.1825 -0.9831 0.0127
vn 0.2326 -0.9726 -0.0057
vn 0.0573 -0.9815 0.1827
vn 0.0054 -0.9745 0.2242
vn -0.0540 -0.9638 0.2612
vn -0.0353 -0.9838 0.1755
vn -0.0775 -0.9695 0.2326
vn 0.4538 -0.8878 0.0774
vn 0.4125 -0.8878 0.2043
vn 0.3986 -0.8939 0.2052
vn 0.3845 -0.9023 0.1950
vn 0.3818 -0.9000 0.2105
vn 0.2847 -0.9568 0.0584
vn 0.2702 -0.9572 0.1042
vn 0.4147 -0.9044 0.1000
vn 0.4409 -0.8945 0.0740
vn 0.4298 -0.9016 0.0484
vn 0.2505 -0.9562 0.1517
vn 0.2748 -0.9583 0.0779
vn 0.2270 -0.9708 0.0768
vn 0.1506 -0.9763 -0.1553
vn 0.1357 -0.9745 -0.1789
vn 0.1333 -0.9744 -0.1813
vn 0.1897 -0.9818 -0.0049
vn 0.2095 -0.9767 0.0460
vn 0.2303 -0.9647 0.1275
vn 0.1599 -0.9839 0.0794
vn 0.1958 -0.9695 0.1471
vn 0.6203 0.4357 -0.6522
vn 0.8876 0.4586 0.0417
vn 0.9666 -0.2560 -0.0115
vn 0.6756 -0.2458 -0.6951
vn 0.4574 0.2661 -0.8485
vn 0.4697 -0.2173 -0.8557
vn 0.6690 -0.2173 -0.7108
vn 0.6660 0.2661 -0.6969
vn 0.0314 0.9925 -0.1178
vn 0.0354 0.9956 -0.0867
vn 0.0356 0.9862 -0.1620
vn 0.0758 0.9904 -0.1157
vn 0.0943 0.9832 -0.1562
vn 0.1093 0.9922 -0.0596
vn 0.0790 0.9947 -0.0651
vn 0.1490 0.9864 -0.0698
vn 0.0961 0.9887 -0.1150
vn 0.1197 0.9835 -0.1355
vn 0.0676 0.9967 -0.0458
vn 0.0997 0.9924 -0.0718
vn 0.1028 0.9909 -0.0870
vn 0.0727 0.9972 0.0189
vn 0.0663 0.9978 0.0038
vn 0.1119 0.9927 0.0447
vn 0.1038 0.9946 0.0043
vn 0.1367 0.9904 0.0197
vn 0.1207 0.9927 0.0006
vn 0.0890 0.9960 0.0096
vn 0.1684 0.9857 -0.0055
vn 0.1262 0.9911 0.0434
vn 0.1806 0.9823 0.0499
vn 0.0895 0.9921 0.0876
vn 0.0860 0.9948 0.0546
vn 0.1097 0.9863 0.1232
vn 0.1374 0.9890 0.0543
vn 0.1664 0.9834 0.0728
vn 0.0891 0.9960 0.0013
vn 0.0692 0.9969 0.0385
vn 0.1320 0.9912 -0.0041
vn 0.1011 0.9924 0.0704
vn 0.1227 0.9910 0.0544
vn -0.0230 0.9963 0.0828
vn 0.0068 0.9971 0.0761
vn -0.0399 0.9914 0.1246
vn 0.0084 0.9918 0.1273
vn -0.0113 0.9900 0.1405
vn 0.0358 0.9922 0.1194
vn 0.0291 0.9956 0.0895
vn 0.0667 0.9856 0.1552
vn 0.0337 0.9896 0.1399
vn 0.0368 0.9833 0.1783
vn -0.0139 0.9947 0.1016
vn -0.0065 0.9907 0.1359
vn -0.0095 0.9824 0.1867
vn 0.0193 0.9966 0.0806
vn -0.0151 0.9974 0.0699
vn 0.0318 0.9922 0.1204
vn -0.0326 0.9939 0.1055
vn -0.0233 0.9915 0.1276
vn -0.0912 0.9958 -0.0011
vn -0.0756 0.9966 0.0340
vn -0.1342 0.9909 -0.0099
vn -0.1183 0.9912 0.0599
vn -0.1323 0.9905 0.0361
vn -0.1207 0.9927 -0.0031
vn -0.0902 0.9959 -0.0018
vn -0.1668 0.9859 -0.0119
vn -0.1376 0.9904 0.0136
vn -0.1788 0.9835 0.0274
vn -0.0711 0.9965 0.0450
vn -0.1063 0.9898 0.0944
vn -0.1713 0.9771 0.1261
vn -0.0689 0.9969 0.0372
vn -0.0654 0.9978 0.0077
vn -0.1087 0.9923 0.0601
vn -0.1001 0.9949 0.0100
vn -0.1286 0.9916 0.0133
vn -0.0275 0.9959 -0.0858
vn -0.0564 0.9970 -0.0531
vn -0.0315 0.9908 -0.1318
vn -0.0959 0.9926 -0.0749
vn -0.0894 0.9911 -0.0981
vn -0.1093 0.9922 -0.0596
vn -0.0790 0.9947 -0.0652
vn -0.1491 0.9863 -0.0699
vn -0.0961 0.9887 -0.1150
vn -0.1196 0.9835 -0.1356
vn 0.0128 0.9951 -0.0978
vn -0.0094 0.9889 -0.1483
vn -0.1068 0.9863 -0.1257
vn 0.0093 0.9999 -0.0146
vn 0.0005 1.0000 -0.0015
vn 0.0027 1.0000 -0.0073
vn -0.0336 0.9976 -0.0599
vn -0.0618 0.9966 -0.0543
vn -0.0978 0.9917 -0.0835
vn -0.0491 0.9946 -0.0915
vn -0.0645 0.9906 -0.1207
vn -0.0027 1.0000 0.0002
vn -0.0024 1.0000 -0.0010
vn 0.0172 0.9991 -0.0399
vn 0.0685 0.9940 -0.0849
vn 0.0962 0.9872 -0.1270
vn 0.8686 0.2661 0.4180
vn 0.8828 -0.2173 0.4166
vn 0.9590 -0.2173 0.1822
vn 0.9483 0.2661 0.1727
vn 0.7721 0.2402 0.5884
vn 0.7186 -0.4719 0.5108
vn 0.2666 -0.4067 0.8738
vn 0.2643 0.4975 0.8262
vn -0.1284 0.1396 0.9819
vn -0.1338 -0.3522 0.9263
vn 0.1334 -0.3522 0.9264
vn 0.1280 0.1396 0.9819
vn -0.2937 0.2448 0.9240
vn -0.1703 -0.4604 0.8712
vn -0.8057 -0.4270 0.4104
vn -0.8282 0.3798 0.4121
vn -0.9735 0.1396 0.1813
vn -0.9223 -0.3522 0.1590
vn -0.8398 -0.3522 0.4131
vn -0.8943 0.1396 0.4251
vn -0.9293 0.3594 0.0847
vn -0.7979 0.2403 -0.5528
vn -0.7077 -0.4719 -0.5259
vn -0.9462 -0.3234 0.0092
vn -0.4570 0.2661 -0.8487
vn -0.6657 0.2661 -0.6972
vn -0.6687 -0.2172 -0.7111
vn -0.4693 -0.2173 -0.8559
vn -0.3301 0.4264 -0.8422
vn 0.3451 0.4091 -0.8447
vn 0.3318 -0.2951 -0.8960
vn -0.2957 -0.2965 -0.9081
vn 0.0172 -0.9991 -0.0399
vn 0.0664 -0.9943 -0.0838
vn 0.0924 -0.9876 -0.1267
vn -0.0618 -0.9966 -0.0543
vn -0.0282 -0.9975 -0.0641
vn -0.0978 -0.9917 -0.0835
vn -0.0405 -0.9939 -0.1022
vn -0.0623 -0.9906 -0.1219
vn 0.0314 -0.9925 -0.1177
vn 0.0355 -0.9956 -0.0867
vn 0.0356 -0.9864 -0.1604
vn 0.0767 -0.9904 -0.1149
vn 0.0946 -0.9834 -0.1546
vn 0.1093 -0.9922 -0.0596
vn 0.0790 -0.9947 -0.0652
vn 0.1490 -0.9864 -0.0698
vn 0.0943 -0.9888 -0.1157
vn 0.1185 -0.9834 -0.1378
vn -0.0309 -0.9963 -0.0803
vn -0.0339 -0.9863 -0.1613
vn -0.1021 -0.9856 -0.1351
vn -0.1093 -0.9922 -0.0596
vn -0.0790 -0.9947 -0.0652
vn -0.1490 -0.9864 -0.0698
vn -0.0961 -0.9887 -0.1150
vn -0.1196 -0.9835 -0.1355
vn -0.0275 -0.9959 -0.0858
vn -0.0564 -0.9970 -0.0531
vn -0.0315 -0.9908 -0.1318
vn -0.0959 -0.9926 -0.0749
vn -0.0894 -0.9911 -0.0981
vn -0.0694 -0.9967 0.0422
vn -0.0697 -0.9974 0.0173
vn -0.1079 -0.9917 0.0702
vn -0.1194 -0.9922 0.0367
vn -0.1327 -0.9895 0.0576
vn -0.1207 -0.9927 -0.0031
vn -0.0902 -0.9959 -0.0019
vn -0.1668 -0.9859 -0.0119
vn -0.1382 -0.9903 0.0115
vn -0.1783 -0.9837 0.0239
vn -0.0711 -0.9965 0.0450
vn -0.1063 -0.9898 0.0944
vn -0.1657 -0.9783 0.1240
vn -0.0912 -0.9958 -0.0010
vn -0.0756 -0.9966 0.0340
vn -0.1357 -0.9907 -0.0095
vn -0.1183 -0.9912 0.0599
vn -0.1329 -0.9904 0.0373
vn 0.0193 -0.9966 0.0806
vn -0.0151 -0.9974 0.0698
vn 0.0318 -0.9922 0.1203
vn -0.0326 -0.9939 0.1055
vn -0.0234 -0.9915 0.1276
vn -0.0139 -0.9947 0.1016
vn -0.0066 -0.9907 0.1359
vn -0.0088 -0.9831 0.1831
vn 0.0323 -0.9922 0.1202
vn 0.0196 -0.9958 0.0895
vn 0.0606 -0.9854 0.1591
vn 0.0042 -0.9908 0.1356
vn 0.0137 -0.9819 0.1889
vn -0.0179 -0.9966 0.0807
vn 0.0157 -0.9974 0.0704
vn -0.0269 -0.9920 0.1236
vn 0.0306 -0.9938 0.1068
vn 0.0219 -0.9905 0.1357
vn 0.0891 -0.9960 0.0013
vn 0.0692 -0.9969 0.0386
vn 0.1320 -0.9912 -0.0041
vn 0.1012 -0.9924 0.0705
vn 0.1229 -0.9909 0.0549
vn 0.0895 -0.9921 0.0876
vn 0.0860 -0.9948 0.0546
vn 0.1097 -0.9863 0.1232
vn 0.1374 -0.9890 0.0544
vn 0.1664 -0.9834 0.0729
vn 0.1207 -0.9927 0.0006
vn 0.0889 -0.9960 0.0096
vn 0.1668 -0.9860 -0.0049
vn 0.1245 -0.9911 0.0465
vn 0.1769 -0.9826 0.0559
vn 0.0710 -0.9972 0.0213
vn 0.0663 -0.9978 0.0039
vn 0.1106 -0.9928 0.0469
vn 0.1021 -0.9948 0.0014
vn 0.1298 -0.9915 0.0100
vn 0.0608 -0.9972 -0.0431
vn 0.0839 -0.9940 -0.0701
vn 0.0613 -0.9953 -0.0756
vn 0.1604 0.9647 -0.2088
vn 0.1248 0.9634 -0.2374
vn 0.1168 0.9751 -0.1885
vn 0.1366 0.9789 -0.1517
vn 0.1184 0.9796 -0.1623
vn 0.2111 0.9713 0.1095
vn 0.2327 0.9664 0.1091
vn 0.2421 0.9689 0.0514
vn 0.2137 0.9734 0.0821
vn 0.2168 0.9757 0.0326
vn 0.2295 0.9690 0.0915
vn 0.2569 0.9657 0.0384
vn 0.2268 0.9736 0.0248
vn 0.1892 0.9775 0.0932
vn 0.2072 0.9775 0.0390
vn -0.0419 0.9713 0.2342
vn -0.0358 0.9658 0.2569
vn 0.0230 0.9691 0.2456
vn -0.0308 0.9767 0.2122
vn 0.0380 0.9781 0.2047
vn 0.0581 0.9200 0.3875
vn 0.1524 0.9119 0.3811
vn 0.0431 0.9668 0.2520
vn -0.0009 0.9620 0.2732
vn -0.2198 0.9754 0.0175
vn -0.2449 0.9693 0.0238
vn -0.2216 0.9704 0.0961
vn -0.2048 0.9780 0.0391
vn -0.1844 0.9771 0.1060
vn -0.2398 0.9695 0.0499
vn -0.2248 0.9680 0.1120
vn -0.2056 0.9718 0.1156
vn -0.2115 0.9770 0.0289
vn -0.2124 0.9725 0.0953
vn -0.1123 0.9730 -0.2017
vn -0.1256 0.9648 -0.2308
vn -0.1573 0.9666 -0.2025
vn -0.1064 0.9785 -0.1766
vn -0.1364 0.9790 -0.1514
vn -0.1413 0.9666 -0.2139
vn -0.1766 0.9653 -0.1923
vn -0.1579 0.9724 -0.1717
vn -0.1060 0.9774 -0.1829
vn -0.1341 0.9761 -0.1708
vn 0.1654 0.9721 -0.1665
vn 0.1816 0.9646 -0.1914
vn 0.1412 0.9665 -0.2145
vn 0.1021 0.9784 -0.1798
vn 0.1461 0.9766 -0.1576
vn 0.1816 -0.9645 -0.1916
vn 0.1666 -0.9720 -0.1660
vn 0.1420 -0.9664 -0.2142
vn 0.1527 -0.9745 -0.1646
vn 0.0999 -0.9777 -0.1845
vn -0.1755 -0.9653 -0.1933
vn -0.1420 -0.9667 -0.2127
vn -0.1580 -0.9724 -0.1717
vn -0.1343 -0.9762 -0.1705
vn -0.1064 -0.9775 -0.1824
vn -0.1119 -0.9728 -0.2027
vn -0.1232 -0.9637 -0.2369
vn -0.1602 -0.9648 -0.2086
vn -0.1365 -0.9789 -0.1517
vn -0.1064 -0.9785 -0.1767
vn -0.2411 -0.9692 0.0504
vn -0.2315 -0.9667 0.1089
vn -0.2068 -0.9718 0.1133
vn -0.1987 -0.9757 0.0926
vn -0.2086 -0.9776 0.0267
vn -0.2257 -0.9734 0.0405
vn -0.1832 -0.9794 0.0851
vn -0.1718 -0.9795 0.1049
vn -0.2039 -0.9781 0.0406
vn 0.0532 -0.9181 0.3928
vn 0.1611 -0.9060 0.3915
vn 0.0336 -0.9689 0.2453
vn -0.0048 -0.9655 0.2604
vn -0.0370 -0.9704 0.2387
vn -0.0315 -0.9645 0.2621
vn 0.0218 -0.9683 0.2488
vn 0.0330 -0.9755 0.2175
vn -0.0172 -0.9740 0.2259
vn 0.2304 -0.9688 0.0919
vn 0.2589 -0.9652 0.0375
vn 0.2254 -0.9739 0.0252
vn 0.2064 -0.9776 0.0403
vn 0.1891 -0.9775 0.0936
vn 0.2084 -0.9712 0.1157
vn 0.2314 -0.9667 0.1090
vn 0.2415 -0.9691 0.0501
vn 0.2281 -0.9731 0.0320
vn 0.2254 -0.9698 0.0927
vn 0.1241 -0.9630 -0.2393
vn 0.1586 -0.9640 -0.2133
vn 0.1125 -0.9720 -0.2062
vn 0.1292 -0.9786 -0.1598
vn 0.1019 -0.9781 -0.1817
s 1
usemtl Material
f 1//1 1104//1042 3712//3449 1106//1044
f 2//2 1105//1043 3712//3449 1104//1042
f 3//3 1106//1044 3712//3449 1105//1043
f 4//4 1107//1045 3713//3450 1109//1047
f 5//5 1108//1046 3713//3450 1107//1045
f 6//6 1109//1047 3713//3450 1108//1046
f 7//7 1110//1048 3714//3451 1112//1050
f 8//8 1111//1049 3714//3451 1110//1048
f 9//9 1112//1050 3714//3451 1111//1049
f 10//10 1113//1051 3715//3452 1115//1053
f 11//11 1114//1052 3715//3452 1113//1051
f 12//12 1115//1053 3715//3452 1114//1052
f 13//13 1116//1054 3716//3453 1118//1056
f 14//4 1117//1055 3716//3453 1116//1054
f 15//14 1118//1056 3716//3453 1117//1055
f 16//15 1119//1057 3717//3454 1121//1059
f 17//16 1120//1058 3717//3454 1119//1057
f 18//17 1121//1059 3717//3454 1120//1058
f 19//18 1122//1060 3718//3455 1124//1062
f 20//10 1123//1061 3718//3455 1122//1060
f 21//19 1124//1062 3718//3455 1123//1061
f 22//2 1125//1063 3719//3456 1127//1065
f 23//20 1126//1064 3719//3456 1125//1063
f 24//21 1127//1065 3719//3456 1126//1064
f 25//22 1128//1066 3720//3457 1130//1068
f 26//15 1129//1067 3720//3457 1128//1066
f 27//23 1130//1068 3720//3457 1129//1067
f 28//24 1131//1069 3721//3458 1133//1049
f 29//25 1132//1070 3721//3458 1131//1069
f 30//26 1133//1049 3721//3458 1132//1070
f 31//27 1136//1073 3722//3459 1134//1071
f 33//29 1135//1072 3722//3459 1136//1073
f 32//28 1134//1071 3722//3459 1135//1072
f 34//30 1139//1076 3723//3460 1137//1074
f 36//32 1138//1075 3723//3460 1139//1076
f 35//31 1137//1074 3723//3460 1138//1075
f 37//33 1142//1079 3724//3461 1140//1077
f 39//35 1141//1078 3724//3461 1142//1079
f 38//34 1140//1077 3724//3461 1141//1078
f 40//36 1145//1082 3725//3462 1143//1080
f 42//38 1144//1081 3725//3462 1145//1082
f 41//37 1143//1080 3725//3462 1144//1081
f 43//39 1148//1084 3726//3463 1146//39
f 45//41 1147//1083 3726//3463 1148//1084
f 44//40 1146//39 3726//3463 1147//1083
f 46//42 1151//1087 3727//3464 1149//1085
f 48//44 1150//1086 3727//3464 1151//1087
f 47//43 1149//1085 3727//3464 1150//1086
f 49//45 1154//1088 3728//3465 1152//45
f 51//47 1153//47 3728//3465 1154//1088
f 50//46 1152//45 3728//3465 1153//47
f 52//48 1157//1091 3729//3466 1155//1089
f 54//49 1156//1090 3729//3466 1157//1091
f 53//27 1155//1089 3729//3466 1156//1090
f 55//50 1160//1094 3730//3467 1158//1092
f 57//52 1159//1093 3730//3467 1160//1094
f 56//51 1158//1092 3730//3467 1159//1093
f 58//53 1163//1097 3731//3468 1161//1095
f 60//54 1162//1096 3731//3468 1163//1097
f 59//33 1161//1095 3731//3468 1162//1096
f 63//57 1165//1099 3732//3469 1168//1102
f 1165//1099 64//58 1166//1100 3732//3469
f 3732//3469 1166//1100 65//59 1167//1101
f 1168//1102 3732//3469 1167//1101 66//60
f 67//61 3710//3447 3733//3470 1169//1103
f 3710//3447 998//945 3711//3448 3733//3470
f 3733//3470 3711//3448 69//63 1170//1104
f 1169//1103 3733//3470 1170//1104 68//62
f 72//66 1175//1109 3734//3471 1172//1106
f 1175//1109 75//69 1174//1108 3734//3471
f 3734//3471 1174//1108 74//68 1173//1107
f 1172//1106 3734//3471 1173//1107 73//67
f 78//72 1180//1114 3735//3472 1177//1111
f 1180//1114 81//75 1179//1113 3735//3472
f 3735//3472 1179//1113 80//74 1178//1112
f 1177//1111 3735//3472 1178//1112 79//73
f 84//78 1185//1119 3736//3473 1182//1116
f 1185//1119 87//81 1184//1118 3736//3473
f 3736//3473 1184//1118 86//80 1183//1117
f 1182//1116 3736//3473 1183//1117 85//79
f 90//84 1190//1124 3737//3474 1187//1121
f 1190//1124 93//87 1189//1123 3737//3474
f 3737//3474 1189//1123 92//86 1188//1122
f 1187//1121 3737//3474 1188//1122 91//85
f 96//90 1192//1126 3738//3475 1195//1129
f 1192//1126 97//91 1193//1127 3738//3475
f 3738//3475 1193//1127 98//92 1194//1128
f 1195//1129 3738//3475 1194//1128 99//93
f 102//96 1200//1134 3739//3476 1197//1131
f 1200//1134 105//99 1199//1133 3739//3476
f 3739//3476 1199//1133 104//98 1198//1132
f 1197//1131 3739//3476 1198//1132 103//97
f 108//102 1205//1139 3740//3477 1202//1136
f 1205//1139 111//105 1204//1138 3740//3477
f 3740//3477 1204//1138 110//104 1203//1137
f 1202//1136 3740//3477 1203//1137 109//103
f 114//108 1210//1144 3741//3478 1207//1141
f 1210//1144 117//111 1209//1143 3741//3478
f 3741//3478 1209//1143 116//110 1208//1142
f 1207//1141 3741//3478 1208//1142 115//109
f 120//114 1215//1149 3742//3479 1212//1146
f 1215//1149 123//117 1214//1148 3742//3479
f 3742//3479 1214//1148 122//116 1213//1147
f 1212//1146 3742//3479 1213//1147 121//115
f 124//118 1216//1150 3743//3480 1219//1153
f 1216//1150 125//119 1217//1151 3743//3480
f 3743//3480 1217//1151 126//120 1218//1152
f 1219//1153 3743//3480 1218//1152 127//121
f 128//122 1223//1157 3744//3481 1220//1154
f 1223//1157 131//125 1222//1156 3744//3481
f 3744//3481 1222//1156 130//124 1221//1155
f 1220//1154 3744//3481 1221//1155 129//123
f 132//126 1227//1161 3745//3482 1224//1158
f 1227//1161 135//129 1226//1160 3745//3482
f 3745//3482 1226//1160 134//128 1225//1159
f 1224//1158 3745//3482 1225//1159 133//127
f 136//130 1229//1163 3746//3483 1228//1162
f 1229//1163 138//132 3708//3445 3746//3483
f 3746//3483 3708//3445 1021//968 3709//3446
f 1228//1162 3746//3483 3709//3446 137//131
f 139//133 1233//1167 3747//3484 1230//1164
f 1233//1167 142//136 1232//1166 3747//3484
f 3747//3484 1232//1166 141//135 1231//1165
f 1230//1164 3747//3484 1231//1165 140//134
f 143//137 1237//1171 3748//3485 1234//1168
f 1237//1171 146//140 1236//1170 3748//3485
f 3748//3485 1236//1170 145//139 1235//1169
f 1234//1168 3748//3485 1235//1169 144//138
f 147//141 1241//1175 3749//3486 1238//1172
f 1241//1175 150//144 1240//1174 3749//3486
f 3749//3486 1240//1174 149//143 1239//1173
f 1238//1172 3749//3486 1239//1173 148//142
f 151//145 1245//1179 3750//3487 1242//1176
f 1245//1179 154//148 1244//1178 3750//3487
f 3750//3487 1244//1178 153//147 1243//1177
f 1242//1176 3750//3487 1243//1177 152//146
f 155//149 1247//1181 3751//3488 1246//1180
f 1247//1181 157//151 3706//3443 3751//3488
f 3751//3488 3706//3443 1031//978 3707//3444
f 1246//1180 3751//3488 3707//3444 156//150
f 162//156 1252//1186 3752//3489 1250//1184
f 164//158 1251//1185 3752//3489 1252//1186
f 163//157 1250//1184 3752//3489 1251//1185
f 165//159 1255//1189 3753//3490 1253//1187
f 167//161 1254//1188 3753//3490 1255//1189
f 166//160 1253//1187 3753//3490 1254//1188
f 168//162 1258//1192 3754//3491 1256//1190
f 170//164 1257//1191 3754//3491 1258//1192
f 169//163 1256//1190 3754//3491 1257//1191
f 171//165 1261//1195 3755//3492 1259//1193
f 173//167 1260//1194 3755//3492 1261//1195
f 172//166 1259//1193 3755//3492 1260//1194
f 174//168 1264//1198 3756//3493 1262//1196
f 176//170 1263//1197 3756//3493 1264//1198
f 175//169 1262//1196 3756//3493 1263//1197
f 177//171 1267//1201 3757//3494 1265//1199
f 179//173 1266//1200 3757//3494 1267//1201
f 178//172 1265//1199 3757//3494 1266//1200
f 180//174 1268//1202 3758//3495 1270//1204
f 181//175 1269//1203 3758//3495 1268//1202
f 182//176 1270//1204 3758//3495 1269//1203
f 183//177 1273//1207 3759//3496 1271//1205
f 185//179 1272//1206 3759//3496 1273//1207
f 184//178 1271//1205 3759//3496 1272//1206
f 186//180 1276//1210 3760//3497 1274//1208
f 188//182 1275//1209 3760//3497 1276//1210
f 187//181 1274//1208 3760//3497 1275//1209
f 189//183 1277//1211 3761//3498 1279//1213
f 190//184 1278//1212 3761//3498 1277//1211
f 191//185 1279//1213 3761//3498 1278//1212
f 208//202 1290//1224 3762//3499 1288//1222
f 210//204 1289//1223 3762//3499 1290//1224
f 209//203 1288//1222 3762//3499 1289//1223
f 211//205 1291//1225 3763//3500 1293//1227
f 212//206 1292//1226 3763//3500 1291//1225
f 213//207 1293//1227 3763//3500 1292//1226
f 214//208 1296//1230 3764//3501 1294//1228
f 216//210 1295//1229 3764//3501 1296//1230
f 215//209 1294//1228 3764//3501 1295//1229
f 217//211 1299//1233 3765//3502 1297//1231
f 219//213 1298//1232 3765//3502 1299//1233
f 218//212 1297//1231 3765//3502 1298//1232
f 220//214 1302//1236 3766//3503 1300//1234
f 222//216 1301//1235 3766//3503 1302//1236
f 221//215 1300//1234 3766//3503 1301//1235
f 223//217 1305//1239 3767//3504 1303//1237
f 225//219 1304//1238 3767//3504 1305//1239
f 224//218 1303//1237 3767//3504 1304//1238
f 226//220 1308//1242 3768//3505 1306//1240
f 228//222 1307//1241 3768//3505 1308//1242
f 227//221 1306//1240 3768//3505 1307//1241
f 229//223 1311//1245 3769//3506 1309//1243
f 231//225 1310//1244 3769//3506 1311//1245
f 230//224 1309//1243 3769//3506 1310//1244
f 232//226 1314//1248 3770//3507 1312//1246
f 234//228 1313//1247 3770//3507 1314//1248
f 233//227 1312//1246 3770//3507 1313//1247
f 235//229 1317//1251 3771//3508 1315//1249
f 237//231 1316//1250 3771//3508 1317//1251
f 236//230 1315//1249 3771//3508 1316//1250
f 238//232 1318//1252 3772//3509 1321//1255
f 1318//1252 239//233 1319//1253 3772//3509
f 3772//3509 1319//1253 240//234 1320//1254
f 1321//1255 3772//3509 1320//1254 241//235
f 242//236 1322//1256 3773//3510 1325//1259
f 1322//1256 243//237 1323//1257 3773//3510
f 3773//3510 1323//1257 244//238 1324//1258
f 1325//1259 3773//3510 1324//1258 245//239
f 982//929 3704//3441 3774//3511 3705//3442
f 3704//3441 248//242 1327//1261 3774//3511
f 3774//3511 1327//1261 247//241 1326//1260
f 3705//3442 3774//3511 1326//1260 246//240
f 249//243 1328//1262 3775//3512 1331//1265
f 1328//1262 250//244 1329//1263 3775//3512
f 3775//3512 1329//1263 251//245 1330//1264
f 1331//1265 3775//3512 1330//1264 252//246
f 253//247 1332//1266 3776//3513 1335//1269
f 1332//1266 254//248 1333//1267 3776//3513
f 3776//3513 1333//1267 255//249 1334//1268
f 1335//1269 3776//3513 1334//1268 256//250
f 257//251 1339//1273 3777//3514 1336//1270
f 1339//1273 260//254 1338//1272 3777//3514
f 3777//3514 1338//1272 259//253 1337//1271
f 1336//1270 3777//3514 1337//1271 258//252
f 261//255 3703//3440 3778//3515 1341//1275
f 3703//3440 268//262 3702//3439 3778//3515
f 3778//3515 3702//3439 262//256 1340//1274
f 1341//1275 3778//3515 1340//1274 263//257
f 983//930 3701//3438 3779//3516 3700//3437
f 3701//3438 264//258 1342//1276 3779//3516
f 3779//3516 1342//1276 265//259 1343//1277
f 3700//3437 3779//3516 1343//1277 266//260
f 267//261 1347//1281 3780//3517 1344//1278
f 1347//1281 270//264 1346//1280 3780//3517
f 3780//3517 1346//1280 269//263 1345//1279
f 1344//1278 3780//3517 1345//1279 268//262
f 271//265 1348//1282 3781//3518 1351//1285
f 1348//1282 272//266 1349//1283 3781//3518
f 3781//3518 1349//1283 273//267 1350//1284
f 1351//1285 3781//3518 1350//1284 274//268
f 275//269 1352//1286 3782//3519 1355//1289
f 1352//1286 276//270 1353//1287 3782//3519
f 3782//3519 1353//1287 277//271 1354//1288
f 1355//1289 3782//3519 1354//1288 278//272
f 279//273 1359//1293 3783//3520 1356//1290
f 1359//1293 282//276 1358//1292 3783//3520
f 3783//3520 1358//1292 281//275 1357//1291
f 1356//1290 3783//3520 1357//1291 280//274
f 283//277 1360//1294 3784//3521 1363//1297
f 1360//1294 284//278 1361//1295 3784//3521
f 3784//3521 1361//1295 285//279 1362//1296
f 1363//1297 3784//3521 1362//1296 286//280
f 287//281 1364//1298 3785//3522 1367//1301
f 1364//1298 288//282 1365//1299 3785//3522
f 3785//3522 1365//1299 289//283 1366//1300
f 1367//1301 3785//3522 1366//1300 290//284
f 291//285 1369//1303 3786//3523 3699//3436
f 1369//1303 293//287 1368//1302 3786//3523
f 3786//3523 1368//1302 292//286 3698//3435
f 3699//3436 3786//3523 3698//3435 284//278
f 294//288 1370//1304 3787//3524 1373//1307
f 1370//1304 295//289 1371//1305 3787//3524
f 3787//3524 1371//1305 296//290 1372//1306
f 1373//1307 3787//3524 1372//1306 297//291
f 298//292 1374//1308 3788//3525 1377//1311
f 1374//1308 299//293 1375//1309 3788//3525
f 3788//3525 1375//1309 300//294 1376//1310
f 1377//1311 3788//3525 1376//1310 301//295
f 302//296 1381//1315 3789//3526 1378//1312
f 1381//1315 305//299 1380//1314 3789//3526
f 3789//3526 1380//1314 304//298 1379//1313
f 1378//1312 3789//3526 1379//1313 303//297
f 306//300 1382//1316 3790//3527 1385//1319
f 1382//1316 307//301 1383//1317 3790//3527
f 3790//3527 1383//1317 308//302 1384//1318
f 1385//1319 3790//3527 1384//1318 309//303
f 310//304 1389//1323 3791//3528 1386//1320
f 1389//1323 313//307 1388//1322 3791//3528
f 3791//3528 1388//1322 312//306 1387//1321
f 1386//1320 3791//3528 1387//1321 311//305
f 985//932 3697//3434 3792//3529 3696//3433
f 3697//3434 314//308 1390//1324 3792//3529
f 3792//3529 1390//1324 315//309 1391//1325
f 3696//3433 3792//3529 1391//1325 316//310
f 317//311 1392//1326 3793//3530 1395//1329
f 1392//1326 318//312 1393//1327 3793//3530
f 3793//3530 1393//1327 319//313 1394//1328
f 1395//1329 3793//3530 1394//1328 320//314
f 321//315 1396//1330 3794//3531 1399//1333
f 1396//1330 322//316 1397//1331 3794//3531
f 3794//3531 1397//1331 323//317 1398//1332
f 1399//1333 3794//3531 1398//1332 324//318
f 325//319 1403//1337 3795//3532 1400//1334
f 1403//1337 328//322 1402//1336 3795//3532
f 3795//3532 1402//1336 327//321 1401//1335
f 1400//1334 3795//3532 1401//1335 326//320
f 329//323 1404//1338 3796//3533 1407//1341
f 1404//1338 330//324 1405//1339 3796//3533
f 3796//3533 1405//1339 331//325 1406//1340
f 1407//1341 3796//3533 1406//1340 332//326
f 333//327 1408//1342 3797//3534 1411//1345
f 1408//1342 334//328 1409//1343 3797//3534
f 3797//3534 1409//1343 335//329 1410//1344
f 1411//1345 3797//3534 1410//1344 336//330
f 337//331 1415//1349 3798//3535 1412//1346
f 1415//1349 340//334 1414//1348 3798//3535
f 3798//3535 1414//1348 339//333 1413//1347
f 1412//1346 3798//3535 1413//1347 338//332
f 341//335 1416//1350 3799//3536 1419//1353
f 1416//1350 342//336 1417//1351 3799//3536
f 3799//3536 1417//1351 343//337 1418//1352
f 1419//1353 3799//3536 1418//1352 344//338
f 345//339 1420//1354 3800//3537 3694//3431
f 1420//1354 346//340 1421//1355 3800//3537
f 3800//3537 1421//1355 347//341 3695//3432
f 3694//3431 3800//3537 3695//3432 988//935
f 348//342 1425//1359 3801//3538 1422//1356
f 1425//1359 351//345 1424//1358 3801//3538
f 3801//3538 1424//1358 350//344 1423//1357
f 1422//1356 3801//3538 1423//1357 349//343
f 352//346 1429//1363 3802//3539 1426//1360
f 1429//1363 355//349 1428//1362 3802//3539
f 3802//3539 1428//1362 354//348 1427//1361
f 1426//1360 3802//3539 1427//1361 353//347
f 989//936 3692//3429 3803//3540 3693//3430
f 3692//3429 358//352 1431//1365 3803//3540
f 3803//3540 1431//1365 357//351 1430//1364
f 3693//3430 3803//3540 1430//1364 356//350
f 359//353 1432//1366 3804//3541 1435//1369
f 1432//1366 360//354 1433//1367 3804//3541
f 3804//3541 1433//1367 361//355 1434//1368
f 1435//1369 3804//3541 1434//1368 362//356
f 363//357 1439//1373 3805//3542 1436//1370
f 1439//1373 366//360 1438//1372 3805//3542
f 3805//3542 1438//1372 365//359 1437//1371
f 1436//1370 3805//3542 1437//1371 364//358
f 367//361 1443//1377 3806//3543 1440//1374
f 1443//1377 370//364 1442//1376 3806//3543
f 3806//3543 1442//1376 369//363 1441//1375
f 1440//1374 3806//3543 1441//1375 368//362
f 990//937 3691//3428 3807//3544 3690//3427
f 3691//3428 371//365 1444//1378 3807//3544
f 3807//3544 1444//1378 372//366 1445//1379
f 3690//3427 3807//3544 1445//1379 373//367
f 374//368 1449//1383 3808//3545 1446//1380
f 1449//1383 377//371 1448//1382 3808//3545
f 3808//3545 1448//1382 376//370 1447//1381
f 1446//1380 3808//3545 1447//1381 375//369
f 378//372 1453//1387 3809//3546 1450//1384
f 1453//1387 381//375 1452//1386 3809//3546
f 3809//3546 1452//1386 380//374 1451//1385
f 1450//1384 3809//3546 1451//1385 379//373
f 382//376 1454//1388 3810//3547 1457//1391
f 1454//1388 383//377 1455//1389 3810//3547
f 3810//3547 1455//1389 384//378 1456//1390
f 1457//1391 3810//3547 1456//1390 385//379
f 386//380 1461//1395 3811//3548 1458//1392
f 1461//1395 389//383 1460//1394 3811//3548
f 3811//3548 1460//1394 388//382 1459//1393
f 1458//1392 3811//3548 1459//1393 387//381
f 390//384 1465//1399 3812//3549 1462//1396
f 1465//1399 393//387 1464//1398 3812//3549
f 3812//3549 1464//1398 392//386 1463//1397
f 1462//1396 3812//3549 1463//1397 391//385
f 394//388 1466//1400 3813//3550 1469//1403
f 1466//1400 395//389 1467//1401 3813//3550
f 3813//3550 1467//1401 396//390 1468//1402
f 1469//1403 3813//3550 1468//1402 397//391
f 398//392 3688//3425 3814//3551 1470//1404
f 3688//3425 401//395 3689//3426 3814//3551
f 3814//3551 3689//3426 400//394 1471//1405
f 1470//1404 3814//3551 1471//1405 399//393
f 401//395 1475//1409 3815//3552 1472//1406
f 1475//1409 404//398 1474//1408 3815//3552
f 3815//3552 1474//1408 403//397 1473//1407
f 1472//1406 3815//3552 1473//1407 402//396
f 405//399 1476//1410 3816//3553 1479//1413
f 1476//1410 406//400 1477//1411 3816//3553
f 3816//3553 1477//1411 407//401 1478//1412
f 1479//1413 3816//3553 1478//1412 408//402
f 409//403 1483//1417 3817//3554 1480//1414
f 1483//1417 412//406 1482//1416 3817//3554
f 3817//3554 1482//1416 411//405 1481//1415
f 1480//1414 3817//3554 1481//1415 410//404
f 413//407 3686//3423 3818//3555 1484//1418
f 3686//3423 992//939 2672//2509 3818//3555
f 3818//3555 2672//2509 880//873 3687//3424
f 1484//1418 3818//3555 3687//3424 414//408
f 415//409 1485//1419 3819//3556 1488//1422
f 1485//1419 416//410 1486//1420 3819//3556
f 3819//3556 1486//1420 417//411 1487//1421
f 1488//1422 3819//3556 1487//1421 418//412
f 419//413 1492//1426 3820//3557 1489//1423
f 1492//1426 422//416 1491//1425 3820//3557
f 3820//3557 1491//1425 421//415 1490//1424
f 1489//1423 3820//3557 1490//1424 420//414
f 422//416 3684//3421 3821//3558 3685//3422
f 3684//3421 425//419 1494//1428 3821//3558
f 3821//3558 1494//1428 424//418 1493//1427
f 3685//3422 3821//3558 1493//1427 423//417
f 426//420 1495//1429 3822//3559 1498//1432
f 1495//1429 427//421 1496//1430 3822//3559
f 3822//3559 1496//1430 428//422 1497//1431
f 1498//1432 3822//3559 1497//1431 429//423
f 430//424 1502//1436 3823//3560 1499//1433
f 1502//1436 433//427 1501//1435 3823//3560
f 3823//3560 1501//1435 432//426 1500//1434
f 1499//1433 3823//3560 1500//1434 431//425
f 434//428 1506//1440 3824//3561 1503//1437
f 1506//1440 437//431 1505//1439 3824//3561
f 3824//3561 1505//1439 436//430 1504//1438
f 1503//1437 3824//3561 1504//1438 435//429
f 438//432 1507//1441 3825//3562 1510//1444
f 1507//1441 439//433 1508//1442 3825//3562
f 3825//3562 1508//1442 440//434 1509//1443
f 1510//1444 3825//3562 1509//1443 441//435
f 442//436 1514//1448 3826//3563 1511//1445
f 1514//1448 445//439 1513//1447 3826//3563
f 3826//3563 1513//1447 444//438 1512//1446
f 1511//1445 3826//3563 1512//1446 443//437
f 446//440 1518//1452 3827//3564 1515//1449
f 1518//1452 449//443 1517//1451 3827//3564
f 3827//3564 1517//1451 448//442 1516//1450
f 1515//1449 3827//3564 1516//1450 447//441
f 450//444 1519//1453 3828//3565 1522//1456
f 1519//1453 451//445 1520//1454 3828//3565
f 3828//3565 1520//1454 452//446 1521//1455
f 1522//1456 3828//3565 1521//1455 453//447
f 454//448 1526//1460 3829//3566 1523//1457
f 1526//1460 457//451 1525//1459 3829//3566
f 3829//3566 1525//1459 456//450 1524//1458
f 1523//1457 3829//3566 1524//1458 455//449
f 458//452 1530//1464 3830//3567 1527//1461
f 1530//1464 461//455 1529//1463 3830//3567
f 3830//3567 1529//1463 460//454 1528//1462
f 1527//1461 3830//3567 1528//1462 459//453
f 462//456 1531//1465 3831//3568 3682//3419
f 1531//1465 463//457 1532//1466 3831//3568
f 3831//3568 1532//1466 464//458 3683//3420
f 3682//3419 3831//3568 3683//3420 994//941
f 470//464 1535//1469 3832//3569 1538//1472
f 1535//1469 471//465 1536//1470 3832//3569
f 3832//3569 1536//1470 472//466 1537//1471
f 1538//1472 3832//3569 1537//1471 473//467
f 476//470 3681//3418 3833//3570 1540//1474
f 3681//3418 712//705 3191//2944 3833//3570
f 3833//3570 3191//2944 1036//983 3680//3417
f 1540//1474 3833//3570 3680//3417 477//471
f 484//478 1544//1478 3834//3571 1547//1481
f 1544//1478 485//479 1545//1479 3834//3571
f 3834//3571 1545//1479 486//480 1546//1480
f 1547//1481 3834//3571 1546//1480 487//481
f 494//488 1551//1485 3835//3572 1554//1488
f 1551//1485 495//489 1552//1486 3835//3572
f 3835//3572 1552//1486 496//490 1553//1487
f 1554//1488 3835//3572 1553//1487 497//491
f 502//496 1559//1493 3836//3573 1556//1490
f 1559//1493 505//499 1558//1492 3836//3573
f 3836//3573 1558//1492 504//498 1557//1491
f 1556//1490 3836//3573 1557//1491 503//497
f 506//500 1560//1494 3837//3574 3677//3414
f 1560//1494 507//501 1561//1495 3837//3574
f 3837//3574 1561//1495 508//502 3678//3415
f 3677//3414 3837//3574 3678//3415 1045//990
f 513//507 3675//3412 3838//3575 1563//1497
f 3675//3412 765//758 2478//2371 3838//3575
f 3838//3575 2478//2371 515//509 1564//1498
f 1563//1497 3838//3575 1564//1498 514//508
f 516//510 1565//1499 3839//3576 1568//1502
f 1565//1499 517//511 1566//1500 3839//3576
f 3839//3576 1566//1500 518//512 1567//1501
f 1568//1502 3839//3576 1567//1501 519//513
f 523//517 1573//1507 3840//3577 1570//1504
f 1573//1507 526//520 1572//1506 3840//3577
f 3840//3577 1572//1506 525//519 1571//1505
f 1570//1504 3840//3577 1571//1505 524//518
f 527//521 1577//1511 3841//3578 1574//1508
f 1577//1511 530//524 1576//1510 3841//3578
f 3841//3578 1576//1510 529//523 1575//1509
f 1574//1508 3841//3578 1575//1509 528//522
f 536//530 1580//1514 3842//3579 1583//1517
f 1580//1514 537//531 1581//1515 3842//3579
f 3842//3579 1581//1515 538//532 1582//1516
f 1583//1517 3842//3579 1582//1516 539//533
f 546//540 1587//1521 3843//3580 1590//1524
f 1587//1521 547//541 1588//1522 3843//3580
f 3843//3580 1588//1522 548//542 1589//1523
f 1590//1524 3843//3580 1589//1523 549//543
f 556//550 1594//1528 3844//3581 1597//1531
f 1594//1528 557//551 1595//1529 3844//3581
f 3844//3581 1595//1529 558//552 1596//1530
f 1597//1531 3844//3581 1596//1530 559//553
f 563//557 1602//1536 3845//3582 1599//1533
f 1602//1536 566//560 1601//1535 3845//3582
f 3845//3582 1601//1535 565//559 1600//1534
f 1599//1533 3845//3582 1600//1534 564//558
f 567//561 1603//1537 3846//3583 1606//1540
f 1603//1537 568//562 1604//1538 3846//3583
f 3846//3583 1604//1538 569//563 1605//1539
f 1606//1540 3846//3583 1605//1539 570//564
f 571//565 1610//1544 3847//3584 1607//1541
f 1610//1544 574//568 1609//1543 3847//3584
f 3847//3584 1609//1543 573//567 1608//1542
f 1607//1541 3847//3584 1608//1542 572//566
f 575//569 1614//1548 3848//3585 1611//1545
f 1614//1548 578//572 1613//1547 3848//3585
f 3848//3585 1613//1547 577//571 1612//1546
f 1611//1545 3848//3585 1612//1546 576//570
f 579//573 1618//1552 3849//3586 1615//1549
f 1618//1552 582//576 1617//1551 3849//3586
f 3849//3586 1617//1551 581//575 1616//1550
f 1615//1549 3849//3586 1616//1550 580//574
f 583//577 1619//1553 3850//3587 1622//1556
f 1619//1553 584//578 1620//1554 3850//3587
f 3850//3587 1620//1554 585//579 1621//1555
f 1622//1556 3850//3587 1621//1555 586//580
f 589//583 1624//1558 3851//3588 1627//1561
f 1624//1558 590//584 1625//1559 3851//3588
f 3851//3588 1625//1559 591//585 1626//1560
f 1627//1561 3851//3588 1626//1560 592//586
f 595//589 1629//1563 3852//3589 1632//1566
f 1629//1563 596//590 1630//1564 3852//3589
f 3852//3589 1630//1564 597//591 1631//1565
f 1632//1566 3852//3589 1631//1565 598//592
f 601//595 1634//1568 3853//3590 1637//1571
f 1634//1568 602//596 1635//1569 3853//3590
f 3853//3590 1635//1569 603//597 1636//1570
f 1637//1571 3853//3590 1636//1570 604//598
f 607//601 1639//1573 3854//3591 1640//1574
f 1639//1573 608//602 3674//3411 3854//3591
f 3854//3591 3674//3411 1071//1014 3673//3410
f 1640//1574 3854//3591 3673//3410 609//603
f 612//606 1642//1576 3855//3592 1645//1579
f 1642//1576 613//607 1643//1577 3855//3592
f 3855//3592 1643//1577 614//608 1644//1578
f 1645//1579 3855//3592 1644//1578 615//609
f 616//610 1646//1580 3856//3593 1649//1583
f 1646//1580 617//611 1647//1581 3856//3593
f 3856//3593 1647//1581 618//612 1648//1582
f 1649//1583 3856//3593 1648//1582 619//613
f 620//614 1650//1584 3857//3594 1653//1587
f 1650//1584 621//615 1651//1585 3857//3594
f 3857//3594 1651//1585 622//616 1652//1586
f 1653//1587 3857//3594 1652//1586 623//617
f 624//618 1657//1591 3858//3595 1654//1588
f 1657//1591 627//621 1656//1590 3858//3595
f 3858//3595 1656//1590 626//620 1655//1589
f 1654//1588 3858//3595 1655//1589 625//619
f 628//622 1658//1592 3859//3596 3118//2889
f 1658//1592 629//623 1659//1593 3859//3596
f 3859//3596 1659//1593 630//624 3672//3409
f 3118//2889 3859//3596 3672//3409 1081//1021
f 631//625 1663//1597 3860//3597 1660//1594
f 1663//1597 634//628 1662//1596 3860//3597
f 3860//3597 1662//1596 633//627 1661//1595
f 1660//1594 3860//3597 1661//1595 632//626
f 635//629 1664//1598 3861//3598 3671//3408
f 1664//1598 636//630 3669//3406 3861//3598
f 3861//3598 3669//3406 1057//1001 3670//3407
f 3671//3408 3861//3598 3670//3407 1035//982
f 637//631 1668//1602 3862//3599 1665//1599
f 1668//1602 640//634 1667//1601 3862//3599
f 3862//3599 1667//1601 639//633 1666//1600
f 1665//1599 3862//3599 1666//1600 638//632
f 641//635 1672//1606 3863//3600 1669//1603
f 1672//1606 644//638 1671//1605 3863//3600
f 3863//3600 1671//1605 643//637 1670//1604
f 1669//1603 3863//3600 1670//1604 642//636
f 645//639 1676//1610 3864//3601 1673//1607
f 1676//1610 648//642 1675//1609 3864//3601
f 3864//3601 1675//1609 647//641 1674//1608
f 1673//1607 3864//3601 1674//1608 646//640
f 649//643 1680//1613 3865//1612 1677//1611
f 1680//1613 652//646 1679//642 3865//1612
f 3865//1612 1679//642 651//645 1678//1612
f 1677//1611 3865//1612 1678//1612 650//644
f 653//647 1684//1617 3866//3602 1681//1614
f 1684//1617 656//650 1683//1616 3866//3602
f 3866//3602 1683//1616 655//649 1682//1615
f 1681//1614 3866//3602 1682//1615 654//648
f 657//651 3667//3404 3867//3603 1685//1618
f 3667//3404 1050//994 3668//3405 3867//3603
f 3867//3603 3668//3405 659//653 1686//1619
f 1685//1618 3867//3603 1686//1619 658//652
f 660//654 1690//1623 3868//3604 1687//1620
f 1690//1623 663//657 1689//1622 3868//3604
f 3868//3604 1689//1622 662//656 1688//1621
f 1687//1620 3868//3604 1688//1621 661//655
f 1054//998 3665//3402 3869//3605 3666//3403
f 3665//3402 666//660 1692//1625 3869//3605
f 3869//3605 1692//1625 665//659 1691//1624
f 3666//3403 3869//3605 1691//1624 664//658
f 667//661 1696//1629 3870//3606 1693//1626
f 1696//1629 670//664 1695//1628 3870//3606
f 3870//3606 1695//1628 669//663 1694//1627
f 1693//1626 3870//3606 1694//1627 668//662
f 671//665 1697//1630 3871//3607 3662//3399
f 1697//1630 672//666 3664//3401 3871//3607
f 3871//3607 3664//3401 1062//1006 3663//3400
f 3662//3399 3871//3607 3663//3400 1059//1003
f 673//667 1698//1631 3872//3608 1701//1634
f 1698//1631 674//668 1699//1632 3872//3608
f 3872//3608 1699//1632 675//669 1700//1633
f 1701//1634 3872//3608 1700//1633 676//670
f 677//671 1705//1638 3873//3609 1702//1635
f 1705//1638 680//674 1704//1637 3873//3609
f 3873//3609 1704//1637 679//673 1703//1636
f 1702//1635 3873//3609 1703//1636 678//672
f 681//675 1707//1640 3874//3610 1706//1639
f 1707//1640 683//677 3660//3397 3874//3610
f 3874//3610 3660//3397 1068//1011 3661//3398
f 1706//1639 3874//3610 3661//3398 682//676
f 684//678 1711//1644 3875//3611 1708//1641
f 1711//1644 687//681 1710//1643 3875//3611
f 3875//3611 1710//1643 686//680 1709//1642
f 1708//1641 3875//3611 1709//1642 685//679
f 688//682 1715//1648 3876//1648 1712//1645
f 1715//1648 691//685 1714//1647 3876//1648
f 3876//1648 1714//1647 690//684 1713//1646
f 1712//1645 3876//1648 1713//1646 689//683
f 692//686 1719//1652 3877//3612 1716//1649
f 1719//1652 695//688 1718//1651 3877//3612
f 3877//3612 1718//1651 694//685 1717//1650
f 1716//1649 3877//3612 1717//1650 693//687
f 696//689 1723//1656 3878//3613 1720//1653
f 1723//1656 699//692 1722//1655 3878//3613
f 3878//3613 1722//1655 698//691 1721//1654
f 1720//1653 3878//3613 1721//1654 697//690
f 700//693 1727//1660 3879//3614 1724//1657
f 1727//1660 703//696 1726//1659 3879//3614
f 3879//3614 1726//1659 702//695 1725//1658
f 1724//1657 3879//3614 1725//1658 701//694
f 706//699 1729//1662 3880//3615 3658//3395
f 708//701 1728//1661 3880//3615 1729//1662
f 707//700 3658//3395 3880//3615 1728//1661
f 714//707 3656//3393 3881//3616 1730//1663
f 716//709 1731//1664 3881//3616 3656//3393
f 715//708 1730//1663 3881//3616 1731//1664
f 717//710 1733//1666 3882//3617 3655//3392
f 719//712 1732//1665 3882//3617 1733//1666
f 718//711 3655//3392 3882//3617 1732//1665
f 728//721 1737//1670 3883//3618 3654//3391
f 730//723 1736//1669 3883//3618 1737//1670
f 729//722 3654//3391 3883//3618 1736//1669
f 736//729 1741//1674 3884//3619 1738//1671
f 1741//1674 739//732 1740//1673 3884//3619
f 3884//3619 1740//1673 738//731 1739//1672
f 1738//1671 3884//3619 1739//1672 737//730
f 740//733 1743//1676 3885//3620 3653//3390
f 742//735 1742//1675 3885//3620 1743//1676
f 741//734 3653//3390 3885//3620 1742//1675
f 751//744 1749//1682 3886//3621 1746//1679
f 1749//1682 754//747 1748//1681 3886//3621
f 3886//3621 1748//1681 753//746 1747//1680
f 1746//1679 3886//3621 1747//1680 752//745
f 759//752 1753//1686 3887//3622 1750//1683
f 1753//1686 762//755 1752//1685 3887//3622
f 3887//3622 1752//1685 761//754 1751//1684
f 1750//1683 3887//3622 1751//1684 760//753
f 763//756 3652//3389 3888//3623 1754//1687
f 765//758 1755//1688 3888//3623 3652//3389
f 764//757 1754//1687 3888//3623 1755//1688
f 771//764 3651//3388 3889//3624 1756//1689
f 773//766 1757//1690 3889//3624 3651//3388
f 772//765 1756//1689 3889//3624 1757//1690
f 774//767 1761//1694 3890//3625 1758//1691
f 1761//1694 777//770 1760//1693 3890//3625
f 3890//3625 1760//1693 776//769 1759//1692
f 1758//1691 3890//3625 1759//1692 775//768
f 784//777 3650//3387 3891//3626 1763//1696
f 786//779 1764//1697 3891//3626 3650//3387
f 785//778 1763//1696 3891//3626 1764//1697
f 795//788 3649//3386 3892//3627 1767//1700
f 797//790 1768//1701 3892//3627 3649//3386
f 796//789 1767//1700 3892//3627 1768//1701
f 798//791 1770//1703 3893//3628 3648//3385
f 800//793 1769//1702 3893//3628 1770//1703
f 799//792 3648//3385 3893//3628 1769//1702
f 806//799 3647//3384 3894//3629 1771//1704
f 808//801 1772//1705 3894//3629 3647//3384
f 807//800 1771//1704 3894//3629 1772//1705
f 809//802 1774//1707 3895//3630 3646//3383
f 811//804 1773//1706 3895//3630 1774//1707
f 810//803 3646//3383 3895//3630 1773//1706
f 817//810 1775//1708 3896//3631 1778//1711
f 1775//1708 818//811 1776//1709 3896//3631
f 3896//3631 1776//1709 819//812 1777//1710
f 1778//1711 3896//3631 1777//1710 820//813
f 821//814 1779//1712 3897//3632 1782//1715
f 1779//1712 822//815 1780//1713 3897//3632
f 3897//3632 1780//1713 823//816 1781//1714
f 1782//1715 3897//3632 1781//1714 824//817
f 834//827 1786//1719 3898//3633 1789//1722
f 1786//1719 835//828 1787//1720 3898//3633
f 3898//3633 1787//1720 836//829 1788//1721
f 1789//1722 3898//3633 1788//1721 837//830
f 843//836 1790//1723 3899//3634 1793//1726
f 1790//1723 844//837 1791//1724 3899//3634
f 3899//3634 1791//1724 845//838 1792//1725
f 1793//1726 3899//3634 1792//1725 846//839
f 847//840 1794//1727 3900//3635 1795//1728
f 848//841 3645//3382 3900//3635 1794//1727
f 849//842 1795//1728 3900//3635 3645//3382
f 858//851 1798//1731 3901//3636 1799//1732
f 859//852 3644//3381 3901//3636 1798//1731
f 860//853 1799//1732 3901//3636 3644//3381
f 866//859 1800//1733 3902//3637 1801//1734
f 867//860 3643//3380 3902//3637 1800//1733
f 868//861 1801//1734 3902//3637 3643//3380
f 877//870 1804//1737 3903//3638 1805//1738
f 878//871 3642//3379 3903//3638 1804//1737
f 879//872 1805//1738 3903//3638 3642//3379
f 885//878 1806//1739 3904//3639 1807//1740
f 886//879 3640//3377 3904//3639 1806//1739
f 887//880 1807//1740 3904//3639 3640//3377
f 896//889 1810//1743 3905//3640 1811//1744
f 897//890 3639//3376 3905//3640 1810//1743
f 898//891 1811//1744 3905//3640 3639//3376
f 899//892 1812//1745 3906//3641 1815//1748
f 1812//1745 900//893 1813//1746 3906//3641
f 3906//3641 1813//1746 901//894 1814//1747
f 1815//1748 3906//3641 1814//1747 902//895
f 908//901 1816//1749 3907//3642 1819//1752
f 1816//1749 909//902 1817//1750 3907//3642
f 3907//3642 1817//1750 910//903 1818//1751
f 1819//1752 3907//3642 1818//1751 911//904
f 921//914 1823//1756 3908//3643 1824//1757
f 922//915 3638//3375 3908//3643 1823//1756
f 923//916 1824//1757 3908//3643 3638//3375
f 924//917 1825//1758 3909//3644 1828//1761
f 1825//1758 925//918 1826//1759 3909//3644
f 3909//3644 1826//1759 926//919 1827//1760
f 1828//1761 3909//3644 1827//1760 927//920
f 936//925 1833//925 3910//925 1831//925
f 938//925 1832//925 3910//925 1833//925
f 937//925 1831//925 3910//925 1832//925
f 939//925 1836//925 3911//925 1834//925
f 941//925 1835//925 3911//925 1836//925
f 940//925 1834//925 3911//925 1835//925
f 942//925 1839//925 3912//925 1837//925
f 944//925 1838//925 3912//925 1839//925
f 943//925 1837//925 3912//925 1838//925
f 951//925 1845//925 3913//925 1843//925
f 953//925 1844//925 3913//925 1845//925
f 952//925 1843//925 3913//925 1844//925
f 954//926 1846//925 3914//925 1848//1762
f 955//925 1847//925 3914//925 1846//925
f 956//927 1848//1762 3914//925 1847//925
f 957//928 1851//928 3915//928 1849//928
f 959//928 1850//928 3915//928 1851//928
f 958//928 1849//928 3915//928 1850//928
f 964//928 1856//928 3916//928 1854//928
f 966//928 1855//928 3916//928 1856//928
f 965//928 1854//928 3916//928 1855//928
f 973//928 1862//928 3917//928 1860//928
f 975//928 1861//928 3917//928 1862//928
f 974//928 1860//928 3917//928 1861//928
f 976//928 1865//928 3918//928 1863//928
f 978//928 1864//928 3918//928 1865//928
f 977//928 1863//928 3918//928 1864//928
f 979//928 1866//928 3919//928 1868//928
f 980//928 1867//928 3919//928 1866//928
f 981//928 1868//928 3919//928 1867//928
f 2//2 1104//1042 3920//3645 1869//1763
f 1104//1042 1//1 1870//1764 3920//3645
f 3920//3645 1870//1764 239//233 1318//1252
f 1869//1763 3920//3645 1318//1252 238//232
f 3//3 1105//1043 3921//3646 1871//1765
f 1105//1043 2//2 1872//1766 3921//3646
f 3921//3646 1872//1766 243//237 1322//1256
f 1871//1765 3921//3646 1322//1256 242//236
f 246//240 1873//1767 3922//3647 3705//3442
f 1873//1767 1//1 1106//1044 3922//3647
f 3922//3647 1106//1044 3//3 2642//2479
f 3705//3442 3922//3647 2642//2479 982//929
f 5//5 1107//1045 3923//3648 1874//1768
f 1107//1045 4//4 1875//1769 3923//3648
f 3923//3648 1875//1769 250//244 1328//1262
f 1874//1768 3923//3648 1328//1262 249//243
f 6//6 1108//1046 3924//3649 1876//1770
f 1108//1046 5//5 1877//1771 3924//3649
f 3924//3649 1877//1771 254//248 1332//1266
f 1876//1770 3924//3649 1332//1266 253//247
f 6//6 1878//1772 3925//3650 1109//1047
f 1878//1772 257//251 1336//1270 3925//3650
f 3925//3650 1336//1270 258//252 1879//1773
f 1109//1047 3925//3650 1879//1773 4//4
f 8//8 1110//1048 3926//3651 1880//1774
f 1110//1048 7//7 1883//1777 3926//3651
f 3926//3651 1883//1777 268//262 3703//3440
f 1880//1774 3926//3651 3703//3440 261//255
f 9//9 1111//1049 3927//3652 2643//2480
f 1111//1049 8//8 1881//1775 3927//3652
f 3927//3652 1881//1775 264//258 3701//3438
f 2643//2480 3927//3652 3701//3438 983//930
f 9//9 1882//1776 3928//3653 1112//1050
f 1882//1776 267//261 1344//1278 3928//3653
f 3928//3653 1344//1278 268//262 1883//1777
f 1112//1050 3928//3653 1883//1777 7//7
f 11//11 1113//1051 3929//3654 1884//1778
f 1113//1051 10//10 1885//1779 3929//3654
f 3929//3654 1885//1779 272//266 1348//1282
f 1884//1778 3929//3654 1348//1282 271//265
f 12//12 1114//1052 3930//3655 1886//1780
f 1114//1052 11//11 1887//1781 3930//3655
f 3930//3655 1887//1781 276//270 1352//1286
f 1886//1780 3930//3655 1352//1286 275//269
f 12//12 1888//1782 3931//3656 1115//1053
f 1888//1782 279//273 1356//1290 3931//3656
f 3931//3656 1356//1290 280//274 1889//1783
f 1115//1053 3931//3656 1889//1783 10//10
f 14//4 1116//1054 3932//3657 1890//1784
f 1116//1054 13//13 1891//1785 3932//3657
f 3932//3657 1891//1785 284//278 1360//1294
f 1890//1784 3932//3657 1360//1294 283//277
f 15//14 1117//1055 3933//3658 1892//1786
f 1117//1055 14//4 1893//1787 3933//3658
f 3933//3658 1893//1787 288//282 1364//1298
f 1892//1786 3933//3658 1364//1298 287//281
f 15//14 1894//1788 3934//3659 1118//1056
f 1894//1788 291//285 3699//3436 3934//3659
f 3934//3659 3699//3436 284//278 1891//1785
f 1118//1056 3934//3659 1891//1785 13//13
f 17//16 1119//1057 3935//3660 1895//1789
f 1119//1057 16//15 1896//1790 3935//3660
f 3935//3660 1896//1790 295//289 1370//1304
f 1895//1789 3935//3660 1370//1304 294//288
f 18//17 1120//1058 3936//3661 1897//1791
f 1120//1058 17//16 1898//1792 3936//3661
f 3936//3661 1898//1792 299//293 1374//1308
f 1897//1791 3936//3661 1374//1308 298//292
f 18//17 1899//1793 3937//3662 1121//1059
f 1899//1793 302//296 1378//1312 3937//3662
f 3937//3662 1378//1312 303//297 1900//1794
f 1121//1059 3937//3662 1900//1794 16//15
f 20//10 1122//1060 3938//3663 1901//1795
f 1122//1060 19//18 1902//1796 3938//3663
f 3938//3663 1902//1796 307//301 1382//1316
f 1901//1795 3938//3663 1382//1316 306//300
f 20//10 1903//1797 3939//3664 1123//1061
f 1903//1797 310//304 1386//1320 3939//3664
f 3939//3664 1386//1320 311//305 1904//1798
f 1123//1061 3939//3664 1904//1798 21//19
f 19//18 1124//1062 3940//3665 1905//1799
f 1124//1062 21//19 2650//2487 3940//3665
f 3940//3665 2650//2487 985//932 3696//3433
f 1905//1799 3940//3665 3696//3433 316//310
f 23//20 1125//1063 3941//3666 1907//1801
f 1125//1063 22//2 1906//1800 3941//3666
f 3941//3666 1906//1800 317//311 1395//1329
f 1907//1801 3941//3666 1395//1329 320//314
f 24//21 1126//1064 3942//3667 1909//1803
f 1126//1064 23//20 1908//1802 3942//3667
f 3942//3667 1908//1802 321//315 1399//1333
f 1909//1803 3942//3667 1399//1333 324//318
f 24//21 1911//1805 3943//3668 1127//1065
f 1911//1805 328//322 1403//1337 3943//3668
f 3943//3668 1403//1337 325//319 1910//1804
f 1127//1065 3943//3668 1910//1804 22//2
f 26//15 1128//1066 3944//3669 1913//1807
f 1128//1066 25//22 1912//1806 3944//3669
f 3944//3669 1912//1806 329//323 1407//1341
f 1913//1807 3944//3669 1407//1341 332//326
f 27//23 1129//1067 3945//3670 1915//1809
f 1129//1067 26//15 1914//1808 3945//3670
f 3945//3670 1914//1808 333//327 1411//1345
f 1915//1809 3945//3670 1411//1345 336//330
f 27//23 1917//1811 3946//3671 1130//1068
f 1917//1811 340//334 1415//1349 3946//3671
f 3946//3671 1415//1349 337//331 1916//1810
f 1130//1068 3946//3671 1916//1810 25//22
f 29//25 1131//1069 3947//3672 1919//1813
f 1131//1069 28//24 1918//1812 3947//3672
f 3947//3672 1918//1812 341//335 1419//1353
f 1919//1813 3947//3672 1419//1353 344//338
f 30//26 1132//1070 3948//3673 2659//2496
f 1132//1070 29//25 1920//1814 3948//3673
f 3948//3673 1920//1814 345//339 3694//3431
f 2659//2496 3948//3673 3694//3431 988//935
f 30//26 1922//1816 3949//3674 1133//1049
f 1922//1816 351//345 1425//1359 3949//3674
f 3949//3674 1425//1359 348//342 1921//1815
f 1133//1049 3949//3674 1921//1815 28//24
f 32//28 1924//1818 3950//3675 1134//1071
f 1924//1818 355//349 1429//1363 3950//3675
f 3950//3675 1429//1363 352//346 1923//1817
f 1134//1071 3950//3675 1923//1817 31//27
f 33//29 2662//2499 3951//3676 1135//1072
f 2662//2499 989//936 3693//3430 3951//3676
f 3951//3676 3693//3430 356//350 1925//1819
f 1135//1072 3951//3676 1925//1819 32//28
f 33//29 1136//1073 3952//3677 1926//1820
f 1136//1073 31//27 1927//1821 3952//3677
f 3952//3677 1927//1821 360//354 1432//1366
f 1926//1820 3952//3677 1432//1366 359//353
f 35//31 1928//1822 3953//3678 1137//1074
f 1928//1822 363//357 1436//1370 3953//3678
f 3953//3678 1436//1370 364//358 1929//1823
f 1137//1074 3953//3678 1929//1823 34//30
f 36//32 1930//1824 3954//3679 1138//1075
f 1930//1824 367//361 1440//1374 3954//3679
f 3954//3679 1440//1374 368//362 1931//1825
f 1138//1075 3954//3679 1931//1825 35//31
f 36//32 1139//1076 3955//3680 2665//2502
f 1139//1076 34//30 1932//1826 3955//3680
f 3955//3680 1932//1826 371//365 3691//3428
f 2665//2502 3955//3680 3691//3428 990//937
f 38//34 1933//1827 3956//3681 1140//1077
f 1933//1827 374//368 1446//1380 3956//3681
f 3956//3681 1446//1380 375//369 1934//1828
f 1140//1077 3956//3681 1934//1828 37//33
f 39//35 1935//1829 3957//3682 1141//1078
f 1935//1829 378//372 1450//1384 3957//3682
f 3957//3682 1450//1384 379//373 1936//1830
f 1141//1078 3957//3682 1936//1830 38//34
f 39//35 1142//1079 3958//3683 1937//1831
f 1142//1079 37//33 1938//1832 3958//3683
f 3958//3683 1938//1832 383//377 1454//1388
f 1937//1831 3958//3683 1454//1388 382//376
f 40//36 1143//1080 3959//3684 1940//1834
f 1143//1080 41//37 1939//1833 3959//3684
f 3959//3684 1939//1833 386//380 1458//1392
f 1940//1834 3959//3684 1458//1392 387//381
f 41//37 1144//1081 3960//3685 1941//1835
f 1144//1081 42//38 1942//1836 3960//3685
f 3960//3685 1942//1836 393//387 1465//1399
f 1941//1835 3960//3685 1465//1399 390//384
f 40//36 1944//1838 3961//3686 1145//1082
f 1944//1838 395//389 1466//1400 3961//3686
f 3961//3686 1466//1400 394//388 1943//1837
f 1145//1082 3961//3686 1943//1837 42//38
f 43//39 1146//39 3962//3687 1945//1839
f 1146//39 44//40 1946//1840 3962//3687
f 3962//3687 1946//1840 401//395 3688//3425
f 1945//1839 3962//3687 3688//3425 398//392
f 44//40 1147//1083 3963//3688 1946//1840
f 1147//1083 45//41 1947//1841 3963//3688
f 3963//3688 1947//1841 404//398 1475//1409
f 1946//1840 3963//3688 1475//1409 401//395
f 43//39 1948//1842 3964//3689 1148//1084
f 1948//1842 405//399 1479//1413 3964//3689
f 3964//3689 1479//1413 408//402 1949//1843
f 1148//1084 3964//3689 1949//1843 45//41
f 46//42 1149//1085 3965//3690 1950//1844
f 1149//1085 47//43 1951//1845 3965//3690
f 3965//3690 1951//1845 412//406 1483//1417
f 1950//1844 3965//3690 1483//1417 409//403
f 47//43 1150//1086 3966//3691 1952//1846
f 1150//1086 48//44 2670//2507 3966//3691
f 3966//3691 2670//2507 992//939 3686//3423
f 1952//1846 3966//3691 3686//3423 413//407
f 46//42 1953//1847 3967//3692 1151//1087
f 1953//1847 415//409 1488//1422 3967//3692
f 3967//3692 1488//1422 418//412 1954//1848
f 1151//1087 3967//3692 1954//1848 48//44
f 49//45 1152//45 3968//3693 1955//1849
f 1152//45 50//46 1956//1850 3968//3693
f 3968//3693 1956//1850 422//416 1492//1426
f 1955//1849 3968//3693 1492//1426 419//413
f 50//46 1153//47 3969//3694 1956//1850
f 1153//47 51//47 1957//1851 3969//3694
f 3969//3694 1957//1851 425//419 3684//3421
f 1956//1850 3969//3694 3684//3421 422//416
f 49//45 1958//1852 3970//3695 1154//1088
f 1958//1852 426//420 1498//1432 3970//3695
f 3970//3695 1498//1432 429//423 1959//1853
f 1154//1088 3970//3695 1959//1853 51//47
f 52//48 1155//1089 3971//3696 1960//1854
f 1155//1089 53//27 1961//1855 3971//3696
f 3971//3696 1961//1855 433//427 1502//1436
f 1960//1854 3971//3696 1502//1436 430//424
f 53//27 1156//1090 3972//3697 1962//1856
f 1156//1090 54//49 1963//1857 3972//3697
f 3972//3697 1963//1857 437//431 1506//1440
f 1962//1856 3972//3697 1506//1440 434//428
f 52//48 1964//1858 3973//3698 1157//1091
f 1964//1858 438//432 1510//1444 3973//3698
f 3973//3698 1510//1444 441//435 1965//1859
f 1157//1091 3973//3698 1965//1859 54//49
f 55//50 1158//1092 3974//3699 1966//1860
f 1158//1092 56//51 1967//1861 3974//3699
f 3974//3699 1967//1861 445//439 1514//1448
f 1966//1860 3974//3699 1514//1448 442//436
f 56//51 1159//1093 3975//3700 1968//1862
f 1159//1093 57//52 1969//1863 3975//3700
f 3975//3700 1969//1863 449//443 1518//1452
f 1968//1862 3975//3700 1518//1452 446//440
f 55//50 1970//1864 3976//3701 1160//1094
f 1970//1864 450//444 1522//1456 3976//3701
f 3976//3701 1522//1456 453//447 1971//1865
f 1160//1094 3976//3701 1971//1865 57//52
f 58//53 1161//1095 3977//3702 1972//1866
f 1161//1095 59//33 1973//1828 3977//3702
f 3977//3702 1973//1828 457//451 1526//1460
f 1972//1866 3977//3702 1526//1460 454//448
f 59//33 1162//1096 3978//3703 1974//1867
f 1162//1096 60//54 1975//1868 3978//3703
f 3978//3703 1975//1868 461//455 1530//1464
f 1974//1867 3978//3703 1530//1464 458//452
f 58//53 1976//1869 3979//3704 1163//1097
f 1976//1869 462//456 3682//3419 3979//3704
f 3979//3704 3682//3419 994//941 2678//2515
f 1163//1097 3979//3704 2678//2515 60//54
f 61//55 1978//1871 3980//3705 1164//1098
f 1978//1871 455//449 1524//1458 3980//3705
f 3980//3705 1524//1458 456//450 1979//1872
f 1164//1098 3980//3705 1979//1872 62//56
f 61//55 1164//1098 3981//3706 3636//3373
f 1164//1098 62//56 3635//3372 3981//3706
f 3981//3706 3635//3372 241//235 1320//1254
f 3636//3373 3981//3706 1320//1254 240//234
f 63//57 3634//3371 3982//3707 1165//1099
f 3634//3371 468//462 1534//1468 3982//3707
f 3982//3707 1534//1468 469//463 3633//3370
f 1165//1099 3982//3707 3633//3370 64//58
f 64//58 1981//1874 3983//3708 1166//1100
f 1981//1874 349//343 1423//1357 3983//3708
f 3983//3708 1423//1357 350//344 1982//1875
f 1166//1100 3983//3708 1982//1875 65//59
f 65//59 1983//1876 3984//3709 1167//1101
f 1983//1876 470//464 1538//1472 3984//3709
f 3984//3709 1538//1472 473//467 1984//1877
f 1167//1101 3984//3709 1984//1877 66//60
f 63//57 1168//1102 3985//3710 1985//1878
f 1168//1102 66//60 1986//1879 3985//3710
f 3985//3710 1986//1879 245//239 1324//1258
f 1985//1878 3985//3710 1324//1258 244//238
f 67//61 1169//1103 3986//3711 1987//1880
f 1169//1103 68//62 1988//1881 3986//3711
f 3986//3711 1988//1881 475//469 1539//1473
f 1987//1880 3986//3711 1539//1473 474//468
f 68//62 1170//1104 3987//3712 1989//1882
f 1170//1104 69//63 1990//1883 3987//3712
f 3987//3712 1990//1883 256//250 1334//1268
f 1989//1882 3987//3712 1334//1268 255//249
f 69//63 3711//3448 3988//3713 1991//1884
f 3711//3448 998//945 2694//2531 3988//3713
f 3988//3713 2694//2531 712//705 3681//3418
f 1991//1884 3988//3713 3681//3418 476//470
f 67//61 1992//1885 3989//3714 3710//3447
f 1992//1885 247//241 1327//1261 3989//3714
f 3989//3714 1327//1261 248//242 2692//2529
f 3710//3447 3989//3714 2692//2529 998//945
f 70//64 1994//1887 3990//3715 1171//1105
f 1994//1887 443//437 1512//1446 3990//3715
f 3990//3715 1512//1446 444//438 1995//1888
f 1171//1105 3990//3715 1995//1888 71//65
f 70//64 1171//1105 3991//3716 3632//3369
f 1171//1105 71//65 3631//3368 3991//3716
f 3991//3716 3631//3368 252//246 1330//1264
f 3632//3369 3991//3716 1330//1264 251//245
f 72//66 1172//1106 3992//3717 3630//3367
f 1172//1106 73//67 3629//3366 3992//3717
f 3992//3717 3629//3366 483//477 1543//1477
f 3630//3367 3992//3717 1543//1477 482//476
f 73//67 1173//1107 3993//3718 1997//1890
f 1173//1107 74//68 1998//1891 3993//3718
f 3993//3718 1998//1891 266//260 1343//1277
f 1997//1890 3993//3718 1343//1277 265//259
f 74//68 1174//1108 3994//3719 1999//1892
f 1174//1108 75//69 2000//1893 3994//3719
f 3994//3719 2000//1893 485//479 1544//1478
f 1999//1892 3994//3719 1544//1478 484//478
f 72//66 2001//1894 3995//3720 1175//1109
f 2001//1894 259//253 1338//1272 3995//3720
f 3995//3720 1338//1272 260//254 2002//1895
f 1175//1109 3995//3720 2002//1895 75//69
f 76//70 2004//1897 3996//3721 1176//1110
f 2004//1897 431//425 1500//1434 3996//3721
f 3996//3721 1500//1434 432//426 2005//1898
f 1176//1110 3996//3721 2005//1898 77//71
f 76//70 1176//1110 3997//3722 3628//3365
f 1176//1110 77//71 3627//3364 3997//3722
f 3997//3722 3627//3364 263//257 1340//1274
f 3628//3365 3997//3722 1340//1274 262//256
f 78//72 1177//1111 3998//3723 3626//3363
f 1177//1111 79//73 3625//3362 3998//3723
f 3998//3723 3625//3362 493//487 1550//1484
f 3626//3363 3998//3723 1550//1484 492//486
f 79//73 1178//1112 3999//3724 2007//1900
f 1178//1112 80//74 2008//1901 3999//3724
f 3999//3724 2008//1901 278//272 1354//1288
f 2007//1900 3999//3724 1354//1288 277//271
f 80//74 1179//1113 4000//3725 2009//1902
f 1179//1113 81//75 2010//1903 4000//3725
f 4000//3725 2010//1903 495//489 1551//1485
f 2009//1902 4000//3725 1551//1485 494//488
f 78//72 2011//1904 4001//3726 1180//1114
f 2011//1904 269//263 1346//1280 4001//3726
f 4001//3726 1346//1280 270//264 2012//1905
f 1180//1114 4001//3726 2012//1905 81//75
f 82//76 2014//1907 4002//3727 1181//1115
f 2014//1907 420//414 1490//1424 4002//3727
f 4002//3727 1490//1424 421//415 2015//1908
f 1181//1115 4002//3727 2015//1908 83//77
f 82//76 1181//1115 4003//3728 3624//3361
f 1181//1115 83//77 3623//3360 4003//3728
f 4003//3728 3623//3360 274//268 1350//1284
f 3624//3361 4003//3728 1350//1284 273//267
f 84//78 1182//1116 4004//3729 2017//1910
f 1182//1116 85//79 2018//1911 4004//3729
f 4004//3729 2018//1911 505//499 1559//1493
f 2017//1910 4004//3729 1559//1493 502//496
f 85//79 1183//1117 4005//3730 2019//1912
f 1183//1117 86//80 2020//1913 4005//3730
f 4005//3730 2020//1913 290//284 1366//1300
f 2019//1912 4005//3730 1366//1300 289//283
f 86//80 1184//1118 4006//3731 2021//1914
f 1184//1118 87//81 2022//1915 4006//3731
f 4006//3731 2022//1915 507//501 1560//1494
f 2021//1914 4006//3731 1560//1494 506//500
f 84//78 2023//1916 4007//3732 1185//1119
f 2023//1916 281//275 1358//1292 4007//3732
f 4007//3732 1358//1292 282//276 2024//1917
f 1185//1119 4007//3732 2024//1917 87//81
f 88//82 3622//3359 4008//3733 3621//3358
f 509//503 3676//3413 4008//3733 3622//3359
f 510//504 3621//3358 4008//3733 3676//3413
f 88//82 2025//1918 4009//3734 1186//1120
f 2025//1918 410//404 1481//1415 4009//3734
f 4009//3734 1481//1415 411//405 2026//1919
f 1186//1120 4009//3734 2026//1919 89//83
f 88//82 1186//1120 4010//3735 3620//3357
f 1186//1120 89//83 3619//3356 4010//3735
f 4010//3735 3619//3356 286//280 1362//1296
f 3620//3357 4010//3735 1362//1296 285//279
f 90//84 1187//1121 4011//3736 2028//1921
f 1187//1121 91//85 3618//3355 4011//3736
f 4011//3736 3618//3355 765//758 3675//3412
f 2028//1921 4011//3736 3675//3412 513//507
f 91//85 1188//1122 4012//3737 2029//1922
f 1188//1122 92//86 2030//1923 4012//3737
f 4012//3737 2030//1923 301//295 1376//1310
f 2029//1922 4012//3737 1376//1310 300//294
f 92//86 1189//1123 4013//3738 2031//1924
f 1189//1123 93//87 2032//1925 4013//3738
f 4013//3738 2032//1925 517//511 1565//1499
f 2031//1924 4013//3738 1565//1499 516//510
f 90//84 2033//1926 4014//3739 1190//1124
f 2033//1926 292//286 1368//1302 4014//3739
f 4014//3739 1368//1302 293//287 2034//1927
f 1190//1124 4014//3739 2034//1927 93//87
f 94//88 2036//1929 4015//3740 1191//1125
f 2036//1929 399//393 1471//1405 4015//3740
f 4015//3740 1471//1405 400//394 2037//1930
f 1191//1125 4015//3740 2037//1930 95//89
f 94//88 1191//1125 4016//3353 3616//3353
f 1191//1125 95//89 3615//3352 4016//3353
f 4016//3353 3615//3352 297//291 1372//1306
f 3616//3353 4016//3353 1372//1306 296//290
f 96//90 2038//1931 4017//3741 1192//1126
f 2038//1931 304//298 1380//1314 4017//3741
f 4017//3741 1380//1314 305//299 2039//1932
f 1192//1126 4017//3741 2039//1932 97//91
f 97//91 2040//1933 4018//3742 1193//1127
f 2040//1933 523//517 1570//1504 4018//3742
f 4018//3742 1570//1504 524//518 2041//1934
f 1193//1127 4018//3742 2041//1934 98//92
f 98//92 2042//1935 4019//3743 1194//1128
f 2042//1935 312//306 1388//1322 4019//3743
f 4019//3743 1388//1322 313//307 2043//1936
f 1194//1128 4019//3743 2043//1936 99//93
f 96//90 1195//1129 4020//3744 2044//1937
f 1195//1129 99//93 2045//1938 4020//3744
f 4020//3744 2045//1938 530//524 1577//1511
f 2044//1937 4020//3744 1577//1511 527//521
f 100//94 2047//1940 4021//3745 1196//1130
f 2047//1940 388//382 1460//1394 4021//3745
f 4021//3745 1460//1394 389//383 2048//1941
f 1196//1130 4021//3745 2048//1941 101//95
f 100//94 1196//1130 4022//3746 3614//3351
f 1196//1130 101//95 3613//3350 4022//3746
f 4022//3746 3613//3350 309//303 1384//1318
f 3614//3351 4022//3746 1384//1318 308//302
f 102//96 1197//1131 4023//3747 2050//1943
f 1197//1131 103//97 2051//1944 4023//3747
f 4023//3747 2051//1944 315//309 1390//1324
f 2050//1943 4023//3747 1390//1324 314//308
f 103//97 1198//1132 4024//3748 3612//3349
f 1198//1132 104//98 3611//3348 4024//3748
f 4024//3748 3611//3348 535//529 1579//1513
f 3612//3349 4024//3748 1579//1513 534//528
f 104//98 1199//1133 4025//3749 2052//1945
f 1199//1133 105//99 2053//1946 4025//3749
f 4025//3749 2053//1946 323//317 1397//1331
f 2052//1945 4025//3749 1397//1331 322//316
f 102//96 2054//1947 4026//3750 1200//1134
f 2054//1947 536//530 1583//1517 4026//3750
f 4026//3750 1583//1517 539//533 2055//1948
f 1200//1134 4026//3750 2055//1948 105//99
f 106//100 2057//1950 4027//3751 1201//1135
f 2057//1950 376//370 1448//1382 4027//3751
f 4027//3751 1448//1382 377//371 2058//1951
f 1201//1135 4027//3751 2058//1951 107//101
f 106//100 1201//1135 4028//3752 3610//3347
f 1201//1135 107//101 3609//3346 4028//3752
f 4028//3752 3609//3346 319//313 1393//1327
f 3610//3347 4028//3752 1393//1327 318//312
f 108//102 1202//1136 4029//3753 3608//3345
f 1202//1136 109//103 3607//3344 4029//3753
f 4029//3753 3607//3344 545//539 1586//1520
f 3608//3345 4029//3753 1586//1520 544//538
f 109//103 1203//1137 4030//3754 2060//1953
f 1203//1137 110//104 2061//1954 4030//3754
f 4030//3754 2061//1954 335//329 1409//1343
f 2060//1953 4030//3754 1409//1343 334//328
f 110//104 1204//1138 4031//3755 2062//1955
f 1204//1138 111//105 2063//1956 4031//3755
f 4031//3755 2063//1956 547//541 1587//1521
f 2062//1955 4031//3755 1587//1521 546//540
f 108//102 2064//1957 4032//3756 1205//1139
f 2064//1957 326//320 1401//1335 4032//3756
f 4032//3756 1401//1335 327//321 2065//1958
f 1205//1139 4032//3756 2065//1958 111//105
f 112//106 2067//1960 4033//3757 1206//1140
f 2067//1960 365//359 1438//1372 4033//3757
f 4033//3757 1438//1372 366//360 2068//1961
f 1206//1140 4033//3757 2068//1961 113//107
f 112//106 1206//1140 4034//3758 3606//3343
f 1206//1140 113//107 3605//3342 4034//3758
f 4034//3758 3605//3342 331//325 1405//1339
f 3606//3343 4034//3758 1405//1339 330//324
f 114//108 1207//1141 4035//3759 3604//3341
f 1207//1141 115//109 3603//3340 4035//3759
f 4035//3759 3603//3340 555//549 1593//1527
f 3604//3341 4035//3759 1593//1527 554//548
f 115//109 1208//1142 4036//3760 2070//1963
f 1208//1142 116//110 2071//1964 4036//3760
f 4036//3760 2071//1964 347//341 1421//1355
f 2070//1963 4036//3760 1421//1355 346//340
f 116//110 1209//1143 4037//3761 2072//1965
f 1209//1143 117//111 2073//1966 4037//3761
f 4037//3761 2073//1966 557//551 1594//1528
f 2072//1965 4037//3761 1594//1528 556//550
f 114//108 2074//1967 4038//3762 1210//1144
f 2074//1967 338//332 1413//1347 4038//3762
f 4038//3762 1413//1347 339//333 2075//1968
f 1210//1144 4038//3762 2075//1968 117//111
f 118//112 2077//1970 4039//3763 1211//1145
f 2077//1970 353//347 1427//1361 4039//3763
f 4039//3763 1427//1361 354//348 2078//1971
f 1211//1145 4039//3763 2078//1971 119//113
f 118//112 1211//1145 4040//3764 3601//3338
f 1211//1145 119//113 3600//3337 4040//3764
f 4040//3764 3600//3337 343//337 1417//1351
f 3601//3338 4040//3764 1417//1351 342//336
f 120//114 1212//1146 4041//3765 2079//1972
f 1212//1146 121//115 2080//1973 4041//3765
f 4041//3765 2080//1973 566//560 1602//1536
f 2079//1972 4041//3765 1602//1536 563//557
f 121//115 1213//1147 4042//3766 2081//1974
f 1213//1147 122//116 2082//1975 4042//3766
f 4042//3766 2082//1975 373//367 1445//1379
f 2081//1974 4042//3766 1445//1379 372//366
f 122//116 1214//1148 4043//3767 2083//1976
f 1214//1148 123//117 2084//1977 4043//3767
f 4043//3767 2084//1977 568//562 1603//1537
f 2083//1976 4043//3767 1603//1537 567//561
f 120//114 2085//1978 4044//3768 1215//1149
f 2085//1978 357//351 1431//1365 4044//3768
f 4044//3768 1431//1365 358//352 2086//1979
f 1215//1149 4044//3768 2086//1979 123//117
f 124//118 2087//1980 4045//3769 1216//1150
f 2087//1980 571//565 1607//1541 4045//3769
f 4045//3769 1607//1541 572//566 2088//1981
f 1216//1150 4045//3769 2088//1981 125//119
f 125//119 2089//1982 4046//3770 1217//1151
f 2089//1982 459//453 1528//1462 4046//3770
f 4046//3770 1528//1462 460//454 2090//1983
f 1217//1151 4046//3770 2090//1983 126//120
f 126//120 2091//1984 4047//3771 1218//1152
f 2091//1984 575//569 1611//1545 4047//3771
f 4047//3771 1611//1545 576//570 2092//1985
f 1218//1152 4047//3771 2092//1985 127//121
f 124//118 1219//1153 4048//3772 2093//1986
f 1219//1153 127//121 2094//1987 4048//3772
f 4048//3772 2094//1987 362//356 1434//1368
f 2093//1986 4048//3772 1434//1368 361//355
f 128//122 1220//1154 4049//3773 2095//1988
f 1220//1154 129//123 2096//1989 4049//3773
f 4049//3773 2096//1989 582//576 1618//1552
f 2095//1988 4049//3773 1618//1552 579//573
f 129//123 1221//1155 4050//3774 2097//1990
f 1221//1155 130//124 2098//1991 4050//3774
f 4050//3774 2098//1991 385//379 1456//1390
f 2097//1990 4050//3774 1456//1390 384//378
f 130//124 1222//1156 4051//3775 2099//1992
f 1222//1156 131//125 2100//1993 4051//3775
f 4051//3775 2100//1993 584//578 1619//1553
f 2099//1992 4051//3775 1619//1553 583//577
f 128//122 2101//1994 4052//3776 1223//1157
f 2101//1994 369//363 1442//1376 4052//3776
f 4052//3776 1442//1376 370//364 2102//1995
f 1223//1157 4052//3776 2102//1995 131//125
f 132//126 1224//1158 4053//3777 2103//1996
f 1224//1158 133//127 2104//1997 4053//3777
f 4053//3777 2104//1997 588//582 1623//1557
f 2103//1996 4053//3777 1623//1557 587//581
f 133//127 1225//1159 4054//3778 2105//1998
f 1225//1159 134//128 2106//1999 4054//3778
f 4054//3778 2106//1999 397//391 1468//1402
f 2105//1998 4054//3778 1468//1402 396//390
f 134//128 1226//1160 4055//3779 2107//2000
f 1226//1160 135//129 2108//2001 4055//3779
f 4055//3779 2108//2001 590//584 1624//1558
f 2107//2000 4055//3779 1624//1558 589//583
f 132//126 2109//2002 4056//3780 1227//1161
f 2109//2002 380//374 1452//1386 4056//3780
f 4056//3780 1452//1386 381//375 2110//2003
f 1227//1161 4056//3780 2110//2003 135//129
f 136//130 1228//1162 4057//3781 2111//2004
f 1228//1162 137//131 2112//2005 4057//3781
f 4057//3781 2112//2005 594//588 1628//1562
f 2111//2004 4057//3781 1628//1562 593//587
f 137//131 3709//3446 4058//3782 2113//2006
f 3709//3446 1021//968 2778//2615 4058//3782
f 4058//3782 2778//2615 407//401 1477//1411
f 2113//2006 4058//3782 1477//1411 406//400
f 1021//968 3708//3445 4059//3783 2779//2616
f 3708//3445 138//132 2114//2007 4059//3783
f 4059//3783 2114//2007 596//590 1629//1563
f 2779//2616 4059//3783 1629//1563 595//589
f 136//130 2115//2008 4060//3784 1229//1163
f 2115//2008 391//385 1463//1397 4060//3784
f 4060//3784 1463//1397 392//386 2116//2009
f 1229//1163 4060//3784 2116//2009 138//132
f 139//133 1230//1164 4061//3785 3599//3336
f 1230//1164 140//134 3598//3335 4061//3785
f 4061//3785 3598//3335 599//593 1633//1567
f 3599//3336 4061//3785 1633//1567 600//594
f 140//134 1231//1165 4062//3786 2117//2010
f 1231//1165 141//135 2118//2011 4062//3786
f 4062//3786 2118//2011 417//411 1486//1420
f 2117//2010 4062//3786 1486//1420 416//410
f 141//135 1232//1166 4063//3787 2119//2012
f 1232//1166 142//136 2120//2013 4063//3787
f 4063//3787 2120//2013 602//596 1634//1568
f 2119//2012 4063//3787 1634//1568 601//595
f 139//133 2121//2014 4064//3788 1233//1167
f 2121//2014 402//396 1473//1407 4064//3788
f 4064//3788 1473//1407 403//397 2122//2015
f 1233//1167 4064//3788 2122//2015 142//136
f 143//137 1234//1168 4065//3789 2123//2016
f 1234//1168 144//138 2124//2017 4065//3789
f 4065//3789 2124//2017 606//600 1638//1572
f 2123//2016 4065//3789 1638//1572 605//599
f 144//138 1235//1169 4066//3790 2125//2018
f 1235//1169 145//139 2126//2019 4066//3790
f 4066//3790 2126//2019 428//422 1496//1430
f 2125//2018 4066//3790 1496//1430 427//421
f 145//139 1236//1170 4067//3791 2127//2020
f 1236//1170 146//140 2128//2021 4067//3791
f 4067//3791 2128//2021 608//602 1639//1573
f 2127//2020 4067//3791 1639//1573 607//601
f 143//137 2129//2022 4068//3792 1237//1171
f 2129//2022 414//408 3687//3424 4068//3792
f 4068//3792 3687//3424 880//873 3597//3334
f 1237//1171 4068//3792 3597//3334 146//140
f 147//141 1238//1172 4069//3793 2130//2023
f 1238//1172 148//142 2131//2024 4069//3793
f 4069//3793 2131//2024 611//605 1641//1575
f 2130//2023 4069//3793 1641//1575 610//604
f 148//142 1239//1173 4070//3794 2132//2025
f 1239//1173 149//143 2133//2026 4070//3794
f 4070//3794 2133//2026 440//434 1508//1442
f 2132//2025 4070//3794 1508//1442 439//433
f 149//143 1240//1174 4071//3795 2134//2027
f 1240//1174 150//144 2135//2028 4071//3795
f 4071//3795 2135//2028 613//607 1642//1576
f 2134//2027 4071//3795 1642//1576 612//606
f 147//141 2136//2029 4072//3796 1241//1175
f 2136//2029 423//417 1493//1427 4072//3796
f 4072//3796 1493//1427 424//418 2137//2030
f 1241//1175 4072//3796 2137//2030 150//144
f 151//145 1242//1176 4073//3797 2138//2031
f 1242//1176 152//146 2139//2032 4073//3797
f 4073//3797 2139//2032 617//611 1646//1580
f 2138//2031 4073//3797 1646//1580 616//610
f 152//146 1243//1177 4074//3798 2140//2033
f 1243//1177 153//147 2141//2034 4074//3798
f 4074//3798 2141//2034 452//446 1520//1454
f 2140//2033 4074//3798 1520//1454 451//445
f 153//147 1244//1178 4075//3799 2142//2035
f 1244//1178 154//148 2143//2036 4075//3799
f 4075//3799 2143//2036 621//615 1650//1584
f 2142//2035 4075//3799 1650//1584 620//614
f 151//145 2144//2037 4076//3800 1245//1179
f 2144//2037 435//429 1504//1438 4076//3800
f 4076//3800 1504//1438 436//430 2145//2038
f 1245//1179 4076//3800 2145//2038 154//148
f 155//149 1246//1180 4077//3801 2146//2039
f 1246//1180 156//150 2147//2040 4077//3801
f 4077//3801 2147//2040 627//621 1657//1591
f 2146//2039 4077//3801 1657//1591 624//618
f 156//150 3707//3444 4078//3802 2148//2041
f 3707//3444 1031//978 2815//2652 4078//3802
f 4078//3802 2815//2652 464//458 1532//1466
f 2148//2041 4078//3802 1532//1466 463//457
f 1031//978 3706//3443 4079//3803 2816//2653
f 3706//3443 157//151 2149//2042 4079//3803
f 4079//3803 2149//2042 629//623 1658//1592
f 2816//2653 4079//3803 1658//1592 628//622
f 155//149 2150//2043 4080//3804 1247//1181
f 2150//2043 447//441 1516//1450 4080//3804
f 4080//3804 1516//1450 448//442 2151//2044
f 1247//1181 4080//3804 2151//2044 157//151
f 159//153 3596//3333 4081//3805 1248//1182
f 3596//3333 474//468 1539//1473 4081//3805
f 4081//3805 1539//1473 475//469 3595//3332
f 1248//1182 4081//3805 3595//3332 158//152
f 158//152 2153//2046 4082//3806 1248//1182
f 2153//2046 625//619 1655//1589 4082//3806
f 4082//3806 1655//1589 626//620 2154//2047
f 1248//1182 4082//3806 2154//2047 159//153
f 160//154 2156//2049 4083//3807 1249//1183
f 2156//2049 573//567 1609//1543 4083//3807
f 4083//3807 1609//1543 574//568 2157//2050
f 1249//1183 4083//3807 2157//2050 161//155
f 160//154 1249//1183 4084//3808 3593//3330
f 1249//1183 161//155 3592//3329 4084//3808
f 4084//3808 3592//3329 469//463 1534//1468
f 3593//3330 4084//3808 1534//1468 468//462
f 162//156 1250//1184 4085//3809 2159//2052
f 1250//1184 163//157 2160//2053 4085//3809
f 4085//3809 2160//2053 472//466 1536//1470
f 2159//2052 4085//3809 1536//1470 471//465
f 163//157 1251//1185 4086//3810 2161//2054
f 1251//1185 164//158 2162//2055 4086//3810
f 4086//3810 2162//2055 634//628 1663//1597
f 2161//2054 4086//3810 1663//1597 631//625
f 162//156 2163//2056 4087//3811 1252//1186
f 2163//2056 635//629 3671//3408 4087//3811
f 4087//3811 3671//3408 1035//982 2827//2664
f 1252//1186 4087//3811 2827//2664 164//158
f 165//159 1253//1187 4088//3812 2829//2665
f 1253//1187 166//160 2164//2057 4088//3812
f 4088//3812 2164//2057 477//471 3680//3417
f 2829//2665 4088//3812 3680//3417 1036//983
f 166//160 1254//1188 4089//3813 2165//2058
f 1254//1188 167//161 2166//2059 4089//3813
f 4089//3813 2166//2059 640//634 1668//1602
f 2165//2058 4089//3813 1668//1602 637//631
f 165//159 2167//2060 4090//3814 1255//1189
f 2167//2060 632//626 1661//1595 4090//3814
f 4090//3814 1661//1595 633//627 2168//2061
f 1255//1189 4090//3814 2168//2061 167//161
f 168//162 1256//1190 4091//3815 2169//2062
f 1256//1190 169//163 2170//2063 4091//3815
f 4091//3815 2170//2063 487//481 1546//1480
f 2169//2062 4091//3815 1546//1480 486//480
f 169//163 1257//1191 4092//3816 2171//2064
f 1257//1191 170//164 2172//2065 4092//3816
f 4092//3816 2172//2065 644//638 1672//1606
f 2171//2064 4092//3816 1672//1606 641//635
f 168//162 2173//2066 4093//3817 1258//1192
f 2173//2066 638//632 1666//1600 4093//3817
f 4093//3817 1666//1600 639//633 2174//2067
f 1258//1192 4093//3817 2174//2067 170//164
f 171//165 1259//1193 4094//3818 2175//2068
f 1259//1193 172//166 2176//2069 4094//3818
f 4094//3818 2176//2069 497//491 1553//1487
f 2175//2068 4094//3818 1553//1487 496//490
f 172//166 1260//1194 4095//3819 2177//2070
f 1260//1194 173//167 2178//2071 4095//3819
f 4095//3819 2178//2071 648//642 1676//1610
f 2177//2070 4095//3819 1676//1610 645//639
f 171//165 2179//2072 4096//3820 1261//1195
f 2179//2072 642//636 1670//1604 4096//3820
f 4096//3820 1670//1604 643//637 2180//2073
f 1261//1195 4096//3820 2180//2073 173//167
f 174//168 1262//1196 4097//3821 2181//2074
f 1262//1196 175//169 2864//2690 4097//3821
f 4097//3821 2864//2690 1045//990 3678//3415
f 2181//2074 4097//3821 3678//3415 508//502
f 175//169 1263//1197 4098//3822 2182//2075
f 1263//1197 176//170 2183//2076 4098//3822
f 4098//3822 2183//2076 652//646 1680//1613
f 2182//2075 4098//3822 1680//1613 649//643
f 174//168 2184//2077 4099//3823 1264//1198
f 2184//2077 646//640 1674//1608 4099//3823
f 4099//3823 1674//1608 647//641 2185//2078
f 1264//1198 4099//3823 2185//2078 176//170
f 177//171 1265//1199 4100//3824 2186//2079
f 1265//1199 178//172 2187//2080 4100//3824
f 4100//3824 2187//2080 519//513 1567//1501
f 2186//2079 4100//3824 1567//1501 518//512
f 178//172 1266//1200 4101//3825 2188//2081
f 1266//1200 179//173 2189//2082 4101//3825
f 4101//3825 2189//2082 656//650 1684//1617
f 2188//2081 4101//3825 1684//1617 653//647
f 177//171 2190//2083 4102//3826 1267//1201
f 2190//2083 650//644 1678//1612 4102//3826
f 4102//3826 1678//1612 651//645 2191//2084
f 1267//1201 4102//3826 2191//2084 179//173
f 180//174 2192//2085 4103//3827 1268//1202
f 2192//2085 525//519 1572//1506 4103//3827
f 4103//3827 1572//1506 526//520 2193//2086
f 1268//1202 4103//3827 2193//2086 181//175
f 181//175 2194//2087 4104//3828 1269//1203
f 2194//2087 654//648 1682//1615 4104//3828
f 4104//3828 1682//1615 655//649 2195//2088
f 1269//1203 4104//3828 2195//2088 182//176
f 180//174 1270//1204 4105//3829 2196//2089
f 1270//1204 182//176 2881//2703 4105//3829
f 4105//3829 2881//2703 1050//994 3667//3404
f 2196//2089 4105//3829 3667//3404 657//651
f 183//177 1271//1205 4106//3830 2197//2090
f 1271//1205 184//178 2198//2091 4106//3830
f 4106//3830 2198//2091 538//532 1581//1515
f 2197//2090 4106//3830 1581//1515 537//531
f 184//178 1272//1206 4107//3831 2199//2092
f 1272//1206 185//179 2200//2093 4107//3831
f 4107//3831 2200//2093 663//657 1690//1623
f 2199//2092 4107//3831 1690//1623 660//654
f 183//177 2201//2094 4108//3832 1273//1207
f 2201//2094 658//652 1686//1619 4108//3832
f 4108//3832 1686//1619 659//653 2202//2095
f 1273//1207 4108//3832 2202//2095 185//179
f 186//180 1274//1208 4109//3833 2203//2096
f 1274//1208 187//181 2204//2097 4109//3833
f 4109//3833 2204//2097 549//543 1589//1523
f 2203//2096 4109//3833 1589//1523 548//542
f 187//181 1275//1209 4110//3834 2895//2715
f 1275//1209 188//182 2205//2098 4110//3834
f 4110//3834 2205//2098 666//660 3665//3402
f 2895//2715 4110//3834 3665//3402 1054//998
f 186//180 2206//2099 4111//3835 1276//1210
f 2206//2099 661//655 1688//1621 4111//3835
f 4111//3835 1688//1621 662//656 2207//2100
f 1276//1210 4111//3835 2207//2100 188//182
f 189//183 2208//2101 4112//3836 1277//1211
f 2208//2101 664//658 1691//1624 4112//3836
f 4112//3836 1691//1624 665//659 2209//2102
f 1277//1211 4112//3836 2209//2102 190//184
f 190//184 2907//2726 4113//3837 1278//1212
f 2907//2726 1057//1001 3669//3406 4113//3837
f 4113//3837 3669//3406 636//630 2210//2103
f 1278//1212 4113//3837 2210//2103 191//185
f 189//183 1279//1213 4114//3838 2211//2104
f 1279//1213 191//185 2212//2105 4114//3838
f 4114//3838 2212//2105 559//553 1596//1530
f 2211//2104 4114//3838 1596//1530 558//552
f 192//186 1280//1214 4115//3839 2214//2107
f 1280//1214 193//187 2215//2108 4115//3839
f 4115//3839 2215//2108 619//613 1648//1582
f 2214//2107 4115//3839 1648//1582 618//612
f 192//186 3591//3328 4116//3840 1280//1214
f 3591//3328 482//476 1543//1477 4116//3840
f 4116//3840 1543//1477 483//477 3590//3327
f 1280//1214 4116//3840 3590//3327 193//187
f 194//188 1281//1215 4117//3841 3589//3326
f 1281//1215 195//189 3588//3325 4117//3841
f 4117//3841 3588//3325 610//604 1641//1575
f 3589//3326 4117//3841 1641//1575 611//605
f 195//189 3586//3323 4118//3842 3587//3324
f 501//495 3679//3416 4118//3842 3586//3323
f 500//494 3587//3324 4118//3842 3679//3416
f 194//188 3585//3322 4119//3843 1281//1215
f 3585//3322 492//486 1550//1484 4119//3843
f 4119//3843 1550//1484 493//487 3584//3321
f 1281//1215 4119//3843 3584//3321 195//189
f 196//190 1282//1216 4120//3844 3583//3320
f 1282//1216 197//191 3582//3319 4120//3844
f 4120//3844 3582//3319 605//599 1638//1572
f 3583//3320 4120//3844 1638//1572 606//600
f 196//190 3581//3318 4121//3845 1282//1216
f 3581//3318 503//497 1557//1491 4121//3845
f 4121//3845 1557//1491 504//498 3580//3317
f 1282//1216 4121//3845 3580//3317 197//191
f 198//192 1283//1217 4122//3846 2221//2114
f 1283//1217 199//193 2222//2115 4122//3846
f 4122//3846 2222//2115 600//594 1633//1567
f 2221//2114 4122//3846 1633//1567 599//593
f 198//192 3579//3316 4123//3847 1283//1217
f 3579//3316 514//508 1564//1498 4123//3847
f 4123//3847 1564//1498 515//509 3578//3315
f 1283//1217 4123//3847 3578//3315 199//193
f 200//194 1284//1218 4124//3848 3577//3314
f 1284//1218 201//195 3576//3313 4124//3848
f 4124//3848 3576//3313 593//587 1628//1562
f 3577//3314 4124//3848 1628//1562 594//588
f 200//194 3575//3312 4125//3849 1284//1218
f 3575//3312 528//522 1575//1509 4125//3849
f 4125//3849 1575//1509 529//523 3574//3311
f 1284//1218 4125//3849 3574//3311 201//195
f 203//197 3573//3310 4126//3850 1285//1219
f 3573//3310 534//528 1579//1513 4126//3850
f 4126//3850 1579//1513 535//529 3572//3309
f 1285//1219 4126//3850 3572//3309 202//196
f 202//196 3571//3308 4127//3851 1285//1219
f 3571//3308 587//581 1623//1557 4127//3851
f 4127//3851 1623//1557 588//582 3570//3307
f 1285//1219 4127//3851 3570//3307 203//197
f 205//199 3568//3305 4128//3852 1286//1220
f 3568//3305 544//538 1586//1520 4128//3852
f 4128//3852 1586//1520 545//539 3567//3304
f 1286//1220 4128//3852 3567//3304 204//198
f 204//198 2228//2121 4129//3853 1286//1220
f 2228//2121 580//574 1616//1550 4129//3853
f 4129//3853 1616//1550 581//575 2229//2122
f 1286//1220 4129//3853 2229//2122 205//199
f 207//201 3566//3303 4130//3854 1287//1221
f 3566//3303 554//548 1593//1527 4130//3854
f 4130//3854 1593//1527 555//549 3565//3302
f 1287//1221 4130//3854 3565//3302 206//200
f 206//200 2232//2125 4131//3855 1287//1221
f 2232//2125 564//558 1600//1534 4131//3855
f 4131//3855 1600//1534 565//559 2233//2126
f 1287//1221 4131//3855 2233//2126 207//201
f 208//202 1288//1222 4132//3856 2235//2128
f 1288//1222 209//203 2236//2129 4132//3856
f 4132//3856 2236//2129 570//564 1605//1539
f 2235//2128 4132//3856 1605//1539 569//563
f 209//203 1289//1223 4133//3857 2237//2130
f 1289//1223 210//204 2238//2131 4133//3857
f 4133//3857 2238//2131 670//664 1696//1629
f 2237//2130 4133//3857 1696//1629 667//661
f 208//202 2239//2132 4134//3858 1290//1224
f 2239//2132 671//665 3662//3399 4134//3858
f 4134//3858 3662//3399 1059//1003 2914//2732
f 1290//1224 4134//3858 2914//2732 210//204
f 211//205 2240//2133 4135//3859 1291//1225
f 2240//2133 577//571 1613//1547 4135//3859
f 4135//3859 1613//1547 578//572 2241//2134
f 1291//1225 4135//3859 2241//2134 212//206
f 212//206 2242//2135 4136//3860 1292//1226
f 2242//2135 673//667 1701//1634 4136//3860
f 4136//3860 1701//1634 676//670 2243//2136
f 1292//1226 4136//3860 2243//2136 213//207
f 211//205 1293//1227 4137//3861 2244//2137
f 1293//1227 213//207 2924//2739 4137//3861
f 4137//3861 2924//2739 1062//1006 3664//3401
f 2244//2137 4137//3861 3664//3401 672//666
f 214//208 1294//1228 4138//3862 2245//2138
f 1294//1228 215//209 2246//2139 4138//3862
f 4138//3862 2246//2139 586//580 1621//1555
f 2245//2138 4138//3862 1621//1555 585//579
f 215//209 1295//1229 4139//3863 2247//2140
f 1295//1229 216//210 2248//2141 4139//3863
f 4139//3863 2248//2141 680//674 1705//1638
f 2247//2140 4139//3863 1705//1638 677//671
f 214//208 2249//2142 4140//3864 1296//1230
f 2249//2142 668//662 1694//1627 4140//3864
f 4140//3864 1694//1627 669//663 2250//2143
f 1296//1230 4140//3864 2250//2143 216//210
f 217//211 1297//1231 4141//3865 2251//2144
f 1297//1231 218//212 2252//2145 4141//3865
f 4141//3865 2252//2145 592//586 1626//1560
f 2251//2144 4141//3865 1626//1560 591//585
f 218//212 1298//1232 4142//3866 2253//2146
f 1298//1232 219//213 2254//2147 4142//3866
f 4142//3866 2254//2147 683//677 1707//1640
f 2253//2146 4142//3866 1707//1640 681//675
f 217//211 2255//2148 4143//3867 1299//1233
f 2255//2148 678//672 1703//1636 4143//3867
f 4143//3867 1703//1636 679//673 2256//2149
f 1299//1233 4143//3867 2256//2149 219//213
f 220//214 1300//1234 4144//3868 2257//2150
f 1300//1234 221//215 2258//2151 4144//3868
f 4144//3868 2258//2151 598//592 1631//1565
f 2257//2150 4144//3868 1631//1565 597//591
f 221//215 1301//1235 4145//3869 2259//2152
f 1301//1235 222//216 2260//2153 4145//3869
f 4145//3869 2260//2153 687//681 1711//1644
f 2259//2152 4145//3869 1711//1644 684//678
f 220//214 2261//2154 4146//3870 1302//1236
f 2261//2154 682//676 3661//3398 4146//3870
f 4146//3870 3661//3398 1068//1011 2948//2757
f 1302//1236 4146//3870 2948//2757 222//216
f 223//217 1303//1237 4147//3871 2262//2155
f 1303//1237 224//218 2263//2156 4147//3871
f 4147//3871 2263//2156 604//598 1636//1570
f 2262//2155 4147//3871 1636//1570 603//597
f 224//218 1304//1238 4148//3872 2264//2157
f 1304//1238 225//219 2265//2158 4148//3872
f 4148//3872 2265//2158 691//685 1715//1648
f 2264//2157 4148//3872 1715//1648 688//682
f 223//217 2266//2159 4149//3873 1305//1239
f 2266//2159 685//679 1709//1642 4149//3873
f 4149//3873 1709//1642 686//680 2267//2160
f 1305//1239 4149//3873 2267//2160 225//219
f 226//220 1306//1240 4150//3874 2958//2765
f 1306//1240 227//221 2268//2161 4150//3874
f 4150//3874 2268//2161 609//603 3673//3410
f 2958//2765 4150//3874 3673//3410 1071//1014
f 227//221 1307//1241 4151//3875 2269//2162
f 1307//1241 228//222 2270//2163 4151//3875
f 4151//3875 2270//2163 695//688 1719//1652
f 2269//2162 4151//3875 1719//1652 692//686
f 226//220 2271//2164 4152//3876 1308//1242
f 2271//2164 689//683 1713//1646 4152//3876
f 4152//3876 1713//1646 690//684 2272//2165
f 1308//1242 4152//3876 2272//2165 228//222
f 229//223 1309//1243 4153//3877 2273//2166
f 1309//1243 230//224 2274//2167 4153//3877
f 4153//3877 2274//2167 615//609 1644//1578
f 2273//2166 4153//3877 1644//1578 614//608
f 230//224 1310//1244 4154//3878 2275//2168
f 1310//1244 231//225 2276//2169 4154//3878
f 4154//3878 2276//2169 699//692 1723//1656
f 2275//2168 4154//3878 1723//1656 696//689
f 229//223 2277//2170 4155//3879 1311//1245
f 2277//2170 693//687 1717//1650 4155//3879
f 4155//3879 1717//1650 694//685 2278//2171
f 1311//1245 4155//3879 2278//2171 231//225
f 232//226 1312//1246 4156//3880 2279//2172
f 1312//1246 233//227 2280//2173 4156//3880
f 4156//3880 2280//2173 623//617 1652//1586
f 2279//2172 4156//3880 1652//1586 622//616
f 233//227 1313//1247 4157//3881 2281//2174
f 1313//1247 234//228 2282//2175 4157//3881
f 4157//3881 2282//2175 703//696 1727//1660
f 2281//2174 4157//3881 1727//1660 700//693
f 232//226 2283//2176 4158//3882 1314//1248
f 2283//2176 697//690 1721//1654 4158//3882
f 4158//3882 1721//1654 698//691 2284//2177
f 1314//1248 4158//3882 2284//2177 234//228
f 235//229 1315//1249 4159//3883 2285//2178
f 1315//1249 236//230 2996//2789 4159//3883
f 4159//3883 2996//2789 1081//1021 3672//3409
f 2285//2178 4159//3883 3672//3409 630//624
f 236//230 1316//1250 4160//3884 2286//2179
f 1316//1250 237//231 2287//2180 4160//3884
f 4160//3884 2287//2180 675//669 1699//1632
f 2286//2179 4160//3884 1699//1632 674//668
f 235//229 2288//2181 4161//3885 1317//1251
f 2288//2181 701//694 1725//1658 4161//3885
f 4161//3885 1725//1658 702//695 2289//2182
f 1317//1251 4161//3885 2289//2182 237//231
f 239//233 2290//2183 4162//3886 1319//1253
f 2290//2183 704//697 3659//3396 4162//3886
f 4162//3886 3659//3396 705//698 3564//3301
f 1319//1253 4162//3886 3564//3301 240//234
f 238//232 1321//1255 4163//3887 2291//2184
f 1321//1255 241//235 2292//2185 4163//3887
f 4163//3887 2292//2185 708//701 1729//1662
f 2291//2184 4163//3887 1729//1662 706//699
f 243//237 2293//2186 4164//3888 1323//1257
f 2293//2186 706//699 3658//3395 4164//3888
f 4164//3888 3658//3395 707//700 3563//3300
f 1323//1257 4164//3888 3563//3300 244//238
f 242//236 1325//1259 4165//3889 3562//3299
f 1325//1259 245//239 2686//2523 4165//3889
f 4165//3889 2686//2523 996//943 3657//3394
f 3562//3299 4165//3889 3657//3394 709//702
f 246//240 1326//1260 4166//3890 2294//2187
f 1326//1260 247//241 3561//3298 4166//3890
f 4166//3890 3561//3298 705//698 3659//3396
f 2294//2187 4166//3890 3659//3396 704//697
f 982//929 3275//3026 4167//3891 3704//3441
f 710//703 2295//2188 4167//3891 3275//3026
f 248//242 3704//3441 4167//3891 2295//2188
f 250//244 2296//2189 4168//3892 1329//1263
f 2296//2189 714//707 1730//1663 4168//3892
f 4168//3892 1730//1663 715//708 2297//2190
f 1329//1263 4168//3892 2297//2190 251//245
f 249//243 1331//1265 4169//3893 2298//2191
f 1331//1265 252//246 2299//2192 4169//3893
f 4169//3893 2299//2192 719//712 1733//1666
f 2298//2191 4169//3893 1733//1666 717//710
f 254//248 2300//2193 4170//3894 1333//1267
f 2300//2193 717//710 3655//3392 4170//3894
f 4170//3894 3655//3392 718//711 3560//3297
f 1333//1267 4170//3894 3560//3297 255//249
f 253//247 1335//1269 4171//3895 3559//3296
f 256//250 2301//2194 4171//3895 1335//1269
f 720//713 3559//3296 4171//3895 2301//2194
f 258//252 1337//1271 4172//3896 2302//2195
f 1337//1271 259//253 3558//3295 4172//3896
f 4172//3896 3558//3295 716//709 3656//3393
f 2302//2195 4172//3896 3656//3393 714//707
f 257//251 3272//3023 4173//3897 1339//1273
f 721//714 2303//2196 4173//3897 3272//3023
f 260//254 1339//1273 4173//3897 2303//2196
f 268//262 2307//2200 4174//3898 3702//3439
f 2307//2200 725//718 1735//1668 4174//3898
f 4174//3898 1735//1668 727//720 3557//3294
f 3702//3439 4174//3898 3557//3294 262//256
f 261//255 1341//1275 4175//3899 2304//2197
f 1341//1275 263//257 2305//2198 4175//3899
f 4175//3899 2305//2198 730//723 1737//1670
f 2304//2197 4175//3899 1737//1670 728//721
f 264//258 2306//2199 4176//3900 1342//1276
f 2306//2199 728//721 3654//3391 4176//3900
f 4176//3900 3654//3391 729//722 3556//3293
f 1342//1276 4176//3900 3556//3293 265//259
f 983//930 3700//3437 4177//3901 3271//3022
f 266//260 3555//3292 4177//3901 3700//3437
f 731//724 3271//3022 4177//3901 3555//3292
f 268//262 1345//1279 4178//3902 2307//2200
f 1345//1279 269//263 2308//2201 4178//3902
f 4178//3902 2308//2201 727//720 1735//1668
f 2307//2200 4178//3902 1735//1668 725//718
f 267//261 3554//3291 4179//3903 1347//1281
f 732//725 2309//2202 4179//3903 3554//3291
f 270//264 1347//1281 4179//3903 2309//2202
f 272//266 2310//2203 4180//3904 1349//1283
f 2310//2203 736//729 1738//1671 4180//3904
f 4180//3904 1738//1671 737//730 2311//2204
f 1349//1283 4180//3904 2311//2204 273//267
f 271//265 1351//1285 4181//3905 2312//2205
f 1351//1285 274//268 2313//2206 4181//3905
f 4181//3905 2313//2206 742//735 1743//1676
f 2312//2205 4181//3905 1743//1676 740//733
f 276//270 2314//2207 4182//3906 1353//1287
f 2314//2207 740//733 3653//3390 4182//3906
f 4182//3906 3653//3390 741//734 3553//3290
f 1353//1287 4182//3906 3553//3290 277//271
f 275//269 1355//1289 4183//3907 2315//2208
f 278//272 3552//3289 4183//3907 1355//1289
f 743//736 2315//2208 4183//3907 3552//3289
f 280//274 1357//1291 4184//3908 2316//2209
f 1357//1291 281//275 2317//2210 4184//3908
f 4184//3908 2317//2210 739//732 1741//1674
f 2316//2209 4184//3908 1741//1674 736//729
f 279//273 3551//3288 4185//3909 1359//1293
f 744//737 2318//2211 4185//3909 3551//3288
f 282//276 1359//1293 4185//3909 2318//2211
f 284//278 2319//2212 4186//3910 1361//1295
f 2319//2212 748//741 1744//1677 4186//3910
f 4186//3910 1744//1677 749//742 2320//2213
f 1361//1295 4186//3910 2320//2213 285//279
f 283//277 1363//1297 4187//3911 2321//2214
f 1363//1297 286//280 2322//2215 4187//3911
f 4187//3911 2322//2215 754//747 1749//1682
f 2321//2214 4187//3911 1749//1682 751//744
f 288//282 2323//2216 4188//3912 1365//1299
f 2323//2216 751//744 1746//1679 4188//3912
f 4188//3912 1746//1679 752//745 2324//2217
f 1365//1299 4188//3912 2324//2217 289//283
f 284//278 3698//3435 4189//3913 2319//2212
f 3698//3435 292//286 3550//3287 4189//3913
f 4189//3913 3550//3287 749//742 1744//1677
f 2319//2212 4189//3913 1744//1677 748//741
f 291//285 2325//2218 4190//3914 1369//1303
f 755//748 3549//3286 4190//3914 2325//2218
f 293//287 1369//1303 4190//3914 3549//3286
f 295//289 2326//2219 4191//3915 1371//1305
f 2326//2219 759//752 1750//1683 4191//3915
f 4191//3915 1750//1683 760//753 2327//2220
f 1371//1305 4191//3915 2327//2220 296//290
f 294//288 1373//1307 4192//3916 2328//2221
f 1373//1307 297//291 3548//3285 4192//3916
f 4192//3916 3548//3285 765//758 3652//3389
f 2328//2221 4192//3916 3652//3389 763//756
f 299//293 2329//2222 4193//3917 1375//1309
f 2329//2222 763//756 1754//1687 4193//3917
f 4193//3917 1754//1687 764//757 2330//2223
f 1375//1309 4193//3917 2330//2223 300//294
f 298//292 1377//1311 4194//3918 3547//3284
f 1377//1311 301//295 2331//2224 4194//3918
f 4194//3918 2331//2224 766//759 3350//3093
f 3547//3284 4194//3918 3350//3093 767//760
f 303//297 1379//1313 4195//3919 2332//2225
f 1379//1313 304//298 2333//2226 4195//3919
f 4195//3919 2333//2226 762//755 1753//1686
f 2332//2225 4195//3919 1753//1686 759//752
f 302//296 3265//3016 4196//3920 1381//1315
f 767//760 2334//2227 4196//3920 3265//3016
f 305//299 1381//1315 4196//3920 2334//2227
f 307//301 2335//2228 4197//3921 1383//1317
f 2335//2228 771//764 1756//1689 4197//3921
f 4197//3921 1756//1689 772//765 2336//2229
f 1383//1317 4197//3921 2336//2229 308//302
f 306//300 1385//1319 4198//3922 2337//2230
f 1385//1319 309//303 2338//2231 4198//3922
f 4198//3922 2338//2231 777//770 1761//1694
f 2337//2230 4198//3922 1761//1694 774//767
f 311//305 1387//1321 4199//3923 3546//3283
f 312//306 2339//2232 4199//3923 1387//1321
f 778//771 3546//3283 4199//3923 2339//2232
f 310//304 2340//2233 4200//3924 1389//1323
f 2340//2233 774//767 1758//1691 4200//3924
f 4200//3924 1758//1691 775//768 2341//2234
f 1389//1323 4200//3924 2341//2234 313//307
f 985//932 2651//2488 4201//3925 3697//3434
f 779//772 3545//3282 4201//3925 2651//2488
f 314//308 3697//3434 4201//3925 3545//3282
f 315//309 3544//3281 4202//3926 1391//1325
f 3544//3281 773//766 3651//3388 4202//3926
f 4202//3926 3651//3388 771//764 2342//2235
f 1391//1325 4202//3926 2342//2235 316//310
f 317//311 2343//2236 4203//3927 1392//1326
f 2343//2236 784//777 1763//1696 4203//3927
f 4203//3927 1763//1696 785//778 2344//2237
f 1392//1326 4203//3927 2344//2237 318//312
f 319//313 3543//3280 4204//3928 1394//1328
f 3543//3280 788//781 1765//1698 4204//3928
f 4204//3928 1765//1698 787//780 2345//2238
f 1394//1328 4204//3928 2345//2238 320//314
f 321//315 2346//2239 4205//3929 1396//1330
f 2346//2239 787//780 1765//1698 4205//3929
f 4205//3929 1765//1698 788//781 2347//2240
f 1396//1330 4205//3929 2347//2240 322//316
f 323//317 2348//2241 4206//3930 1398//1332
f 790//783 3542//3279 4206//3930 2348//2241
f 324//318 1398//1332 4206//3930 3542//3279
f 325//319 1400//1334 4207//3931 2349//2242
f 1400//1334 326//320 3541//3278 4207//3931
f 4207//3931 3541//3278 786//779 3650//3387
f 2349//2242 4207//3931 3650//3387 784//777
f 327//321 1402//1336 4208//3932 3540//3277
f 328//322 2350//2243 4208//3932 1402//1336
f 791//784 3540//3277 4208//3932 2350//2243
f 329//323 2351//2244 4209//3933 1404//1338
f 2351//2244 795//788 1767//1700 4209//3933
f 4209//3933 1767//1700 796//789 2352//2245
f 1404//1338 4209//3933 2352//2245 330//324
f 331//325 2354//2247 4210//3934 1406//1340
f 2354//2247 800//793 1770//1703 4210//3934
f 4210//3934 1770//1703 798//791 2353//2246
f 1406//1340 4210//3934 2353//2246 332//326
f 333//327 2355//2248 4211//3935 1408//1342
f 2355//2248 798//791 3648//3385 4211//3935
f 4211//3935 3648//3385 799//792 3539//3276
f 1408//1342 4211//3935 3539//3276 334//328
f 335//329 2356//2249 4212//3936 1410//1344
f 801//794 3538//3275 4212//3936 2356//2249
f 336//330 1410//1344 4212//3936 3538//3275
f 337//331 1412//1346 4213//3937 2357//2250
f 1412//1346 338//332 3537//3274 4213//3937
f 4213//3937 3537//3274 797//790 3649//3386
f 2357//2250 4213//3937 3649//3386 795//788
f 339//333 1414//1348 4214//3938 3535//3272
f 340//334 3536//3273 4214//3938 1414//1348
f 802//795 3535//3272 4214//3938 3536//3273
f 341//335 2358//2251 4215//3939 1416//1350
f 2358//2251 806//799 1771//1704 4215//3939
f 4215//3939 1771//1704 807//800 2359//2252
f 1416//1350 4215//3939 2359//2252 342//336
f 343//337 2361//2254 4216//3940 1418//1352
f 2361//2254 811//804 1774//1707 4216//3940
f 4216//3940 1774//1707 809//802 2360//2253
f 1418//1352 4216//3940 2360//2253 344//338
f 345//339 2362//2255 4217//3941 1420//1354
f 2362//2255 809//802 3646//3383 4217//3941
f 4217//3941 3646//3383 810//803 3534//3271
f 1420//1354 4217//3941 3534//3271 346//340
f 347//341 3533//3270 4218//3942 3695//3432
f 812//805 2661//2498 4218//3942 3533//3270
f 988//935 3695//3432 4218//3942 2661//2498
f 348//342 1422//1356 4219//3943 2363//2256
f 1422//1356 349//343 3532//3269 4219//3943
f 4219//3943 3532//3269 808//801 3647//3384
f 2363//2256 4219//3943 3647//3384 806//799
f 350//344 1424//1358 4220//3944 3530//3267
f 351//345 3531//3268 4220//3944 1424//1358
f 813//806 3530//3267 4220//3944 3531//3268
f 352//346 1426//1360 4221//3945 2364//2257
f 1426//1360 353//347 2365//2258 4221//3945
f 4221//3945 2365//2258 818//811 1775//1708
f 2364//2257 4221//3945 1775//1708 817//810
f 354//348 1428//1362 4222//3946 2367//2260
f 1428//1362 355//349 2366//2259 4222//3946
f 4222//3946 2366//2259 821//814 1782//1715
f 2367//2260 4222//3946 1782//1715 824//817
f 356//350 1430//1364 4223//3947 2368//2261
f 1430//1364 357//351 2369//2262 4223//3947
f 4223//3947 2369//2262 822//815 1779//1712
f 2368//2261 4223//3947 1779//1712 821//814
f 989//936 3259//3010 4224//3948 3692//3429
f 825//818 2370//2263 4224//3948 3259//3010
f 358//352 3692//3429 4224//3948 2370//2263
f 360//354 2371//2264 4225//3949 1433//1367
f 2371//2264 817//810 1778//1711 4225//3949
f 4225//3949 1778//1711 820//813 2372//2265
f 1433//1367 4225//3949 2372//2265 361//355
f 359//353 1435//1369 4226//3950 3528//3265
f 362//356 3529//3266 4226//3950 1435//1369
f 826//819 3528//3265 4226//3950 3529//3266
f 364//358 1437//1371 4227//3951 2373//2266
f 1437//1371 365//359 2374//2267 4227//3951
f 4227//3951 2374//2267 832//825 1784//1717
f 2373//2266 4227//3951 1784//1717 831//824
f 363//357 2375//2268 4228//3952 1439//1373
f 2375//2268 834//827 1789//1722 4228//3952
f 4228//3952 1789//1722 837//830 2376//2269
f 1439//1373 4228//3952 2376//2269 366//360
f 368//362 1441//1375 4229//3953 2377//2270
f 1441//1375 369//363 2378//2271 4229//3953
f 4229//3953 2378//2271 835//828 1786//1719
f 2377//2270 4229//3953 1786//1719 834//827
f 367//361 3527//3264 4230//3954 1443//1377
f 838//831 2379//2272 4230//3954 3527//3264
f 370//364 1443//1377 4230//3954 2379//2272
f 371//365 2380//2273 4231//3955 1444//1378
f 2380//2273 831//824 1784//1717 4231//3955
f 4231//3955 1784//1717 832//825 3526//3263
f 1444//1378 4231//3955 3526//3263 372//366
f 990//937 3690//3427 4232//3956 3256//3007
f 373//367 3525//3262 4232//3956 3690//3427
f 839//832 3256//3007 4232//3956 3525//3262
f 375//369 1447//1381 4233//3957 2381//2274
f 1447//1381 376//370 2382//2275 4233//3957
f 4233//3957 2382//2275 844//837 1790//1723
f 2381//2274 4233//3957 1790//1723 843//836
f 374//368 2383//2276 4234//3958 1449//1383
f 2383//2276 847//840 1795//1728 4234//3958
f 4234//3958 1795//1728 849//842 2384//2277
f 1449//1383 4234//3958 2384//2277 377//371
f 379//373 1451//1385 4235//3959 2385//2278
f 1451//1385 380//374 2386//2279 4235//3959
f 4235//3959 2386//2279 848//841 1794//1727
f 2385//2278 4235//3959 1794//1727 847//840
f 378//372 2387//2280 4236//3960 1453//1387
f 850//843 3524//3261 4236//3960 2387//2280
f 381//375 1453//1387 4236//3960 3524//3261
f 383//377 2388//2281 4237//3961 1455//1389
f 2388//2281 843//836 1793//1726 4237//3961
f 4237//3961 1793//1726 846//839 2389//2282
f 1455//1389 4237//3961 2389//2282 384//378
f 382//376 1457//1391 4238//3962 3523//3260
f 385//379 3522//3259 4238//3962 1457//1391
f 851//844 3523//3260 4238//3962 3522//3259
f 387//381 1459//1393 4239//3963 2390//2283
f 1459//1393 388//382 2391//2284 4239//3963
f 4239//3963 2391//2284 856//849 1796//1729
f 2390//2283 4239//3963 1796//1729 855//848
f 386//380 2392//2285 4240//3964 1461//1395
f 2392//2285 858//851 1799//1732 4240//3964
f 4240//3964 1799//1732 860//853 2393//2286
f 1461//1395 4240//3964 2393//2286 389//383
f 390//384 1462//1396 4241//3965 2394//2287
f 1462//1396 391//385 2395//2288 4241//3965
f 4241//3965 2395//2288 859//852 1798//1731
f 2394//2287 4241//3965 1798//1731 858//851
f 392//386 1464//1398 4242//3966 2396//2289
f 393//387 3253//3004 4242//3966 1464//1398
f 861//854 2396//2289 4242//3966 3253//3004
f 395//389 2397//2290 4243//3967 1467//1401
f 2397//2290 855//848 1796//1729 4243//3967
f 4243//3967 1796//1729 856//849 3521//3258
f 1467//1401 4243//3967 3521//3258 396//390
f 394//388 1469//1403 4244//3968 2398//2291
f 397//391 3520//3257 4244//3968 1469//1403
f 862//855 2398//2291 4244//3968 3520//3257
f 398//392 1470//1404 4245//3969 2399//2292
f 1470//1404 399//393 2400//2293 4245//3969
f 4245//3969 2400//2293 867//860 1800//1733
f 2399//2292 4245//3969 1800//1733 866//859
f 400//394 3689//3426 4246//3970 3519//3256
f 3689//3426 401//395 2401//2294 4246//3970
f 4246//3970 2401//2294 869//862 1802//1735
f 3519//3256 4246//3970 1802//1735 870//863
f 401//395 1472//1406 4247//3971 2401//2294
f 1472//1406 402//396 2402//2295 4247//3971
f 4247//3971 2402//2295 870//863 1802//1735
f 2401//2294 4247//3971 1802//1735 869//862
f 403//397 1474//1408 4248//3972 3518//3255
f 404//398 2403//2296 4248//3972 1474//1408
f 871//864 3518//3255 4248//3972 2403//2296
f 405//399 2404//2297 4249//3973 1476//1410
f 2404//2297 866//859 1801//1734 4249//3973
f 4249//3973 1801//1734 868//861 2405//2298
f 1476//1410 4249//3973 2405//2298 406//400
f 407//401 3517//3254 4250//3974 1478//1412
f 871//864 3250//3001 4250//3974 3517//3254
f 408//402 1478//1412 4250//3974 3250//3001
f 409//403 1480//1414 4251//3975 2406//2299
f 1480//1414 410//404 3516//3253 4251//3975
f 4251//3975 3516//3253 876//869 1803//1736
f 2406//2299 4251//3975 1803//1736 875//868
f 411//405 1482//1416 4252//3976 2408//2301
f 1482//1416 412//406 2407//2300 4252//3976
f 4252//3976 2407//2300 877//870 1805//1738
f 2408//2301 4252//3976 1805//1738 879//872
f 413//407 1484//1418 4253//3977 2409//2302
f 1484//1418 414//408 2410//2303 4253//3977
f 4253//3977 2410//2303 878//871 1804//1737
f 2409//2302 4253//3977 1804//1737 877//870
f 415//409 2411//2304 4254//3978 1485//1419
f 2411//2304 875//868 1803//1736 4254//3978
f 4254//3978 1803//1736 876//869 2412//2305
f 1485//1419 4254//3978 2412//2305 416//410
f 417//411 2786//2623 4255//3979 1487//1421
f 2786//2623 1023//970 3641//3378 4255//3979
f 4255//3979 3641//3378 881//874 2413//2306
f 1487//1421 4255//3979 2413//2306 418//412
f 419//413 1489//1423 4256//3980 2414//2307
f 1489//1423 420//414 2415//2308 4256//3980
f 4256//3980 2415//2308 886//879 1806//1739
f 2414//2307 4256//3980 1806//1739 885//878
f 421//415 1491//1425 4257//3981 2417//2310
f 1491//1425 422//416 2416//2309 4257//3981
f 4257//3981 2416//2309 888//881 1809//1742
f 2417//2310 4257//3981 1809//1742 890//883
f 422//416 3685//3422 4258//3982 2416//2309
f 3685//3422 423//417 3515//3252 4258//3982
f 4258//3982 3515//3252 890//883 1809//1742
f 2416//2309 4258//3982 1809//1742 888//881
f 424//418 1494//1428 4259//3983 3514//3251
f 425//419 2418//2311 4259//3983 1494//1428
f 891//884 3514//3251 4259//3983 2418//2311
f 426//420 2419//2312 4260//3984 1495//1429
f 2419//2312 885//878 1807//1740 4260//3984
f 4260//3984 1807//1740 887//880 2420//2313
f 1495//1429 4260//3984 2420//2313 427//421
f 428//422 3513//3250 4261//3985 1497//1431
f 892//885 3247//2998 4261//3985 3513//3250
f 429//423 1497//1431 4261//3985 3247//2998
f 430//424 1499//1433 4262//3986 2421//2314
f 1499//1433 431//425 2422//2315 4262//3986
f 4262//3986 2422//2315 897//890 1810//1743
f 2421//2314 4262//3986 1810//1743 896//889
f 432//426 1501//1435 4263//3987 2424//2317
f 1501//1435 433//427 2423//2316 4263//3987
f 4263//3987 2423//2316 899//892 1815//1748
f 2424//2317 4263//3987 1815//1748 902//895
f 434//428 1503//1437 4264//3988 2425//2318
f 1503//1437 435//429 2426//2319 4264//3988
f 4264//3988 2426//2319 900//893 1812//1745
f 2425//2318 4264//3988 1812//1745 899//892
f 436//430 1505//1439 4265//3989 3512//3249
f 437//431 2427//2320 4265//3989 1505//1439
f 903//896 3512//3249 4265//3989 2427//2320
f 438//432 2428//2321 4266//3990 1507//1441
f 2428//2321 896//889 1811//1744 4266//3990
f 4266//3990 1811//1744 898//891 2429//2322
f 1507//1441 4266//3990 2429//2322 439//433
f 440//434 2430//2323 4267//3991 1509//1443
f 904//897 3511//3248 4267//3991 2430//2323
f 441//435 1509//1443 4267//3991 3511//3248
f 442//436 1511//1445 4268//3992 2431//2324
f 1511//1445 443//437 2432//2325 4268//3992
f 4268//3992 2432//2325 909//902 1816//1749
f 2431//2324 4268//3992 1816//1749 908//901
f 444//438 1513//1447 4269//3993 3510//3247
f 1513//1447 445//439 2433//2326 4269//3993
f 4269//3993 2433//2326 912//905 1820//1753
f 3510//3247 4269//3993 1820//1753 913//906
f 446//440 1515//1449 4270//3994 2434//2327
f 1515//1449 447//441 2435//2328 4270//3994
f 4270//3994 2435//2328 913//906 1820//1753
f 2434//2327 4270//3994 1820//1753 912//905
f 448//442 1517//1451 4271//3995 3509//3246
f 449//443 2436//2329 4271//3995 1517//1451
f 915//908 3509//3246 4271//3995 2436//2329
f 450//444 2437//2330 4272//3996 1519//1453
f 2437//2330 908//901 1819//1752 4272//3996
f 4272//3996 1819//1752 911//904 2438//2331
f 1519//1453 4272//3996 2438//2331 451//445
f 452//446 3508//3245 4273//3997 1521//1455
f 916//909 3243//2994 4273//3997 3508//3245
f 453//447 1521//1455 4273//3997 3243//2994
f 454//448 1523//1457 4274//3998 2439//2332
f 1523//1457 455//449 2440//2333 4274//3998
f 4274//3998 2440//2333 922//915 1823//1756
f 2439//2332 4274//3998 1823//1756 921//914
f 456//450 1525//1459 4275//3999 2442//2335
f 1525//1459 457//451 2441//2334 4275//3999
f 4275//3999 2441//2334 924//917 1828//1761
f 2442//2335 4275//3999 1828//1761 927//920
f 458//452 1527//1461 4276//4000 2443//2336
f 1527//1461 459//453 2444//2337 4276//4000
f 4276//4000 2444//2337 925//918 1825//1758
f 2443//2336 4276//4000 1825//1758 924//917
f 460//454 1529//1463 4277//4001 2758//2595
f 1529//1463 461//455 3507//3244 4277//4001
f 4277//4001 3507//3244 928//921 3637//3374
f 2758//2595 4277//4001 3637//3374 1015//962
f 462//456 2445//2338 4278//4002 1531//1465
f 2445//2338 921//914 1824//1757 4278//4002
f 4278//4002 1824//1757 923//916 2446//2339
f 1531//1465 4278//4002 2446//2339 463//457
f 464//458 3506//3243 4279//4003 3683//3420
f 929//922 2680//2517 4279//4003 3506//3243
f 994//941 3683//3420 4279//4003 2680//2517
f 466//460 1533//1467 4280//4004 3503//3240
f 1533//1467 467//461 3504//3241 4280//4004
f 4280//4004 3504//3241 707//700 1728//1661
f 3503//3240 4280//4004 1728//1661 708//701
f 466//460 2449//2342 4281//4005 1533//1467
f 2449//2342 927//920 1827//1760 4281//4005
f 4281//4005 1827//1760 926//919 2448//2341
f 1533//1467 4281//4005 2448//2341 467//461
f 470//464 3502//3239 4282//4006 1535//1469
f 814//807 2452//2345 4282//4006 3502//3239
f 471//465 1535//1469 4282//4006 2452//2345
f 472//466 3501//3238 4283//4007 1537//1471
f 711//704 2453//2346 4283//4007 3501//3238
f 473//467 1537//1471 4283//4007 2453//2346
f 476//470 1540//1474 4284//4008 3498//3235
f 477//471 2454//2347 4284//4008 1540//1474
f 722//715 3498//3235 4284//4008 2454//2347
f 479//473 3497//3234 4285//4009 1541//1475
f 3497//3234 715//708 1731//1664 4285//4009
f 4285//4009 1731//1664 716//709 3496//3233
f 1541//1475 4285//4009 3496//3233 478//472
f 478//472 2456//2349 4286//4010 1541//1475
f 2456//2349 910//903 1817//1750 4286//4010
f 4286//4010 1817//1750 909//902 2455//2348
f 1541//1475 4286//4010 2455//2348 479//473
f 480//474 1542//1476 4287//4011 3494//3231
f 1542//1476 481//475 3495//3232 4287//4011
f 4287//4011 3495//3232 718//711 1732//1665
f 3494//3231 4287//4011 1732//1665 719//712
f 480//474 3493//3230 4288//4012 1542//1476
f 3493//3230 913//906 1821//1754 4288//4012
f 4288//4012 1821//1754 914//907 2457//2350
f 1542//1476 4288//4012 2457//2350 481//475
f 485//479 2460//2353 4289//4013 1545//1479
f 723//716 3492//3229 4289//4013 2460//2353
f 486//480 1545//1479 4289//4013 3492//3229
f 484//478 1547//1481 4290//4014 3490//3227
f 487//481 3491//3228 4290//4014 1547//1481
f 733//726 3490//3227 4290//4014 3491//3228
f 489//483 3489//3226 4291//4015 1548//1482
f 3489//3226 727//720 1734//1667 4291//4015
f 4291//4015 1734//1667 726//719 3488//3225
f 1548//1482 4291//4015 3488//3225 488//482
f 488//482 3487//3224 4292//4016 1548//1482
f 3487//3224 898//891 3639//3376 4292//4016
f 4292//4016 3639//3376 897//890 2461//2354
f 1548//1482 4292//4016 2461//2354 489//483
f 490//484 2463//2356 4293//4017 1549//1483
f 2463//2356 902//895 1814//1747 4293//4017
f 4293//4017 1814//1747 901//894 2462//2355
f 1549//1483 4293//4017 2462//2355 491//485
f 491//485 3486//3223 4294//4018 1549//1483
f 3486//3223 729//722 1736//1669 4294//4018
f 4294//4018 1736//1669 730//723 3485//3222
f 1549//1483 4294//4018 3485//3222 490//484
f 492//486 2464//2357 4295//4019 3484//3221
f 726//719 1734//1667 4295//4019 2464//2357
f 727//720 3484//3221 4295//4019 1734//1667
f 495//489 2466//2359 4296//4020 1552//1486
f 734//727 3483//3220 4296//4020 2466//2359
f 496//490 1552//1486 4296//4020 3483//3220
f 494//488 1554//1488 4297//4021 3481//3218
f 497//491 3482//3219 4297//4021 1554//1488
f 745//738 3481//3218 4297//4021 3482//3219
f 499//493 3480//3217 4298//4022 1555//1489
f 3480//3217 737//730 1739//1672 4298//4022
f 4298//4022 1739//1672 738//731 3479//3216
f 1555//1489 4298//4022 3479//3216 498//492
f 498//492 3478//3215 4299//4023 1555//1489
f 3478//3215 887//880 3640//3377 4299//4023
f 4299//4023 3640//3377 886//879 2467//2360
f 1555//1489 4299//4023 2467//2360 499//493
f 500//494 2468//2361 4300//4024 3477//3214
f 890//883 1808//1741 4300//4024 2468//2361
f 889//882 3477//3214 4300//4024 1808//1741
f 501//495 2469//2362 4301//4025 3679//3416
f 2469//2362 741//734 1742//1675 4301//4025
f 4301//4025 1742//1675 742//735 3476//3213
f 3679//3416 4301//4025 3476//3213 500//494
f 502//496 1556//1490 4302//4026 2471//2364
f 1556//1490 503//497 2470//2363 4302//4026
f 4302//4026 2470//2363 738//731 1740//1673
f 2471//2364 4302//4026 1740//1673 739//732
f 504//498 1558//1492 4303//4027 2473//2366
f 1558//1492 505//499 2472//2365 4303//4027
f 4303//4027 2472//2365 752//745 1747//1680
f 2473//2366 4303//4027 1747//1680 753//746
f 507//501 3475//3212 4304//4028 1561//1495
f 746//739 2474//2367 4304//4028 3475//3212
f 508//502 1561//1495 4304//4028 2474//2367
f 506//500 3677//3414 4305//4029 3474//3211
f 1045//990 2866//2692 4305//4029 3677//3414
f 756//749 3474//3211 4305//4029 2866//2692
f 509//503 2475//2368 4306//4030 3676//3413
f 2475//2368 749//742 1745//1678 4306//4030
f 4306//4030 1745//1678 750//743 3473//3210
f 3676//3413 4306//4030 3473//3210 510//504
f 511//505 2476//2369 4307//4031 1562//1496
f 2476//2369 879//872 3642//3379 4307//4031
f 4307//4031 3642//3379 878//871 3471//3208
f 1562//1496 4307//4031 3471//3208 512//506
f 512//506 3470//3207 4308//4032 1562//1496
f 3470//3207 753//746 1748//1681 4308//4032
f 4308//4032 1748//1681 754//747 3469//3206
f 1562//1496 4308//4032 3469//3206 511//505
f 513//507 1563//1497 4309//4033 3468//3205
f 1563//1497 514//508 2477//2370 4309//4033
f 4309//4033 2477//2370 750//743 1745//1678
f 3468//3205 4309//4033 1745//1678 749//742
f 517//511 2479//2372 4310//4034 1566//1500
f 757//750 3467//3204 4310//4034 2479//2372
f 518//512 1566//1500 4310//4034 3467//3204
f 516//510 1568//1502 4311//4035 2480//2373
f 519//513 3466//3203 4311//4035 1568//1502
f 768//761 2480//2373 4311//4035 3466//3203
f 521//515 3465//3202 4312//4036 1569//1503
f 3465//3202 760//753 1751//1684 4312//4036
f 4312//4036 1751//1684 761//754 3464//3201
f 1569//1503 4312//4036 3464//3201 520//514
f 520//514 3463//3200 4313//4037 1569//1503
f 3463//3200 868//861 3643//3380 4313//4037
f 4313//4037 3643//3380 867//860 2481//2374
f 1569//1503 4313//4037 2481//2374 521//515
f 524//518 1571//1505 4314//4038 2482//2375
f 525//519 3460//3197 4314//4038 1571//1505
f 780//773 2482//2375 4314//4038 3460//3197
f 523//517 3459//3196 4315//4039 1573//1507
f 769//762 2483//2376 4315//4039 3459//3196
f 526//520 1573//1507 4315//4039 2483//2376
f 527//521 1574//1508 4316//4040 2485//2378
f 1574//1508 528//522 2484//2377 4316//4040
f 4316//4040 2484//2377 761//754 1752//1685
f 2485//2378 4316//4040 1752//1685 762//755
f 529//523 1576//1510 4317//4041 2487//2380
f 1576//1510 530//524 2486//2379 4317//4041
f 4317//4041 2486//2379 775//768 1759//1692
f 2487//2380 4317//4041 1759//1692 776//769
f 531//525 3458//3195 4318//4042 3457//3194
f 772//765 1757//1690 4318//4042 3458//3195
f 773//766 3457//3194 4318//4042 1757//1690
f 531//525 3456//3193 4319//4043 2488//2381
f 857//850 1797//1730 4319//4043 3456//3193
f 856//849 2488//2381 4319//4043 1797//1730
f 532//526 2489//2382 4320//4044 1578//1512
f 2489//2382 860//853 3644//3381 4320//4044
f 4320//4044 3644//3381 859//852 3455//3192
f 1578//1512 4320//4044 3455//3192 533//527
f 533//527 3454//3191 4321//4045 1578//1512
f 3454//3191 776//769 1760//1693 4321//4045
f 4321//4045 1760//1693 777//770 3453//3190
f 1578//1512 4321//4045 3453//3190 532//526
f 535//529 3452//3189 4322//4046 2491//2384
f 788//781 1766//1699 4322//4046 3452//3189
f 789//782 2491//2384 4322//4046 1766//1699
f 536//530 3451//3188 4323//4047 1580//1514
f 781//774 3450//3187 4323//4047 3451//3188
f 537//531 1580//1514 4323//4047 3450//3187
f 538//532 3449//3186 4324//4048 1582//1516
f 792//785 2492//2385 4324//4048 3449//3186
f 539//533 1582//1516 4324//4048 2492//2385
f 541//535 3448//3185 4325//4049 1584//1518
f 3448//3185 785//778 1764//1697 4325//4049
f 4325//4049 1764//1697 786//779 3447//3184
f 1584//1518 4325//4049 3447//3184 540//534
f 540//534 2494//2387 4326//4050 1584//1518
f 2494//2387 845//838 1791//1724 4326//4050
f 4326//4050 1791//1724 844//837 2493//2386
f 1584//1518 4326//4050 2493//2386 541//535
f 542//536 1585//1519 4327//4051 3445//3182
f 1585//1519 543//537 3446//3183 4327//4051
f 4327//4051 3446//3183 789//782 1766//1699
f 3445//3182 4327//4051 1766//1699 788//781
f 542//536 2495//2388 4328//4052 1585//1519
f 2495//2388 849//842 3645//3382 4328//4052
f 4328//4052 3645//3382 848//841 3444//3181
f 1585//1519 4328//4052 3444//3181 543//537
f 547//541 3443//3180 4329//4053 1588//1522
f 793//786 3442//3179 4329//4053 3443//3180
f 548//542 1588//1522 4329//4053 3442//3179
f 546//540 1590//1524 4330//4054 2498//2391
f 549//543 3441//3178 4330//4054 1590//1524
f 803//796 2498//2391 4330//4054 3441//3178
f 551//545 3440//3177 4331//4055 1591//1525
f 3440//3177 796//789 1768//1701 4331//4055
f 4331//4055 1768//1701 797//790 3439//3176
f 1591//1525 4331//4055 3439//3176 550//544
f 550//544 2500//2393 4332//4056 1591//1525
f 2500//2393 833//826 1785//1718 4332//4056
f 4332//4056 1785//1718 832//825 2499//2392
f 1591//1525 4332//4056 2499//2392 551//545
f 552//546 1592//1526 4333//4057 3437//3174
f 1592//1526 553//547 3438//3175 4333//4057
f 4333//4057 3438//3175 799//792 1769//1702
f 3437//3174 4333//4057 1769//1702 800//793
f 552//546 2502//2395 4334//4058 1592//1526
f 2502//2395 837//830 1788//1721 4334//4058
f 4334//4058 1788//1721 836//829 2501//2394
f 1592//1526 4334//4058 2501//2394 553//547
f 557//551 3436//3173 4335//4059 1595//1529
f 804//797 2505//2398 4335//4059 3436//3173
f 558//552 1595//1529 4335//4059 2505//2398
f 556//550 1597//1531 4336//4060 3435//3172
f 559//553 2506//2399 4336//4060 1597//1531
f 815//808 3435//3172 4336//4060 2506//2399
f 560//554 1598//1532 4337//4061 2507//2400
f 1598//1532 561//555 2508//2401 4337//4061
f 4337//4061 2508//2401 819//812 1776//1709
f 2507//2400 4337//4061 1776//1709 818//811
f 560//554 3434//3171 4338//4062 1598//1532
f 3434//3171 807//800 1772//1705 4338//4062
f 4338//4062 1772//1705 808//801 3433//3170
f 1598//1532 4338//4062 3433//3170 561//555
f 562//556 3432//3169 4339//4063 3431//3168
f 810//803 1773//1706 4339//4063 3432//3169
f 811//804 3431//3168 4339//4063 1773//1706
f 562//556 3430//3167 4340//4064 2509//2402
f 824//817 1781//1714 4340//4064 3430//3167
f 823//816 2509//2402 4340//4064 1781//1714
f 563//557 1599//1533 4341//4065 2510//2403
f 1599//1533 564//558 2511//2404 4341//4065
f 4341//4065 2511//2404 823//816 1780//1713
f 2510//2403 4341//4065 1780//1713 822//815
f 565//559 1601//1535 4342//4066 2512//2405
f 1601//1535 566//560 3429//3166 4342//4066
f 4342//4066 3429//3166 832//825 1785//1718
f 2512//2405 4342//4066 1785//1718 833//826
f 568//562 3428//3165 4343//4067 1604//1538
f 827//820 3156//2918 4343//4067 3428//3165
f 569//563 1604//1538 4343//4067 3156//2918
f 567//561 1606//1540 4344//4068 2513//2406
f 570//564 3427//3164 4344//4068 1606//1540
f 840//833 2513//2406 4344//4068 3427//3164
f 572//566 1608//1542 4345//4069 2514//2407
f 1608//1542 573//567 2515//2408 4345//4069
f 4345//4069 2515//2408 926//919 1826//1759
f 2514//2407 4345//4069 1826//1759 925//918
f 571//565 2517//2410 4346//4070 1610//1544
f 2517//2410 820//813 1777//1710 4346//4070
f 4346//4070 1777//1710 819//812 2516//2409
f 1610//1544 4346//4070 2516//2409 574//568
f 576//570 1612//1546 4347//4071 3426//3163
f 577//571 3425//3162 4347//4071 1612//1546
f 828//821 3426//3163 4347//4071 3425//3162
f 575//569 2518//2411 4348//4072 1614//1548
f 930//923 3424//3161 4348//4072 2518//2411
f 578//572 1614//1548 4348//4072 3424//3161
f 579//573 1615//1549 4349//4073 2519//2412
f 1615//1549 580//574 2520//2413 4349//4073
f 4349//4073 2520//2413 836//829 1787//1720
f 2519//2412 4349//4073 1787//1720 835//828
f 581//575 1617//1551 4350//4074 2521//2414
f 1617//1551 582//576 2522//2415 4350//4074
f 4350//4074 2522//2415 846//839 1792//1725
f 2521//2414 4350//4074 1792//1725 845//838
f 584//578 2523//2416 4351//4075 1620//1554
f 841//834 3423//3160 4351//4075 2523//2416
f 585//579 1620//1554 4351//4075 3423//3160
f 583//577 1622//1556 4352//4076 3422//3159
f 586//580 2524//2417 4352//4076 1622//1556
f 852//845 3422//3159 4352//4076 2524//2417
f 588//582 3420//3157 4353//4077 3421//3158
f 856//849 1797//1730 4353//4077 3420//3157
f 857//850 3421//3158 4353//4077 1797//1730
f 590//584 3419//3156 4354//4078 1625//1559
f 853//846 2526//2419 4354//4078 3419//3156
f 591//585 1625//1559 4354//4078 2526//2419
f 589//583 1627//1561 4355//4079 3418//3155
f 592//586 2527//2420 4355//4079 1627//1561
f 863//856 3418//3155 4355//4079 2527//2420
f 596//590 3417//3154 4356//4080 1630//1564
f 864//857 2530//2423 4356//4080 3417//3154
f 597//591 1630//1564 4356//4080 2530//2423
f 595//589 1632//1566 4357//4081 2531//2424
f 598//592 3137//2904 4357//4081 1632//1566
f 872//865 2531//2424 4357//4081 3137//2904
f 602//596 2532//2425 4358//4082 1635//1569
f 873//866 3414//3151 4358//4082 2532//2425
f 603//597 1635//1569 4358//4082 3414//3151
f 601//595 1637//1571 4359//4083 2533//2426
f 604//598 3413//3150 4359//4083 1637//1571
f 882//875 2533//2426 4359//4083 3413//3150
f 608//602 2536//2429 4360//4084 3674//3411
f 883//876 3129//2899 4360//4084 2536//2429
f 1071//1014 3674//3411 4360//4084 3129//2899
f 607//601 1640//1574 4361//4085 2537//2430
f 609//603 3412//3149 4361//4085 1640//1574
f 893//886 2537//2430 4361//4085 3412//3149
f 610//604 3410//3147 4362//4086 3411//3148
f 889//882 1808//1741 4362//4086 3410//3147
f 890//883 3411//3148 4362//4086 1808//1741
f 613//607 3408//3145 4363//4087 1643//1577
f 894//887 3409//3146 4363//4087 3408//3145
f 614//608 1643//1577 4363//4087 3409//3146
f 612//606 1645//1579 4364//4088 3407//3144
f 615//609 2539//2432 4364//4088 1645//1579
f 905//898 3407//3144 4364//4088 2539//2432
f 617//611 2541//2434 4365//4089 1647//1581
f 2541//2434 911//904 1818//1751 4365//4089
f 4365//4089 1818//1751 910//903 2540//2433
f 1647//1581 4365//4089 2540//2433 618//612
f 616//610 1649//1583 4366//4090 2542//2435
f 1649//1583 619//613 2543//2436 4366//4090
f 4366//4090 2543//2436 901//894 1813//1746
f 2542//2435 4366//4090 1813//1746 900//893
f 621//615 2544//2437 4367//4091 1651//1585
f 906//899 3406//3143 4367//4091 2544//2437
f 622//616 1651//1585 4367//4091 3406//3143
f 620//614 1653//1587 4368//4092 2545//2438
f 623//617 3405//3142 4368//4092 1653//1587
f 917//910 2545//2438 4368//4092 3405//3142
f 624//618 1654//1588 4369//4093 2546//2439
f 1654//1588 625//619 2547//2440 4369//4093
f 4369//4093 2547//2440 914//907 1821//1754
f 2546//2439 4369//4093 1821//1754 913//906
f 626//620 1656//1590 4370//4094 3404//3141
f 1656//1590 627//621 2548//2441 4370//4094
f 4370//4094 2548//2441 923//916 3638//3375
f 3404//3141 4370//4094 3638//3375 922//915
f 629//623 3402//3139 4371//4095 1659//1593
f 918//911 3403//3140 4371//4095 3402//3139
f 630//624 1659//1593 4371//4095 3403//3140
f 631//625 1660//1594 4372//4096 3401//3138
f 632//626 2549//2442 4372//4096 1660//1594
f 713//706 3401//3138 4372//4096 2549//2442
f 633//627 1662//1596 4373//925 2550//925
f 634//628 3400//925 4373//925 1662//1596
f 932//925 2550//925 4373//925 3400//925
f 1035//982 3670//3407 4374//925 3192//925
f 1057//1001 2909//925 4374//925 3670//3407
f 934//925 3192//925 4374//925 2909//925
f 635//629 3399//3137 4375//4097 1664//1598
f 816//809 2551//2443 4375//4097 3399//3137
f 636//630 1664//1598 4375//4097 2551//2443
f 637//631 1665//1599 4376//4098 3398//3136
f 638//632 2552//2444 4376//4098 1665//1599
f 724//717 3398//3136 4376//4098 2552//2444
f 639//633 1667//1601 4377//925 2554//925
f 1667//1601 640//634 2553//925 4377//925
f 4377//925 2553//925 936//925 1831//925
f 2554//925 4377//925 1831//925 937//925
f 641//635 1669//1603 4378//4099 3397//3135
f 642//636 2555//2445 4378//4099 1669//1603
f 735//728 3397//3135 4378//4099 2555//2445
f 643//637 1671//1605 4379//925 2557//925
f 1671//1605 644//638 2556//925 4379//925
f 4379//925 2556//925 939//925 1834//925
f 2557//925 4379//925 1834//925 940//925
f 645//639 1673//1607 4380//4100 3396//3134
f 646//640 3395//3133 4380//4100 1673//1607
f 747//740 3396//3134 4380//4100 3395//3133
f 647//641 1675//1609 4381//925 2559//925
f 1675//1609 648//642 2558//925 4381//925
f 4381//925 2558//925 942//925 1837//925
f 2559//925 4381//925 1837//925 943//925
f 649//643 1677//1611 4382//4101 3394//3132
f 650//644 2560//2446 4382//4101 1677//1611
f 758//751 3394//3132 4382//4101 2560//2446
f 651//645 1679//642 4383//925 2561//925
f 652//646 3393//925 4383//925 1679//642
f 945//925 2561//925 4383//925 3393//925
f 653//647 1681//1614 4384//4102 3392//3131
f 654//648 3391//3130 4384//4102 1681//1614
f 770//763 3392//3131 4384//4102 3391//3130
f 655//649 1683//1616 4385//925 3390//925
f 656//650 2562//925 4385//925 1683//1616
f 947//925 3390//925 4385//925 2562//925
f 657//651 1685//1618 4386//4103 3389//3129
f 1685//1618 658//652 2563//2447 4386//4103
f 4386//4103 2563//2447 782//775 1762//1695
f 3389//3129 4386//4103 1762//1695 783//776
f 659//653 3668//3405 4387//925 3165//925
f 1050//994 2883//925 4387//925 3668//3405
f 949//925 3165//925 4387//925 2883//925
f 660//654 1687//1620 4388//4104 2564//2448
f 661//655 3388//3128 4388//4104 1687//1620
f 794//787 2564//2448 4388//4104 3388//3128
f 662//656 1689//1622 4389//925 2566//925
f 1689//1622 663//657 2565//925 4389//925
f 4389//925 2565//925 951//925 1843//925
f 2566//925 4389//925 1843//925 952//925
f 1054//998 3666//3403 4390//4105 2897//2717
f 664//658 3387//3127 4390//4105 3666//3403
f 805//798 2897//2717 4390//4105 3387//3127
f 665//659 1692//1625 4391//4106 2568//2450
f 1692//1625 666//660 2567//2449 4391//4106
f 4391//4106 2567//2449 954//926 1848//1762
f 2568//2450 4391//4106 1848//1762 956//927
f 667//661 1693//1626 4392//4107 3386//3126
f 668//662 2569//2451 4392//4107 1693//1626
f 842//835 3386//3126 4392//4107 2569//2451
f 669//663 1695//1628 4393//928 2571//928
f 1695//1628 670//664 2570//928 4393//928
f 4393//928 2570//928 957//928 1849//928
f 2571//928 4393//928 1849//928 958//928
f 671//665 2572//2452 4394//4108 1697//1630
f 829//822 3385//3125 4394//4108 2572//2452
f 672//666 1697//1630 4394//4108 3385//3125
f 1062//1006 3148//928 4395//928 3663//3400
f 960//928 2917//928 4395//928 3148//928
f 1059//1003 3663//3400 4395//928 2917//928
f 673//667 3384//3124 4396//4109 1698//1631
f 931//924 2573//2453 4396//4109 3384//3124
f 674//668 1698//1631 4396//4109 2573//2453
f 675//669 2574//928 4397//928 1700//1633
f 962//928 3383//928 4397//928 2574//928
f 676//670 1700//1633 4397//928 3383//928
f 677//671 1702//1635 4398//4110 3382//3123
f 678//672 2575//2454 4398//4110 1702//1635
f 854//847 3382//3123 4398//4110 2575//2454
f 679//673 1704//1637 4399//928 2577//928
f 1704//1637 680//674 2576//928 4399//928
f 4399//928 2576//928 964//928 1854//928
f 2577//928 4399//928 1854//928 965//928
f 681//675 1706//1639 4400//4111 3381//3122
f 682//676 3380//3121 4400//4111 1706//1639
f 865//858 3381//3122 4400//4111 3380//3121
f 1068//1011 3660//3397 4401//928 2950//928
f 683//677 3140//928 4401//928 3660//3397
f 967//928 2950//928 4401//928 3140//928
f 684//678 1708//1641 4402//4112 3379//3120
f 685//679 3378//3119 4402//4112 1708//1641
f 874//867 3379//3120 4402//4112 3378//3119
f 686//680 1710//1643 4403//928 2578//928
f 687//681 3377//928 4403//928 1710//1643
f 969//928 2578//928 4403//928 3377//928
f 688//682 1712//1645 4404//4113 2579//2455
f 689//683 3376//3118 4404//4113 1712//1645
f 884//877 2579//2455 4404//4113 3376//3118
f 690//684 1714//1647 4405//928 3375//928
f 691//685 2580//928 4405//928 1714//1647
f 971//928 3375//928 4405//928 2580//928
f 692//686 1716//1649 4406//4114 2581//2456
f 693//687 3374//3117 4406//4114 1716//1649
f 895//888 2581//2456 4406//4114 3374//3117
f 694//685 1718//1651 4407//928 2583//928
f 1718//1651 695//688 2582//928 4407//928
f 4407//928 2582//928 973//928 1860//928
f 2583//928 4407//928 1860//928 974//928
f 696//689 1720//1653 4408//4115 2584//2457
f 697//690 3373//3116 4408//4115 1720//1653
f 907//900 2584//2457 4408//4115 3373//3116
f 698//691 1722//1655 4409//928 2586//928
f 1722//1655 699//692 2585//928 4409//928
f 4409//928 2585//928 976//928 1863//928
f 2586//928 4409//928 1863//928 977//928
f 700//693 1724//1657 4410//4116 2587//2458
f 701//694 3372//3115 4410//4116 1724//1657
f 919//912 2587//2458 4410//4116 3372//3115
f 702//695 1726//1659 4411//928 2589//928
f 1726//1659 703//696 2588//928 4411//928
f 4411//928 2588//928 979//928 1868//928
f 2589//928 4411//928 1868//928 981//928
f 996//943 2687//2524 4412//4117 3657//3394
f 711//704 3371//3114 4412//4117 2687//2524
f 709//702 3657//3394 4412//4117 3371//3114
f 757//750 3351//3094 4413//4118 3352//3095
f 756//749 3353//3096 4413//4118 3351//3094
f 758//751 3352//3095 4413//4118 3353//3096
f 781//774 2597//2466 4414//4119 3343//3086
f 783//776 1762//1695 4414//4119 2597//2466
f 782//775 3343//3086 4414//4119 1762//1695
f 827//820 2602//2471 4415//4120 3328//3071
f 830//823 1783//1716 4415//4120 2602//2471
f 829//822 3328//3071 4415//4120 1783//1716
f 828//821 3327//3070 4416//4121 2603//2472
f 829//822 1783//1716 4416//4121 3327//3070
f 830//823 2603//2472 4416//4121 1783//1716
f 1023//970 2788//2625 4417//4122 3641//3378
f 882//875 3308//3051 4417//4122 2788//2625
f 881//874 3641//3378 4417//4122 3308//3051
f 882//875 3306//3049 4418//4123 3307//3050
f 884//877 3305//3048 4418//4123 3306//3049
f 883//876 3307//3050 4418//4123 3305//3048
f 917//910 3292//3035 4419//4124 3291//3034
f 919//912 1822//1755 4419//4124 3292//3035
f 920//913 3291//3034 4419//4124 1822//1755
f 918//911 2608//2477 4420//4125 3290//3033
f 920//913 1822//1755 4420//4125 2608//2477
f 919//912 3290//3033 4420//4125 1822//1755
f 1015//962 3637//3374 4421//4126 2760//2597
f 928//921 3288//3031 4421//4126 3637//3374
f 930//923 2760//2597 4421//4126 3288//3031
f 932//925 1829//925 4422//925 2609//925
f 1829//925 933//925 2610//925 4422//925
f 4422//925 2610//925 938//925 1833//925
f 2609//925 4422//925 1833//925 936//925
f 932//925 3284//925 4423//925 1829//925
f 3284//925 934//925 1830//925 4423//925
f 4423//925 1830//925 935//925 2611//925
f 1829//925 4423//925 2611//925 933//925
f 934//925 2613//925 4424//925 1830//925
f 2613//925 956//927 1847//925 4424//925
f 4424//925 1847//925 955//925 2612//925
f 1830//925 4424//925 2612//925 935//925
f 937//925 1832//925 4425//925 2614//925
f 1832//925 938//925 2615//925 4425//925
f 4425//925 2615//925 941//925 1836//925
f 2614//925 4425//925 1836//925 939//925
f 940//925 1835//925 4426//925 2616//925
f 1835//925 941//925 2617//925 4426//925
f 4426//925 2617//925 944//925 1839//925
f 2616//925 4426//925 1839//925 942//925
f 943//925 1838//925 4427//925 3283//925
f 1838//925 944//925 2618//925 4427//925
f 4427//925 2618//925 946//925 1840//925
f 3283//925 4427//925 1840//925 945//925
f 945//925 1840//925 4428//925 2619//925
f 1840//925 946//925 2620//925 4428//925
f 4428//925 2620//925 948//925 1841//925
f 2619//925 4428//925 1841//925 947//925
f 947//925 1841//925 4429//925 3282//925
f 1841//925 948//925 2621//925 4429//925
f 4429//925 2621//925 950//925 1842//925
f 3282//925 4429//925 1842//925 949//925
f 949//925 1842//925 4430//925 3281//925
f 1842//925 950//925 2622//925 4430//925
f 4430//925 2622//925 953//925 1845//925
f 3281//925 4430//925 1845//925 951//925
f 952//925 1844//925 4431//925 2623//925
f 1844//925 953//925 2624//925 4431//925
f 4431//925 2624//925 955//925 1846//925
f 2623//925 4431//925 1846//925 954//926
f 958//928 1850//928 4432//928 2625//928
f 1850//928 959//928 2626//928 4432//928
f 4432//928 2626//928 966//928 1856//928
f 2625//928 4432//928 1856//928 964//928
f 957//928 2627//928 4433//928 1851//928
f 2627//928 960//928 1852//928 4433//928
f 4433//928 1852//928 961//928 2628//928
f 1851//928 4433//928 2628//928 959//928
f 960//928 3280//928 4434//928 1852//928
f 3280//928 962//928 1853//928 4434//928
f 4434//928 1853//928 963//928 2629//928
f 1852//928 4434//928 2629//928 961//928
f 962//928 2631//928 4435//928 1853//928
f 2631//928 981//928 1867//928 4435//928
f 4435//928 1867//928 980//928 2630//928
f 1853//928 4435//928 2630//928 963//928
f 965//928 1855//928 4436//928 3279//928
f 1855//928 966//928 2632//928 4436//928
f 4436//928 2632//928 968//928 1857//928
f 3279//928 4436//928 1857//928 967//928
f 967//928 1857//928 4437//928 3278//928
f 1857//928 968//928 2633//928 4437//928
f 4437//928 2633//928 970//928 1858//928
f 3278//928 4437//928 1858//928 969//928
f 969//928 1858//928 4438//928 2634//928
f 1858//928 970//928 2635//928 4438//928
f 4438//928 2635//928 972//928 1859//928
f 2634//928 4438//928 1859//928 971//928
f 971//928 1859//928 4439//928 3277//928
f 1859//928 972//928 2636//928 4439//928
f 4439//928 2636//928 975//928 1862//928
f 3277//928 4439//928 1862//928 973//928
f 974//928 1861//928 4440//928 2637//928
f 1861//928 975//928 2638//928 4440//928
f 4440//928 2638//928 978//928 1865//928
f 2637//928 4440//928 1865//928 976//928
f 977//928 1864//928 4441//928 2639//928
f 1864//928 978//928 2640//928 4441//928
f 4441//928 2640//928 980//928 1866//928
f 2639//928 4441//928 1866//928 979//928
f 1//1 1873//1767 4442//4127 1870//1764
f 1873//1767 246//240 2294//2187 4442//4127
f 4442//4127 2294//2187 704//697 2290//2183
f 1870//1764 4442//4127 2290//2183 239//233
f 2//2 1869//1763 4443//4128 1872//1766
f 1869//1763 238//232 2291//2184 4443//4128
f 4443//4128 2291//2184 706//699 2293//2186
f 1872//1766 4443//4128 2293//2186 243//237
f 3//3 1871//1765 4444//4129 2642//2479
f 242//236 2641//2478 4444//4129 1871//1765
f 982//929 2642//2479 4444//4129 2641//2478
f 242//236 3562//3299 4445//4130 2641//2478
f 709//702 3276//3027 4445//4130 3562//3299
f 982//929 2641//2478 4445//4130 3276//3027
f 709//702 3370//3113 4446//4131 3276//3027
f 710//703 3275//3026 4446//4131 3370//3113
f 982//929 3276//3027 4446//4131 3275//3026
f 4//4 1879//1773 4447//4132 1875//1769
f 1879//1773 258//252 2302//2195 4447//4132
f 4447//4132 2302//2195 714//707 2296//2189
f 1875//1769 4447//4132 2296//2189 250//244
f 5//5 1874//1768 4448//4133 1877//1771
f 1874//1768 249//243 2298//2191 4448//4133
f 4448//4133 2298//2191 717//710 2300//2193
f 1877//1771 4448//4133 2300//2193 254//248
f 6//6 1876//1770 4449//4134 1878//1772
f 253//247 3274//3025 4449//4134 1876//1770
f 257//251 1878//1772 4449//4134 3274//3025
f 253//247 3559//3296 4450//4135 3274//3025
f 720//713 3273//3024 4450//4135 3559//3296
f 257//251 3274//3025 4450//4135 3273//3024
f 720//713 3366//3109 4451//4136 3273//3024
f 721//714 3272//3023 4451//4136 3366//3109
f 257//251 3273//3024 4451//4136 3272//3023
f 8//8 1880//1774 4452//4137 1881//1775
f 1880//1774 261//255 2304//2197 4452//4137
f 4452//4137 2304//2197 728//721 2306//2199
f 1881//1775 4452//4137 2306//2199 264//258
f 9//9 2643//2480 4453//4138 1882//1776
f 983//930 2644//2481 4453//4138 2643//2480
f 267//261 1882//1776 4453//4138 2644//2481
f 267//261 2644//2481 4454//4139 3554//3291
f 983//930 3270//3021 4454//4139 2644//2481
f 732//725 3554//3291 4454//4139 3270//3021
f 731//724 3363//3106 4455//4140 3271//3022
f 732//725 3270//3021 4455//4140 3363//3106
f 983//930 3271//3022 4455//4140 3270//3021
f 10//10 1889//1783 4456//4141 1885//1779
f 1889//1783 280//274 2316//2209 4456//4141
f 4456//4141 2316//2209 736//729 2310//2203
f 1885//1779 4456//4141 2310//2203 272//266
f 11//11 1884//1778 4457//4142 1887//1781
f 1884//1778 271//265 2312//2205 4457//4142
f 4457//4142 2312//2205 740//733 2314//2207
f 1887//1781 4457//4142 2314//2207 276//270
f 12//12 1886//1780 4458//4143 2646//2483
f 275//269 2645//2482 4458//4143 1886//1780
f 984//931 2646//2483 4458//4143 2645//2482
f 12//12 2646//2483 4459//4144 1888//1782
f 984//931 2647//2484 4459//4144 2646//2483
f 279//273 1888//1782 4459//4144 2647//2484
f 275//269 2315//2208 4460//4145 2645//2482
f 743//736 2648//2485 4460//4145 2315//2208
f 984//931 2645//2482 4460//4145 2648//2485
f 279//273 2647//2484 4461//4146 3551//3288
f 984//931 3269//3020 4461//4146 2647//2484
f 744//737 3551//3288 4461//4146 3269//3020
f 743//736 3359//3102 4462//4147 2648//2485
f 744//737 3269//3020 4462//4147 3359//3102
f 984//931 2648//2485 4462//4147 3269//3020
f 14//4 1890//1784 4463//4148 1893//1787
f 1890//1784 283//277 2321//2214 4463//4148
f 4463//4148 2321//2214 751//744 2323//2216
f 1893//1787 4463//4148 2323//2216 288//282
f 15//14 1892//1786 4464//4149 1894//1788
f 287//281 3268//3019 4464//4149 1892//1786
f 291//285 1894//1788 4464//4149 3268//3019
f 291//285 3268//3019 4465//4150 2325//2218
f 287//281 3267//3018 4465//4150 3268//3019
f 755//748 2325//2218 4465//4150 3267//3018
f 290//284 3355//3098 4466//4151 1367//1301
f 755//748 3267//3018 4466//4151 3355//3098
f 287//281 1367//1301 4466//4151 3267//3018
f 16//15 1900//1794 4467//4152 1896//1790
f 1900//1794 303//297 2332//2225 4467//4152
f 4467//4152 2332//2225 759//752 2326//2219
f 1896//1790 4467//4152 2326//2219 295//289
f 17//16 1895//1789 4468//4153 1898//1792
f 1895//1789 294//288 2328//2221 4468//4153
f 4468//4153 2328//2221 763//756 2329//2222
f 1898//1792 4468//4153 2329//2222 299//293
f 18//17 1897//1791 4469//4154 1899//1793
f 298//292 3266//3017 4469//4154 1897//1791
f 302//296 1899//1793 4469//4154 3266//3017
f 298//292 3547//3284 4470//4155 3266//3017
f 767//760 3265//3016 4470//4155 3547//3284
f 302//296 3266//3017 4470//4155 3265//3016
f 19//18 1905//1799 4471//4156 1902//1796
f 1905//1799 316//310 2342//2235 4471//4156
f 4471//4156 2342//2235 771//764 2335//2228
f 1902//1796 4471//4156 2335//2228 307//301
f 20//10 1901//1795 4472//4157 1903//1797
f 1901//1795 306//300 2337//2230 4472//4157
f 4472//4157 2337//2230 774//767 2340//2233
f 1903//1797 4472//4157 2340//2233 310//304
f 21//19 1904//1798 4473//4158 2650//2487
f 311//305 2649//2486 4473//4158 1904//1798
f 985//932 2650//2487 4473//4158 2649//2486
f 311//305 3546//3283 4474//4159 2649//2486
f 778//771 3264//3015 4474//4159 3546//3283
f 985//932 2649//2486 4474//4159 3264//3015
f 778//771 3346//3089 4475//4160 3264//3015
f 779//772 2651//2488 4475//4160 3346//3089
f 985//932 3264//3015 4475//4160 2651//2488
f 22//2 1910//1804 4476//4161 1906//1800
f 1910//1804 325//319 2349//2242 4476//4161
f 4476//4161 2349//2242 784//777 2343//2236
f 1906//1800 4476//4161 2343//2236 317//311
f 23//20 1907//1801 4477//4162 1908//1802
f 1907//1801 320//314 2345//2238 4477//4162
f 4477//4162 2345//2238 787//780 2346//2239
f 1908//1802 4477//4162 2346//2239 321//315
f 24//21 1909//1803 4478//4163 2653//2490
f 324//318 2652//2489 4478//4163 1909//1803
f 986//933 2653//2490 4478//4163 2652//2489
f 24//21 2653//2490 4479//4164 1911//1805
f 986//933 2654//2491 4479//4164 2653//2490
f 328//322 1911//1805 4479//4164 2654//2491
f 324//318 3542//3279 4480//4165 2652//2489
f 790//783 3263//3014 4480//4165 3542//3279
f 986//933 2652//2489 4480//4165 3263//3014
f 328//322 2654//2491 4481//4166 2350//2243
f 986//933 2655//2492 4481//4166 2654//2491
f 791//784 2350//2243 4481//4166 2655//2492
f 790//783 3342//3085 4482//4167 3263//3014
f 791//784 2655//2492 4482//4167 3342//3085
f 986//933 3263//3014 4482//4167 2655//2492
f 25//22 1916//1810 4483//4168 1912//1806
f 1916//1810 337//331 2357//2250 4483//4168
f 4483//4168 2357//2250 795//788 2351//2244
f 1912//1806 4483//4168 2351//2244 329//323
f 26//15 1913//1807 4484//4169 1914//1808
f 1913//1807 332//326 2353//2246 4484//4169
f 4484//4169 2353//2246 798//791 2355//2248
f 1914//1808 4484//4169 2355//2248 333//327
f 27//23 1915//1809 4485//4170 2657//2494
f 336//330 2656//2493 4485//4170 1915//1809
f 987//934 2657//2494 4485//4170 2656//2493
f 27//23 2657//2494 4486//4171 1917//1811
f 987//934 2658//2495 4486//4171 2657//2494
f 340//334 1917//1811 4486//4171 2658//2495
f 336//330 3538//3275 4487//4172 2656//2493
f 801//794 3262//3013 4487//4172 3538//3275
f 987//934 2656//2493 4487//4172 3262//3013
f 340//334 2658//2495 4488//4173 3536//3273
f 987//934 3261//3012 4488//4173 2658//2495
f 802//795 3536//3273 4488//4173 3261//3012
f 801//794 3338//3081 4489//4174 3262//3013
f 802//795 3261//3012 4489//4174 3338//3081
f 987//934 3262//3013 4489//4174 3261//3012
f 28//24 1921//1815 4490//4175 1918//1812
f 1921//1815 348//342 2363//2256 4490//4175
f 4490//4175 2363//2256 806//799 2358//2251
f 1918//1812 4490//4175 2358//2251 341//335
f 29//25 1919//1813 4491//4176 1920//1814
f 1919//1813 344//338 2360//2253 4491//4176
f 4491//4176 2360//2253 809//802 2362//2255
f 1920//1814 4491//4176 2362//2255 345//339
f 30//26 2659//2496 4492//4177 1922//1816
f 988//935 2660//2497 4492//4177 2659//2496
f 351//345 1922//1816 4492//4177 2660//2497
f 351//345 2660//2497 4493//4178 3531//3268
f 988//935 3260//3011 4493//4178 2660//2497
f 813//806 3531//3268 4493//4178 3260//3011
f 812//805 3333//3076 4494//4179 2661//2498
f 813//806 3260//3011 4494//4179 3333//3076
f 988//935 2661//2498 4494//4179 3260//3011
f 31//27 1923//1817 4495//4180 1927//1821
f 1923//1817 352//346 2364//2257 4495//4180
f 4495//4180 2364//2257 817//810 2371//2264
f 1927//1821 4495//4180 2371//2264 360//354
f 32//28 1925//1819 4496//4181 1924//1818
f 1925//1819 356//350 2368//2261 4496//4181
f 4496//4181 2368//2261 821//814 2366//2259
f 1924//1818 4496//4181 2366//2259 355//349
f 33//29 1926//1820 4497//4182 2662//2499
f 359//353 2663//2500 4497//4182 1926//1820
f 989//936 2662//2499 4497//4182 2663//2500
f 359//353 3528//3265 4498//4183 2663//2500
f 826//819 3258//3009 4498//4183 3528//3265
f 989//936 2663//2500 4498//4183 3258//3009
f 825//818 3259//3010 4499//4184 3330//3073
f 989//936 3258//3009 4499//4184 3259//3010
f 826//819 3330//3073 4499//4184 3258//3009
f 34//30 1929//1823 4500//4185 1932//1826
f 1929//1823 364//358 2373//2266 4500//4185
f 4500//4185 2373//2266 831//824 2380//2273
f 1932//1826 4500//4185 2380//2273 371//365
f 35//31 1931//1825 4501//4186 1928//1822
f 1931//1825 368//362 2377//2270 4501//4186
f 4501//4186 2377//2270 834//827 2375//2268
f 1928//1822 4501//4186 2375//2268 363//357
f 36//32 2665//2502 4502//4187 1930//1824
f 990//937 2664//2501 4502//4187 2665//2502
f 367//361 1930//1824 4502//4187 2664//2501
f 367//361 2664//2501 4503//4188 3527//3264
f 990//937 3257//3008 4503//4188 2664//2501
f 838//831 3527//3264 4503//4188 3257//3008
f 838//831 3257//3008 4504//4189 3326//3069
f 990//937 3256//3007 4504//4189 3257//3008
f 839//832 3326//3069 4504//4189 3256//3007
f 37//33 1934//1828 4505//4190 1938//1832
f 1934//1828 375//369 2381//2274 4505//4190
f 4505//4190 2381//2274 843//836 2388//2281
f 1938//1832 4505//4190 2388//2281 383//377
f 38//34 1936//1830 4506//4191 1933//1827
f 1936//1830 379//373 2385//2278 4506//4191
f 4506//4191 2385//2278 847//840 2383//2276
f 1933//1827 4506//4191 2383//2276 374//368
f 39//35 2667//2504 4507//4192 1935//1829
f 991//938 2666//2503 4507//4192 2667//2504
f 378//372 1935//1829 4507//4192 2666//2503
f 39//35 1937//1831 4508//4193 2667//2504
f 382//376 2668//2505 4508//4193 1937//1831
f 991//938 2667//2504 4508//4193 2668//2505
f 378//372 2666//2503 4509//4194 2387//2280
f 991//938 2669//2506 4509//4194 2666//2503
f 850//843 2387//2280 4509//4194 2669//2506
f 382//376 3523//3260 4510//4195 2668//2505
f 851//844 3255//3006 4510//4195 3523//3260
f 991//938 2668//2505 4510//4195 3255//3006
f 850//843 2669//2506 4511//4196 3321//3064
f 991//938 3255//3006 4511//4196 2669//2506
f 851//844 3321//3064 4511//4196 3255//3006
f 40//36 1940//1834 4512//4197 1944//1838
f 1940//1834 387//381 2390//2283 4512//4197
f 4512//4197 2390//2283 855//848 2397//2290
f 1944//1838 4512//4197 2397//2290 395//389
f 41//37 1941//1835 4513//4198 1939//1833
f 1941//1835 390//384 2394//2287 4513//4198
f 4513//4198 2394//2287 858//851 2392//2285
f 1939//1833 4513//4198 2392//2285 386//380
f 394//388 3254//3005 4514//4199 1943//1837
f 393//387 1942//1836 4514//4199 3254//3005
f 42//38 1943//1837 4514//4199 1942//1836
f 394//388 2398//2291 4515//4200 3254//3005
f 862//855 3252//3003 4515//4200 2398//2291
f 393//387 3254//3005 4515//4200 3252//3003
f 861//854 3253//3004 4516//4201 3317//3060
f 393//387 3252//3003 4516//4201 3253//3004
f 862//855 3317//3060 4516//4201 3252//3003
f 43//39 1945//1839 4517//4202 1948//1842
f 1945//1839 398//392 2399//2292 4517//4202
f 4517//4202 2399//2292 866//859 2404//2297
f 1948//1842 4517//4202 2404//2297 405//399
f 404//398 1947//1841 4518//4203 3251//3002
f 45//41 1949//1843 4518//4203 1947//1841
f 408//402 3251//3002 4518//4203 1949//1843
f 404//398 3251//3002 4519//4204 2403//2296
f 408//402 3250//3001 4519//4204 3251//3002
f 871//864 2403//2296 4519//4204 3250//3001
f 46//42 1950//1844 4520//4205 1953//1847
f 1950//1844 409//403 2406//2299 4520//4205
f 4520//4205 2406//2299 875//868 2411//2304
f 1953//1847 4520//4205 2411//2304 415//409
f 47//43 1952//1846 4521//4206 1951//1845
f 1952//1846 413//407 2409//2302 4521//4206
f 4521//4206 2409//2302 877//870 2407//2300
f 1951//1845 4521//4206 2407//2300 412//406
f 418//412 2671//2508 4522//4207 1954//1848
f 992//939 2670//2507 4522//4207 2671//2508
f 48//44 1954//1848 4522//4207 2670//2507
f 418//412 2413//2306 4523//4208 2671//2508
f 881//874 2673//2510 4523//4208 2413//2306
f 992//939 2671//2508 4523//4208 2673//2510
f 880//873 2672//2509 4524//4209 2606//2475
f 992//939 2673//2510 4524//4209 2672//2509
f 881//874 2606//2475 4524//4209 2673//2510
f 49//45 1955//1849 4525//4210 1958//1852
f 1955//1849 419//413 2414//2307 4525//4210
f 4525//4210 2414//2307 885//878 2419//2312
f 1958//1852 4525//4210 2419//2312 426//420
f 425//419 1957//1851 4526//4211 3249//3000
f 51//47 1959//1853 4526//4211 1957//1851
f 429//423 3249//3000 4526//4211 1959//1853
f 425//419 3249//3000 4527//4212 2418//2311
f 429//423 3248//2999 4527//4212 3249//3000
f 891//884 2418//2311 4527//4212 3248//2999
f 891//884 3248//2999 4528//4213 3303//3046
f 429//423 3247//2998 4528//4213 3248//2999
f 892//885 3303//3046 4528//4213 3247//2998
f 52//48 1960//1854 4529//4214 1964//1858
f 1960//1854 430//424 2421//2314 4529//4214
f 4529//4214 2421//2314 896//889 2428//2321
f 1964//1858 4529//4214 2428//2321 438//432
f 53//27 1962//1856 4530//4215 1961//1855
f 1962//1856 434//428 2425//2318 4530//4215
f 4530//4215 2425//2318 899//892 2423//2316
f 1961//1855 4530//4215 2423//2316 433//427
f 437//431 1963//1857 4531//4216 2675//2512
f 54//49 2674//2511 4531//4216 1963//1857
f 993//940 2675//2512 4531//4216 2674//2511
f 441//435 2676//2513 4532//4217 1965//1859
f 993//940 2674//2511 4532//4217 2676//2513
f 54//49 1965//1859 4532//4217 2674//2511
f 437//431 2675//2512 4533//4218 2427//2320
f 993//940 2677//2514 4533//4218 2675//2512
f 903//896 2427//2320 4533//4218 2677//2514
f 441//435 3511//3248 4534//4219 2676//2513
f 904//897 3246//2997 4534//4219 3511//3248
f 993//940 2676//2513 4534//4219 3246//2997
f 903//896 2677//2514 4535//4220 3298//3041
f 993//940 3246//2997 4535//4220 2677//2514
f 904//897 3298//3041 4535//4220 3246//2997
f 55//50 1966//1860 4536//4221 1970//1864
f 1966//1860 442//436 2431//2324 4536//4221
f 4536//4221 2431//2324 908//901 2437//2330
f 1970//1864 4536//4221 2437//2330 450//444
f 56//51 1968//1862 4537//4222 1967//1861
f 1968//1862 446//440 2434//2327 4537//4222
f 4537//4222 2434//2327 912//905 2433//2326
f 1967//1861 4537//4222 2433//2326 445//439
f 449//443 1969//1863 4538//4223 3245//2996
f 57//52 1971//1865 4538//4223 1969//1863
f 453//447 3245//2996 4538//4223 1971//1865
f 449//443 3245//2996 4539//4224 2436//2329
f 453//447 3244//2995 4539//4224 3245//2996
f 915//908 2436//2329 4539//4224 3244//2995
f 915//908 3244//2995 4540//4225 3294//3037
f 453//447 3243//2994 4540//4225 3244//2995
f 916//909 3294//3037 4540//4225 3243//2994
f 58//53 1972//1866 4541//4226 1976//1869
f 1972//1866 454//448 2439//2332 4541//4226
f 4541//4226 2439//2332 921//914 2445//2338
f 1976//1869 4541//4226 2445//2338 462//456
f 59//33 1974//1867 4542//4227 1973//1828
f 1974//1867 458//452 2443//2336 4542//4227
f 4542//4227 2443//2336 924//917 2441//2334
f 1973//1828 4542//4227 2441//2334 457//451
f 461//455 1975//1868 4543//4228 2679//2516
f 60//54 2678//2515 4543//4228 1975//1868
f 994//941 2679//2516 4543//4228 2678//2515
f 461//455 2679//2516 4544//4229 3507//3244
f 994//941 3242//2993 4544//4229 2679//2516
f 928//921 3507//3244 4544//4229 3242//2993
f 928//921 3242//2993 4545//4230 3289//3032
f 994//941 2680//2517 4545//4230 3242//2993
f 929//922 3289//3032 4545//4230 2680//2517
f 61//55 3636//3373 4546//4231 1977//1870
f 3636//3373 240//234 3564//3301 4546//4231
f 4546//4231 3564//3301 705//698 3505//3242
f 1977//1870 4546//4231 3505//3242 465//459
f 61//55 1977//1870 4547//4232 1978//1871
f 1977//1870 465//459 2447//2340 4547//4232
f 4547//4232 2447//2340 922//915 2440//2333
f 1978//1871 4547//4232 2440//2333 455//449
f 62//56 1979//1872 4548//4233 1980//1873
f 1979//1872 456//450 2442//2335 4548//4233
f 4548//4233 2442//2335 927//920 2449//2342
f 1980//1873 4548//4233 2449//2342 466//460
f 62//56 1980//1873 4549//4234 3635//3372
f 1980//1873 466//460 3503//3240 4549//4234
f 4549//4234 3503//3240 708//701 2292//2185
f 3635//3372 4549//4234 2292//2185 241//235
f 63//57 1985//1878 4550//4235 3634//3371
f 1985//1878 244//238 3563//3300 4550//4235
f 4550//4235 3563//3300 707//700 2450//2343
f 3634//3371 4550//4235 2450//2343 468//462
f 64//58 3633//3370 4551//4236 1981//1874
f 3633//3370 469//463 2451//2344 4551//4236
f 4551//4236 2451//2344 808//801 3532//3269
f 1981//1874 4551//4236 3532//3269 349//343
f 350//344 2682//2519 4552//4237 1982//1875
f 995//942 2681//2518 4552//4237 2682//2519
f 65//59 1982//1875 4552//4237 2681//2518
f 470//464 1983//1876 4553//4238 2683//2520
f 65//59 2681//2518 4553//4238 1983//1876
f 995//942 2683//2520 4553//4238 2681//2518
f 350//344 3530//3267 4554//4239 2682//2519
f 813//806 3241//2992 4554//4239 3530//3267
f 995//942 2682//2519 4554//4239 3241//2992
f 470//464 2683//2520 4555//4240 3502//3239
f 995//942 3240//2991 4555//4240 2683//2520
f 814//807 3502//3239 4555//4240 3240//2991
f 813//806 3332//3075 4556//4241 3241//2992
f 814//807 3240//2991 4556//4241 3332//3075
f 995//942 3241//2992 4556//4241 3240//2991
f 473//467 2685//2522 4557//4242 1984//1877
f 996//943 2684//2521 4557//4242 2685//2522
f 66//60 1984//1877 4557//4242 2684//2521
f 245//239 1986//1879 4558//4243 2686//2523
f 66//60 2684//2521 4558//4243 1986//1879
f 996//943 2686//2523 4558//4243 2684//2521
f 473//467 2453//2346 4559//4244 2685//2522
f 711//704 2687//2524 4559//4244 2453//2346
f 996//943 2685//2522 4559//4244 2687//2524
f 67//61 1987//1880 4560//4245 1992//1885
f 1987//1880 474//468 3500//3237 4560//4245
f 4560//4245 3500//3237 705//698 3561//3298
f 1992//1885 4560//4245 3561//3298 247//241
f 68//62 1989//1882 4561//4246 1988//1881
f 1989//1882 255//249 3560//3297 4561//4246
f 4561//4246 3560//3297 718//711 3499//3236
f 1988//1881 4561//4246 3499//3236 475//469
f 256//250 1990//1883 4562//4247 2689//2526
f 69//63 2688//2525 4562//4247 1990//1883
f 997//944 2689//2526 4562//4247 2688//2525
f 476//470 2690//2527 4563//4248 1991//1884
f 997//944 2688//2525 4563//4248 2690//2527
f 69//63 1991//1884 4563//4248 2688//2525
f 256//250 2689//2526 4564//4249 2301//2194
f 997//944 2691//2528 4564//4249 2689//2526
f 720//713 2301//2194 4564//4249 2691//2528
f 476//470 3498//3235 4565//4250 2690//2527
f 722//715 3239//2990 4565//4250 3498//3235
f 997//944 2690//2527 4565//4250 3239//2990
f 720//713 2691//2528 4566//4251 3367//3110
f 997//944 3239//2990 4566//4251 2691//2528
f 722//715 3367//3110 4566//4251 3239//2990
f 248//242 2295//2188 4567//4252 2692//2529
f 710//703 2693//2530 4567//4252 2295//2188
f 998//945 2692//2529 4567//4252 2693//2530
f 710//703 2590//2459 4568//4253 2693//2530
f 712//705 2694//2531 4568//4253 2590//2459
f 998//945 2693//2530 4568//4253 2694//2531
f 70//64 3632//3369 4569//4254 1993//1886
f 3632//3369 251//245 2297//2190 4569//4254
f 4569//4254 2297//2190 715//708 3497//3234
f 1993//1886 4569//4254 3497//3234 479//473
f 70//64 1993//1886 4570//4255 1994//1887
f 1993//1886 479//473 2455//2348 4570//4255
f 4570//4255 2455//2348 909//902 2432//2325
f 1994//1887 4570//4255 2432//2325 443//437
f 71//65 1995//1888 4571//4256 1996//1889
f 1995//1888 444//438 3510//3247 4571//4256
f 4571//4256 3510//3247 913//906 3493//3230
f 1996//1889 4571//4256 3493//3230 480//474
f 71//65 1996//1889 4572//4257 3631//3368
f 1996//1889 480//474 3494//3231 4572//4257
f 4572//4257 3494//3231 719//712 2299//2192
f 3631//3368 4572//4257 2299//2192 252//246
f 72//66 3630//3367 4573//4258 2001//1894
f 3630//3367 482//476 2458//2351 4573//4258
f 4573//4258 2458//2351 716//709 3558//3295
f 2001//1894 4573//4258 3558//3295 259//253
f 73//67 1997//1890 4574//4259 3629//3366
f 1997//1890 265//259 3556//3293 4574//4259
f 4574//4259 3556//3293 729//722 2459//2352
f 3629//3366 4574//4259 2459//2352 483//477
f 266//260 1998//1891 4575//4260 2696//2533
f 74//68 2695//2532 4575//4260 1998//1891
f 999//946 2696//2533 4575//4260 2695//2532
f 484//478 2697//2534 4576//4261 1999//1892
f 999//946 2695//2532 4576//4261 2697//2534
f 74//68 1999//1892 4576//4261 2695//2532
f 266//260 2696//2533 4577//4262 3555//3292
f 999//946 3238//2989 4577//4262 2696//2533
f 731//724 3555//3292 4577//4262 3238//2989
f 484//478 3490//3227 4578//4263 2697//2534
f 733//726 3237//2988 4578//4263 3490//3227
f 999//946 2697//2534 4578//4263 3237//2988
f 731//724 3238//2989 4579//4264 2592//2461
f 999//946 3237//2988 4579//4264 3238//2989
f 733//726 2592//2461 4579//4264 3237//2988
f 485//479 2000//1893 4580//4265 2699//2536
f 75//69 2698//2535 4580//4265 2000//1893
f 1000//947 2699//2536 4580//4265 2698//2535
f 260//254 2700//2537 4581//4266 2002//1895
f 1000//947 2698//2535 4581//4266 2700//2537
f 75//69 2002//1895 4581//4266 2698//2535
f 260//254 2303//2196 4582//4267 2700//2537
f 721//714 2701//2538 4582//4267 2303//2196
f 1000//947 2700//2537 4582//4267 2701//2538
f 485//479 2699//2536 4583//4268 2460//2353
f 1000//947 2702//2539 4583//4268 2699//2536
f 723//716 2460//2353 4583//4268 2702//2539
f 721//714 2591//2460 4584//4269 2701//2538
f 723//716 2702//2539 4584//4269 2591//2460
f 1000//947 2701//2538 4584//4269 2702//2539
f 76//70 3628//3365 4585//4270 2003//1896
f 3628//3365 262//256 3557//3294 4585//4270
f 4585//4270 3557//3294 727//720 3489//3226
f 2003//1896 4585//4270 3489//3226 489//483
f 76//70 2003//1896 4586//4271 2004//1897
f 2003//1896 489//483 2461//2354 4586//4271
f 4586//4271 2461//2354 897//890 2422//2315
f 2004//1897 4586//4271 2422//2315 431//425
f 77//71 2005//1898 4587//4272 2006//1899
f 2005//1898 432//426 2424//2317 4587//4272
f 4587//4272 2424//2317 902//895 2463//2356
f 2006//1899 4587//4272 2463//2356 490//484
f 77//71 2006//1899 4588//4273 3627//3364
f 2006//1899 490//484 3485//3222 4588//4273
f 4588//4273 3485//3222 730//723 2305//2198
f 3627//3364 4588//4273 2305//2198 263//257
f 78//72 3626//3363 4589//4274 2011//1904
f 3626//3363 492//486 3484//3221 4589//4274
f 4589//4274 3484//3221 727//720 2308//2201
f 2011//1904 4589//4274 2308//2201 269//263
f 79//73 2007//1900 4590//4275 3625//3362
f 2007//1900 277//271 3553//3290 4590//4275
f 4590//4275 3553//3290 741//734 2465//2358
f 3625//3362 4590//4275 2465//2358 493//487
f 278//272 2008//1901 4591//4276 2704//2541
f 80//74 2703//2540 4591//4276 2008//1901
f 1001//948 2704//2541 4591//4276 2703//2540
f 494//488 2705//2542 4592//4277 2009//1902
f 1001//948 2703//2540 4592//4277 2705//2542
f 80//74 2009//1902 4592//4277 2703//2540
f 278//272 2704//2541 4593//4278 3552//3289
f 1001//948 3236//2987 4593//4278 2704//2541
f 743//736 3552//3289 4593//4278 3236//2987
f 494//488 3481//3218 4594//4279 2705//2542
f 745//738 3235//2986 4594//4279 3481//3218
f 1001//948 2705//2542 4594//4279 3235//2986
f 743//736 3236//2987 4595//4280 3360//3103
f 1001//948 3235//2986 4595//4280 3236//2987
f 745//738 3360//3103 4595//4280 3235//2986
f 495//489 2010//1903 4596//4281 2707//2544
f 81//75 2706//2543 4596//4281 2010//1903
f 1002//949 2707//2544 4596//4281 2706//2543
f 270//264 2708//2545 4597//4282 2012//1905
f 1002//949 2706//2543 4597//4282 2708//2545
f 81//75 2012//1905 4597//4282 2706//2543
f 270//264 2309//2202 4598//4283 2708//2545
f 732//725 2709//2546 4598//4283 2309//2202
f 1002//949 2708//2545 4598//4283 2709//2546
f 495//489 2707//2544 4599//4284 2466//2359
f 1002//949 2710//2547 4599//4284 2707//2544
f 734//727 2466//2359 4599//4284 2710//2547
f 732//725 2593//2462 4600//4285 2709//2546
f 734//727 2710//2547 4600//4285 2593//2462
f 1002//949 2709//2546 4600//4285 2710//2547
f 82//76 3624//3361 4601//4286 2013//1906
f 3624//3361 273//267 2311//2204 4601//4286
f 4601//4286 2311//2204 737//730 3480//3217
f 2013//1906 4601//4286 3480//3217 499//493
f 82//76 2013//1906 4602//4287 2014//1907
f 2013//1906 499//493 2467//2360 4602//4287
f 4602//4287 2467//2360 886//879 2415//2308
f 2014//1907 4602//4287 2415//2308 420//414
f 83//77 2015//1908 4603//4288 2016//1909
f 2015//1908 421//415 2417//2310 4603//4288
f 4603//4288 2417//2310 890//883 2468//2361
f 2016//1909 4603//4288 2468//2361 500//494
f 83//77 2016//1909 4604//4289 3623//3360
f 2016//1909 500//494 3476//3213 4604//4289
f 4604//4289 3476//3213 742//735 2313//2206
f 3623//3360 4604//4289 2313//2206 274//268
f 84//78 2017//1910 4605//4290 2023//1916
f 2017//1910 502//496 2471//2364 4605//4290
f 4605//4290 2471//2364 739//732 2317//2210
f 2023//1916 4605//4290 2317//2210 281//275
f 85//79 2019//1912 4606//4291 2018//1911
f 2019//1912 289//283 2324//2217 4606//4291
f 4606//4291 2324//2217 752//745 2472//2365
f 2018//1911 4606//4291 2472//2365 505//499
f 290//284 2020//1913 4607//4292 2712//2549
f 86//80 2711//2548 4607//4292 2020//1913
f 1003//950 2712//2549 4607//4292 2711//2548
f 506//500 2713//2550 4608//4293 2021//1914
f 1003//950 2711//2548 4608//4293 2713//2550
f 86//80 2021//1914 4608//4293 2711//2548
f 506//500 3474//3211 4609//4294 2713//2550
f 756//749 3234//2985 4609//4294 3474//3211
f 1003//950 2713//2550 4609//4294 3234//2985
f 290//284 2712//2549 4610//4295 3356//3099
f 1003//950 3234//2985 4610//4295 2712//2549
f 756//749 3356//3099 4610//4295 3234//2985
f 507//501 2022//1915 4611//4296 2715//2552
f 87//81 2714//2551 4611//4296 2022//1915
f 1004//951 2715//2552 4611//4296 2714//2551
f 282//276 2716//2553 4612//4297 2024//1917
f 1004//951 2714//2551 4612//4297 2716//2553
f 87//81 2024//1917 4612//4297 2714//2551
f 282//276 2318//2211 4613//4298 2716//2553
f 744//737 2717//2554 4613//4298 2318//2211
f 1004//951 2716//2553 4613//4298 2717//2554
f 507//501 2715//2552 4614//4299 3475//3212
f 1004//951 3233//2984 4614//4299 2715//2552
f 746//739 3475//3212 4614//4299 3233//2984
f 744//737 3358//3101 4615//4300 2717//2554
f 746//739 3233//2984 4615//4300 3358//3101
f 1004//951 2717//2554 4615//4300 3233//2984
f 88//82 3620//3357 4616//4301 3622//3359
f 3620//3357 285//279 2320//2213 4616//4301
f 4616//4301 2320//2213 749//742 2475//2368
f 3622//3359 4616//4301 2475//2368 509//503
f 88//82 3621//3358 4617//4302 2025//1918
f 3621//3358 510//504 3472//3209 4617//4302
f 4617//4302 3472//3209 876//869 3516//3253
f 2025//1918 4617//4302 3516//3253 410//404
f 89//83 2026//1919 4618//4303 2027//1920
f 2026//1919 411//405 2408//2301 4618//4303
f 4618//4303 2408//2301 879//872 2476//2369
f 2027//1920 4618//4303 2476//2369 511//505
f 89//83 2027//1920 4619//4304 3619//3356
f 2027//1920 511//505 3469//3206 4619//4304
f 4619//4304 3469//3206 754//747 2322//2215
f 3619//3356 4619//4304 2322//2215 286//280
f 90//84 2028//1921 4620//4305 2033//1926
f 2028//1921 513//507 3468//3205 4620//4305
f 4620//4305 3468//3205 749//742 3550//3287
f 2033//1926 4620//4305 3550//3287 292//286
f 91//85 2029//1922 4621//4306 3618//3355
f 2029//1922 300//294 2330//2223 4621//4306
f 4621//4306 2330//2223 764//757 1755//1688
f 3618//3355 4621//4306 1755//1688 765//758
f 301//295 2030//1923 4622//4307 2331//2224
f 92//86 3232//2983 4622//4307 2030//1923
f 766//759 2331//2224 4622//4307 3232//2983
f 516//510 3231//2982 4623//4308 2031//1924
f 766//759 3232//2983 4623//4308 3231//2982
f 92//86 2031//1924 4623//4308 3232//2983
f 516//510 2480//2373 4624//4309 3231//2982
f 768//761 2595//2464 4624//4309 2480//2373
f 766//759 3231//2982 4624//4309 2595//2464
f 517//511 2032//1925 4625//4310 2719//2556
f 93//87 2718//2555 4625//4310 2032//1925
f 1005//952 2719//2556 4625//4310 2718//2555
f 293//287 2720//2557 4626//4311 2034//1927
f 1005//952 2718//2555 4626//4311 2720//2557
f 93//87 2034//1927 4626//4311 2718//2555
f 293//287 3549//3286 4627//4312 2720//2557
f 755//748 3230//2981 4627//4312 3549//3286
f 1005//952 2720//2557 4627//4312 3230//2981
f 517//511 2719//2556 4628//4313 2479//2372
f 1005//952 2721//2558 4628//4313 2719//2556
f 757//750 2479//2372 4628//4313 2721//2558
f 755//748 3354//3097 4629//4314 3230//2981
f 757//750 2721//2558 4629//4314 3354//3097
f 1005//952 3230//2981 4629//4314 2721//2558
f 94//88 3616//3353 4630//4315 2035//1928
f 3616//3353 296//290 2327//2220 4630//4315
f 4630//4315 2327//2220 760//753 3465//3202
f 2035//1928 4630//4315 3465//3202 521//515
f 94//88 2035//1928 4631//4316 2036//1929
f 2035//1928 521//515 2481//2374 4631//4316
f 4631//4316 2481//2374 867//860 2400//2293
f 2036//1929 4631//4316 2400//2293 399//393
f 95//89 2037//1930 4632//4317 3617//3354
f 2037//1930 400//394 3519//3256 4632//4317
f 4632//4317 3519//3256 870//863 3462//3199
f 3617//3354 4632//4317 3462//3199 522//516
f 95//89 3617//3354 4633//4318 3615//3352
f 3617//3354 522//516 3461//3198 4633//4318
f 4633//4318 3461//3198 765//758 3548//3285
f 3615//3352 4633//4318 3548//3285 297//291
f 96//90 2044//1937 4634//4319 2038//1931
f 2044//1937 527//521 2485//2378 4634//4319
f 4634//4319 2485//2378 762//755 2333//2226
f 2038//1931 4634//4319 2333//2226 304//298
f 305//299 2334//2227 4635//4320 2039//1932
f 767//760 3229//2980 4635//4320 2334//2227
f 97//91 2039//1932 4635//4320 3229//2980
f 523//517 2040//1933 4636//4321 3459//3196
f 97//91 3228//2979 4636//4321 2040//1933
f 769//762 3459//3196 4636//4321 3228//2979
f 767//760 3349//3092 4637//4322 3229//2980
f 769//762 3228//2979 4637//4322 3349//3092
f 97//91 3229//2980 4637//4322 3228//2979
f 524//518 2723//2560 4638//4323 2041//1934
f 1006//953 2722//2559 4638//4323 2723//2560
f 98//92 2041//1934 4638//4323 2722//2559
f 312//306 2042//1935 4639//4324 2724//2561
f 98//92 2722//2559 4639//4324 2042//1935
f 1006//953 2724//2561 4639//4324 2722//2559
f 312//306 2724//2561 4640//4325 2339//2232
f 1006//953 2725//2562 4640//4325 2724//2561
f 778//771 2339//2232 4640//4325 2725//2562
f 524//518 2482//2375 4641//4326 2723//2560
f 780//773 2726//2563 4641//4326 2482//2375
f 1006//953 2723//2560 4641//4326 2726//2563
f 778//771 2725//2562 4642//4327 2596//2465
f 1006//953 2726//2563 4642//4327 2725//2562
f 780//773 2596//2465 4642//4327 2726//2563
f 99//93 2043//1936 4643//4328 2045//1938
f 2043//1936 313//307 2341//2234 4643//4328
f 4643//4328 2341//2234 775//768 2486//2379
f 2045//1938 4643//4328 2486//2379 530//524
f 100//94 3614//3351 4644//4329 2046//1939
f 3614//3351 308//302 2336//2229 4644//4329
f 4644//4329 2336//2229 772//765 3458//3195
f 2046//1939 4644//4329 3458//3195 531//525
f 100//94 2046//1939 4645//4330 2047//1940
f 2046//1939 531//525 2488//2381 4645//4330
f 4645//4330 2488//2381 856//849 2391//2284
f 2047//1940 4645//4330 2391//2284 388//382
f 101//95 2048//1941 4646//4331 2049//1942
f 2048//1941 389//383 2393//2286 4646//4331
f 4646//4331 2393//2286 860//853 2489//2382
f 2049//1942 4646//4331 2489//2382 532//526
f 101//95 2049//1942 4647//4332 3613//3350
f 2049//1942 532//526 3453//3190 4647//4332
f 4647//4332 3453//3190 777//770 2338//2231
f 3613//3350 4647//4332 2338//2231 309//303
f 314//308 2728//2565 4648//4333 2050//1943
f 1007//954 2727//2564 4648//4333 2728//2565
f 102//96 2050//1943 4648//4333 2727//2564
f 536//530 2054//1947 4649//4334 2729//2566
f 102//96 2727//2564 4649//4334 2054//1947
f 1007//954 2729//2566 4649//4334 2727//2564
f 314//308 3545//3282 4650//4335 2728//2565
f 779//772 3227//2978 4650//4335 3545//3282
f 1007//954 2728//2565 4650//4335 3227//2978
f 536//530 2729//2566 4651//4336 3451//3188
f 1007//954 3226//2977 4651//4336 2729//2566
f 781//774 3451//3188 4651//4336 3226//2977
f 779//772 3345//3088 4652//4337 3227//2978
f 781//774 3226//2977 4652//4337 3345//3088
f 1007//954 3227//2978 4652//4337 3226//2977
f 103//97 3612//3349 4653//4338 2051//1944
f 3612//3349 534//528 2490//2383 4653//4338
f 4653//4338 2490//2383 773//766 3544//3281
f 2051//1944 4653//4338 3544//3281 315//309
f 104//98 2052//1945 4654//4339 3611//3348
f 2052//1945 322//316 2347//2240 4654//4339
f 4654//4339 2347//2240 788//781 3452//3189
f 3611//3348 4654//4339 3452//3189 535//529
f 323//317 2053//1946 4655//4340 2731//2568
f 105//99 2730//2567 4655//4340 2053//1946
f 1008//955 2731//2568 4655//4340 2730//2567
f 539//533 2732//2569 4656//4341 2055//1948
f 1008//955 2730//2567 4656//4341 2732//2569
f 105//99 2055//1948 4656//4341 2730//2567
f 323//317 2731//2568 4657//4342 2348//2241
f 1008//955 2733//2570 4657//4342 2731//2568
f 790//783 2348//2241 4657//4342 2733//2570
f 539//533 2492//2385 4658//4343 2732//2569
f 792//785 2734//2571 4658//4343 2492//2385
f 1008//955 2732//2569 4658//4343 2734//2571
f 790//783 2733//2570 4659//4344 2598//2467
f 1008//955 2734//2571 4659//4344 2733//2570
f 792//785 2598//2467 4659//4344 2734//2571
f 106//100 3610//3347 4660//4345 2056//1949
f 3610//3347 318//312 2344//2237 4660//4345
f 4660//4345 2344//2237 785//778 3448//3185
f 2056//1949 4660//4345 3448//3185 541//535
f 106//100 2056//1949 4661//4346 2057//1950
f 2056//1949 541//535 2493//2386 4661//4346
f 4661//4346 2493//2386 844//837 2382//2275
f 2057//1950 4661//4346 2382//2275 376//370
f 107//101 2058//1951 4662//4347 2059//1952
f 2058//1951 377//371 2384//2277 4662//4347
f 4662//4347 2384//2277 849//842 2495//2388
f 2059//1952 4662//4347 2495//2388 542//536
f 107//101 2059//1952 4663//4348 3609//3346
f 2059//1952 542//536 3445//3182 4663//4348
f 4663//4348 3445//3182 788//781 3543//3280
f 3609//3346 4663//4348 3543//3280 319//313
f 108//102 3608//3345 4664//4349 2064//1957
f 3608//3345 544//538 2496//2389 4664//4349
f 4664//4349 2496//2389 786//779 3541//3278
f 2064//1957 4664//4349 3541//3278 326//320
f 109//103 2060//1953 4665//4350 3607//3344
f 2060//1953 334//328 3539//3276 4665//4350
f 4665//4350 3539//3276 799//792 2497//2390
f 3607//3344 4665//4350 2497//2390 545//539
f 335//329 2061//1954 4666//4351 2736//2573
f 110//104 2735//2572 4666//4351 2061//1954
f 1009//956 2736//2573 4666//4351 2735//2572
f 546//540 2737//2574 4667//4352 2062//1955
f 1009//956 2735//2572 4667//4352 2737//2574
f 110//104 2062//1955 4667//4352 2735//2572
f 335//329 2736//2573 4668//4353 2356//2249
f 1009//956 2738//2575 4668//4353 2736//2573
f 801//794 2356//2249 4668//4353 2738//2575
f 546//540 2498//2391 4669//4354 2737//2574
f 803//796 2739//2576 4669//4354 2498//2391
f 1009//956 2737//2574 4669//4354 2739//2576
f 801//794 2738//2575 4670//4355 2599//2468
f 1009//956 2739//2576 4670//4355 2738//2575
f 803//796 2599//2468 4670//4355 2739//2576
f 547//541 2063//1956 4671//4356 2741//2578
f 111//105 2740//2577 4671//4356 2063//1956
f 1010//957 2741//2578 4671//4356 2740//2577
f 327//321 2742//2579 4672//4357 2065//1958
f 1010//957 2740//2577 4672//4357 2742//2579
f 111//105 2065//1958 4672//4357 2740//2577
f 327//321 3540//3277 4673//4358 2742//2579
f 791//784 3225//2976 4673//4358 3540//3277
f 1010//957 2742//2579 4673//4358 3225//2976
f 547//541 2741//2578 4674//4359 3443//3180
f 1010//957 3224//2975 4674//4359 2741//2578
f 793//786 3443//3180 4674//4359 3224//2975
f 791//784 3341//3084 4675//4360 3225//2976
f 793//786 3224//2975 4675//4360 3341//3084
f 1010//957 3225//2976 4675//4360 3224//2975
f 112//106 3606//3343 4676//4361 2066//1959
f 3606//3343 330//324 2352//2245 4676//4361
f 4676//4361 2352//2245 796//789 3440//3177
f 2066//1959 4676//4361 3440//3177 551//545
f 112//106 2066//1959 4677//4362 2067//1960
f 2066//1959 551//545 2499//2392 4677//4362
f 4677//4362 2499//2392 832//825 2374//2267
f 2067//1960 4677//4362 2374//2267 365//359
f 113//107 2068//1961 4678//4363 2069//1962
f 2068//1961 366//360 2376//2269 4678//4363
f 4678//4363 2376//2269 837//830 2502//2395
f 2069//1962 4678//4363 2502//2395 552//546
f 113//107 2069//1962 4679//4364 3605//3342
f 2069//1962 552//546 3437//3174 4679//4364
f 4679//4364 3437//3174 800//793 2354//2247
f 3605//3342 4679//4364 2354//2247 331//325
f 114//108 3604//3341 4680//4365 2074//1967
f 3604//3341 554//548 2503//2396 4680//4365
f 4680//4365 2503//2396 797//790 3537//3274
f 2074//1967 4680//4365 3537//3274 338//332
f 115//109 2070//1963 4681//4366 3603//3340
f 2070//1963 346//340 3534//3271 4681//4366
f 4681//4366 3534//3271 810//803 2504//2397
f 3603//3340 4681//4366 2504//2397 555//549
f 347//341 2071//1964 4682//4367 2744//2581
f 116//110 2743//2580 4682//4367 2071//1964
f 1011//958 2744//2581 4682//4367 2743//2580
f 556//550 2745//2582 4683//4368 2072//1965
f 1011//958 2743//2580 4683//4368 2745//2582
f 116//110 2072//1965 4683//4368 2743//2580
f 347//341 2744//2581 4684//4369 3533//3270
f 1011//958 3223//2974 4684//4369 2744//2581
f 812//805 3533//3270 4684//4369 3223//2974
f 556//550 3435//3172 4685//4370 2745//2582
f 815//808 3222//2973 4685//4370 3435//3172
f 1011//958 2745//2582 4685//4370 3222//2973
f 812//805 3223//2974 4686//4371 3334//3077
f 1011//958 3222//2973 4686//4371 3223//2974
f 815//808 3334//3077 4686//4371 3222//2973
f 557//551 2073//1966 4687//4372 2747//2584
f 117//111 2746//2583 4687//4372 2073//1966
f 1012//959 2747//2584 4687//4372 2746//2583
f 339//333 2748//2585 4688//4373 2075//1968
f 1012//959 2746//2583 4688//4373 2748//2585
f 117//111 2075//1968 4688//4373 2746//2583
f 339//333 3535//3272 4689//4374 2748//2585
f 802//795 3221//2972 4689//4374 3535//3272
f 1012//959 2748//2585 4689//4374 3221//2972
f 557//551 2747//2584 4690//4375 3436//3173
f 1012//959 3220//2971 4690//4375 2747//2584
f 804//797 3436//3173 4690//4375 3220//2971
f 802//795 3337//3080 4691//4376 3221//2972
f 804//797 3220//2971 4691//4376 3337//3080
f 1012//959 3221//2972 4691//4376 3220//2971
f 118//112 3601//3338 4692//4377 2076//1969
f 3601//3338 342//336 2359//2252 4692//4377
f 4692//4377 2359//2252 807//800 3434//3171
f 2076//1969 4692//4377 3434//3171 560//554
f 118//112 2076//1969 4693//4378 2077//1970
f 2076//1969 560//554 2507//2400 4693//4378
f 4693//4378 2507//2400 818//811 2365//2258
f 2077//1970 4693//4378 2365//2258 353//347
f 119//113 2078//1971 4694//4379 3602//3339
f 2078//1971 354//348 2367//2260 4694//4379
f 4694//4379 2367//2260 824//817 3430//3167
f 3602//3339 4694//4379 3430//3167 562//556
f 119//113 3602//3339 4695//4380 3600//3337
f 3602//3339 562//556 3431//3168 4695//4380
f 4695//4380 3431//3168 811//804 2361//2254
f 3600//3337 4695//4380 2361//2254 343//337
f 120//114 2079//1972 4696//4381 2085//1978
f 2079//1972 563//557 2510//2403 4696//4381
f 4696//4381 2510//2403 822//815 2369//2262
f 2085//1978 4696//4381 2369//2262 357//351
f 121//115 2081//1974 4697//4382 2080//1973
f 2081//1974 372//366 3526//3263 4697//4382
f 4697//4382 3526//3263 832//825 3429//3166
f 2080//1973 4697//4382 3429//3166 566//560
f 373//367 2082//1975 4698//4383 2750//2587
f 122//116 2749//2586 4698//4383 2082//1975
f 1013//960 2750//2587 4698//4383 2749//2586
f 567//561 2751//2588 4699//4384 2083//1976
f 1013//960 2749//2586 4699//4384 2751//2588
f 122//116 2083//1976 4699//4384 2749//2586
f 373//367 2750//2587 4700//4385 3525//3262
f 1013//960 3219//2970 4700//4385 2750//2587
f 839//832 3525//3262 4700//4385 3219//2970
f 567//561 2513//2406 4701//4386 2751//2588
f 840//833 2752//2589 4701//4386 2513//2406
f 1013//960 2751//2588 4701//4386 2752//2589
f 839//832 3219//2970 4702//4387 3325//3068
f 1013//960 2752//2589 4702//4387 3219//2970
f 840//833 3325//3068 4702//4387 2752//2589
f 568//562 2084//1977 4703//4388 2754//2591
f 123//117 2753//2590 4703//4388 2084//1977
f 1014//961 2754//2591 4703//4388 2753//2590
f 358//352 2755//2592 4704//4389 2086//1979
f 1014//961 2753//2590 4704//4389 2755//2592
f 123//117 2086//1979 4704//4389 2753//2590
f 358//352 2370//2263 4705//4390 2755//2592
f 825//818 2756//2593 4705//4390 2370//2263
f 1014//961 2755//2592 4705//4390 2756//2593
f 568//562 2754//2591 4706//4391 3428//3165
f 1014//961 3218//2969 4706//4391 2754//2591
f 827//820 3428//3165 4706//4391 3218//2969
f 825//818 3329//3072 4707//4392 2756//2593
f 827//820 3218//2969 4707//4392 3329//3072
f 1014//961 2756//2593 4707//4392 3218//2969
f 124//118 2093//1986 4708//4393 2087//1980
f 2093//1986 361//355 2372//2265 4708//4393
f 4708//4393 2372//2265 820//813 2517//2410
f 2087//1980 4708//4393 2517//2410 571//565
f 125//119 2088//1981 4709//4394 2089//1982
f 2088//1981 572//566 2514//2407 4709//4394
f 4709//4394 2514//2407 925//918 2444//2337
f 2089//1982 4709//4394 2444//2337 459//453
f 460//454 2758//2595 4710//4395 2090//1983
f 1015//962 2757//2594 4710//4395 2758//2595
f 126//120 2090//1983 4710//4395 2757//2594
f 575//569 2091//1984 4711//4396 2759//2596
f 126//120 2757//2594 4711//4396 2091//1984
f 1015//962 2759//2596 4711//4396 2757//2594
f 575//569 2759//2596 4712//4397 2518//2411
f 1015//962 2760//2597 4712//4397 2759//2596
f 930//923 2518//2411 4712//4397 2760//2597
f 576//570 2762//2599 4713//4398 2092//1985
f 1016//963 2761//2598 4713//4398 2762//2599
f 127//121 2092//1985 4713//4398 2761//2598
f 362//356 2094//1987 4714//4399 2763//2600
f 127//121 2761//2598 4714//4399 2094//1987
f 1016//963 2763//2600 4714//4399 2761//2598
f 362//356 2763//2600 4715//4400 3529//3266
f 1016//963 3217//2968 4715//4400 2763//2600
f 826//819 3529//3266 4715//4400 3217//2968
f 576//570 3426//3163 4716//4401 2762//2599
f 828//821 3216//2967 4716//4401 3426//3163
f 1016//963 2762//2599 4716//4401 3216//2967
f 826//819 3217//2968 4717//4402 2601//2470
f 1016//963 3216//2967 4717//4402 3217//2968
f 828//821 2601//2470 4717//4402 3216//2967
f 128//122 2095//1988 4718//4403 2101//1994
f 2095//1988 579//573 2519//2412 4718//4403
f 4718//4403 2519//2412 835//828 2378//2271
f 2101//1994 4718//4403 2378//2271 369//363
f 129//123 2097//1990 4719//4404 2096//1989
f 2097//1990 384//378 2389//2282 4719//4404
f 4719//4404 2389//2282 846//839 2522//2415
f 2096//1989 4719//4404 2522//2415 582//576
f 385//379 2098//1991 4720//4405 2765//2602
f 130//124 2764//2601 4720//4405 2098//1991
f 1017//964 2765//2602 4720//4405 2764//2601
f 583//577 2766//2603 4721//4406 2099//1992
f 1017//964 2764//2601 4721//4406 2766//2603
f 130//124 2099//1992 4721//4406 2764//2601
f 385//379 2765//2602 4722//4407 3522//3259
f 1017//964 3215//2966 4722//4407 2765//2602
f 851//844 3522//3259 4722//4407 3215//2966
f 583//577 3422//3159 4723//4408 2766//2603
f 852//845 3214//2965 4723//4408 3422//3159
f 1017//964 2766//2603 4723//4408 3214//2965
f 851//844 3215//2966 4724//4409 3320//3063
f 1017//964 3214//2965 4724//4409 3215//2966
f 852//845 3320//3063 4724//4409 3214//2965
f 584//578 2100//1993 4725//4410 2768//2605
f 131//125 2767//2604 4725//4410 2100//1993
f 1018//965 2768//2605 4725//4410 2767//2604
f 370//364 2769//2606 4726//4411 2102//1995
f 1018//965 2767//2604 4726//4411 2769//2606
f 131//125 2102//1995 4726//4411 2767//2604
f 370//364 2379//2272 4727//4412 2769//2606
f 838//831 2770//2607 4727//4412 2379//2272
f 1018//965 2769//2606 4727//4412 2770//2607
f 584//578 2768//2605 4728//4413 2523//2416
f 1018//965 2771//2608 4728//4413 2768//2605
f 841//834 2523//2416 4728//4413 2771//2608
f 838//831 2604//2473 4729//4414 2770//2607
f 841//834 2771//2608 4729//4414 2604//2473
f 1018//965 2770//2607 4729//4414 2771//2608
f 132//126 2103//1996 4730//4415 2109//2002
f 2103//1996 587//581 2525//2418 4730//4415
f 4730//4415 2525//2418 848//841 2386//2279
f 2109//2002 4730//4415 2386//2279 380//374
f 133//127 2105//1998 4731//4416 2104//1997
f 2105//1998 396//390 3521//3258 4731//4416
f 4731//4416 3521//3258 856//849 3420//3157
f 2104//1997 4731//4416 3420//3157 588//582
f 397//391 2106//1999 4732//4417 2773//2610
f 134//128 2772//2609 4732//4417 2106//1999
f 1019//966 2773//2610 4732//4417 2772//2609
f 589//583 2774//2611 4733//4418 2107//2000
f 1019//966 2772//2609 4733//4418 2774//2611
f 134//128 2107//2000 4733//4418 2772//2609
f 397//391 2773//2610 4734//4419 3520//3257
f 1019//966 3213//2964 4734//4419 2773//2610
f 862//855 3520//3257 4734//4419 3213//2964
f 589//583 3418//3155 4735//4420 2774//2611
f 863//856 3212//2963 4735//4420 3418//3155
f 1019//966 2774//2611 4735//4420 3212//2963
f 862//855 3213//2964 4736//4421 3316//3059
f 1019//966 3212//2963 4736//4421 3213//2964
f 863//856 3316//3059 4736//4421 3212//2963
f 590//584 2108//2001 4737//4422 2776//2613
f 135//129 2775//2612 4737//4422 2108//2001
f 1020//967 2776//2613 4737//4422 2775//2612
f 381//375 2777//2614 4738//4423 2110//2003
f 1020//967 2775//2612 4738//4423 2777//2614
f 135//129 2110//2003 4738//4423 2775//2612
f 381//375 3524//3261 4739//4424 2777//2614
f 850//843 3211//2962 4739//4424 3524//3261
f 1020//967 2777//2614 4739//4424 3211//2962
f 590//584 2776//2613 4740//4425 3419//3156
f 1020//967 3210//2961 4740//4425 2776//2613
f 853//846 3419//3156 4740//4425 3210//2961
f 850//843 3322//3065 4741//4426 3211//2962
f 853//846 3210//2961 4741//4426 3322//3065
f 1020//967 3211//2962 4741//4426 3210//2961
f 136//130 2111//2004 4742//4427 2115//2008
f 2111//2004 593//587 2529//2422 4742//4427
f 4742//4427 2529//2422 859//852 2395//2288
f 2115//2008 4742//4427 2395//2288 391//385
f 137//131 2113//2006 4743//4428 2112//2005
f 2113//2006 406//400 2405//2298 4743//4428
f 4743//4428 2405//2298 868//861 2528//2421
f 2112//2005 4743//4428 2528//2421 594//588
f 407//401 2778//2615 4744//4429 3517//3254
f 1021//968 3209//2960 4744//4429 2778//2615
f 871//864 3517//3254 4744//4429 3209//2960
f 595//589 2531//2424 4745//4430 2779//2616
f 872//865 2780//2617 4745//4430 2531//2424
f 1021//968 2779//2616 4745//4430 2780//2617
f 871//864 3209//2960 4746//4431 3312//3055
f 1021//968 2780//2617 4746//4431 3209//2960
f 872//865 3312//3055 4746//4431 2780//2617
f 596//590 2114//2007 4747//4432 2782//2619
f 138//132 2781//2618 4747//4432 2114//2007
f 1022//969 2782//2619 4747//4432 2781//2618
f 392//386 2783//2620 4748//4433 2116//2009
f 1022//969 2781//2618 4748//4433 2783//2620
f 138//132 2116//2009 4748//4433 2781//2618
f 392//386 2396//2289 4749//4434 2783//2620
f 861//854 2784//2621 4749//4434 2396//2289
f 1022//969 2783//2620 4749//4434 2784//2621
f 596//590 2782//2619 4750//4435 3417//3154
f 1022//969 3208//2959 4750//4435 2782//2619
f 864//857 3417//3154 4750//4435 3208//2959
f 861//854 3318//3061 4751//4436 2784//2621
f 864//857 3208//2959 4751//4436 3318//3061
f 1022//969 2784//2621 4751//4436 3208//2959
f 139//133 3599//3336 4752//4437 2121//2014
f 3599//3336 600//594 3415//3152 4752//4437
f 4752//4437 3415//3152 870//863 2402//2295
f 2121//2014 4752//4437 2402//2295 402//396
f 140//134 2117//2010 4753//4438 3598//3335
f 2117//2010 416//410 2412//2305 4753//4438
f 4753//4438 2412//2305 876//869 3416//3153
f 3598//3335 4753//4438 3416//3153 599//593
f 417//411 2118//2011 4754//4439 2786//2623
f 141//135 2785//2622 4754//4439 2118//2011
f 1023//970 2786//2623 4754//4439 2785//2622
f 601//595 2787//2624 4755//4440 2119//2012
f 1023//970 2785//2622 4755//4440 2787//2624
f 141//135 2119//2012 4755//4440 2785//2622
f 601//595 2533//2426 4756//4441 2787//2624
f 882//875 2788//2625 4756//4441 2533//2426
f 1023//970 2787//2624 4756//4441 2788//2625
f 602//596 2120//2013 4757//4442 2790//2627
f 142//136 2789//2626 4757//4442 2120//2013
f 1024//971 2790//2627 4757//4442 2789//2626
f 403//397 2791//2628 4758//4443 2122//2015
f 1024//971 2789//2626 4758//4443 2791//2628
f 142//136 2122//2015 4758//4443 2789//2626
f 403//397 3518//3255 4759//4444 2791//2628
f 871//864 3207//2958 4759//4444 3518//3255
f 1024//971 2791//2628 4759//4444 3207//2958
f 602//596 2790//2627 4760//4445 2532//2425
f 1024//971 2792//2629 4760//4445 2790//2627
f 873//866 2532//2425 4760//4445 2792//2629
f 871//864 3313//3056 4761//4446 3207//2958
f 873//866 2792//2629 4761//4446 3313//3056
f 1024//971 3207//2958 4761//4446 2792//2629
f 143//137 2123//2016 4762//4447 2129//2022
f 2123//2016 605//599 2535//2428 4762//4447
f 4762//4447 2535//2428 878//871 2410//2303
f 2129//2022 4762//4447 2410//2303 414//408
f 144//138 2125//2018 4763//4448 2124//2017
f 2125//2018 427//421 2420//2313 4763//4448
f 4763//4448 2420//2313 887//880 2534//2427
f 2124//2017 4763//4448 2534//2427 606//600
f 428//422 2126//2019 4764//4449 2794//2631
f 145//139 2793//2630 4764//4449 2126//2019
f 1025//972 2794//2631 4764//4449 2793//2630
f 607//601 2795//2632 4765//4450 2127//2020
f 1025//972 2793//2630 4765//4450 2795//2632
f 145//139 2127//2020 4765//4450 2793//2630
f 428//422 2794//2631 4766//4451 3513//3250
f 1025//972 3206//2957 4766//4451 2794//2631
f 892//885 3513//3250 4766//4451 3206//2957
f 607//601 2537//2430 4767//4452 2795//2632
f 893//886 2796//2633 4767//4452 2537//2430
f 1025//972 2795//2632 4767//4452 2796//2633
f 892//885 3206//2957 4768//4453 3302//3045
f 1025//972 2796//2633 4768//4453 3206//2957
f 893//886 3302//3045 4768//4453 2796//2633
f 608//602 2128//2021 4769//4454 2798//2635
f 146//140 2797//2634 4769//4454 2128//2021
f 1026//973 2798//2635 4769//4454 2797//2634
f 880//873 3205//2956 4770//4455 3597//3334
f 1026//973 2797//2634 4770//4455 3205//2956
f 146//140 3597//3334 4770//4455 2797//2634
f 608//602 2798//2635 4771//4456 2536//2429
f 1026//973 2799//2636 4771//4456 2798//2635
f 883//876 2536//2429 4771//4456 2799//2636
f 880//873 3309//3052 4772//4457 3205//2956
f 883//876 2799//2636 4772//4457 3309//3052
f 1026//973 3205//2956 4772//4457 2799//2636
f 147//141 2130//2023 4773//4458 2136//2029
f 2130//2023 610//604 3411//3148 4773//4458
f 4773//4458 3411//3148 890//883 3515//3252
f 2136//2029 4773//4458 3515//3252 423//417
f 148//142 2132//2025 4774//4459 2131//2024
f 2132//2025 439//433 2429//2322 4774//4459
f 4774//4459 2429//2322 898//891 2538//2431
f 2131//2024 4774//4459 2538//2431 611//605
f 440//434 2133//2026 4775//4460 2801//2638
f 149//143 2800//2637 4775//4460 2133//2026
f 1027//974 2801//2638 4775//4460 2800//2637
f 612//606 2802//2639 4776//4461 2134//2027
f 1027//974 2800//2637 4776//4461 2802//2639
f 149//143 2134//2027 4776//4461 2800//2637
f 440//434 2801//2638 4777//4462 2430//2323
f 1027//974 2803//2640 4777//4462 2801//2638
f 904//897 2430//2323 4777//4462 2803//2640
f 612//606 3407//3144 4778//4463 2802//2639
f 905//898 3204//2955 4778//4463 3407//3144
f 1027//974 2802//2639 4778//4463 3204//2955
f 904//897 2803//2640 4779//4464 3297//3040
f 1027//974 3204//2955 4779//4464 2803//2640
f 905//898 3297//3040 4779//4464 3204//2955
f 613//607 2135//2028 4780//4465 2805//2642
f 150//144 2804//2641 4780//4465 2135//2028
f 1028//975 2805//2642 4780//4465 2804//2641
f 424//418 2806//2643 4781//4466 2137//2030
f 1028//975 2804//2641 4781//4466 2806//2643
f 150//144 2137//2030 4781//4466 2804//2641
f 424//418 3514//3251 4782//4467 2806//2643
f 891//884 3203//2954 4782//4467 3514//3251
f 1028//975 2806//2643 4782//4467 3203//2954
f 613//607 2805//2642 4783//4468 3408//3145
f 1028//975 3202//2953 4783//4468 2805//2642
f 894//887 3408//3145 4783//4468 3202//2953
f 891//884 3304//3047 4784//4469 3203//2954
f 894//887 3202//2953 4784//4469 3304//3047
f 1028//975 3203//2954 4784//4469 3202//2953
f 151//145 2138//2031 4785//4470 2144//2037
f 2138//2031 616//610 2542//2435 4785//4470
f 4785//4470 2542//2435 900//893 2426//2319
f 2144//2037 4785//4470 2426//2319 435//429
f 152//146 2140//2033 4786//4471 2139//2032
f 2140//2033 451//445 2438//2331 4786//4471
f 4786//4471 2438//2331 911//904 2541//2434
f 2139//2032 4786//4471 2541//2434 617//611
f 452//446 2141//2034 4787//4472 2808//2645
f 153//147 2807//2644 4787//4472 2141//2034
f 1029//976 2808//2645 4787//4472 2807//2644
f 620//614 2809//2646 4788//4473 2142//2035
f 1029//976 2807//2644 4788//4473 2809//2646
f 153//147 2142//2035 4788//4473 2807//2644
f 452//446 2808//2645 4789//4474 3508//3245
f 1029//976 3201//2952 4789//4474 2808//2645
f 916//909 3508//3245 4789//4474 3201//2952
f 620//614 2545//2438 4790//4475 2809//2646
f 917//910 2810//2647 4790//4475 2545//2438
f 1029//976 2809//2646 4790//4475 2810//2647
f 916//909 3201//2952 4791//4476 3293//3036
f 1029//976 2810//2647 4791//4476 3201//2952
f 917//910 3293//3036 4791//4476 2810//2647
f 621//615 2143//2036 4792//4477 2812//2649
f 154//148 2811//2648 4792//4477 2143//2036
f 1030//977 2812//2649 4792//4477 2811//2648
f 436//430 2813//2650 4793//4478 2145//2038
f 1030//977 2811//2648 4793//4478 2813//2650
f 154//148 2145//2038 4793//4478 2811//2648
f 436//430 3512//3249 4794//4479 2813//2650
f 903//896 3200//2951 4794//4479 3512//3249
f 1030//977 2813//2650 4794//4479 3200//2951
f 621//615 2812//2649 4795//4480 2544//2437
f 1030//977 2814//2651 4795//4480 2812//2649
f 906//899 2544//2437 4795//4480 2814//2651
f 903//896 3299//3042 4796//4481 3200//2951
f 906//899 2814//2651 4796//4481 3299//3042
f 1030//977 3200//2951 4796//4481 2814//2651
f 155//149 2146//2039 4797//4482 2150//2043
f 2146//2039 624//618 2546//2439 4797//4482
f 4797//4482 2546//2439 913//906 2435//2328
f 2150//2043 4797//4482 2435//2328 447//441
f 156//150 2148//2041 4798//4483 2147//2040
f 2148//2041 463//457 2446//2339 4798//4483
f 4798//4483 2446//2339 923//916 2548//2441
f 2147//2040 4798//4483 2548//2441 627//621
f 464//458 2815//2652 4799//4484 3506//3243
f 1031//978 3199//2950 4799//4484 2815//2652
f 929//922 3506//3243 4799//4484 3199//2950
f 929//922 3199//2950 4800//4485 3287//3030
f 1031//978 2816//2653 4800//4485 3199//2950
f 628//622 3287//3030 4800//4485 2816//2653
f 629//623 2149//2042 4801//4486 2818//2655
f 157//151 2817//2654 4801//4486 2149//2042
f 1032//979 2818//2655 4801//4486 2817//2654
f 448//442 2819//2656 4802//4487 2151//2044
f 1032//979 2817//2654 4802//4487 2819//2656
f 157//151 2151//2044 4802//4487 2817//2654
f 448//442 3509//3246 4803//4488 2819//2656
f 915//908 3198//2949 4803//4488 3509//3246
f 1032//979 2819//2656 4803//4488 3198//2949
f 629//623 2818//2655 4804//4489 3402//3139
f 1032//979 3197//2948 4804//4489 2818//2655
f 918//911 3402//3139 4804//4489 3197//2948
f 915//908 3295//3038 4805//4490 3198//2949
f 918//911 3197//2948 4805//4490 3295//3038
f 1032//979 3198//2949 4805//4490 3197//2948
f 159//153 3594//3331 4806//4491 3596//3333
f 3594//3331 465//459 3505//3242 4806//4491
f 4806//4491 3505//3242 705//698 3500//3237
f 3596//3333 4806//4491 3500//3237 474//468
f 158//152 3595//3332 4807//4492 2152//2045
f 3595//3332 475//469 3499//3236 4807//4492
f 4807//4492 3499//3236 718//711 3495//3232
f 2152//2045 4807//4492 3495//3232 481//475
f 158//152 2152//2045 4808//4493 2153//2046
f 2152//2045 481//475 2457//2350 4808//4493
f 4808//4493 2457//2350 914//907 2547//2440
f 2153//2046 4808//4493 2547//2440 625//619
f 159//153 2154//2047 4809//4494 3594//3331
f 2154//2047 626//620 3404//3141 4809//4494
f 4809//4494 3404//3141 922//915 2447//2340
f 3594//3331 4809//4494 2447//2340 465//459
f 160//154 3593//3330 4810//4495 2155//2048
f 3593//3330 468//462 2450//2343 4810//4495
f 4810//4495 2450//2343 707//700 3504//3241
f 2155//2048 4810//4495 3504//3241 467//461
f 160//154 2155//2048 4811//4496 2156//2049
f 2155//2048 467//461 2448//2341 4811//4496
f 4811//4496 2448//2341 926//919 2515//2408
f 2156//2049 4811//4496 2515//2408 573//567
f 161//155 2157//2050 4812//4497 2158//2051
f 2157//2050 574//568 2516//2409 4812//4497
f 4812//4497 2516//2409 819//812 2508//2401
f 2158//2051 4812//4497 2508//2401 561//555
f 161//155 2158//2051 4813//4498 3592//3329
f 2158//2051 561//555 3433//3170 4813//4498
f 4813//4498 3433//3170 808//801 2451//2344
f 3592//3329 4813//4498 2451//2344 469//463
f 471//465 2821//2658 4814//4499 2159//2052
f 1033//980 2820//2657 4814//4499 2821//2658
f 162//156 2159//2052 4814//4499 2820//2657
f 635//629 2163//2056 4815//4500 2822//2659
f 162//156 2820//2657 4815//4500 2163//2056
f 1033//980 2822//2659 4815//4500 2820//2657
f 471//465 2452//2345 4816//4501 2821//2658
f 814//807 2823//2660 4816//4501 2452//2345
f 1033//980 2821//2658 4816//4501 2823//2660
f 635//629 2822//2659 4817//4502 3399//3137
f 1033//980 3196//2947 4817//4502 2822//2659
f 816//809 3399//3137 4817//4502 3196//2947
f 814//807 3331//3074 4818//4503 2823//2660
f 816//809 3196//2947 4818//4503 3331//3074
f 1033//980 2823//2660 4818//4503 3196//2947
f 472//466 2160//2053 4819//4504 2825//2662
f 163//157 2824//2661 4819//4504 2160//2053
f 1034//981 2825//2662 4819//4504 2824//2661
f 631//625 2826//2663 4820//4505 2161//2054
f 1034//981 2824//2661 4820//4505 2826//2663
f 163//157 2161//2054 4820//4505 2824//2661
f 472//466 2825//2662 4821//4506 3501//3238
f 1034//981 3195//2946 4821//4506 2825//2662
f 711//704 3501//3238 4821//4506 3195//2946
f 631//625 3401//3138 4822//4507 2826//2663
f 713//706 3194//2945 4822//4507 3401//3138
f 1034//981 2826//2663 4822//4507 3194//2945
f 711//704 3195//2946 4823//4508 3369//3112
f 1034//981 3194//2945 4823//4508 3195//2946
f 713//706 3369//3112 4823//4508 3194//2945
f 634//628 2162//2055 4824//925 2828//925
f 164//158 2827//2664 4824//925 2162//2055
f 1035//982 2828//925 4824//925 2827//2664
f 634//628 2828//925 4825//925 3400//925
f 1035//982 3193//925 4825//925 2828//925
f 932//925 3400//925 4825//925 3193//925
f 932//925 3193//925 4826//925 3284//925
f 1035//982 3192//925 4826//925 3193//925
f 934//925 3284//925 4826//925 3192//925
f 632//626 2167//2060 4827//4509 2830//2666
f 165//159 2829//2665 4827//4509 2167//2060
f 1036//983 2830//2666 4827//4509 2829//2665
f 632//626 2830//2666 4828//4510 2549//2442
f 1036//983 2831//2667 4828//4510 2830//2666
f 713//706 2549//2442 4828//4510 2831//2667
f 712//705 3368//3111 4829//4511 3191//2944
f 713//706 2831//2667 4829//4511 3368//3111
f 1036//983 3191//2944 4829//4511 2831//2667
f 477//471 2164//2057 4830//4512 2833//2669
f 166//160 2832//2668 4830//4512 2164//2057
f 1037//984 2833//2669 4830//4512 2832//2668
f 637//631 2834//2670 4831//4513 2165//2058
f 1037//984 2832//2668 4831//4513 2834//2670
f 166//160 2165//2058 4831//4513 2832//2668
f 477//471 2833//2669 4832//4514 2454//2347
f 1037//984 2835//2671 4832//4514 2833//2669
f 722//715 2454//2347 4832//4514 2835//2671
f 637//631 3398//3136 4833//4515 2834//2670
f 724//717 3190//2943 4833//4515 3398//3136
f 1037//984 2834//2670 4833//4515 3190//2943
f 722//715 2835//2671 4834//4516 3365//3108
f 1037//984 3190//2943 4834//4516 2835//2671
f 724//717 3365//3108 4834//4516 3190//2943
f 633//627 3189//925 4835//925 2168//2061
f 640//634 2166//2059 4835//925 3189//925
f 167//161 2168//2061 4835//925 2166//2059
f 633//627 2550//925 4836//925 3189//925
f 932//925 3188//925 4836//925 2550//925
f 640//634 3189//925 4836//925 3188//925
f 932//925 2609//925 4837//925 3188//925
f 936//925 2553//925 4837//925 2609//925
f 640//634 3188//925 4837//925 2553//925
f 486//480 2837//2673 4838//4517 2169//2062
f 1038//985 2836//2672 4838//4517 2837//2673
f 168//162 2169//2062 4838//4517 2836//2672
f 638//632 2173//2066 4839//4518 2838//2674
f 168//162 2836//2672 4839//4518 2173//2066
f 1038//985 2838//2674 4839//4518 2836//2672
f 486//480 3492//3229 4840//4519 2837//2673
f 723//716 3187//2942 4840//4519 3492//3229
f 1038//985 2837//2673 4840//4519 3187//2942
f 638//632 2838//2674 4841//4520 2552//2444
f 1038//985 2839//2675 4841//4520 2838//2674
f 724//717 2552//2444 4841//4520 2839//2675
f 723//716 3364//3107 4842//4521 3187//2942
f 724//717 2839//2675 4842//4521 3364//3107
f 1038//985 3187//2942 4842//4521 2839//2675
f 487//481 2170//2063 4843//4522 2841//2677
f 169//163 2840//2676 4843//4522 2170//2063
f 1039//986 2841//2677 4843//4522 2840//2676
f 641//635 2842//2678 4844//4523 2171//2064
f 1039//986 2840//2676 4844//4523 2842//2678
f 169//163 2171//2064 4844//4523 2840//2676
f 487//481 2841//2677 4845//4524 3491//3228
f 1039//986 3186//2941 4845//4524 2841//2677
f 733//726 3491//3228 4845//4524 3186//2941
f 641//635 3397//3135 4846//4525 2842//2678
f 735//728 3185//2940 4846//4525 3397//3135
f 1039//986 2842//2678 4846//4525 3185//2940
f 733//726 3186//2941 4847//4526 3362//3105
f 1039//986 3185//2940 4847//4526 3186//2941
f 735//728 3362//3105 4847//4526 3185//2940
f 644//638 2172//2065 4848//925 2844//925
f 170//164 2843//925 4848//925 2172//2065
f 1040//925 2844//925 4848//925 2843//925
f 639//633 2845//925 4849//925 2174//2067
f 1040//925 2843//925 4849//925 2845//925
f 170//164 2174//2067 4849//925 2843//925
f 639//633 2554//925 4850//925 2845//925
f 937//925 2846//925 4850//925 2554//925
f 1040//925 2845//925 4850//925 2846//925
f 644//638 2844//925 4851//925 2556//925
f 1040//925 2847//925 4851//925 2844//925
f 939//925 2556//925 4851//925 2847//925
f 937//925 2614//925 4852//925 2846//925
f 939//925 2847//925 4852//925 2614//925
f 1040//925 2846//925 4852//925 2847//925
f 496//490 2849//2680 4853//4527 2175//2068
f 1041//987 2848//2679 4853//4527 2849//2680
f 171//165 2175//2068 4853//4527 2848//2679
f 642//636 2179//2072 4854//4528 2850//2681
f 171//165 2848//2679 4854//4528 2179//2072
f 1041//987 2850//2681 4854//4528 2848//2679
f 496//490 3483//3220 4855//4529 2849//2680
f 734//727 3184//2939 4855//4529 3483//3220
f 1041//987 2849//2680 4855//4529 3184//2939
f 642//636 2850//2681 4856//4530 2555//2445
f 1041//987 2851//2682 4856//4530 2850//2681
f 735//728 2555//2445 4856//4530 2851//2682
f 734//727 3361//3104 4857//4531 3184//2939
f 735//728 2851//2682 4857//4531 3361//3104
f 1041//987 3184//2939 4857//4531 2851//2682
f 497//491 2176//2069 4858//4532 2853//2684
f 172//166 2852//2683 4858//4532 2176//2069
f 1042//988 2853//2684 4858//4532 2852//2683
f 645//639 2854//2685 4859//4533 2177//2070
f 1042//988 2852//2683 4859//4533 2854//2685
f 172//166 2177//2070 4859//4533 2852//2683
f 497//491 2853//2684 4860//4534 3482//3219
f 1042//988 3183//2938 4860//4534 2853//2684
f 745//738 3482//3219 4860//4534 3183//2938
f 645//639 3396//3134 4861//4535 2854//2685
f 747//740 3182//2937 4861//4535 3396//3134
f 1042//988 2854//2685 4861//4535 3182//2937
f 745//738 3183//2938 4862//4536 2594//2463
f 1042//988 3182//2937 4862//4536 3183//2938
f 747//740 2594//2463 4862//4536 3182//2937
f 648//642 2178//2071 4863//925 2856//925
f 173//167 2855//925 4863//925 2178//2071
f 1043//925 2856//925 4863//925 2855//925
f 643//637 2857//925 4864//925 2180//2073
f 1043//925 2855//925 4864//925 2857//925
f 173//167 2180//2073 4864//925 2855//925
f 643//637 2557//925 4865//925 2857//925
f 940//925 2858//925 4865//925 2557//925
f 1043//925 2857//925 4865//925 2858//925
f 648//642 2856//925 4866//925 2558//925
f 1043//925 2859//925 4866//925 2856//925
f 942//925 2558//925 4866//925 2859//925
f 940//925 2616//925 4867//925 2858//925
f 942//925 2859//925 4867//925 2616//925
f 1043//925 2858//925 4867//925 2859//925
f 508//502 2861//2687 4868//4537 2181//2074
f 1044//989 2860//2686 4868//4537 2861//2687
f 174//168 2181//2074 4868//4537 2860//2686
f 646//640 2184//2077 4869//4538 2862//2688
f 174//168 2860//2686 4869//4538 2184//2077
f 1044//989 2862//2688 4869//4538 2860//2686
f 508//502 2474//2367 4870//4539 2861//2687
f 746//739 2863//2689 4870//4539 2474//2367
f 1044//989 2861//2687 4870//4539 2863//2689
f 646//640 2862//2688 4871//4540 3395//3133
f 1044//989 3181//2936 4871//4540 2862//2688
f 747//740 3395//3133 4871//4540 3181//2936
f 746//739 3357//3100 4872//4541 2863//2689
f 747//740 3181//2936 4872//4541 3357//3100
f 1044//989 2863//2689 4872//4541 3181//2936
f 649//643 2865//2691 4873//4542 2182//2075
f 1045//990 2864//2690 4873//4542 2865//2691
f 175//169 2182//2075 4873//4542 2864//2690
f 649//643 3394//3132 4874//4543 2865//2691
f 758//751 3180//2935 4874//4543 3394//3132
f 1045//990 2865//2691 4874//4543 3180//2935
f 756//749 2866//2692 4875//4544 3353//3096
f 1045//990 3180//2935 4875//4544 2866//2692
f 758//751 3353//3096 4875//4544 3180//2935
f 652//646 2183//2076 4876//925 2868//925
f 176//170 2867//925 4876//925 2183//2076
f 1046//925 2868//925 4876//925 2867//925
f 647//641 2869//925 4877//925 2185//2078
f 1046//925 2867//925 4877//925 2869//925
f 176//170 2185//2078 4877//925 2867//925
f 647//641 2559//925 4878//925 2869//925
f 943//925 2870//925 4878//925 2559//925
f 1046//925 2869//925 4878//925 2870//925
f 652//646 2868//925 4879//925 3393//925
f 1046//925 3179//925 4879//925 2868//925
f 945//925 3393//925 4879//925 3179//925
f 943//925 3283//925 4880//925 2870//925
f 945//925 3179//925 4880//925 3283//925
f 1046//925 2870//925 4880//925 3179//925
f 518//512 2872//2694 4881//4545 2186//2079
f 1047//991 2871//2693 4881//4545 2872//2694
f 177//171 2186//2079 4881//4545 2871//2693
f 650//644 2190//2083 4882//4546 2873//2695
f 177//171 2871//2693 4882//4546 2190//2083
f 1047//991 2873//2695 4882//4546 2871//2693
f 518//512 3467//3204 4883//4547 2872//2694
f 757//750 3178//2934 4883//4547 3467//3204
f 1047//991 2872//2694 4883//4547 3178//2934
f 650//644 2873//2695 4884//4548 2560//2446
f 1047//991 2874//2696 4884//4548 2873//2695
f 758//751 2560//2446 4884//4548 2874//2696
f 757//750 3352//3095 4885//4549 3178//2934
f 758//751 2874//2696 4885//4549 3352//3095
f 1047//991 3178//2934 4885//4549 2874//2696
f 519//513 2187//2080 4886//4550 2876//2698
f 178//172 2875//2697 4886//4550 2187//2080
f 1048//992 2876//2698 4886//4550 2875//2697
f 653//647 2877//2699 4887//4551 2188//2081
f 1048//992 2875//2697 4887//4551 2877//2699
f 178//172 2188//2081 4887//4551 2875//2697
f 519//513 2876//2698 4888//4552 3466//3203
f 1048//992 3177//2933 4888//4552 2876//2698
f 768//761 3466//3203 4888//4552 3177//2933
f 653//647 3392//3131 4889//4553 2877//2699
f 770//763 3176//2932 4889//4553 3392//3131
f 1048//992 2877//2699 4889//4553 3176//2932
f 768//761 3177//2933 4890//4554 3348//3091
f 1048//992 3176//2932 4890//4554 3177//2933
f 770//763 3348//3091 4890//4554 3176//2932
f 651//645 3175//925 4891//925 2191//2084
f 656//650 2189//2082 4891//925 3175//925
f 179//173 2191//2084 4891//925 2189//2082
f 651//645 2561//925 4892//925 3175//925
f 945//925 3174//925 4892//925 2561//925
f 656//650 3175//925 4892//925 3174//925
f 945//925 2619//925 4893//925 3174//925
f 947//925 2562//925 4893//925 2619//925
f 656//650 3174//925 4893//925 2562//925
f 525//519 2192//2085 4894//4555 2879//2701
f 180//174 2878//2700 4894//4555 2192//2085
f 1049//993 2879//2701 4894//4555 2878//2700
f 657//651 2880//2702 4895//4556 2196//2089
f 1049//993 2878//2700 4895//4556 2880//2702
f 180//174 2196//2089 4895//4556 2878//2700
f 525//519 2879//2701 4896//4557 3460//3197
f 1049//993 3173//2931 4896//4557 2879//2701
f 780//773 3460//3197 4896//4557 3173//2931
f 657//651 3389//3129 4897//4558 2880//2702
f 783//776 3172//2930 4897//4558 3389//3129
f 1049//993 2880//2702 4897//4558 3172//2930
f 780//773 3173//2931 4898//4559 3344//3087
f 1049//993 3172//2930 4898//4559 3173//2931
f 783//776 3344//3087 4898//4559 3172//2930
f 654//648 2194//2087 4899//4560 3171//2929
f 181//175 2193//2086 4899//4560 2194//2087
f 526//520 3171//2929 4899//4560 2193//2086
f 654//648 3171//2929 4900//4561 3391//3130
f 526//520 3170//2928 4900//4561 3171//2929
f 770//763 3391//3130 4900//4561 3170//2928
f 769//762 3347//3090 4901//4562 2483//2376
f 770//763 3170//2928 4901//4562 3347//3090
f 526//520 2483//2376 4901//4562 3170//2928
f 655//649 2882//925 4902//925 2195//2088
f 1050//994 2881//2703 4902//925 2882//925
f 182//176 2195//2088 4902//925 2881//2703
f 655//649 3390//925 4903//925 2882//925
f 947//925 3169//925 4903//925 3390//925
f 1050//994 2882//925 4903//925 3169//925
f 947//925 3282//925 4904//925 3169//925
f 949//925 2883//925 4904//925 3282//925
f 1050//994 3169//925 4904//925 2883//925
f 537//531 2885//2705 4905//4563 2197//2090
f 1051//995 2884//2704 4905//4563 2885//2705
f 183//177 2197//2090 4905//4563 2884//2704
f 658//652 2201//2094 4906//4564 2886//2706
f 183//177 2884//2704 4906//4564 2201//2094
f 1051//995 2886//2706 4906//4564 2884//2704
f 537//531 3450//3187 4907//4565 2885//2705
f 781//774 3168//2927 4907//4565 3450//3187
f 1051//995 2885//2705 4907//4565 3168//2927
f 658//652 2886//2706 4908//4566 2563//2447
f 1051//995 2887//2707 4908//4566 2886//2706
f 782//775 2563//2447 4908//4566 2887//2707
f 781//774 3343//3086 4909//4567 3168//2927
f 782//775 2887//2707 4909//4567 3343//3086
f 1051//995 3168//2927 4909//4567 2887//2707
f 538//532 2198//2091 4910//4568 2889//2709
f 184//178 2888//2708 4910//4568 2198//2091
f 1052//996 2889//2709 4910//4568 2888//2708
f 660//654 2890//2710 4911//4569 2199//2092
f 1052//996 2888//2708 4911//4569 2890//2710
f 184//178 2199//2092 4911//4569 2888//2708
f 538//532 2889//2709 4912//4570 3449//3186
f 1052//996 3167//2926 4912//4570 2889//2709
f 792//785 3449//3186 4912//4570 3167//2926
f 660//654 2564//2448 4913//4571 2890//2710
f 794//787 2891//2711 4913//4571 2564//2448
f 1052//996 2890//2710 4913//4571 2891//2711
f 792//785 3167//2926 4914//4572 3340//3083
f 1052//996 2891//2711 4914//4572 3167//2926
f 794//787 3340//3083 4914//4572 2891//2711
f 663//657 2200//2093 4915//925 3166//925
f 185//179 2202//2095 4915//925 2200//2093
f 659//653 3166//925 4915//925 2202//2095
f 663//657 3166//925 4916//925 2565//925
f 659//653 3164//925 4916//925 3166//925
f 951//925 2565//925 4916//925 3164//925
f 949//925 3281//925 4917//925 3165//925
f 951//925 3164//925 4917//925 3281//925
f 659//653 3165//925 4917//925 3164//925
f 548//542 2893//2713 4918//4573 2203//2096
f 1053//997 2892//2712 4918//4573 2893//2713
f 186//180 2203//2096 4918//4573 2892//2712
f 661//655 2206//2099 4919//4574 2894//2714
f 186//180 2892//2712 4919//4574 2206//2099
f 1053//997 2894//2714 4919//4574 2892//2712
f 548//542 3442//3179 4920//4575 2893//2713
f 793//786 3163//2925 4920//4575 3442//3179
f 1053//997 2893//2713 4920//4575 3163//2925
f 661//655 2894//2714 4921//4576 3388//3128
f 1053//997 3162//2924 4921//4576 2894//2714
f 794//787 3388//3128 4921//4576 3162//2924
f 793//786 3339//3082 4922//4577 3163//2925
f 794//787 3162//2924 4922//4577 3339//3082
f 1053//997 3163//2925 4922//4577 3162//2924
f 549//543 2204//2097 4923//4578 2896//2716
f 187//181 2895//2715 4923//4578 2204//2097
f 1054//998 2896//2716 4923//4578 2895//2715
f 549//543 2896//2716 4924//4579 3441//3178
f 1054//998 3161//2923 4924//4579 2896//2716
f 803//796 3441//3178 4924//4579 3161//2923
f 803//796 3161//2923 4925//4580 3336//3079
f 1054//998 2897//2717 4925//4580 3161//2923
f 805//798 3336//3079 4925//4580 2897//2717
f 666//660 2205//2098 4926//4581 2899//2719
f 188//182 2898//2718 4926//4581 2205//2098
f 1055//999 2899//2719 4926//4581 2898//2718
f 662//656 2900//2720 4927//4582 2207//2100
f 1055//999 2898//2718 4927//4582 2900//2720
f 188//182 2207//2100 4927//4582 2898//2718
f 662//656 2566//925 4928//925 2900//2720
f 952//925 2901//925 4928//925 2566//925
f 1055//999 2900//2720 4928//925 2901//925
f 666//660 2899//2719 4929//4583 2567//2449
f 1055//999 2902//2721 4929//4583 2899//2719
f 954//926 2567//2449 4929//4583 2902//2721
f 952//925 2623//925 4930//925 2901//925
f 954//926 2902//2721 4930//925 2623//925
f 1055//999 2901//925 4930//925 2902//2721
f 664//658 2208//2101 4931//4584 2904//2723
f 189//183 2903//2722 4931//4584 2208//2101
f 1056//1000 2904//2723 4931//4584 2903//2722
f 558//552 2905//2724 4932//4585 2211//2104
f 1056//1000 2903//2722 4932//4585 2905//2724
f 189//183 2211//2104 4932//4585 2903//2722
f 558//552 2505//2398 4933//4586 2905//2724
f 804//797 2906//2725 4933//4586 2505//2398
f 1056//1000 2905//2724 4933//4586 2906//2725
f 664//658 2904//2723 4934//4587 3387//3127
f 1056//1000 3160//2922 4934//4587 2904//2723
f 805//798 3387//3127 4934//4587 3160//2922
f 804//797 3335//3078 4935//4588 2906//2725
f 805//798 3160//2922 4935//4588 3335//3078
f 1056//1000 2906//2725 4935//4588 3160//2922
f 665//659 2908//2727 4936//4589 2209//2102
f 1057//1001 2907//2726 4936//4589 2908//2727
f 190//184 2209//2102 4936//4589 2907//2726
f 665//659 2568//2450 4937//4590 2908//2727
f 956//927 2910//2728 4937//4590 2568//2450
f 1057//1001 2908//2727 4937//4590 2910//2728
f 934//925 2909//925 4938//925 2613//925
f 1057//1001 2910//2728 4938//925 2909//925
f 956//927 2613//925 4938//925 2910//2728
f 636//630 3159//2921 4939//4591 2210//2103
f 559//553 2212//2105 4939//4591 3159//2921
f 191//185 2210//2103 4939//4591 2212//2105
f 636//630 2551//2443 4940//4592 3159//2921
f 816//809 3158//2920 4940//4592 2551//2443
f 559//553 3159//2921 4940//4592 3158//2920
f 815//808 2506//2399 4941//4593 2600//2469
f 559//553 3158//2920 4941//4593 2506//2399
f 816//809 2600//2469 4941//4593 3158//2920
f 192//186 2213//2106 4942//4594 3591//3328
f 2213//2106 478//472 3496//3233 4942//4594
f 4942//4594 3496//3233 716//709 2458//2351
f 3591//3328 4942//4594 2458//2351 482//476
f 192//186 2214//2107 4943//4595 2213//2106
f 2214//2107 618//612 2540//2433 4943//4595
f 4943//4595 2540//2433 910//903 2456//2349
f 2213//2106 4943//4595 2456//2349 478//472
f 193//187 2216//2109 4944//4596 2215//2108
f 2216//2109 491//485 2462//2355 4944//4596
f 4944//4596 2462//2355 901//894 2543//2436
f 2215//2108 4944//4596 2543//2436 619//613
f 193//187 3590//3327 4945//4597 2216//2109
f 3590//3327 483//477 2459//2352 4945//4597
f 4945//4597 2459//2352 729//722 3486//3223
f 2216//2109 4945//4597 3486//3223 491//485
f 194//188 2217//2110 4946//4598 3585//3322
f 2217//2110 488//482 3488//3225 4946//4598
f 4946//4598 3488//3225 726//719 2464//2357
f 3585//3322 4946//4598 2464//2357 492//486
f 194//188 3589//3326 4947//4599 2217//2110
f 3589//3326 611//605 2538//2431 4947//4599
f 4947//4599 2538//2431 898//891 3487//3224
f 2217//2110 4947//4599 3487//3224 488//482
f 195//189 3587//3324 4948//4600 3588//3325
f 3587//3324 500//494 3477//3214 4948//4600
f 4948//4600 3477//3214 889//882 3410//3147
f 3588//3325 4948//4600 3410//3147 610//604
f 195//189 3584//3321 4949//4601 3586//3323
f 3584//3321 493//487 2465//2358 4949//4601
f 4949//4601 2465//2358 741//734 2469//2362
f 3586//3323 4949//4601 2469//2362 501//495
f 196//190 2218//2111 4950//4602 3581//3318
f 2218//2111 498//492 3479//3216 4950//4602
f 4950//4602 3479//3216 738//731 2470//2363
f 3581//3318 4950//4602 2470//2363 503//497
f 196//190 3583//3320 4951//4603 2218//2111
f 3583//3320 606//600 2534//2427 4951//4603
f 4951//4603 2534//2427 887//880 3478//3215
f 2218//2111 4951//4603 3478//3215 498//492
f 197//191 2219//2112 4952//4604 3582//3319
f 2219//2112 512//506 3471//3208 4952//4604
f 4952//4604 3471//3208 878//871 2535//2428
f 3582//3319 4952//4604 2535//2428 605//599
f 197//191 3580//3317 4953//4605 2219//2112
f 3580//3317 504//498 2473//2366 4953//4605
f 4953//4605 2473//2366 753//746 3470//3207
f 2219//2112 4953//4605 3470//3207 512//506
f 198//192 2220//2113 4954//4606 3579//3316
f 2220//2113 510//504 3473//3210 4954//4606
f 4954//4606 3473//3210 750//743 2477//2370
f 3579//3316 4954//4606 2477//2370 514//508
f 198//192 2221//2114 4955//4607 2220//2113
f 2221//2114 599//593 3416//3153 4955//4607
f 4955//4607 3416//3153 876//869 3472//3209
f 2220//2113 4955//4607 3472//3209 510//504
f 199//193 2223//2116 4956//4608 2222//2115
f 2223//2116 522//516 3462//3199 4956//4608
f 4956//4608 3462//3199 870//863 3415//3152
f 2222//2115 4956//4608 3415//3152 600//594
f 199//193 3578//3315 4957//4609 2223//2116
f 3578//3315 515//509 2478//2371 4957//4609
f 4957//4609 2478//2371 765//758 3461//3198
f 2223//2116 4957//4609 3461//3198 522//516
f 200//194 2224//2117 4958//4610 3575//3312
f 2224//2117 520//514 3464//3201 4958//4610
f 4958//4610 3464//3201 761//754 2484//2377
f 3575//3312 4958//4610 2484//2377 528//522
f 200//194 3577//3314 4959//4611 2224//2117
f 3577//3314 594//588 2528//2421 4959//4611
f 4959//4611 2528//2421 868//861 3463//3200
f 2224//2117 4959//4611 3463//3200 520//514
f 201//195 2225//2118 4960//4612 3576//3313
f 2225//2118 533//527 3455//3192 4960//4612
f 4960//4612 3455//3192 859//852 2529//2422
f 3576//3313 4960//4612 2529//2422 593//587
f 201//195 3574//3311 4961//4613 2225//2118
f 3574//3311 529//523 2487//2380 4961//4613
f 4961//4613 2487//2380 776//769 3454//3191
f 2225//2118 4961//4613 3454//3191 533//527
f 203//197 3569//3306 4962//4614 3573//3310
f 3569//3306 531//525 3457//3194 4962//4614
f 4962//4614 3457//3194 773//766 2490//2383
f 3573//3310 4962//4614 2490//2383 534//528
f 202//196 3572//3309 4963//4615 2226//2119
f 3572//3309 535//529 2491//2384 4963//4615
f 4963//4615 2491//2384 789//782 3446//3183
f 2226//2119 4963//4615 3446//3183 543//537
f 202//196 2226//2119 4964//4616 3571//3308
f 2226//2119 543//537 3444//3181 4964//4616
f 4964//4616 3444//3181 848//841 2525//2418
f 3571//3308 4964//4616 2525//2418 587//581
f 203//197 3570//3307 4965//4617 3569//3306
f 3570//3307 588//582 3421//3158 4965//4617
f 4965//4617 3421//3158 857//850 3456//3193
f 3569//3306 4965//4617 3456//3193 531//525
f 205//199 2230//2123 4966//4618 3568//3305
f 2230//2123 540//534 3447//3184 4966//4618
f 4966//4618 3447//3184 786//779 2496//2389
f 3568//3305 4966//4618 2496//2389 544//538
f 204//198 3567//3304 4967//4619 2227//2120
f 3567//3304 545//539 2497//2390 4967//4619
f 4967//4619 2497//2390 799//792 3438//3175
f 2227//2120 4967//4619 3438//3175 553//547
f 204//198 2227//2120 4968//4620 2228//2121
f 2227//2120 553//547 2501//2394 4968//4620
f 4968//4620 2501//2394 836//829 2520//2413
f 2228//2121 4968//4620 2520//2413 580//574
f 205//199 2229//2122 4969//4621 2230//2123
f 2229//2122 581//575 2521//2414 4969//4621
f 4969//4621 2521//2414 845//838 2494//2387
f 2230//2123 4969//4621 2494//2387 540//534
f 207//201 2234//2127 4970//4622 3566//3303
f 2234//2127 550//544 3439//3176 4970//4622
f 4970//4622 3439//3176 797//790 2503//2396
f 3566//3303 4970//4622 2503//2396 554//548
f 206//200 3565//3302 4971//4623 2231//2124
f 3565//3302 555//549 2504//2397 4971//4623
f 4971//4623 2504//2397 810//803 3432//3169
f 2231//2124 4971//4623 3432//3169 562//556
f 206//200 2231//2124 4972//4624 2232//2125
f 2231//2124 562//556 2509//2402 4972//4624
f 4972//4624 2509//2402 823//816 2511//2404
f 2232//2125 4972//4624 2511//2404 564//558
f 207//201 2233//2126 4973//4625 2234//2127
f 2233//2126 565//559 2512//2405 4973//4625
f 4973//4625 2512//2405 833//826 2500//2393
f 2234//2127 4973//4625 2500//2393 550//544
f 671//665 2239//2132 4974//4626 3157//2919
f 208//202 2235//2128 4974//4626 2239//2132
f 569//563 3157//2919 4974//4626 2235//2128
f 671//665 3157//2919 4975//4627 2572//2452
f 569//563 3155//2917 4975//4627 3157//2919
f 829//822 2572//2452 4975//4627 3155//2917
f 827//820 3328//3071 4976//4628 3156//2918
f 829//822 3155//2917 4976//4628 3328//3071
f 569//563 3156//2918 4976//4628 3155//2917
f 570//564 2236//2129 4977//4629 2912//2730
f 209//203 2911//2729 4977//4629 2236//2129
f 1058//1002 2912//2730 4977//4629 2911//2729
f 667//661 2913//2731 4978//4630 2237//2130
f 1058//1002 2911//2729 4978//4630 2913//2731
f 209//203 2237//2130 4978//4630 2911//2729
f 570//564 2912//2730 4979//4631 3427//3164
f 1058//1002 3154//2916 4979//4631 2912//2730
f 840//833 3427//3164 4979//4631 3154//2916
f 667//661 3386//3126 4980//4632 2913//2731
f 842//835 3153//2915 4980//4632 3386//3126
f 1058//1002 2913//2731 4980//4632 3153//2915
f 840//833 3154//2916 4981//4633 3324//3067
f 1058//1002 3153//2915 4981//4633 3154//2916
f 842//835 3324//3067 4981//4633 3153//2915
f 670//664 2238//2131 4982//928 2915//928
f 210//204 2914//2732 4982//928 2238//2131
f 1059//1003 2915//928 4982//928 2914//2732
f 670//664 2915//928 4983//928 2570//928
f 1059//1003 2916//928 4983//928 2915//928
f 957//928 2570//928 4983//928 2916//928
f 957//928 2916//928 4984//928 2627//928
f 1059//1003 2917//928 4984//928 2916//928
f 960//928 2627//928 4984//928 2917//928
f 577//571 2240//2133 4985//4634 2919//2734
f 211//205 2918//2733 4985//4634 2240//2133
f 1060//1004 2919//2734 4985//4634 2918//2733
f 672//666 2920//2735 4986//4635 2244//2137
f 1060//1004 2918//2733 4986//4635 2920//2735
f 211//205 2244//2137 4986//4635 2918//2733
f 577//571 2919//2734 4987//4636 3425//3162
f 1060//1004 3152//2914 4987//4636 2919//2734
f 828//821 3425//3162 4987//4636 3152//2914
f 672//666 3385//3125 4988//4637 2920//2735
f 829//822 3151//2913 4988//4637 3385//3125
f 1060//1004 2920//2735 4988//4637 3151//2913
f 828//821 3152//2914 4989//4638 3327//3070
f 1060//1004 3151//2913 4989//4638 3152//2914
f 829//822 3327//3070 4989//4638 3151//2913
f 578//572 2922//2737 4990//4639 2241//2134
f 1061//1005 2921//2736 4990//4639 2922//2737
f 212//206 2241//2134 4990//4639 2921//2736
f 673//667 2242//2135 4991//4640 2923//2738
f 212//206 2921//2736 4991//4640 2242//2135
f 1061//1005 2923//2738 4991//4640 2921//2736
f 578//572 3424//3161 4992//4641 2922//2737
f 930//923 3150//2912 4992//4641 3424//3161
f 1061//1005 2922//2737 4992//4641 3150//2912
f 673//667 2923//2738 4993//4642 3384//3124
f 1061//1005 3149//2911 4993//4642 2923//2738
f 931//924 3384//3124 4993//4642 3149//2911
f 930//923 3286//3029 4994//4643 3150//2912
f 931//924 3149//2911 4994//4643 3286//3029
f 1061//1005 3150//2912 4994//4643 3149//2911
f 676//670 2925//928 4995//928 2243//2136
f 1062//1006 2924//2739 4995//928 2925//928
f 213//207 2243//2136 4995//928 2924//2739
f 676//670 3383//928 4996//928 2925//928
f 962//928 3147//928 4996//928 3383//928
f 1062//1006 2925//928 4996//928 3147//928
f 960//928 3148//928 4997//928 3280//928
f 1062//1006 3147//928 4997//928 3148//928
f 962//928 3280//928 4997//928 3147//928
f 585//579 3146//2910 4998//4644 2245//2138
f 668//662 2249//2142 4998//4644 3146//2910
f 214//208 2245//2138 4998//4644 2249//2142
f 585//579 3423//3160 4999//4645 3146//2910
f 841//834 3145//2909 4999//4645 3423//3160
f 668//662 3146//2910 4999//4645 3145//2909
f 841//834 3323//3066 5000//4646 3145//2909
f 842//835 2569//2451 5000//4646 3323//3066
f 668//662 3145//2909 5000//4646 2569//2451
f 586//580 2246//2139 5001//4647 2927//2741
f 215//209 2926//2740 5001//4647 2246//2139
f 1063//1007 2927//2741 5001//4647 2926//2740
f 677//671 2928//2742 5002//4648 2247//2140
f 1063//1007 2926//2740 5002//4648 2928//2742
f 215//209 2247//2140 5002//4648 2926//2740
f 586//580 2927//2741 5003//4649 2524//2417
f 1063//1007 2929//2743 5003//4649 2927//2741
f 852//845 2524//2417 5003//4649 2929//2743
f 677//671 3382//3123 5004//4650 2928//2742
f 854//847 3144//2908 5004//4650 3382//3123
f 1063//1007 2928//2742 5004//4650 3144//2908
f 852//845 2929//2743 5005//4651 3319//3062
f 1063//1007 3144//2908 5005//4651 2929//2743
f 854//847 3319//3062 5005//4651 3144//2908
f 680//674 2248//2141 5006//928 2931//928
f 216//210 2930//928 5006//928 2248//2141
f 1064//928 2931//928 5006//928 2930//928
f 669//663 2932//928 5007//928 2250//2143
f 1064//928 2930//928 5007//928 2932//928
f 216//210 2250//2143 5007//928 2930//928
f 669//663 2571//928 5008//928 2932//928
f 958//928 2933//928 5008//928 2571//928
f 1064//928 2932//928 5008//928 2933//928
f 680//674 2931//928 5009//928 2576//928
f 1064//928 2934//928 5009//928 2931//928
f 964//928 2576//928 5009//928 2934//928
f 958//928 2625//928 5010//928 2933//928
f 964//928 2934//928 5010//928 2625//928
f 1064//928 2933//928 5010//928 2934//928
f 591//585 2936//2745 5011//4652 2251//2144
f 1065//1008 2935//2744 5011//4652 2936//2745
f 217//211 2251//2144 5011//4652 2935//2744
f 678//672 2255//2148 5012//4653 2937//2746
f 217//211 2935//2744 5012//4653 2255//2148
f 1065//1008 2937//2746 5012//4653 2935//2744
f 591//585 2526//2419 5013//4654 2936//2745
f 853//846 2938//2747 5013//4654 2526//2419
f 1065//1008 2936//2745 5013//4654 2938//2747
f 678//672 2937//2746 5014//4655 2575//2454
f 1065//1008 2939//2748 5014//4655 2937//2746
f 854//847 2575//2454 5014//4655 2939//2748
f 853//846 2605//2474 5015//4656 2938//2747
f 854//847 2939//2748 5015//4656 2605//2474
f 1065//1008 2938//2747 5015//4656 2939//2748
f 592//586 2252//2145 5016//4657 2941//2750
f 218//212 2940//2749 5016//4657 2252//2145
f 1066//1009 2941//2750 5016//4657 2940//2749
f 681//675 2942//2751 5017//4658 2253//2146
f 1066//1009 2940//2749 5017//4658 2942//2751
f 218//212 2253//2146 5017//4658 2940//2749
f 592//586 2941//2750 5018//4659 2527//2420
f 1066//1009 2943//2752 5018//4659 2941//2750
f 863//856 2527//2420 5018//4659 2943//2752
f 681//675 3381//3122 5019//4660 2942//2751
f 865//858 3143//2907 5019//4660 3381//3122
f 1066//1009 2942//2751 5019//4660 3143//2907
f 863//856 2943//2752 5020//4661 3315//3058
f 1066//1009 3143//2907 5020//4661 2943//2752
f 865//858 3315//3058 5020//4661 3143//2907
f 679//673 3142//928 5021//928 2256//2149
f 683//677 2254//2147 5021//928 3142//928
f 219//213 2256//2149 5021//928 2254//2147
f 679//673 2577//928 5022//928 3142//928
f 965//928 3141//928 5022//928 2577//928
f 683//677 3142//928 5022//928 3141//928
f 965//928 3279//928 5023//928 3141//928
f 967//928 3140//928 5023//928 3279//928
f 683//677 3141//928 5023//928 3140//928
f 597//591 2945//2754 5024//4662 2257//2150
f 1067//1010 2944//2753 5024//4662 2945//2754
f 220//214 2257//2150 5024//4662 2944//2753
f 682//676 2261//2154 5025//4663 2946//2755
f 220//214 2944//2753 5025//4663 2261//2154
f 1067//1010 2946//2755 5025//4663 2944//2753
f 597//591 2530//2423 5026//4664 2945//2754
f 864//857 2947//2756 5026//4664 2530//2423
f 1067//1010 2945//2754 5026//4664 2947//2756
f 682//676 2946//2755 5027//4665 3380//3121
f 1067//1010 3139//2906 5027//4665 2946//2755
f 865//858 3380//3121 5027//4665 3139//2906
f 864//857 3314//3057 5028//4666 2947//2756
f 865//858 3139//2906 5028//4666 3314//3057
f 1067//1010 2947//2756 5028//4666 3139//2906
f 684//678 3138//2905 5029//4667 2259//2152
f 598//592 2258//2151 5029//4667 3138//2905
f 221//215 2259//2152 5029//4667 2258//2151
f 684//678 3379//3120 5030//4668 3138//2905
f 874//867 3136//2903 5030//4668 3379//3120
f 598//592 3138//2905 5030//4668 3136//2903
f 872//865 3137//2904 5031//4669 3311//3054
f 598//592 3136//2903 5031//4669 3137//2904
f 874//867 3311//3054 5031//4669 3136//2903
f 687//681 2260//2153 5032//928 2949//928
f 222//216 2948//2757 5032//928 2260//2153
f 1068//1011 2949//928 5032//928 2948//2757
f 687//681 2949//928 5033//928 3377//928
f 1068//1011 3135//928 5033//928 2949//928
f 969//928 3377//928 5033//928 3135//928
f 967//928 3278//928 5034//928 2950//928
f 969//928 3135//928 5034//928 3278//928
f 1068//1011 2950//928 5034//928 3135//928
f 603//597 2952//2759 5035//4670 2262//2155
f 1069//1012 2951//2758 5035//4670 2952//2759
f 223//217 2262//2155 5035//4670 2951//2758
f 685//679 2266//2159 5036//4671 2953//2760
f 223//217 2951//2758 5036//4671 2266//2159
f 1069//1012 2953//2760 5036//4671 2951//2758
f 603//597 3414//3151 5037//4672 2952//2759
f 873//866 3134//2902 5037//4672 3414//3151
f 1069//1012 2952//2759 5037//4672 3134//2902
f 685//679 2953//2760 5038//4673 3378//3119
f 1069//1012 3133//2901 5038//4673 2953//2760
f 874//867 3378//3119 5038//4673 3133//2901
f 873//866 3310//3053 5039//4674 3134//2902
f 874//867 3133//2901 5039//4674 3310//3053
f 1069//1012 3134//2902 5039//4674 3133//2901
f 604//598 2263//2156 5040//4675 2955//2762
f 224//218 2954//2761 5040//4675 2263//2156
f 1070//1013 2955//2762 5040//4675 2954//2761
f 688//682 2956//2763 5041//4676 2264//2157
f 1070//1013 2954//2761 5041//4676 2956//2763
f 224//218 2264//2157 5041//4676 2954//2761
f 604//598 2955//2762 5042//4677 3413//3150
f 1070//1013 3132//2900 5042//4677 2955//2762
f 882//875 3413//3150 5042//4677 3132//2900
f 688//682 2579//2455 5043//4678 2956//2763
f 884//877 2957//2764 5043//4678 2579//2455
f 1070//1013 2956//2763 5043//4678 2957//2764
f 882//875 3132//2900 5044//4679 3306//3049
f 1070//1013 2957//2764 5044//4679 3132//2900
f 884//877 3306//3049 5044//4679 2957//2764
f 691//685 2265//2158 5045//928 3131//928
f 225//219 2267//2160 5045//928 2265//2158
f 686//680 3131//928 5045//928 2267//2160
f 691//685 3131//928 5046//928 2580//928
f 686//680 3130//928 5046//928 3131//928
f 971//928 2580//928 5046//928 3130//928
f 969//928 2634//928 5047//928 2578//928
f 971//928 3130//928 5047//928 2634//928
f 686//680 2578//928 5047//928 3130//928
f 689//683 2271//2164 5048//4680 2959//2766
f 226//220 2958//2765 5048//4680 2271//2164
f 1071//1014 2959//2766 5048//4680 2958//2765
f 689//683 2959//2766 5049//4681 3376//3118
f 1071//1014 3128//2898 5049//4681 2959//2766
f 884//877 3376//3118 5049//4681 3128//2898
f 883//876 3305//3048 5050//4682 3129//2899
f 884//877 3128//2898 5050//4682 3305//3048
f 1071//1014 3129//2899 5050//4682 3128//2898
f 609//603 2268//2161 5051//4683 2961//2768
f 227//221 2960//2767 5051//4683 2268//2161
f 1072//1015 2961//2768 5051//4683 2960//2767
f 692//686 2962//2769 5052//4684 2269//2162
f 1072//1015 2960//2767 5052//4684 2962//2769
f 227//221 2269//2162 5052//4684 2960//2767
f 609//603 2961//2768 5053//4685 3412//3149
f 1072//1015 3127//2897 5053//4685 2961//2768
f 893//886 3412//3149 5053//4685 3127//2897
f 692//686 2581//2456 5054//4686 2962//2769
f 895//888 2963//2770 5054//4686 2581//2456
f 1072//1015 2962//2769 5054//4686 2963//2770
f 893//886 3127//2897 5055//4687 3301//3044
f 1072//1015 2963//2770 5055//4687 3127//2897
f 895//888 3301//3044 5055//4687 2963//2770
f 695//688 2270//2163 5056//928 2965//928
f 228//222 2964//928 5056//928 2270//2163
f 1073//928 2965//928 5056//928 2964//928
f 690//684 2966//928 5057//928 2272//2165
f 1073//928 2964//928 5057//928 2966//928
f 228//222 2272//2165 5057//928 2964//928
f 690//684 3375//928 5058//928 2966//928
f 971//928 3126//928 5058//928 3375//928
f 1073//928 2966//928 5058//928 3126//928
f 695//688 2965//928 5059//928 2582//928
f 1073//928 2967//928 5059//928 2965//928
f 973//928 2582//928 5059//928 2967//928
f 971//928 3277//928 5060//928 3126//928
f 973//928 2967//928 5060//928 3277//928
f 1073//928 3126//928 5060//928 2967//928
f 229//223 2273//2166 5061//4688 2969//2772
f 614//608 2968//2771 5061//4688 2273//2166
f 1074//1016 2969//2772 5061//4688 2968//2771
f 229//223 2969//2772 5062//4689 2277//2170
f 1074//1016 2970//2773 5062//4689 2969//2772
f 693//687 2277//2170 5062//4689 2970//2773
f 614//608 3409//3146 5063//4690 2968//2771
f 894//887 3125//2896 5063//4690 3409//3146
f 1074//1016 2968//2771 5063//4690 3125//2896
f 693//687 2970//2773 5064//4691 3374//3117
f 1074//1016 3124//2895 5064//4691 2970//2773
f 895//888 3374//3117 5064//4691 3124//2895
f 894//887 3300//3043 5065//4692 3125//2896
f 895//888 3124//2895 5065//4692 3300//3043
f 1074//1016 3125//2896 5065//4692 3124//2895
f 230//224 2972//2775 5066//4693 2274//2167
f 1075//1017 2971//2774 5066//4693 2972//2775
f 615//609 2274//2167 5066//4693 2971//2774
f 230//224 2275//2168 5067//4694 2972//2775
f 696//689 2973//2776 5067//4694 2275//2168
f 1075//1017 2972//2775 5067//4694 2973//2776
f 615//609 2971//2774 5068//4695 2539//2432
f 1075//1017 2974//2777 5068//4695 2971//2774
f 905//898 2539//2432 5068//4695 2974//2777
f 696//689 2584//2457 5069//4696 2973//2776
f 907//900 2975//2778 5069//4696 2584//2457
f 1075//1017 2973//2776 5069//4696 2975//2778
f 905//898 2974//2777 5070//4697 2607//2476
f 1075//1017 2975//2778 5070//4697 2974//2777
f 907//900 2607//2476 5070//4697 2975//2778
f 231//225 2977//928 5071//928 2276//2169
f 1076//928 2976//928 5071//928 2977//928
f 699//692 2276//2169 5071//928 2976//928
f 231//225 2278//2171 5072//928 2977//928
f 694//685 2978//928 5072//928 2278//2171
f 1076//928 2977//928 5072//928 2978//928
f 694//685 2583//928 5073//928 2978//928
f 974//928 2979//928 5073//928 2583//928
f 1076//928 2978//928 5073//928 2979//928
f 699//692 2976//928 5074//928 2585//928
f 1076//928 2980//928 5074//928 2976//928
f 976//928 2585//928 5074//928 2980//928
f 974//928 2637//928 5075//928 2979//928
f 976//928 2980//928 5075//928 2637//928
f 1076//928 2979//928 5075//928 2980//928
f 232//226 2279//2172 5076//4698 2982//2780
f 622//616 2981//2779 5076//4698 2279//2172
f 1077//1018 2982//2780 5076//4698 2981//2779
f 232//226 2982//2780 5077//4699 2283//2176
f 1077//1018 2983//2781 5077//4699 2982//2780
f 697//690 2283//2176 5077//4699 2983//2781
f 622//616 3406//3143 5078//4700 2981//2779
f 906//899 3123//2894 5078//4700 3406//3143
f 1077//1018 2981//2779 5078//4700 3123//2894
f 697//690 2983//2781 5079//4701 3373//3116
f 1077//1018 3122//2893 5079//4701 2983//2781
f 907//900 3373//3116 5079//4701 3122//2893
f 906//899 3296//3039 5080//4702 3123//2894
f 907//900 3122//2893 5080//4702 3296//3039
f 1077//1018 3123//2894 5080//4702 3122//2893
f 233//227 2985//2783 5081//4703 2280//2173
f 1078//1019 2984//2782 5081//4703 2985//2783
f 623//617 2280//2173 5081//4703 2984//2782
f 233//227 2281//2174 5082//4704 2985//2783
f 700//693 2986//2784 5082//4704 2281//2174
f 1078//1019 2985//2783 5082//4704 2986//2784
f 623//617 2984//2782 5083//4705 3405//3142
f 1078//1019 3121//2892 5083//4705 2984//2782
f 917//910 3405//3142 5083//4705 3121//2892
f 700//693 2587//2458 5084//4706 2986//2784
f 919//912 2987//2785 5084//4706 2587//2458
f 1078//1019 2986//2784 5084//4706 2987//2785
f 917//910 3121//2892 5085//4707 3292//3035
f 1078//1019 2987//2785 5085//4707 3121//2892
f 919//912 3292//3035 5085//4707 2987//2785
f 234//228 2989//928 5086//928 2282//2175
f 1079//928 2988//928 5086//928 2989//928
f 703//696 2282//2175 5086//928 2988//928
f 234//228 2284//2177 5087//928 2989//928
f 698//691 2990//928 5087//928 2284//2177
f 1079//928 2989//928 5087//928 2990//928
f 698//691 2586//928 5088//928 2990//928
f 977//928 2991//928 5088//928 2586//928
f 1079//928 2990//928 5088//928 2991//928
f 703//696 2988//928 5089//928 2588//928
f 1079//928 2992//928 5089//928 2988//928
f 979//928 2588//928 5089//928 2992//928
f 977//928 2639//928 5090//928 2991//928
f 979//928 2992//928 5090//928 2639//928
f 1079//928 2991//928 5090//928 2992//928
f 235//229 2285//2178 5091//4708 2994//2787
f 630//624 2993//2786 5091//4708 2285//2178
f 1080//1020 2994//2787 5091//4708 2993//2786
f 235//229 2994//2787 5092//4709 2288//2181
f 1080//1020 2995//2788 5092//4709 2994//2787
f 701//694 2288//2181 5092//4709 2995//2788
f 630//624 3403//3140 5093//4710 2993//2786
f 918//911 3120//2891 5093//4710 3403//3140
f 1080//1020 2993//2786 5093//4710 3120//2891
f 701//694 2995//2788 5094//4711 3372//3115
f 1080//1020 3119//2890 5094//4711 2995//2788
f 919//912 3372//3115 5094//4711 3119//2890
f 918//911 3290//3033 5095//4712 3120//2891
f 919//912 3119//2890 5095//4712 3290//3033
f 1080//1020 3120//2891 5095//4712 3119//2890
f 236//230 2286//2179 5096//4713 2996//2789
f 674//668 2997//2790 5096//4713 2286//2179
f 1081//1021 2996//2789 5096//4713 2997//2790
f 674//668 2573//2453 5097//4714 2997//2790
f 931//924 2998//2791 5097//4714 2573//2453
f 1081//1021 2997//2790 5097//4714 2998//2791
f 628//622 3118//2889 5098//4715 3285//3028
f 1081//1021 2998//2791 5098//4715 3118//2889
f 931//924 3285//3028 5098//4715 2998//2791
f 237//231 2289//2182 5099//928 2287//2180
f 702//695 3117//928 5099//928 2289//2182
f 675//669 2287//2180 5099//928 3117//928
f 675//669 3117//928 5100//928 2574//928
f 702//695 3116//928 5100//928 3117//928
f 962//928 2574//928 5100//928 3116//928
f 962//928 3116//928 5101//928 2631//928
f 702//695 2589//928 5101//928 3116//928
f 981//928 2631//928 5101//928 2589//928
f 709//702 3371//3114 5102//4716 2999//2792
f 711//704 3115//2888 5102//4716 3371//3114
f 1082//1022 2999//2792 5102//4716 3115//2888
f 709//702 2999//2792 5103//4717 3370//3113
f 1082//1022 3114//2887 5103//4717 2999//2792
f 710//703 3370//3113 5103//4717 3114//2887
f 710//703 3114//2887 5104//4718 2590//2459
f 1082//1022 3113//2886 5104//4718 3114//2887
f 712//705 2590//2459 5104//4718 3113//2886
f 711//704 3369//3112 5105//4719 3115//2888
f 713//706 3112//2885 5105//4719 3369//3112
f 1082//1022 3115//2888 5105//4719 3112//2885
f 712//705 3113//2886 5106//4720 3368//3111
f 1082//1022 3112//2885 5106//4720 3113//2886
f 713//706 3368//3111 5106//4720 3112//2885
f 720//713 3367//3110 5107//4721 3110//2883
f 722//715 3111//2884 5107//4721 3367//3110
f 1083//1023 3110//2883 5107//4721 3111//2884
f 720//713 3110//2883 5108//4722 3366//3109
f 1083//1023 3109//2882 5108//4722 3110//2883
f 721//714 3366//3109 5108//4722 3109//2882
f 721//714 3109//2882 5109//4723 2591//2460
f 1083//1023 3108//2881 5109//4723 3109//2882
f 723//716 2591//2460 5109//4723 3108//2881
f 722//715 3365//3108 5110//4724 3111//2884
f 724//717 3107//2880 5110//4724 3365//3108
f 1083//1023 3111//2884 5110//4724 3107//2880
f 723//716 3108//2881 5111//4725 3364//3107
f 1083//1023 3107//2880 5111//4725 3108//2881
f 724//717 3364//3107 5111//4725 3107//2880
f 731//724 2592//2461 5112//4726 3001//2794
f 733//726 3000//2793 5112//4726 2592//2461
f 1084//1024 3001//2794 5112//4726 3000//2793
f 731//724 3001//2794 5113//4727 3363//3106
f 1084//1024 3106//2879 5113//4727 3001//2794
f 732//725 3363//3106 5113//4727 3106//2879
f 732//725 3106//2879 5114//4728 2593//2462
f 1084//1024 3105//2878 5114//4728 3106//2879
f 734//727 2593//2462 5114//4728 3105//2878
f 733//726 3362//3105 5115//4729 3000//2793
f 735//728 3104//2877 5115//4729 3362//3105
f 1084//1024 3000//2793 5115//4729 3104//2877
f 734//727 3105//2878 5116//4730 3361//3104
f 1084//1024 3104//2877 5116//4730 3105//2878
f 735//728 3361//3104 5116//4730 3104//2877
f 743//736 3360//3103 5117//4731 3103//2876
f 745//738 3002//2795 5117//4731 3360//3103
f 1085//1025 3103//2876 5117//4731 3002//2795
f 743//736 3103//2876 5118//4732 3359//3102
f 1085//1025 3102//2875 5118//4732 3103//2876
f 744//737 3359//3102 5118//4732 3102//2875
f 744//737 3102//2875 5119//4733 3358//3101
f 1085//1025 3101//2874 5119//4733 3102//2875
f 746//739 3358//3101 5119//4733 3101//2874
f 745//738 2594//2463 5120//4734 3002//2795
f 747//740 3003//2796 5120//4734 2594//2463
f 1085//1025 3002//2795 5120//4734 3003//2796
f 746//739 3101//2874 5121//4735 3357//3100
f 1085//1025 3003//2796 5121//4735 3101//2874
f 747//740 3357//3100 5121//4735 3003//2796
f 290//284 3356//3099 5122//4736 3100//2873
f 756//749 3097//2870 5122//4736 3356//3099
f 1086//1026 3100//2873 5122//4736 3097//2870
f 290//284 3100//2873 5123//4737 3355//3098
f 1086//1026 3099//2872 5123//4737 3100//2873
f 755//748 3355//3098 5123//4737 3099//2872
f 755//748 3099//2872 5124//4738 3354//3097
f 1086//1026 3098//2871 5124//4738 3099//2872
f 757//750 3354//3097 5124//4738 3098//2871
f 757//750 3098//2871 5125//4739 3351//3094
f 1086//1026 3097//2870 5125//4739 3098//2871
f 756//749 3351//3094 5125//4739 3097//2870
f 766//759 2595//2464 5126//4740 3095//2868
f 768//761 3096//2869 5126//4740 2595//2464
f 1087//1027 3095//2868 5126//4740 3096//2869
f 766//759 3095//2868 5127//4741 3350//3093
f 1087//1027 3094//2867 5127//4741 3095//2868
f 767//760 3350//3093 5127//4741 3094//2867
f 767//760 3094//2867 5128//4742 3349//3092
f 1087//1027 3093//2866 5128//4742 3094//2867
f 769//762 3349//3092 5128//4742 3093//2866
f 768//761 3348//3091 5129//4743 3096//2869
f 770//763 3004//2797 5129//4743 3348//3091
f 1087//1027 3096//2869 5129//4743 3004//2797
f 769//762 3093//2866 5130//4744 3347//3090
f 1087//1027 3004//2797 5130//4744 3093//2866
f 770//763 3347//3090 5130//4744 3004//2797
f 778//771 2596//2465 5131//4745 3091//2864
f 780//773 3092//2865 5131//4745 2596//2465
f 1088//1028 3091//2864 5131//4745 3092//2865
f 778//771 3091//2864 5132//4746 3346//3089
f 1088//1028 3090//2863 5132//4746 3091//2864
f 779//772 3346//3089 5132//4746 3090//2863
f 779//772 3090//2863 5133//4747 3345//3088
f 1088//1028 3005//2798 5133//4747 3090//2863
f 781//774 3345//3088 5133//4747 3005//2798
f 780//773 3344//3087 5134//4748 3092//2865
f 783//776 3006//2799 5134//4748 3344//3087
f 1088//1028 3092//2865 5134//4748 3006//2799
f 781//774 3005//2798 5135//4749 2597//2466
f 1088//1028 3006//2799 5135//4749 3005//2798
f 783//776 2597//2466 5135//4749 3006//2799
f 790//783 2598//2467 5136//4750 3088//2861
f 792//785 3089//2862 5136//4750 2598//2467
f 1089//1029 3088//2861 5136//4750 3089//2862
f 790//783 3088//2861 5137//4751 3342//3085
f 1089//1029 3087//2860 5137//4751 3088//2861
f 791//784 3342//3085 5137//4751 3087//2860
f 791//784 3087//2860 5138//4752 3341//3084
f 1089//1029 3007//2800 5138//4752 3087//2860
f 793//786 3341//3084 5138//4752 3007//2800
f 792//785 3340//3083 5139//4753 3089//2862
f 794//787 3086//2859 5139//4753 3340//3083
f 1089//1029 3089//2862 5139//4753 3086//2859
f 793//786 3007//2800 5140//4754 3339//3082
f 1089//1029 3086//2859 5140//4754 3007//2800
f 794//787 3339//3082 5140//4754 3086//2859
f 801//794 2599//2468 5141//4755 3084//2857
f 803//796 3085//2858 5141//4755 2599//2468
f 1090//1030 3084//2857 5141//4755 3085//2858
f 801//794 3084//2857 5142//4756 3338//3081
f 1090//1030 3008//2801 5142//4756 3084//2857
f 802//795 3338//3081 5142//4756 3008//2801
f 802//795 3008//2801 5143//4757 3337//3080
f 1090//1030 3083//2856 5143//4757 3008//2801
f 804//797 3337//3080 5143//4757 3083//2856
f 803//796 3336//3079 5144//4758 3085//2858
f 805//798 3082//2855 5144//4758 3336//3079
f 1090//1030 3085//2858 5144//4758 3082//2855
f 804//797 3083//2856 5145//4759 3335//3078
f 1090//1030 3082//2855 5145//4759 3083//2856
f 805//798 3335//3078 5145//4759 3082//2855
f 812//805 3334//3077 5146//4760 3080//2853
f 815//808 3081//2854 5146//4760 3334//3077
f 1091//1031 3080//2853 5146//4760 3081//2854
f 812//805 3080//2853 5147//4761 3333//3076
f 1091//1031 3009//2802 5147//4761 3080//2853
f 813//806 3333//3076 5147//4761 3009//2802
f 813//806 3009//2802 5148//4762 3332//3075
f 1091//1031 3079//2852 5148//4762 3009//2802
f 814//807 3332//3075 5148//4762 3079//2852
f 814//807 3079//2852 5149//4763 3331//3074
f 1091//1031 3078//2851 5149//4763 3079//2852
f 816//809 3331//3074 5149//4763 3078//2851
f 815//808 2600//2469 5150//4764 3081//2854
f 816//809 3078//2851 5150//4764 2600//2469
f 1091//1031 3081//2854 5150//4764 3078//2851
f 825//818 3330//3073 5151//4765 3077//2850
f 826//819 3010//2803 5151//4765 3330//3073
f 1092//1032 3077//2850 5151//4765 3010//2803
f 825//818 3077//2850 5152//4766 3329//3072
f 1092//1032 3011//2804 5152//4766 3077//2850
f 827//820 3329//3072 5152//4766 3011//2804
f 826//819 2601//2470 5153//4767 3010//2803
f 828//821 3012//2805 5153//4767 2601//2470
f 1092//1032 3010//2803 5153//4767 3012//2805
f 827//820 3011//2804 5154//4768 2602//2471
f 1092//1032 3013//2806 5154//4768 3011//2804
f 830//823 2602//2471 5154//4768 3013//2806
f 828//821 2603//2472 5155//4769 3012//2805
f 830//823 3013//2806 5155//4769 2603//2472
f 1092//1032 3012//2805 5155//4769 3013//2806
f 838//831 3326//3069 5156//4770 3076//2849
f 839//832 3014//2807 5156//4770 3326//3069
f 1093//1033 3076//2849 5156//4770 3014//2807
f 838//831 3076//2849 5157//4771 2604//2473
f 1093//1033 3075//2848 5157//4771 3076//2849
f 841//834 2604//2473 5157//4771 3075//2848
f 839//832 3325//3068 5158//4772 3014//2807
f 840//833 3074//2847 5158//4772 3325//3068
f 1093//1033 3014//2807 5158//4772 3074//2847
f 840//833 3324//3067 5159//4773 3074//2847
f 842//835 3073//2846 5159//4773 3324//3067
f 1093//1033 3074//2847 5159//4773 3073//2846
f 841//834 3075//2848 5160//4774 3323//3066
f 1093//1033 3073//2846 5160//4774 3075//2848
f 842//835 3323//3066 5160//4774 3073//2846
f 850//843 3071//2844 5161//4775 3322//3065
f 1094//1034 3072//2845 5161//4775 3071//2844
f 853//846 3322//3065 5161//4775 3072//2845
f 850//843 3321//3064 5162//4776 3071//2844
f 851//844 3015//2808 5162//4776 3321//3064
f 1094//1034 3071//2844 5162//4776 3015//2808
f 851//844 3320//3063 5163//4777 3015//2808
f 852//845 3070//2843 5163//4777 3320//3063
f 1094//1034 3015//2808 5163//4777 3070//2843
f 852//845 3319//3062 5164//4778 3070//2843
f 854//847 3069//2842 5164//4778 3319//3062
f 1094//1034 3070//2843 5164//4778 3069//2842
f 853//846 3072//2845 5165//4779 2605//2474
f 1094//1034 3069//2842 5165//4779 3072//2845
f 854//847 2605//2474 5165//4779 3069//2842
f 861//854 3067//2840 5166//4780 3318//3061
f 1095//1035 3068//2841 5166//4780 3067//2840
f 864//857 3318//3061 5166//4780 3068//2841
f 861//854 3317//3060 5167//4781 3067//2840
f 862//855 3066//2839 5167//4781 3317//3060
f 1095//1035 3067//2840 5167//4781 3066//2839
f 862//855 3316//3059 5168//4782 3066//2839
f 863//856 3065//2838 5168//4782 3316//3059
f 1095//1035 3066//2839 5168//4782 3065//2838
f 863//856 3315//3058 5169//4783 3065//2838
f 865//858 3016//2809 5169//4783 3315//3058
f 1095//1035 3065//2838 5169//4783 3016//2809
f 864//857 3068//2841 5170//4784 3314//3057
f 1095//1035 3016//2809 5170//4784 3068//2841
f 865//858 3314//3057 5170//4784 3016//2809
f 871//864 3063//2836 5171//4785 3313//3056
f 1096//1036 3064//2837 5171//4785 3063//2836
f 873//866 3313//3056 5171//4785 3064//2837
f 871//864 3312//3055 5172//4786 3063//2836
f 872//865 3062//2835 5172//4786 3312//3055
f 1096//1036 3063//2836 5172//4786 3062//2835
f 872//865 3311//3054 5173//4787 3062//2835
f 874//867 3017//2810 5173//4787 3311//3054
f 1096//1036 3062//2835 5173//4787 3017//2810
f 873//866 3064//2837 5174//4788 3310//3053
f 1096//1036 3017//2810 5174//4788 3064//2837
f 874//867 3310//3053 5174//4788 3017//2810
f 880//873 3061//2834 5175//4789 3309//3052
f 1097//1037 3058//2831 5175//4789 3061//2834
f 883//876 3309//3052 5175//4789 3058//2831
f 880//873 2606//2475 5176//4790 3061//2834
f 881//874 3060//2833 5176//4790 2606//2475
f 1097//1037 3061//2834 5176//4790 3060//2833
f 881//874 3308//3051 5177//4791 3060//2833
f 882//875 3059//2832 5177//4791 3308//3051
f 1097//1037 3060//2833 5177//4791 3059//2832
f 882//875 3307//3050 5178//4792 3059//2832
f 883//876 3058//2831 5178//4792 3307//3050
f 1097//1037 3059//2832 5178//4792 3058//2831
f 891//884 3057//2830 5179//4793 3304//3047
f 1098//1038 3018//2811 5179//4793 3057//2830
f 894//887 3304//3047 5179//4793 3018//2811
f 891//884 3303//3046 5180//4794 3057//2830
f 892//885 3019//2812 5180//4794 3303//3046
f 1098//1038 3057//2830 5180//4794 3019//2812
f 892//885 3302//3045 5181//4795 3019//2812
f 893//886 3056//2829 5181//4795 3302//3045
f 1098//1038 3019//2812 5181//4795 3056//2829
f 893//886 3301//3044 5182//4796 3056//2829
f 895//888 3055//2828 5182//4796 3301//3044
f 1098//1038 3056//2829 5182//4796 3055//2828
f 894//887 3018//2811 5183//4797 3300//3043
f 1098//1038 3055//2828 5183//4797 3018//2811
f 895//888 3300//3043 5183//4797 3055//2828
f 903//896 3053//2826 5184//4798 3299//3042
f 1099//1039 3054//2827 5184//4798 3053//2826
f 906//899 3299//3042 5184//4798 3054//2827
f 903//896 3298//3041 5185//4799 3053//2826
f 904//897 3052//2825 5185//4799 3298//3041
f 1099//1039 3053//2826 5185//4799 3052//2825
f 904//897 3297//3040 5186//4800 3052//2825
f 905//898 3051//2824 5186//4800 3297//3040
f 1099//1039 3052//2825 5186//4800 3051//2824
f 905//898 2607//2476 5187//4801 3051//2824
f 907//900 3050//2823 5187//4801 2607//2476
f 1099//1039 3051//2824 5187//4801 3050//2823
f 906//899 3054//2827 5188//4802 3296//3039
f 1099//1039 3050//2823 5188//4802 3054//2827
f 907//900 3296//3039 5188//4802 3050//2823
f 915//908 3049//2822 5189//4803 3295//3038
f 1100//1040 3020//2813 5189//4803 3049//2822
f 918//911 3295//3038 5189//4803 3020//2813
f 915//908 3294//3037 5190//4804 3049//2822
f 916//909 3021//2814 5190//4804 3294//3037
f 1100//1040 3049//2822 5190//4804 3021//2814
f 916//909 3293//3036 5191//4805 3021//2814
f 917//910 3048//2821 5191//4805 3293//3036
f 1100//1040 3021//2814 5191//4805 3048//2821
f 917//910 3291//3034 5192//4806 3048//2821
f 920//913 3022//2815 5192//4806 3291//3034
f 1100//1040 3048//2821 5192//4806 3022//2815
f 918//911 3020//2813 5193//4807 2608//2477
f 1100//1040 3022//2815 5193//4807 3020//2813
f 920//913 2608//2477 5193//4807 3022//2815
f 928//921 3289//3032 5194//4808 3023//2816
f 929//922 3047//2820 5194//4808 3289//3032
f 1101//1041 3023//2816 5194//4808 3047//2820
f 928//921 3023//2816 5195//4809 3288//3031
f 1101//1041 3046//2819 5195//4809 3023//2816
f 930//923 3288//3031 5195//4809 3046//2819
f 929//922 3287//3030 5196//4810 3047//2820
f 628//622 3045//2818 5196//4810 3287//3030
f 1101//1041 3047//2820 5196//4810 3045//2818
f 930//923 3046//2819 5197//4811 3286//3029
f 1101//1041 3044//2817 5197//4811 3046//2819
f 931//924 3286//3029 5197//4811 3044//2817
f 628//622 3285//3028 5198//4812 3045//2818
f 931//924 3044//2817 5198//4812 3285//3028
f 1101//1041 3045//2818 5198//4812 3044//2817
f 933//925 3025//925 5199//925 2610//925
f 1102//925 3024//925 5199//925 3025//925
f 938//925 2610//925 5199//925 3024//925
f 933//925 2611//925 5200//925 3025//925
f 935//925 3026//925 5200//925 2611//925
f 1102//925 3025//925 5200//925 3026//925
f 935//925 2612//925 5201//925 3026//925
f 955//925 3027//925 5201//925 2612//925
f 1102//925 3026//925 5201//925 3027//925
f 938//925 3024//925 5202//925 2615//925
f 1102//925 3028//925 5202//925 3024//925
f 941//925 2615//925 5202//925 3028//925
f 941//925 3028//925 5203//925 2617//925
f 1102//925 3029//925 5203//925 3028//925
f 944//925 2617//925 5203//925 3029//925
f 944//925 3029//925 5204//925 2618//925
f 1102//925 3030//925 5204//925 3029//925
f 946//925 2618//925 5204//925 3030//925
f 946//925 3030//925 5205//925 2620//925
f 1102//925 3031//925 5205//925 3030//925
f 948//925 2620//925 5205//925 3031//925
f 948//925 3031//925 5206//925 2621//925
f 1102//925 3032//925 5206//925 3031//925
f 950//925 2621//925 5206//925 3032//925
f 950//925 3032//925 5207//925 2622//925
f 1102//925 3033//925 5207//925 3032//925
f 953//925 2622//925 5207//925 3033//925
f 953//925 3033//925 5208//925 2624//925
f 1102//925 3027//925 5208//925 3033//925
f 955//925 2624//925 5208//925 3027//925
f 959//928 3035//928 5209//928 2626//928
f 1103//928 3034//928 5209//928 3035//928
f 966//928 2626//928 5209//928 3034//928
f 959//928 2628//928 5210//928 3035//928
f 961//928 3036//928 5210//928 2628//928
f 1103//928 3035//928 5210//928 3036//928
f 961//928 2629//928 5211//928 3036//928
f 963//928 3037//928 5211//928 2629//928
f 1103//928 3036//928 5211//928 3037//928
f 963//928 2630//928 5212//928 3037//928
f 980//928 3038//928 5212//928 2630//928
f 1103//928 3037//928 5212//928 3038//928
f 966//928 3034//928 5213//928 2632//928
f 1103//928 3039//928 5213//928 3034//928
f 968//928 2632//928 5213//928 3039//928
f 968//928 3039//928 5214//928 2633//928
f 1103//928 3040//928 5214//928 3039//928
f 970//928 2633//928 5214//928 3040//928
f 970//928 3040//928 5215//928 2635//928
f 1103//928 3041//928 5215//928 3040//928
f 972//928 2635//928 5215//928 3041//928
f 972//928 3041//928 5216//928 2636//928
f 1103//928 3042//928 5216//928 3041//928
f 975//928 2636//928 5216//928 3042//928
f 975//928 3042//928 5217//928 2638//928
f 1103//928 3043//928 5217//928 3042//928
f 978//928 2638//928 5217//928 3043//928
f 978//928 3043//928 5218//928 2640//928
f 1103//928 3038//928 5218//928 3043//928
f 980//928 2640//928 5218//928 3038//928
